ticker,metric,horizon_years,series_basis,n_points,start_date,start_value,end_date,end_value,span_years,cagr_pct
A,eps,3,ttm,68,2023-07-31,3.822460629921259,2026-07-31,5.07,3.0006844626967832,9.869964972280743
A,eps,5,ttm,68,2021-07-31,3.1937007874015744,2026-07-31,5.07,4.999315537303217,9.68525336861983
A,eps,10,ttm,68,2016-07-31,1.4371653543307086,2026-07-31,5.07,9.998631074606434,13.437753680376275
A,fcf,3,ttm,69,2023-07-31,1420000000.0,2026-07-31,1267000000.0,3.0006844626967832,-3.7280309020399582
A,fcf,5,ttm,69,2021-07-31,1268000000.0,2026-07-31,1267000000.0,4.999315537303217,-0.015780008682197977
A,fcf,10,ttm,69,2016-07-31,686000000.0,2026-07-31,1267000000.0,9.998631074606434,6.328306761008906
A,net_income,3,ttm,70,2023-07-31,1133000000.0,2026-07-31,1440000000.0,3.0006844626967832,8.318576287742774
A,net_income,5,ttm,70,2021-07-31,990000000.0,2026-07-31,1440000000.0,4.999315537303217,7.782912613116566
A,net_income,10,ttm,70,2016-07-31,476000000.0,2026-07-31,1440000000.0,9.998631074606434,11.707449472161757
A,ocf,3,ttm,69,2023-07-31,1704000000.0,2026-07-31,1609000000.0,3.0006844626967832,-1.8935911444916131
A,ocf,5,ttm,69,2021-07-31,1421000000.0,2026-07-31,1609000000.0,4.999315537303217,2.51652366437225
A,ocf,10,ttm,69,2016-07-31,800000000.0,2026-07-31,1609000000.0,9.998631074606434,7.238507370764946
A,revenue,3,ttm,70,2023-07-31,6994000000.0,2026-07-31,7372000000.0,3.0006844626967832,1.769621994381998
A,revenue,5,ttm,70,2021-07-31,6142000000.0,2026-07-31,7372000000.0,4.999315537303217,3.7187498905610683
A,revenue,10,ttm,70,2016-07-31,4126000000.0,2026-07-31,7372000000.0,9.998631074606434,5.976375281550639
AAPL,eps,3,ttm,68,2023-07-01,5.970493685419059,2026-06-27,8.74,2.9897330595482545,13.594292357513925
AAPL,eps,5,ttm,68,2021-06-26,5.12760045924225,2026-06-27,8.74,5.002053388090349,11.25010676059528
AAPL,eps,10,ttm,68,2016-06-25,2.1473708381171064,2026-06-27,8.74,10.004106776180699,15.062925895708656
AAPL,fcf,3,ttm,69,2023-07-01,100987000000.0,2026-06-27,136683000000.0,2.9897330595482545,10.653922112949665
AAPL,fcf,5,ttm,69,2021-06-26,94768000000.0,2026-06-27,136683000000.0,5.002053388090349,7.59634007130674
AAPL,fcf,10,ttm,69,2016-06-25,50798000000.0,2026-06-27,136683000000.0,10.004106776180699,10.400017541798912
AAPL,net_income,3,ttm,70,2023-07-01,94760000000.0,2026-06-27,128930000000.0,2.9897330595482545,10.848389626924181
AAPL,net_income,5,ttm,70,2021-06-26,86802000000.0,2026-06-27,128930000000.0,5.002053388090349,8.23076872094488
AAPL,net_income,10,ttm,70,2016-06-25,47797000000.0,2026-06-27,128930000000.0,10.004106776180699,10.427602522380441
AAPL,ocf,3,ttm,69,2023-07-01,113072000000.0,2026-06-27,146724000000.0,2.9897330595482545,9.105056482168127
AAPL,ocf,5,ttm,69,2021-06-26,104414000000.0,2026-06-27,146724000000.0,5.002053388090349,7.037598093278241
AAPL,ocf,10,ttm,69,2016-06-25,63173000000.0,2026-06-27,146724000000.0,10.004106776180699,8.78823789475951
AAPL,revenue,3,ttm,70,2023-07-01,383933000000.0,2026-06-27,466823000000.0,2.9897330595482545,6.7569394288493845
AAPL,revenue,5,ttm,70,2021-06-26,347155000000.0,2026-06-27,466823000000.0,5.002053388090349,6.099955915681088
AAPL,revenue,10,ttm,70,2016-06-25,220288000000.0,2026-06-27,466823000000.0,10.004106776180699,7.796026205501172
ABBV,eps,3,ttm,55,2023-06-30,4.859999999999999,2026-06-30,3.54,3.0006844626967832,-10.022733394506577
ABBV,eps,5,ttm,55,2021-06-30,3.71,2026-06-30,3.54,4.999315537303217,-0.9338437681600809
ABBV,eps,10,ttm,55,2016-06-30,3.4699999999999998,2026-06-30,3.54,9.998631074606434,0.19994830653808915
ABBV,fcf,3,ttm,55,2023-06-30,24799000000.0,2026-06-30,18210000000.0,3.0006844626967832,-9.780145213764946
ABBV,fcf,5,ttm,55,2021-06-30,19572000000.0,2026-06-30,18210000000.0,4.999315537303217,-1.4324209168600222
ABBV,fcf,10,ttm,55,2016-06-30,7640000000.0,2026-06-30,18210000000.0,9.998631074606434,9.07540224564567
ABBV,net_income,3,ttm,55,2023-06-30,8685000000.0,2026-06-30,6310000000.0,3.0006844626967832,-10.099164516155323
ABBV,net_income,5,ttm,55,2021-06-30,6663000000.0,2026-06-30,6310000000.0,4.999315537303217,-1.0829258719014079
ABBV,net_income,10,ttm,55,2016-06-30,5720000000.0,2026-06-30,6310000000.0,9.998631074606434,0.9866386119702808
ABBV,ocf,3,ttm,55,2023-06-30,25542000000.0,2026-06-30,19507000000.0,3.0006844626967832,-8.591321854330126
ABBV,ocf,5,ttm,55,2021-06-30,20451000000.0,2026-06-30,19507000000.0,4.999315537303217,-0.940843623162535
ABBV,ocf,10,ttm,55,2016-06-30,8164000000.0,2026-06-30,19507000000.0,9.998631074606434,9.10230549435087
ABBV,revenue,3,ttm,55,2023-06-30,56023000000.0,2026-06-30,64386000000.0,3.0006844626967832,4.7459163059870635
ABBV,revenue,5,ttm,55,2021-06-30,53729000000.0,2026-06-30,64386000000.0,4.999315537303217,3.685658288944982
ABBV,revenue,10,ttm,55,2016-06-30,24754000000.0,2026-06-30,64386000000.0,9.998631074606434,10.032324978943974
ABNB,eps,3,ttm,23,2023-06-30,3.412209567198177,2026-06-30,4.38,3.0006844626967832,8.677062990531304
ABNB,net_income,3,ttm,23,2023-06-30,2300105000.0,2026-06-30,2691277000.0,3.0006844626967832,5.373577837886256
ABNB,ocf,3,ttm,23,2023-06-30,3923000000.0,2026-06-30,4860000000.0,3.0006844626967832,7.398672798168038
ABNB,ocf,5,ttm,23,2021-06-30,1482322000.0,2026-06-30,4860000000.0,4.999315537303217,26.809813507542877
ABNB,revenue,3,ttm,23,2023-06-30,9088000000.0,2026-06-30,13159000000.0,3.0006844626967832,13.128657496820463
ABNB,revenue,5,ttm,23,2021-06-30,4423528000.0,2026-06-30,13159000000.0,4.999315537303217,24.36660686897596
ABT,eps,3,ttm,70,2023-03-31,3.29,2026-03-31,3.5700000000000003,3.0006844626967832,2.759364305168832
ABT,eps,5,ttm,70,2021-03-31,3.19,2026-03-31,3.5700000000000003,4.999315537303217,2.2767325223723267
ABT,eps,10,ttm,70,2016-03-31,1.62,2026-03-31,3.5700000000000003,9.998631074606434,8.223112054631464
ABT,fcf,3,ttm,68,2023-03-31,6823000000.0,2026-03-31,7378000000.0,3.0006844626967832,2.640441353972589
ABT,fcf,5,ttm,68,2021-03-31,7609000000.0,2026-03-31,7378000000.0,4.999315537303217,-0.6147700854921667
ABT,fcf,10,ttm,68,2016-03-31,1753000000.0,2026-03-31,7378000000.0,9.998631074606434,15.458050152479919
ABT,net_income,3,ttm,70,2023-03-31,5804000000.0,2026-03-31,6276000000.0,3.0006844626967832,2.6398310754750964
ABT,net_income,5,ttm,70,2021-03-31,5724000000.0,2026-03-31,6276000000.0,4.999315537303217,1.8586126878229914
ABT,net_income,10,ttm,70,2016-03-31,2447000000.0,2026-03-31,6276000000.0,9.998631074606434,9.877937029574602
ABT,ocf,3,ttm,68,2023-03-31,8659000000.0,2026-03-31,9464000000.0,3.0006844626967832,3.0068394318713
ABT,ocf,5,ttm,68,2021-03-31,9823000000.0,2026-03-31,9464000000.0,4.999315537303217,-0.741964659105776
ABT,ocf,10,ttm,68,2016-03-31,2871000000.0,2026-03-31,9464000000.0,9.998631074606434,12.670765890315616
ABT,revenue,3,ttm,70,2023-03-31,41505000000.0,2026-03-31,45134000000.0,3.0006844626967832,2.832809392210134
ABT,revenue,5,ttm,70,2021-03-31,37338000000.0,2026-03-31,45134000000.0,4.999315537303217,3.8658571939729436
ABT,revenue,10,ttm,70,2016-03-31,20393000000.0,2026-03-31,45134000000.0,9.998631074606434,8.269715175106729
ACGL,eps,3,ttm,63,2023-06-30,5.9046202036021915,2026-06-30,12.78,3.0006844626967832,29.34633612409265
ACGL,eps,5,ttm,63,2021-06-30,4.983899765074393,2026-06-30,12.78,4.999315537303217,20.726749927100997
ACGL,eps,10,ttm,63,2016-06-30,1.2910101801096316,2026-06-30,12.78,9.998631074606434,25.76904105911857
ACGL,fcf,3,ttm,65,2023-06-30,4423000000.0,2026-06-30,6055000000.0,3.0006844626967832,11.033841397328615
ACGL,fcf,5,ttm,65,2021-06-30,3131727000.0,2026-06-30,6055000000.0,4.999315537303217,14.096912007504958
ACGL,fcf,10,ttm,65,2016-06-30,1136307000.0,2026-06-30,6055000000.0,9.998631074606434,18.214784473704526
ACGL,net_income,3,ttm,66,2023-06-30,2262000000.0,2026-06-30,4692000000.0,3.0006844626967832,27.52569773785185
ACGL,net_income,5,ttm,66,2021-06-30,2076225000.0,2026-06-30,4692000000.0,4.999315537303217,17.713538003384354
ACGL,net_income,10,ttm,66,2016-06-30,498980000.0,2026-06-30,4692000000.0,9.998631074606434,25.12405535101607
ACGL,ocf,3,ttm,65,2023-06-30,4476000000.0,2026-06-30,6100000000.0,3.0006844626967832,10.867187495111818
ACGL,ocf,5,ttm,65,2021-06-30,3177497000.0,2026-06-30,6100000000.0,4.999315537303217,13.934878370096815
ACGL,ocf,10,ttm,65,2016-06-30,1153931000.0,2026-06-30,6100000000.0,9.998631074606434,18.120397604144898
ACGL,revenue,3,ttm,66,2023-06-30,11787000000.0,2026-06-30,19232000000.0,3.0006844626967832,17.721979403409716
ACGL,revenue,5,ttm,66,2021-06-30,9523979000.0,2026-06-30,19232000000.0,4.999315537303217,15.093172519952036
ACGL,revenue,10,ttm,66,2016-06-30,4112422000.0,2026-06-30,19232000000.0,9.998631074606434,16.681458663430824
ACN,eps,3,ttm,68,2023-05-31,11.228961661341854,2026-05-31,12.530000000000001,3.0006844626967832,3.7210418660334588
ACN,eps,5,ttm,68,2021-05-31,8.947140575079873,2026-05-31,12.530000000000001,4.999315537303217,6.968859929025584
ACN,eps,10,ttm,68,2016-05-31,5.924728434504793,2026-05-31,12.530000000000001,9.998631074606434,7.778644102821408
ACN,fcf,3,ttm,68,2023-05-31,9380061000.0,2026-05-31,12581688000.0,3.0006844626967832,10.281175341115034
ACN,fcf,5,ttm,68,2021-05-31,9162295000.0,2026-05-31,12581688000.0,4.999315537303217,6.549324227954467
ACN,fcf,10,ttm,68,2016-05-31,3705516000.0,2026-05-31,12581688000.0,9.998631074606434,13.004643706543483
ACN,net_income,3,ttm,68,2023-05-31,7163722000.0,2026-05-31,7789752000.0,3.0006844626967832,2.8313496652627945
ACN,net_income,5,ttm,68,2021-05-31,5778490000.0,2026-05-31,7789752000.0,4.999315537303217,6.156209974348181
ACN,net_income,10,ttm,68,2016-05-31,3780294000.0,2026-05-31,7789752000.0,9.998631074606434,7.498920827491373
ACN,ocf,3,ttm,68,2023-05-31,9904990000.0,2026-05-31,13182094000.0,3.0006844626967832,9.993583052517252
ACN,ocf,5,ttm,68,2021-05-31,9694850000.0,2026-05-31,13182094000.0,4.999315537303217,6.338937337045869
ACN,ocf,10,ttm,68,2016-05-31,4190053000.0,2026-05-31,13182094000.0,9.998631074606434,12.145874986454853
ACN,revenue,3,ttm,68,2023-05-31,63550201000.0,2026-05-31,73100595000.0,3.0006844626967832,4.776375583937975
ACN,revenue,5,ttm,68,2021-05-31,47949376000.0,2026-05-31,73100595000.0,4.999315537303217,8.800929386982869
ACN,revenue,10,ttm,68,2016-05-31,34196592000.0,2026-05-31,73100595000.0,9.998631074606434,7.894256273955724
ADBE,eps,3,ttm,67,2023-06-02,10.485998855180307,2026-05-29,17.48,2.9897330595482545,18.64003060495987
ADBE,eps,5,ttm,67,2021-06-04,11.546605609616485,2026-05-29,17.48,4.982888432580425,8.677866852722783
ADBE,eps,10,ttm,67,2016-06-03,1.7610074413279908,2026-05-29,17.48,9.984941820670773,25.842792542940085
ADBE,fcf,3,ttm,68,2023-06-02,7423000000.0,2026-05-29,10280000000.0,2.9897330595482545,11.506390891357343
ADBE,fcf,5,ttm,68,2021-06-04,6595000000.0,2026-05-29,10280000000.0,4.982888432580425,9.317090832042641
ADBE,fcf,10,ttm,68,2016-06-03,1587626000.0,2026-05-29,10280000000.0,9.984941820670773,20.57210252037067
ADBE,net_income,3,ttm,70,2023-06-02,4854000000.0,2026-05-29,7229000000.0,2.9897330595482545,14.25033725118514
ADBE,net_income,5,ttm,70,2021-06-04,5582000000.0,2026-05-29,7229000000.0,4.982888432580425,5.325808047157943
ADBE,net_income,10,ttm,70,2016-06-03,895551000.0,2026-05-29,7229000000.0,9.984941820670773,23.263805641479674
ADBE,ocf,3,ttm,68,2023-06-02,7861000000.0,2026-05-29,10481000000.0,2.9897330595482545,10.09932127764226
ADBE,ocf,5,ttm,68,2021-06-04,6978000000.0,2026-05-29,10481000000.0,4.982888432580425,8.506484164548045
ADBE,ocf,10,ttm,68,2016-06-03,1801245000.0,2026-05-29,10481000000.0,9.984941820670773,19.28843376596523
ADBE,revenue,3,ttm,70,2023-06-02,18429000000.0,2026-05-29,25198000000.0,2.9897330595482545,11.030839329033991
ADBE,revenue,5,ttm,70,2021-06-04,14389000000.0,2026-05-29,25198000000.0,4.982888432580425,11.901064466418564
ADBE,revenue,10,ttm,70,2016-06-03,5306216000.0,2026-05-29,25198000000.0,9.984941820670773,16.885368166973414
ADI,eps,3,ttm,68,2023-07-29,7.303914590747332,2026-08-01,8.4,3.0088980150581794,4.756587359239717
ADI,eps,5,ttm,68,2021-07-31,4.55373665480427,2026-08-01,8.4,5.002053388090349,13.021337669816614
ADI,eps,10,ttm,68,2016-07-30,2.1024911032028473,2026-08-01,8.4,10.004106776180699,14.849687532325095
ADI,fcf,3,ttm,69,2023-07-29,3690094000.0,2026-08-01,4937495000.0,3.0088980150581794,10.161983467009716
ADI,fcf,5,ttm,69,2021-07-31,2224156000.0,2026-08-01,4937495000.0,5.002053388090349,17.284291729385103
ADI,fcf,10,ttm,69,2016-07-30,859906000.0,2026-08-01,4937495000.0,10.004106776180699,19.089756984899452
ADI,net_income,3,ttm,70,2023-07-29,3752375000.0,2026-08-01,4135004000.0,3.0088980150581794,3.2797072335217337
ADI,net_income,5,ttm,70,2021-07-31,1701261000.0,2026-08-01,4135004000.0,5.002053388090349,19.428872010035803
ADI,net_income,10,ttm,70,2016-07-30,661812000.0,2026-08-01,4135004000.0,10.004106776180699,20.099573117600556
ADI,ocf,3,ttm,69,2023-07-29,4779676000.0,2026-08-01,5545325000.0,3.0088980150581794,5.062058739097375
ADI,ocf,5,ttm,69,2021-07-31,2466943000.0,2026-08-01,5545325000.0,5.002053388090349,17.577628693158644
ADI,ocf,10,ttm,69,2016-07-30,991886000.0,2026-08-01,5545325000.0,10.004106776180699,18.77248424391307
ADI,revenue,3,ttm,70,2023-07-29,12836771000.0,2026-08-01,13881744000.0,3.0088980150581794,2.635099749640224
ADI,revenue,5,ttm,70,2021-07-31,6505013000.0,2026-08-01,13881744000.0,5.002053388090349,16.362259279922032
ADI,revenue,10,ttm,70,2016-07-30,3396508000.0,2026-08-01,13881744000.0,10.004106776180699,15.110791448478555
ADM,eps,3,ttm,69,2023-06-30,7.49,2026-06-30,3.66,3.0006844626967832,-21.230745371524186
ADM,eps,5,ttm,69,2021-06-30,4.1,2026-06-30,3.66,4.999315537303217,-2.2451990546152545
ADM,eps,10,ttm,69,2016-06-30,2.4699999999999998,2026-06-30,3.66,9.998631074606434,4.011354350905805
ADM,fcf,3,ttm,69,2023-06-30,3619000000.0,2026-06-30,1677000000.0,3.0006844626967832,-22.612011324799617
ADM,fcf,5,ttm,69,2021-06-30,167000000.0,2026-06-30,1677000000.0,4.999315537303217,58.63198192929213
ADM,net_income,3,ttm,69,2023-06-30,4147000000.0,2026-06-30,1770000000.0,3.0006844626967832,-24.703545884926392
ADM,net_income,5,ttm,69,2021-06-30,2313000000.0,2026-06-30,1770000000.0,4.999315537303217,-5.2113485076303085
ADM,net_income,10,ttm,69,2016-06-30,1484000000.0,2026-06-30,1770000000.0,9.998631074606434,1.778251222311189
ADM,ocf,3,ttm,69,2023-06-30,5052000000.0,2026-06-30,2795000000.0,3.0006844626967832,-17.90329936090218
ADM,ocf,5,ttm,69,2021-06-30,1057000000.0,2026-06-30,2795000000.0,4.999315537303217,21.47109003470615
ADM,ocf,10,ttm,69,2016-06-30,929000000.0,2026-06-30,2795000000.0,9.998631074606434,11.645997739086456
ADM,revenue,3,ttm,69,2023-06-30,99884000000.0,2026-06-30,24993000000.0,3.0006844626967832,-36.97881441721399
ADM,revenue,5,ttm,69,2021-06-30,74923000000.0,2026-06-30,24993000000.0,4.999315537303217,-19.716261010786884
ADM,revenue,10,ttm,69,2016-06-30,63023000000.0,2026-06-30,24993000000.0,9.998631074606434,-8.83535771513947
ADP,eps,3,ttm,65,2023-06-30,8.21,2026-06-30,10.94,3.0006844626967832,10.03949166675675
ADP,eps,5,ttm,65,2021-06-30,6.07,2026-06-30,10.94,4.999315537303217,12.505235052454067
ADP,eps,10,ttm,65,2016-06-30,3.25,2026-06-30,10.94,9.998631074606434,12.90693371681575
ADP,net_income,3,ttm,65,2023-06-30,3411900000.0,2026-06-30,4413400000.0,3.0006844626967832,8.955836692927921
ADP,net_income,5,ttm,65,2021-06-30,2598500000.0,2026-06-30,4413400000.0,4.999315537303217,11.177374353599623
ADP,net_income,10,ttm,65,2016-06-30,1492500000.0,2026-06-30,4413400000.0,9.998631074606434,11.453148517785072
ADP,ocf,3,ttm,65,2023-06-30,4207600000.0,2026-06-30,5441200000.0,3.0006844626967832,8.946075617910921
ADP,ocf,5,ttm,65,2021-06-30,3093300000.0,2026-06-30,5441200000.0,4.999315537303217,11.95957615255898
ADP,ocf,10,ttm,65,2016-06-30,1897300000.0,2026-06-30,5441200000.0,9.998631074606434,11.112298791112218
ADP,revenue,3,ttm,69,2023-06-30,18012200000.0,2026-06-30,21947500000.0,3.0006844626967832,6.806964876824262
ADP,revenue,5,ttm,69,2021-06-30,15005400000.0,2026-06-30,21947500000.0,4.999315537303217,7.902626958704895
ADP,revenue,10,ttm,69,2016-06-30,11667800000.0,2026-06-30,21947500000.0,9.998631074606434,6.522994112758829
ADSK,eps,3,ttm,71,2023-07-31,4.034766839378238,2026-07-31,7.71,3.0006844626967832,24.086326643253386
ADSK,eps,5,ttm,71,2021-07-31,5.902344559585491,2026-07-31,7.71,4.999315537303217,5.489477456088099
ADSK,fcf,3,ttm,71,2023-07-31,2205000000.0,2026-07-31,2839000000.0,3.0006844626967832,8.78706358993815
ADSK,fcf,5,ttm,71,2021-07-31,1476200000.0,2026-07-31,2839000000.0,4.999315537303217,13.97558118075164
ADSK,fcf,10,ttm,71,2016-07-31,311500000.0,2026-07-31,2839000000.0,9.998631074606434,24.733719683305377
ADSK,net_income,3,ttm,71,2023-07-31,874000000.0,2026-07-31,1642000000.0,3.0006844626967832,23.386151141341816
ADSK,net_income,5,ttm,71,2021-07-31,1314500000.0,2026-07-31,1642000000.0,4.999315537303217,4.550269812699637
ADSK,ocf,3,ttm,71,2023-07-31,2238000000.0,2026-07-31,2896000000.0,3.0006844626967832,8.969338364475131
ADSK,ocf,5,ttm,71,2021-07-31,1556500000.0,2026-07-31,2896000000.0,4.999315537303217,13.22368101123197
ADSK,ocf,10,ttm,71,2016-07-31,396700000.0,2026-07-31,2896000000.0,9.998631074606434,21.99596193042823
ADSK,revenue,3,ttm,71,2023-07-31,5212000000.0,2026-07-31,7790000000.0,3.0006844626967832,14.331108200466769
ADSK,revenue,5,ttm,71,2021-07-31,4040600000.0,2026-07-31,7790000000.0,4.999315537303217,14.031838424049248
ADSK,revenue,10,ttm,71,2016-07-31,2310700000.0,2026-07-31,7790000000.0,9.998631074606434,12.924094146203458
AEE,eps,3,ttm,63,2023-06-30,4.262482394366197,2026-06-30,5.67,3.0006844626967832,9.975867913860004
AEE,eps,5,ttm,63,2021-06-30,3.633591549295775,2026-06-30,5.67,4.999315537303217,9.308688081796902
AEE,eps,10,ttm,63,2016-06-30,2.565475352112676,2026-06-30,5.67,9.998631074606434,8.254569347704033
AEE,net_income,3,ttm,70,2023-06-30,1116000000.0,2026-06-30,1563000000.0,3.0006844626967832,11.8803469333028
AEE,net_income,5,ttm,70,2021-06-30,922000000.0,2026-06-30,1563000000.0,4.999315537303217,11.135264684725277
AEE,net_income,10,ttm,70,2016-06-30,624000000.0,2026-06-30,1563000000.0,9.998631074606434,9.618258583163941
AEE,ocf,3,ttm,69,2023-06-30,2502000000.0,2026-06-30,3251000000.0,3.0006844626967832,9.119216933207785
AEE,ocf,5,ttm,69,2021-06-30,1469000000.0,2026-06-30,3251000000.0,4.999315537303217,17.22182579811853
AEE,ocf,10,ttm,69,2016-06-30,2013000000.0,2026-06-30,3251000000.0,9.998631074606434,4.910792951434306
AEE,revenue,3,ttm,70,2023-06-30,8174000000.0,2026-06-30,8749000000.0,3.0006844626967832,2.2913749545746542
AEE,revenue,5,ttm,70,2021-06-30,5994000000.0,2026-06-30,8749000000.0,4.999315537303217,7.858116711666341
AEE,revenue,10,ttm,70,2016-06-30,6002000000.0,2026-06-30,8749000000.0,9.998631074606434,3.8409094968861357
AEP,eps,3,ttm,66,2023-03-31,3.8500000000000005,2026-03-31,6.760000000000001,3.0006844626967832,20.635945634062725
AEP,eps,5,ttm,66,2021-03-31,4.57,2026-03-31,6.760000000000001,4.999315537303217,8.146073256974296
AEP,eps,10,ttm,66,2016-03-31,3.91,2026-03-31,6.760000000000001,9.998631074606434,5.628290017636317
AEP,fcf,3,ttm,27,2021-03-31,2997100000.0,2026-03-31,2595000000.0,4.999315537303217,-2.8404459991734465
AEP,fcf,5,ttm,27,2021-03-31,2997100000.0,2026-03-31,2595000000.0,4.999315537303217,-2.8404459991734465
AEP,fcf,10,ttm,27,2015-12-31,4743400000.0,2026-03-31,2595000000.0,10.247775496235455,-5.7159733401220825
AEP,net_income,3,ttm,69,2023-03-31,2510300000.0,2026-03-31,3653800000.0,3.0006844626967832,13.32541551850792
AEP,net_income,5,ttm,69,2021-03-31,2279900000.0,2026-03-31,3653800000.0,4.999315537303217,9.893347619499004
AEP,net_income,10,ttm,69,2016-03-31,1919100000.0,2026-03-31,3653800000.0,9.998631074606434,6.651887350770469
AEP,ocf,3,ttm,68,2023-03-31,4383600000.0,2026-03-31,7013000000.0,3.0006844626967832,16.952306264361617
AEP,ocf,5,ttm,68,2021-03-31,3100000000.0,2026-03-31,7013000000.0,4.999315537303217,17.73840202874657
AEP,ocf,10,ttm,68,2016-03-31,4290900000.0,2026-03-31,7013000000.0,9.998631074606434,5.036070407582427
AEP,revenue,3,ttm,69,2023-03-31,19490000000.0,2026-03-31,22207900000.0,3.0006844626967832,4.446583980712826
AEP,revenue,5,ttm,69,2021-03-31,15452100000.0,2026-03-31,22207900000.0,4.999315537303217,7.5247174191174215
AEP,revenue,10,ttm,69,2016-03-31,15917700000.0,2026-03-31,22207900000.0,9.998631074606434,3.3867058548758378
AES,ocf,3,ttm,69,2023-06-30,3037000000.0,2026-06-30,5032000000.0,3.0006844626967832,18.32647845366222
AES,ocf,5,ttm,69,2021-06-30,2539000000.0,2026-06-30,5032000000.0,4.999315537303217,14.663111066027579
AES,ocf,10,ttm,69,2016-06-30,2907000000.0,2026-06-30,5032000000.0,9.998631074606434,5.641077597635591
AES,revenue,3,ttm,55,2023-06-30,12953000000.0,2026-06-30,13054000000.0,3.0006844626967832,0.25918219630602923
AES,revenue,5,ttm,55,2021-06-30,10440000000.0,2026-06-30,13054000000.0,4.999315537303217,4.57100434686073
AES,revenue,10,ttm,55,2016-06-30,11723000000.0,2026-06-30,13054000000.0,9.998631074606434,1.081371002827658
AFL,eps,3,ttm,67,2023-06-30,7.779999999999999,2026-06-30,9.27,3.0006844626967832,6.013439791423769
AFL,eps,5,ttm,67,2021-06-30,8.280000000000001,2026-06-30,9.27,4.999315537303217,2.2848287900656405
AFL,eps,10,ttm,67,2016-06-30,3.045,2026-06-30,9.27,9.998631074606434,11.777878668366682
AFL,net_income,3,ttm,70,2023-06-30,4799000000.0,2026-06-30,4862000000.0,3.0006844626967832,0.4355905509122904
AFL,net_income,5,ttm,70,2021-06-30,5805000000.0,2026-06-30,4862000000.0,4.999315537303217,-3.483750372476435
AFL,net_income,10,ttm,70,2016-06-30,2576000000.0,2026-06-30,4862000000.0,9.998631074606434,6.559135027327545
AFL,ocf,3,ttm,69,2023-06-30,3441000000.0,2026-06-30,2647000000.0,3.0006844626967832,-8.371252063566004
AFL,ocf,5,ttm,69,2021-06-30,5685000000.0,2026-06-30,2647000000.0,4.999315537303217,-14.178598159926203
AFL,ocf,10,ttm,69,2016-06-30,6527000000.0,2026-06-30,2647000000.0,9.998631074606434,-8.63104318242316
AFL,revenue,3,ttm,70,2023-06-30,18624000000.0,2026-06-30,18069000000.0,3.0006844626967832,-1.0031481635674133
AFL,revenue,5,ttm,70,2021-06-30,23011000000.0,2026-06-30,18069000000.0,4.999315537303217,-4.721074689526549
AFL,revenue,10,ttm,70,2016-06-30,21247000000.0,2026-06-30,18069000000.0,9.998631074606434,-1.6073434064318493
AIG,eps,3,ttm,67,2023-06-30,6.530000000000001,2026-06-30,5.48,3.0006844626967832,-5.674688575473419
AIG,eps,5,ttm,67,2021-06-30,4.810000000000001,2026-06-30,5.48,4.999315537303217,2.642837000072551
AIG,net_income,3,ttm,70,2023-06-30,4823000000.0,2026-06-30,2965000000.0,3.0006844626967832,-14.967448517298909
AIG,net_income,5,ttm,70,2021-06-30,4210000000.0,2026-06-30,2965000000.0,4.999315537303217,-6.772432823250119
AIG,ocf,3,ttm,69,2023-06-30,4647000000.0,2026-06-30,3850000000.0,3.0006844626967832,-6.0776612046984475
AIG,ocf,5,ttm,69,2021-06-30,4087000000.0,2026-06-30,3850000000.0,4.999315537303217,-1.1878138280863038
AIG,ocf,10,ttm,69,2016-06-30,2955000000.0,2026-06-30,3850000000.0,9.998631074606434,2.6814274726899345
AIG,revenue,3,ttm,70,2023-06-30,15534000000.0,2026-06-30,26636000000.0,3.0006844626967832,19.686204747806336
AIG,revenue,5,ttm,70,2021-06-30,45032000000.0,2026-06-30,26636000000.0,4.999315537303217,-9.970816892714907
AIG,revenue,10,ttm,70,2016-06-30,53156000000.0,2026-06-30,26636000000.0,9.998631074606434,-6.677242494090074
AIZ,eps,3,ttm,67,2023-06-30,6.426923444976076,2026-06-30,20.89,3.0006844626967832,48.117434064271514
AIZ,eps,5,ttm,67,2021-06-30,7.516401913875597,2026-06-30,20.89,4.999315537303217,22.68680164396408
AIZ,eps,10,ttm,67,2016-06-30,6.906693779904305,2026-06-30,20.89,9.998631074606434,11.705203676017216
AIZ,fcf,3,ttm,69,2023-06-30,1173200000.0,2026-06-30,1655600000.0,3.0006844626967832,12.163033819455805
AIZ,fcf,5,ttm,69,2021-06-30,1418600000.0,2026-06-30,1655600000.0,4.999315537303217,3.1385281979386725
AIZ,net_income,3,ttm,70,2023-06-30,345300000.0,2026-06-30,1063500000.0,3.0006844626967832,45.48218871919505
AIZ,net_income,5,ttm,70,2021-06-30,473100000.0,2026-06-30,1063500000.0,4.999315537303217,17.58895798792317
AIZ,net_income,10,ttm,70,2016-06-30,448422000.0,2026-06-30,1063500000.0,9.998631074606434,9.0210079978978
AIZ,ocf,3,ttm,69,2023-06-30,1370000000.0,2026-06-30,1870700000.0,3.0006844626967832,10.938998302789038
AIZ,ocf,5,ttm,69,2021-06-30,1578800000.0,2026-06-30,1870700000.0,4.999315537303217,3.451650314246346
AIZ,revenue,3,ttm,70,2023-06-30,10575000000.0,2026-06-30,13456200000.0,3.0006844626967832,8.360931436439657
AIZ,revenue,5,ttm,70,2021-06-30,9769700000.0,2026-06-30,13456200000.0,4.999315537303217,6.613462533458425
AIZ,revenue,10,ttm,70,2016-06-30,9027290000.0,2026-06-30,13456200000.0,9.998631074606434,4.073192619177113
AJG,eps,3,ttm,63,2023-06-30,5.128490878938639,2026-06-30,6.039999999999999,3.0006844626967832,5.6031926886721095
AJG,eps,5,ttm,63,2021-06-30,4.467396351575456,2026-06-30,6.039999999999999,4.999315537303217,6.218478767959934
AJG,eps,10,ttm,63,2016-06-30,2.203648424543947,2026-06-30,6.039999999999999,9.998631074606434,10.610271518485925
AJG,fcf,3,ttm,65,2023-06-30,1510100000.0,2026-06-30,2285000000.0,3.0006844626967832,14.801216089503733
AJG,fcf,5,ttm,65,2021-06-30,1594100000.0,2026-06-30,2285000000.0,4.999315537303217,7.467812839877697
AJG,fcf,10,ttm,65,2016-06-30,570400000.0,2026-06-30,2285000000.0,9.998631074606434,14.889124641084717
AJG,net_income,3,ttm,66,2023-06-30,1112300000.0,2026-06-30,1569800000.0,3.0006844626967832,12.16639262271395
AJG,net_income,5,ttm,66,2021-06-30,891100000.0,2026-06-30,1569800000.0,4.999315537303217,11.992853421115889
AJG,net_income,10,ttm,66,2016-06-30,392100000.0,2026-06-30,1569800000.0,9.998631074606434,14.882266843373104
AJG,ocf,3,ttm,65,2023-06-30,1690500000.0,2026-06-30,2449000000.0,3.0006844626967832,13.147674007411304
AJG,ocf,5,ttm,65,2021-06-30,1693800000.0,2026-06-30,2449000000.0,4.999315537303217,7.6538871666078645
AJG,ocf,10,ttm,65,2016-06-30,727000000.0,2026-06-30,2449000000.0,9.998631074606434,12.915265198497394
AJG,revenue,3,ttm,66,2023-06-30,9220300000.0,2026-06-30,15754800000.0,3.0006844626967832,19.54688293772726
AJG,revenue,5,ttm,66,2021-06-30,7651200000.0,2026-06-30,15754800000.0,4.999315537303217,15.54343041672177
AJG,revenue,10,ttm,66,2016-06-30,5517200000.0,2026-06-30,15754800000.0,9.998631074606434,11.064599698485388
AKAM,eps,3,ttm,67,2023-06-30,3.048953068592058,2026-06-30,2.76,3.0006844626967832,-3.2637156604032214
AKAM,eps,5,ttm,67,2021-06-30,3.4973285198555955,2026-06-30,2.76,4.999315537303217,-4.625622828565412
AKAM,eps,10,ttm,67,2016-06-30,1.8134296028880865,2026-06-30,2.76,9.998631074606434,4.290160417747035
AKAM,fcf,3,ttm,65,2023-06-30,940553000.0,2026-06-30,956103000.0,3.0006844626967832,0.5479594136076349
AKAM,fcf,5,ttm,65,2021-06-30,827178000.0,2026-06-30,956103000.0,4.999315537303217,2.9396917983296023
AKAM,fcf,10,ttm,65,2016-06-30,626441000.0,2026-06-30,956103000.0,9.998631074606434,4.319372179248582
AKAM,net_income,3,ttm,70,2023-06-30,478378000.0,2026-06-30,410965000.0,3.0006844626967832,-4.935968441081906
AKAM,net_income,5,ttm,70,2021-06-30,584185000.0,2026-06-30,410965000.0,4.999315537303217,-6.793391742283572
AKAM,net_income,10,ttm,70,2016-06-30,324953000.0,2026-06-30,410965000.0,9.998631074606434,2.3763931787858628
AKAM,ocf,3,ttm,65,2023-06-30,1310604000.0,2026-06-30,1447190000.0,3.0006844626967832,3.358948156380537
AKAM,ocf,5,ttm,65,2021-06-30,1320992000.0,2026-06-30,1447190000.0,4.999315537303217,1.8418214504060781
AKAM,ocf,10,ttm,65,2016-06-30,865442000.0,2026-06-30,1447190000.0,9.998631074606434,5.2765915159285415
AKAM,revenue,3,ttm,70,2023-06-30,3661094000.0,2026-06-30,4322834000.0,3.0006844626967832,5.693206392246553
AKAM,revenue,5,ttm,70,2021-06-30,3334664000.0,2026-06-30,4322834000.0,4.999315537303217,5.328617038300498
AKAM,revenue,10,ttm,70,2016-06-30,2270049000.0,2026-06-30,4322834000.0,9.998631074606434,6.6540035575431755
ALB,eps,3,ttm,63,2023-06-30,34.53923076923077,2026-06-30,0.27,3.0006844626967832,-80.14618819294694
ALB,eps,5,ttm,63,2021-06-30,6.407307692307692,2026-06-30,0.27,4.999315537303217,-46.92378096756664
ALB,eps,10,ttm,63,2016-06-30,1.422692307692308,2026-06-30,0.27,9.998631074606434,-15.313263618554684
ALB,fcf,3,ttm,63,2023-06-30,968458000.0,2026-06-30,1342372000.0,3.0006844626967832,11.494450188743244
ALB,fcf,5,ttm,63,2021-06-30,148449000.0,2026-06-30,1342372000.0,4.999315537303217,55.34071765609843
ALB,fcf,10,ttm,63,2016-06-30,265041000.0,2026-06-30,1342372000.0,9.998631074606434,17.615789612114916
ALB,net_income,3,ttm,63,2023-06-30,3918283000.0,2026-06-30,224177000.0,3.0006844626967832,-61.4587120363663
ALB,net_income,5,ttm,63,2021-06-30,703213000.0,2026-06-30,224177000.0,4.999315537303217,-20.44138075113253
ALB,net_income,10,ttm,63,2016-06-30,153009000.0,2026-06-30,224177000.0,9.998631074606434,3.8938113373759187
ALB,ocf,3,ttm,63,2023-06-30,2646792000.0,2026-06-30,1800328000.0,3.0006844626967832,-12.05253350383103
ALB,ocf,5,ttm,63,2021-06-30,976850000.0,2026-06-30,1800328000.0,4.999315537303217,13.008737117580193
ALB,ocf,10,ttm,63,2016-06-30,480476000.0,2026-06-30,1800328000.0,9.998631074606434,14.123701191535275
ALB,revenue,3,ttm,63,2023-06-30,9663225000.0,2026-06-30,5907904000.0,3.0006844626967832,-15.123650283402679
ALB,revenue,5,ttm,63,2021-06-30,3229202000.0,2026-06-30,5907904000.0,4.999315537303217,12.843052788886823
ALB,revenue,10,ttm,63,2016-06-30,2742364000.0,2026-06-30,5907904000.0,9.998631074606434,7.978029173779255
ALGN,eps,3,ttm,63,2023-06-30,4.0841811846689895,2026-06-30,5.76,3.0006844626967832,12.140152193673504
ALGN,eps,5,ttm,63,2021-06-30,8.770452961672474,2026-06-30,5.76,4.999315537303217,-8.066225336576649
ALGN,eps,10,ttm,63,2016-06-30,2.067177700348432,2026-06-30,5.76,9.998631074606434,10.792550552124403
ALGN,fcf,3,ttm,65,2023-06-30,611645000.0,2026-06-30,633569000.0,3.0006844626967832,1.1805417196732337
ALGN,fcf,5,ttm,65,2021-06-30,895099000.0,2026-06-30,633569000.0,4.999315537303217,-6.678768760953457
ALGN,fcf,10,ttm,65,2016-06-30,179955000.0,2026-06-30,633569000.0,9.998631074606434,13.414996609324458
ALGN,net_income,3,ttm,66,2023-06-30,314514000.0,2026-06-30,413227000.0,3.0006844626967832,9.523476907430851
ALGN,net_income,5,ttm,66,2021-06-30,698449000.0,2026-06-30,413227000.0,4.999315537303217,-9.966412309967366
ALGN,net_income,10,ttm,66,2016-06-30,167187000.0,2026-06-30,413227000.0,9.998631074606434,9.472238573831039
ALGN,ocf,3,ttm,65,2023-06-30,862861000.0,2026-06-30,755696000.0,3.0006844626967832,-4.323236995958391
ALGN,ocf,5,ttm,65,2021-06-30,1137181000.0,2026-06-30,755696000.0,4.999315537303217,-7.849298459250442
ALGN,ocf,10,ttm,65,2016-06-30,246259000.0,2026-06-30,755696000.0,9.998631074606434,11.867045497485407
ALGN,revenue,3,ttm,66,2023-06-30,3737183000.0,2026-06-30,4139532000.0,3.0006844626967832,3.46629951082269
ALGN,revenue,5,ttm,66,2021-06-30,3474243000.0,2026-06-30,4139532000.0,4.999315537303217,3.5667371622608357
ALGN,revenue,10,ttm,66,2016-06-30,945994000.0,2026-06-30,4139532000.0,9.998631074606434,15.908440630097619
ALL,eps,5,ttm,67,2021-06-30,12.654524760383387,2026-06-30,49.94,4.999315537303217,31.600295662800605
ALL,eps,10,ttm,67,2016-06-30,3.91901357827476,2026-06-30,49.94,9.998631074606434,28.985921114454527
ALL,fcf,3,ttm,69,2023-06-30,4453000000.0,2026-06-30,12249000000.0,3.0006844626967832,40.103580239991786
ALL,fcf,5,ttm,69,2021-06-30,5192000000.0,2026-06-30,12249000000.0,4.999315537303217,18.730800897707333
ALL,fcf,10,ttm,69,2016-06-30,3381000000.0,2026-06-30,12249000000.0,9.998631074606434,13.73999386417919
ALL,net_income,5,ttm,70,2021-06-30,3995000000.0,2026-06-30,13277000000.0,4.999315537303217,27.15426049470335
ALL,net_income,10,ttm,70,2016-06-30,1627000000.0,2026-06-30,13277000000.0,9.998631074606434,23.362659246263796
ALL,ocf,3,ttm,69,2023-06-30,4786000000.0,2026-06-30,12469000000.0,3.0006844626967832,37.59036542991645
ALL,ocf,5,ttm,69,2021-06-30,5531000000.0,2026-06-30,12469000000.0,4.999315537303217,17.656319835914314
ALL,ocf,10,ttm,69,2016-06-30,3671000000.0,2026-06-30,12469000000.0,9.998631074606434,13.00873009383774
ALL,revenue,3,ttm,70,2023-06-30,54621000000.0,2026-06-30,70137000000.0,3.0006844626967832,8.689499751405672
ALL,revenue,5,ttm,70,2021-06-30,46737000000.0,2026-06-30,70137000000.0,4.999315537303217,8.458126415804724
ALL,revenue,10,ttm,70,2016-06-30,35754000000.0,2026-06-30,70137000000.0,9.998631074606434,6.9710506337753
ALLE,eps,3,ttm,51,2023-06-30,5.85,2026-06-30,7.62,3.0006844626967832,9.208801188909232
ALLE,eps,5,ttm,51,2021-06-30,5.08,2026-06-30,7.62,4.999315537303217,8.448381166607044
ALLE,eps,10,ttm,51,2016-06-30,2.04,2026-06-30,7.62,9.998631074606434,14.088091757616027
ALLE,fcf,3,ttm,51,2023-06-30,501100000.0,2026-06-30,671100000.0,3.0006844626967832,10.224456516237801
ALLE,fcf,5,ttm,51,2021-06-30,589200000.0,2026-06-30,671100000.0,4.999315537303217,2.6375904582343512
ALLE,fcf,10,ttm,51,2016-06-30,291900000.0,2026-06-30,671100000.0,9.998631074606434,8.682661314383267
ALLE,net_income,3,ttm,51,2023-06-30,515700000.0,2026-06-30,658600000.0,3.0006844626967832,8.492601135538958
ALLE,net_income,5,ttm,51,2021-06-30,466900000.0,2026-06-30,658600000.0,4.999315537303217,7.123230544657644
ALLE,net_income,10,ttm,51,2016-06-30,197300000.0,2026-06-30,658600000.0,9.998631074606434,12.81234615931428
ALLE,ocf,3,ttm,51,2023-06-30,580500000.0,2026-06-30,769300000.0,3.0006844626967832,9.838654517324619
ALLE,ocf,5,ttm,51,2021-06-30,629800000.0,2026-06-30,769300000.0,4.999315537303217,4.083285935501024
ALLE,ocf,10,ttm,51,2016-06-30,325000000.0,2026-06-30,769300000.0,9.998631074606434,8.99996551380351
ALLE,revenue,3,ttm,51,2023-06-30,3610700000.0,2026-06-30,4288500000.0,3.0006844626967832,5.9007384991569545
ALLE,revenue,5,ttm,51,2021-06-30,2896900000.0,2026-06-30,4288500000.0,4.999315537303217,8.163080438829606
ALLE,revenue,10,ttm,51,2016-06-30,2177100000.0,2026-06-30,4288500000.0,9.998631074606434,7.015512259778922
AMAT,eps,3,ttm,68,2023-07-30,7.593091537132988,2026-07-26,11.599999999999998,2.9897330595482545,15.22775990054297
AMAT,eps,5,ttm,68,2021-08-01,5.759930915371329,2026-07-26,11.599999999999998,4.982888432580425,15.084533629634421
AMAT,eps,10,ttm,68,2016-07-31,1.2822107081174436,2026-07-26,11.599999999999998,9.984941820670773,24.679228846767522
AMAT,fcf,3,ttm,69,2023-07-30,6982000000.0,2026-07-26,5623000000.0,2.9897330595482545,-6.984541290549629
AMAT,fcf,5,ttm,69,2021-08-01,4985000000.0,2026-07-26,5623000000.0,4.982888432580425,2.446353942863344
AMAT,fcf,10,ttm,69,2016-07-31,1922000000.0,2026-07-26,5623000000.0,9.984941820670773,11.350399452130189
AMAT,net_income,3,ttm,70,2023-07-30,6443000000.0,2026-07-26,9267000000.0,2.9897330595482545,12.926976583100869
AMAT,net_income,5,ttm,70,2021-08-01,5307000000.0,2026-07-26,9267000000.0,4.982888432580425,11.83668506552431
AMAT,net_income,10,ttm,70,2016-07-31,1447000000.0,2026-07-26,9267000000.0,9.984941820670773,20.439428517102787
AMAT,ocf,3,ttm,69,2023-07-30,8002000000.0,2026-07-26,8396000000.0,2.9897330595482545,1.6206234596967128
AMAT,ocf,5,ttm,69,2021-08-01,5609000000.0,2026-07-26,8396000000.0,4.982888432580425,8.432062523118322
AMAT,ocf,10,ttm,69,2016-07-31,2140000000.0,2026-07-26,8396000000.0,9.984941820670773,14.671473905403044
AMAT,revenue,3,ttm,70,2023-07-30,26543000000.0,2026-07-26,30837000000.0,2.9897330595482545,5.143375591967803
AMAT,revenue,5,ttm,70,2021-08-01,21628000000.0,2026-07-26,30837000000.0,4.982888432580425,7.378407680742627
AMAT,revenue,10,ttm,70,2016-07-31,9896000000.0,2026-07-26,30837000000.0,9.984941820670773,12.056146790346368
AMCR,eps,3,ttm,33,2023-06-30,3.5249999999999995,2026-06-30,2.38,3.0006844626967832,-12.269167879082254
AMCR,eps,5,ttm,33,2021-06-30,3.01,2026-06-30,2.38,4.999315537303217,-4.588812846916735
AMCR,eps,10,ttm,33,2018-06-30,2.4499999999999997,2026-06-30,2.38,8.0,-0.3616885364516209
AMCR,fcf,3,ttm,29,2023-06-30,735000000.0,2026-06-30,1229000000.0,3.0006844626967832,18.68737888130778
AMCR,fcf,5,ttm,29,2021-06-30,993000000.0,2026-06-30,1229000000.0,4.999315537303217,4.357354864176632
AMCR,fcf,10,ttm,29,2019-06-30,443800000.0,2026-06-30,1229000000.0,7.000684462696783,15.661484493421707
AMCR,net_income,3,ttm,33,2023-06-30,1048000000.0,2026-06-30,1106000000.0,3.0006844626967832,1.8113437238314933
AMCR,net_income,5,ttm,33,2021-06-30,939000000.0,2026-06-30,1106000000.0,4.999315537303217,3.328435443752742
AMCR,net_income,10,ttm,33,2018-06-30,575200000.0,2026-06-30,1106000000.0,8.0,8.515563810090931
AMCR,ocf,3,ttm,29,2023-06-30,1261000000.0,2026-06-30,2151000000.0,3.0006844626967832,19.47878761528208
AMCR,ocf,5,ttm,29,2021-06-30,1461000000.0,2026-06-30,2151000000.0,4.999315537303217,8.044493730369972
AMCR,ocf,10,ttm,29,2019-06-30,776000000.0,2026-06-30,2151000000.0,7.000684462696783,15.677238937929182
AMCR,revenue,3,ttm,33,2023-06-30,14694000000.0,2026-06-30,23506000000.0,3.0006844626967832,16.94923488530684
AMCR,revenue,5,ttm,33,2021-06-30,12861000000.0,2026-06-30,23506000000.0,4.999315537303217,12.820487045205065
AMCR,revenue,10,ttm,33,2018-06-30,9319100000.0,2026-06-30,23506000000.0,8.0,12.260144001493977
AMD,eps,5,ttm,63,2021-06-26,2.82159383033419,2026-06-27,3.9199999999999995,5.002053388090349,6.7939353548022385
AMD,fcf,3,ttm,65,2023-07-01,1867000000.0,2026-06-27,8403000000.0,2.9897330595482545,65.39072929178886
AMD,fcf,5,ttm,65,2021-06-26,2465000000.0,2026-06-27,8403000000.0,5.002053388090349,27.78496523078573
AMD,net_income,5,ttm,66,2021-06-26,3436000000.0,2026-06-27,6434000000.0,5.002053388090349,13.360881267685176
AMD,ocf,3,ttm,65,2023-07-01,2397000000.0,2026-06-27,10080000000.0,2.9897330595482545,61.67574873512807
AMD,ocf,5,ttm,65,2021-06-26,2743000000.0,2026-06-27,10080000000.0,5.002053388090349,29.718087824473116
AMD,revenue,3,ttm,66,2023-07-01,21876000000.0,2026-06-27,41305000000.0,2.9897330595482545,23.687993517892302
AMD,revenue,5,ttm,66,2021-06-26,13340000000.0,2026-06-27,41305000000.0,5.002053388090349,25.35136282159045
AMD,revenue,10,ttm,66,2016-06-25,3878000000.0,2026-06-27,41305000000.0,10.004106776180699,26.6768649359723
AME,eps,3,ttm,67,2023-06-30,5.347807017543858,2026-06-30,6.85,3.0006844626967832,8.600070397253301
AME,eps,5,ttm,67,2021-06-30,3.775511695906432,2026-06-30,6.85,4.999315537303217,12.654886536679545
AME,eps,10,ttm,67,2016-06-30,2.3834795321637423,2026-06-30,6.85,9.998631074606434,11.135854119745602
AME,fcf,3,ttm,69,2023-06-30,1299619000.0,2026-06-30,1824950000.0,3.0006844626967832,11.978272331800245
AME,fcf,5,ttm,69,2021-06-30,1178868000.0,2026-06-30,1824950000.0,4.999315537303217,9.134573355698382
AME,fcf,10,ttm,69,2016-06-30,659364000.0,2026-06-30,1824950000.0,9.998631074606434,10.71810067660126
AME,net_income,3,ttm,70,2023-06-30,1234676000.0,2026-06-30,1576270000.0,3.0006844626967832,8.480364489318992
AME,net_income,5,ttm,70,2021-06-30,876518000.0,2026-06-30,1576270000.0,4.999315537303217,12.455560132003885
AME,net_income,10,ttm,70,2016-06-30,565602000.0,2026-06-30,1576270000.0,9.998631074606434,10.794464188789842
AME,ocf,3,ttm,69,2023-06-30,1433919000.0,2026-06-30,1960339000.0,3.0006844626967832,10.983528352763393
AME,ocf,5,ttm,69,2021-06-30,1267055000.0,2026-06-30,1960339000.0,4.999315537303217,9.122003854850092
AME,ocf,10,ttm,69,2016-06-30,727711000.0,2026-06-30,1960339000.0,9.998631074606434,10.418823715385074
AME,revenue,3,ttm,70,2023-06-30,6420681000.0,2026-06-30,7863923000.0,3.0006844626967832,6.990698849973209
AME,revenue,5,ttm,70,2021-06-30,4927977000.0,2026-06-30,7863923000.0,4.999315537303217,9.799325903485446
AME,revenue,10,ttm,70,2016-06-30,3908614000.0,2026-06-30,7863923000.0,9.998631074606434,7.242222005225529
AMGN,eps,3,ttm,67,2023-06-30,14.83,2026-06-30,16.09,3.0006844626967832,2.7548362793359926
AMGN,eps,5,ttm,67,2021-06-30,9.83,2026-06-30,16.09,4.999315537303217,10.358646427672923
AMGN,eps,10,ttm,67,2016-06-30,9.780000000000001,2026-06-30,16.09,9.998631074606434,5.105315256345877
AMGN,fcf,3,ttm,69,2023-06-30,9685000000.0,2026-06-30,10175000000.0,3.0006844626967832,1.6584072813675022
AMGN,fcf,5,ttm,69,2021-06-30,8897000000.0,2026-06-30,10175000000.0,4.999315537303217,2.7211236905143377
AMGN,fcf,10,ttm,69,2016-06-30,8870000000.0,2026-06-30,10175000000.0,9.998631074606434,1.3822431256731216
AMGN,net_income,3,ttm,70,2023-06-30,7979000000.0,2026-06-30,8743000000.0,3.0006844626967832,3.094220274208692
AMGN,net_income,5,ttm,70,2021-06-30,5746000000.0,2026-06-30,8743000000.0,4.999315537303217,8.758688779762247
AMGN,net_income,10,ttm,70,2016-06-30,7433000000.0,2026-06-30,8743000000.0,9.998631074606434,1.6367103097891578
AMGN,ocf,3,ttm,69,2023-06-30,10800000000.0,2026-06-30,12478000000.0,3.0006844626967832,4.93063627212984
AMGN,ocf,5,ttm,69,2021-06-30,9556000000.0,2026-06-30,12478000000.0,4.999315537303217,5.48165635231348
AMGN,ocf,10,ttm,69,2016-06-30,9557000000.0,2026-06-30,12478000000.0,9.998631074606434,2.7031881373550393
AMGN,revenue,3,ttm,70,2023-06-30,26582000000.0,2026-06-30,38095000000.0,3.0006844626967832,12.740915927648722
AMGN,revenue,5,ttm,70,2021-06-30,25484000000.0,2026-06-30,38095000000.0,4.999315537303217,8.373938642356272
AMGN,revenue,10,ttm,70,2016-06-30,22267000000.0,2026-06-30,38095000000.0,9.998631074606434,5.517336414842222
AMP,eps,3,ttm,67,2023-06-30,27.23341710971484,2026-06-30,41.37,3.0006844626967832,14.95132665689134
AMP,eps,5,ttm,67,2021-06-30,14.966382310294827,2026-06-30,41.37,4.999315537303217,22.553530922963706
AMP,eps,10,ttm,67,2016-06-30,8.228011116481392,2026-06-30,41.37,9.998631074606434,17.529981540473692
AMP,fcf,3,ttm,69,2023-06-30,4024000000.0,2026-06-30,8064000000.0,3.0006844626967832,26.068880097567117
AMP,fcf,5,ttm,69,2021-06-30,711000000.0,2026-06-30,8064000000.0,4.999315537303217,62.541799387952366
AMP,fcf,10,ttm,69,2016-06-30,2574000000.0,2026-06-30,8064000000.0,9.998631074606434,12.098806218720792
AMP,net_income,3,ttm,70,2023-06-30,3017000000.0,2026-06-30,3948000000.0,3.0006844626967832,9.376762341376743
AMP,net_income,5,ttm,70,2021-06-30,1828000000.0,2026-06-30,3948000000.0,4.999315537303217,16.65123663656569
AMP,net_income,10,ttm,70,2016-06-30,1453000000.0,2026-06-30,3948000000.0,9.998631074606434,10.51394864216273
AMP,ocf,3,ttm,69,2023-06-30,4206000000.0,2026-06-30,8218000000.0,3.0006844626967832,25.00964008074753
AMP,ocf,5,ttm,69,2021-06-30,851000000.0,2026-06-30,8218000000.0,4.999315537303217,57.396214276545045
AMP,ocf,10,ttm,69,2016-06-30,2676000000.0,2026-06-30,8218000000.0,9.998631074606434,11.875418828275563
AMP,revenue,3,ttm,70,2023-06-30,15014000000.0,2026-06-30,19839000000.0,3.0006844626967832,9.731652645174215
AMP,revenue,5,ttm,70,2021-06-30,12939000000.0,2026-06-30,19839000000.0,4.999315537303217,8.92533281729062
AMP,revenue,10,ttm,70,2016-06-30,11658000000.0,2026-06-30,19839000000.0,9.998631074606434,5.4612061154158065
AMT,eps,3,ttm,66,2023-03-31,3.4894838709677414,2026-03-31,7.26,3.0006844626967832,27.65395741739416
AMT,eps,5,ttm,66,2021-03-31,5.046870967741935,2026-03-31,7.26,4.999315537303217,7.544253150639846
AMT,eps,10,ttm,66,2016-03-31,1.8032903225806451,2026-03-31,7.26,9.998631074606434,14.946401074286463
AMT,fcf,3,ttm,68,2023-03-31,2153700000.0,2026-03-31,3770800000.0,3.0006844626967832,20.521427866693177
AMT,fcf,5,ttm,68,2021-03-31,3032000000.0,2026-03-31,3770800000.0,4.999315537303217,4.458420225315152
AMT,fcf,10,ttm,68,2016-03-31,1496644000.0,2026-03-31,3770800000.0,9.998631074606434,9.682412264564345
AMT,net_income,3,ttm,69,2023-03-31,1389900000.0,2026-03-31,2900300000.0,3.0006844626967832,27.77978883519947
AMT,net_income,5,ttm,69,2021-03-31,1920600000.0,2026-03-31,2900300000.0,4.999315537303217,8.594067707974439
AMT,net_income,10,ttm,69,2016-03-31,766957000.0,2026-03-31,2900300000.0,9.998631074606434,14.228664603191522
AMT,ocf,3,ttm,68,2023-03-31,4103100000.0,2026-03-31,5569600000.0,3.0006844626967832,10.720289027090345
AMT,ocf,5,ttm,68,2021-03-31,4174100000.0,2026-03-31,5569600000.0,4.999315537303217,5.938949287955686
AMT,ocf,10,ttm,68,2016-03-31,2220482000.0,2026-03-31,5569600000.0,9.998631074606434,9.63346562491585
AMT,revenue,3,ttm,69,2023-03-31,837100000.0,2026-03-31,926000000.0,3.0006844626967832,3.4207974239226058
AMT,revenue,5,ttm,69,2021-03-31,519600000.0,2026-03-31,926000000.0,4.999315537303217,12.252297917148791
AMT,revenue,10,ttm,69,2016-03-31,4981326000.0,2026-03-31,926000000.0,9.998631074606434,-15.488346752469829
AMZN,eps,3,ttm,67,2023-06-30,1.27,2026-06-30,12.43,3.0006844626967832,113.86865822871322
AMZN,eps,5,ttm,67,2021-06-30,2.8725,2026-06-30,12.43,4.999315537303217,34.047784085486654
AMZN,eps,10,ttm,67,2016-06-30,0.201,2026-06-30,12.43,9.998631074606434,51.0608874305188
AMZN,net_income,3,ttm,70,2023-06-30,13072000000.0,2026-06-30,135281000000.0,3.0006844626967832,117.8818673222616
AMZN,net_income,5,ttm,70,2021-06-30,29438000000.0,2026-06-30,135281000000.0,4.999315537303217,35.670003698399476
AMZN,net_income,10,ttm,70,2016-06-30,1931000000.0,2026-06-30,135281000000.0,9.998631074606434,52.957479841921455
AMZN,ocf,3,ttm,70,2023-06-30,61841000000.0,2026-06-30,161403000000.0,3.0006844626967832,37.67233801467429
AMZN,ocf,5,ttm,70,2021-06-30,59323000000.0,2026-06-30,161403000000.0,4.999315537303217,22.165788438395296
AMZN,ocf,10,ttm,70,2016-06-30,13166000000.0,2026-06-30,161403000000.0,9.998631074606434,28.487440338637704
AMZN,revenue,3,ttm,70,2023-06-30,538046000000.0,2026-06-30,775680000000.0,3.0006844626967832,12.964586400703437
AMZN,revenue,5,ttm,70,2021-06-30,443298000000.0,2026-06-30,775680000000.0,4.999315537303217,11.841766481025884
AMZN,revenue,10,ttm,70,2016-06-30,120637000000.0,2026-06-30,775680000000.0,9.998631074606434,20.456786130927227
ANET,eps,3,ttm,47,2023-06-30,1.355,2026-06-30,3.16,3.0006844626967832,32.60339229412461
ANET,eps,5,ttm,47,2021-06-30,0.574375,2026-06-30,3.16,4.999315537303217,40.64315075376415
ANET,eps,10,ttm,47,2016-06-30,0.125,2026-06-30,3.16,9.998631074606434,38.13283096658806
ANET,fcf,3,ttm,49,2023-06-30,945039000.0,2026-06-30,5155300000.0,3.0006844626967832,76.01325795030738
ANET,fcf,5,ttm,49,2021-06-30,900319000.0,2026-06-30,5155300000.0,4.999315537303217,41.77258476002814
ANET,fcf,10,ttm,49,2016-06-30,282447000.0,2026-06-30,5155300000.0,9.998631074606434,33.70540582944883
ANET,net_income,3,ttm,50,2023-06-30,357001352.0,2026-06-30,533203511.0,3.0006844626967832,14.303922212059295
ANET,net_income,5,ttm,50,2021-06-30,728587000.0,2026-06-30,533203511.0,4.999315537303217,-6.053932899786196
ANET,net_income,10,ttm,50,2016-06-30,146763000.0,2026-06-30,533203511.0,9.998631074606434,13.771979088175534
ANET,ocf,3,ttm,49,2023-06-30,983151000.0,2026-06-30,5306600000.0,3.0006844626967832,75.39196912948354
ANET,ocf,5,ttm,49,2021-06-30,920092000.0,2026-06-30,5306600000.0,4.999315537303217,41.97695484947204
ANET,ocf,10,ttm,49,2016-06-30,306407000.0,2026-06-30,5306600000.0,9.998631074606434,33.00523158452518
ANET,revenue,3,ttm,50,2023-06-30,5262628000.0,2026-06-30,10540800000.0,3.0006844626967832,26.047440028708024
ANET,revenue,5,ttm,50,2021-06-30,2628794000.0,2026-06-30,10540800000.0,4.999315537303217,32.02005774227467
ANET,revenue,10,ttm,50,2016-06-30,973931000.0,2026-06-30,10540800000.0,9.998631074606434,26.89622416228992
AON,eps,3,ttm,67,2023-06-30,12.852910694597572,2026-06-30,18.13,3.0006844626967832,12.146935891094834
AON,eps,5,ttm,67,2021-06-30,9.114972436604187,2026-06-30,18.13,4.999315537303217,14.74576517962609
AON,eps,10,ttm,67,2016-06-30,5.247105843439911,2026-06-30,18.13,9.998631074606434,13.202279026352159
AON,fcf,3,ttm,69,2023-06-30,2946000000.0,2026-06-30,3248000000.0,3.0006844626967832,3.3057599310543306
AON,fcf,5,ttm,69,2021-06-30,2787000000.0,2026-06-30,3248000000.0,4.999315537303217,3.109250673557429
AON,fcf,10,ttm,69,2016-06-30,2069000000.0,2026-06-30,3248000000.0,9.998631074606434,4.613620963031173
AON,net_income,3,ttm,70,2023-06-30,2675000000.0,2026-06-30,3914000000.0,3.0006844626967832,13.523675456766227
AON,net_income,5,ttm,70,2021-06-30,2091000000.0,2026-06-30,3914000000.0,4.999315537303217,13.360254689077134
AON,net_income,10,ttm,70,2016-06-30,1462000000.0,2026-06-30,3914000000.0,9.998631074606434,10.350219204990129
AON,ocf,3,ttm,69,2023-06-30,3219000000.0,2026-06-30,3531000000.0,3.0006844626967832,3.1309912832139464
AON,ocf,5,ttm,69,2021-06-30,2909000000.0,2026-06-30,3531000000.0,4.999315537303217,3.952060837294913
AON,ocf,10,ttm,69,2016-06-30,2195000000.0,2026-06-30,3531000000.0,9.998631074606434,4.869487599435307
AON,revenue,3,ttm,70,2023-06-30,12874000000.0,2026-06-30,17577000000.0,3.0006844626967832,10.934543472319081
AON,revenue,5,ttm,70,2021-06-30,11761000000.0,2026-06-30,17577000000.0,4.999315537303217,8.368953321854345
AON,revenue,10,ttm,70,2016-06-30,10537000000.0,2026-06-30,17577000000.0,9.998631074606434,5.250900398099767
AOS,eps,3,ttm,63,2023-06-30,1.8199999999999998,2026-06-30,3.59,3.0006844626967832,25.406078761023654
AOS,eps,5,ttm,63,2021-06-30,2.7199999999999998,2026-06-30,3.59,4.999315537303217,5.708134634390594
AOS,eps,10,ttm,63,2016-06-30,1.76,2026-06-30,3.59,9.998631074606434,7.389647441869118
AOS,fcf,3,ttm,65,2023-06-30,533400000.0,2026-06-30,639400000.0,3.0006844626967832,6.2267484548820695
AOS,fcf,5,ttm,65,2021-06-30,516100000.0,2026-06-30,639400000.0,4.999315537303217,4.378319929674546
AOS,fcf,10,ttm,65,2016-06-30,369200000.0,2026-06-30,639400000.0,9.998631074606434,5.646316511475558
AOS,net_income,3,ttm,66,2023-06-30,273600000.0,2026-06-30,500300000.0,3.0006844626967832,22.27890481139585
AOS,net_income,5,ttm,66,2021-06-30,441300000.0,2026-06-30,500300000.0,4.999315537303217,2.5417694541198577
AOS,net_income,10,ttm,66,2016-06-30,314000000.0,2026-06-30,500300000.0,9.998631074606434,4.769013638441066
AOS,ocf,3,ttm,65,2023-06-30,597200000.0,2026-06-30,692300000.0,3.0006844626967832,5.047720161723124
AOS,ocf,5,ttm,65,2021-06-30,578800000.0,2026-06-30,692300000.0,4.999315537303217,3.6466551465758945
AOS,ocf,10,ttm,65,2016-06-30,448600000.0,2026-06-30,692300000.0,9.998631074606434,4.435003619048694
AOS,revenue,3,ttm,66,2023-06-30,3737500000.0,2026-06-30,3804900000.0,3.0006844626967832,0.5974005024809159
AOS,revenue,5,ttm,66,2021-06-30,3223300000.0,2026-06-30,3804900000.0,4.999315537303217,3.373798890655366
AOS,revenue,10,ttm,66,2016-06-30,2568400000.0,2026-06-30,3804900000.0,9.998631074606434,4.008874161139753
APA,eps,3,ttm,23,2023-06-30,4.900338266384778,2026-06-30,4.74,3.0006844626967832,-1.1025275420156744
APA,eps,5,ttm,23,2021-06-30,1.8639323467230438,2026-06-30,4.74,4.999315537303217,20.525998655711454
APA,net_income,3,ttm,23,2023-06-30,1488000000.0,2026-06-30,1677000000.0,3.0006844626967832,4.065337090530985
APA,net_income,5,ttm,23,2021-06-30,710000000.0,2026-06-30,1677000000.0,4.999315537303217,18.758625884864387
APA,ocf,3,ttm,23,2023-06-30,3852000000.0,2026-06-30,4528000000.0,3.0006844626967832,5.5361809158031905
APA,ocf,5,ttm,23,2021-06-30,2442000000.0,2026-06-30,4528000000.0,4.999315537303217,13.146075401496882
APD,ocf,3,ttm,69,2023-06-30,3160800000.0,2026-06-30,4570800000.0,3.0006844626967832,13.08010950620686
APD,ocf,5,ttm,69,2021-06-30,3760400000.0,2026-06-30,4570800000.0,4.999315537303217,3.9809918644359676
APD,ocf,10,ttm,69,2016-06-30,1894700000.0,2026-06-30,4570800000.0,9.998631074606434,9.206983828430747
APD,revenue,3,ttm,70,2023-06-30,12978700000.0,2026-06-30,12602200000.0,3.0006844626967832,-0.9762512699952319
APD,revenue,5,ttm,70,2021-06-30,9802000000.0,2026-06-30,12602200000.0,4.999315537303217,5.154853380610436
APD,revenue,10,ttm,70,2016-06-30,7521800000.0,2026-06-30,12602200000.0,9.998631074606434,5.296885846975252
APH,eps,3,ttm,67,2023-06-30,0.7694235588972432,2026-06-30,2.0,3.0006844626967832,37.4854147468201
APH,eps,5,ttm,67,2021-06-30,0.5651629072681705,2026-06-30,2.0,4.999315537303217,28.761580234543604
APH,eps,10,ttm,67,2016-06-30,0.3045112781954888,2026-06-30,2.0,9.998631074606434,20.712947062687537
APH,fcf,3,ttm,67,2023-06-30,1942400000.0,2026-06-30,4713700000.0,3.0006844626967832,34.372938612465376
APH,fcf,5,ttm,67,2021-06-30,1216500000.0,2026-06-30,4713700000.0,4.999315537303217,31.119134151250805
APH,fcf,10,ttm,67,2016-06-30,869500000.0,2026-06-30,4713700000.0,9.998631074606434,18.418426431563194
APH,net_income,3,ttm,70,2023-06-30,1903500000.0,2026-06-30,5143100000.0,3.0006844626967832,39.27009570607496
APH,net_income,5,ttm,70,2021-06-30,1403000000.0,2026-06-30,5143100000.0,4.999315537303217,29.672805705194392
APH,net_income,10,ttm,70,2016-06-30,767700000.0,2026-06-30,5143100000.0,9.998631074606434,20.952445076285997
APH,ocf,3,ttm,69,2023-06-30,2350100000.0,2026-06-30,5871700000.0,3.0006844626967832,35.68409268726067
APH,ocf,5,ttm,69,2021-06-30,1548300000.0,2026-06-30,5871700000.0,4.999315537303217,30.55623000437937
APH,ocf,10,ttm,69,2016-06-30,1045500000.0,2026-06-30,5871700000.0,9.998631074606434,18.83770135893257
APH,revenue,3,ttm,70,2023-06-30,12562300000.0,2026-06-30,29011600000.0,3.0006844626967832,32.172123718695154
APH,revenue,5,ttm,70,2021-06-30,9780400000.0,2026-06-30,29011600000.0,4.999315537303217,24.295653804654947
APH,revenue,10,ttm,70,2016-06-30,5889500000.0,2026-06-30,29011600000.0,9.998631074606434,17.289411305965842
APO,eps,3,ttm,19,2023-06-30,2.8100000000000005,2026-06-30,2.81,3.0006844626967832,0.0
APO,eps,5,ttm,19,2021-12-31,7.479709090909092,2026-06-30,2.81,4.4955509924709105,-19.56919635692391
APO,net_income,3,ttm,19,2023-06-30,1686000000.0,2026-06-30,1778000000.0,3.0006844626967832,1.7863734209606852
APO,net_income,5,ttm,19,2021-12-31,1802000000.0,2026-06-30,1778000000.0,4.4955509924709105,-0.2978065915783312
APO,ocf,3,ttm,19,2023-06-30,8431000000.0,2026-06-30,9473000000.0,3.0006844626967832,3.9598477260962994
APO,ocf,5,ttm,19,2021-12-31,1064000000.0,2026-06-30,9473000000.0,4.4955509924709105,62.636877516632936
APO,revenue,3,ttm,19,2023-06-30,26823000000.0,2026-06-30,35899000000.0,3.0006844626967832,10.20011383747419
APO,revenue,5,ttm,19,2021-12-31,5951000000.0,2026-06-30,35899000000.0,4.4955509924709105,49.14695898764294
APP,eps,3,ttm,23,2023-06-30,0.05999999999999998,2026-06-30,13.01,3.0006844626967832,500.5249516101319
APP,fcf,3,ttm,13,2020-12-31,219642000.0,2023-12-31,1057264000.0,2.9979466119096507,68.90603466861958
APP,net_income,3,ttm,23,2023-06-30,19844000.0,2026-06-30,4410201000.0,3.0006844626967832,505.4774167911619
APP,ocf,3,ttm,23,2023-06-30,856137000.0,2026-06-30,4527589000.0,3.0006844626967832,74.20191007667532
APP,ocf,5,ttm,23,2021-06-30,289901000.0,2026-06-30,4527589000.0,4.999315537303217,73.28307273918165
APP,revenue,3,ttm,23,2023-06-30,2880976000.0,2026-06-30,6829124000.0,3.0006844626967832,33.325520102316844
APP,revenue,5,ttm,23,2021-06-30,2164260000.0,2026-06-30,6829124000.0,4.999315537303217,25.841758485959197
APTV,eps,3,ttm,59,2023-06-30,3.29,2026-06-30,1.06,3.0006844626967832,-31.439487369520634
APTV,eps,5,ttm,59,2021-06-30,3.66,2026-06-30,1.06,4.999315537303217,-21.954077285243955
APTV,eps,10,ttm,59,2016-06-30,4.230268231349539,2026-06-30,1.06,9.998631074606434,-12.926587205733098
APTV,fcf,3,ttm,59,2023-06-30,1015000000.0,2026-06-30,684000000.0,3.0006844626967832,-12.324876531093887
APTV,fcf,5,ttm,59,2021-06-30,1434000000.0,2026-06-30,684000000.0,4.999315537303217,-13.763209103929263
APTV,fcf,10,ttm,59,2016-06-30,1322000000.0,2026-06-30,684000000.0,9.998631074606434,-6.377863739226397
APTV,net_income,3,ttm,59,2023-06-30,954000000.0,2026-06-30,220000000.0,3.0006844626967832,-38.66996508058327
APTV,net_income,5,ttm,59,2021-06-30,1056000000.0,2026-06-30,220000000.0,4.999315537303217,-26.931010963286983
APTV,net_income,10,ttm,59,2016-06-30,1279000000.0,2026-06-30,220000000.0,9.998631074606434,-16.1419522788797
APTV,ocf,3,ttm,59,2023-06-30,1896000000.0,2026-06-30,1351000000.0,3.0006844626967832,-10.679695229739949
APTV,ocf,5,ttm,59,2021-06-30,1907000000.0,2026-06-30,1351000000.0,4.999315537303217,-6.662356464501684
APTV,ocf,10,ttm,59,2016-06-30,1877000000.0,2026-06-30,1351000000.0,9.998631074606434,-3.235255902096712
APTV,revenue,3,ttm,59,2023-06-30,19272000000.0,2026-06-30,18725000000.0,3.0006844626967832,-0.9549830624693723
APTV,revenue,5,ttm,59,2021-06-30,15710000000.0,2026-06-30,18725000000.0,4.999315537303217,3.574111406705427
APTV,revenue,10,ttm,59,2016-06-30,13552000000.0,2026-06-30,18725000000.0,9.998631074606434,3.286548705798298
ARE,ocf,3,ttm,65,2023-06-30,1548244000.0,2026-06-30,1279448000.0,3.0006844626967832,-6.157253833224918
ARE,ocf,5,ttm,65,2021-06-30,940667000.0,2026-06-30,1279448000.0,4.999315537303217,6.345961982158954
ARE,ocf,10,ttm,65,2016-06-30,363319000.0,2026-06-30,1279448000.0,9.998631074606434,13.417726742065494
ARE,revenue,3,ttm,35,2023-06-30,2744828000.0,2026-06-30,2840164000.0,3.0006844626967832,1.1443513452672915
ARE,revenue,5,ttm,35,2021-06-30,1998230000.0,2026-06-30,2840164000.0,4.999315537303217,7.286176960056956
ARE,revenue,10,ttm,35,2017-12-31,1128097000.0,2026-06-30,2840164000.0,8.49555099247091,11.480990850323792
ARES,eps,3,ttm,39,2022-12-31,0.5079360732948652,2026-06-30,1.6222842916089129,3.4962354551676933,39.394609287546146
ARES,eps,5,ttm,39,2021-06-30,0.9908514268082887,2026-06-30,1.6222842916089129,4.999315537303217,10.364537544330776
ARES,eps,10,ttm,39,2016-06-30,0.07069952566378533,2026-06-30,1.6222842916089129,9.998631074606434,36.801127231719846
ARES,net_income,3,ttm,46,2023-06-30,320500000.0,2026-06-30,535105000.0,3.0006844626967832,18.627869943246232
ARES,net_income,5,ttm,46,2021-06-30,326829000.0,2026-06-30,535105000.0,4.999315537303217,10.364537544330776
ARES,net_income,10,ttm,46,2016-06-30,23320000.0,2026-06-30,535105000.0,9.998631074606434,36.801127231719846
ARES,ocf,10,ttm,45,2016-06-30,73892000.0,2026-06-30,912125000.0,9.998631074606434,28.57621503080676
ARES,revenue,3,ttm,50,2023-06-30,3645662000.0,2026-06-30,5987595000.0,3.0006844626967832,17.980152992130026
ARES,revenue,5,ttm,50,2021-06-30,3101086000.0,2026-06-30,5987595000.0,4.999315537303217,14.06582488804997
ARES,revenue,10,ttm,50,2016-06-30,808923000.0,2026-06-30,5987595000.0,9.998631074606434,22.164894883622566
ATO,eps,3,ttm,64,2023-06-30,5.786897374701669,2026-06-30,8.39,3.0006844626967832,13.177421313175186
ATO,eps,5,ttm,64,2021-06-30,5.326348448687351,2026-06-30,8.39,4.999315537303217,9.51456455193087
ATO,eps,10,ttm,64,2016-06-30,3.303937947494033,2026-06-30,8.39,9.998631074606434,9.768707136743448
ATO,net_income,3,ttm,66,2023-06-30,838981000.0,2026-06-30,1402443000.0,3.0006844626967832,18.675407621466334
ATO,net_income,5,ttm,66,2021-06-30,682176000.0,2026-06-30,1402443000.0,4.999315537303217,15.50647408578001
ATO,net_income,10,ttm,66,2016-06-30,339379000.0,2026-06-30,1402443000.0,9.998631074606434,15.246690252336847
ATO,ocf,3,ttm,65,2023-06-30,3269776000.0,2026-06-30,2019590000.0,3.0006844626967832,-14.834379732742843
ATO,ocf,10,ttm,65,2016-06-30,724278000.0,2026-06-30,2019590000.0,9.998631074606434,10.800543128402506
ATO,revenue,3,ttm,34,2023-06-30,4410343000.0,2026-06-30,4921526000.0,3.0006844626967832,3.722310964745623
ATO,revenue,5,ttm,34,2021-06-30,3314020000.0,2026-06-30,4921526000.0,4.999315537303217,8.23148929647084
ATO,revenue,10,ttm,34,2018-03-31,3099982000.0,2026-06-30,4921526000.0,8.24914442162902,5.763233253896427
AVGO,eps,3,ttm,35,2023-04-30,3.193,2026-05-03,6.01,3.0088980150581794,23.39221431868628
AVGO,eps,5,ttm,35,2021-05-02,1.073,2026-05-03,6.01,5.002053388090349,41.12160765740405
AVGO,eps,10,ttm,35,2017-10-29,0.401,2026-05-03,6.01,8.509240246406572,37.45830495382088
AVGO,fcf,3,ttm,33,2023-04-30,17082000000.0,2026-05-03,32762000000.0,3.0088980150581794,24.16478180116517
AVGO,fcf,5,ttm,33,2021-05-02,12761000000.0,2026-05-03,32762000000.0,5.002053388090349,20.743433086775266
AVGO,fcf,10,ttm,33,2018-05-06,6716000000.0,2026-05-03,32762000000.0,7.991786447638604,21.932894838364582
AVGO,net_income,3,ttm,35,2023-04-30,13837000000.0,2026-05-03,29317000000.0,3.0088980150581794,28.342678716124038
AVGO,net_income,5,ttm,35,2021-05-02,4585000000.0,2026-05-03,29317000000.0,5.002053388090349,44.907172175372146
AVGO,net_income,10,ttm,35,2017-10-29,1692000000.0,2026-05-03,29317000000.0,8.509240246406572,39.82132577983637
AVGO,ocf,3,ttm,33,2023-04-30,17545000000.0,2026-05-03,33622000000.0,3.0088980150581794,24.130435851840094
AVGO,ocf,5,ttm,33,2021-05-02,13208000000.0,2026-05-03,33622000000.0,5.002053388090349,20.537999903591817
AVGO,ocf,10,ttm,33,2018-05-06,7613000000.0,2026-05-03,33622000000.0,7.991786447638604,20.424911336227215
AVGO,revenue,3,ttm,35,2023-04-30,35042000000.0,2026-05-03,75465000000.0,3.0088980150581794,29.03984209848516
AVGO,revenue,5,ttm,35,2021-05-02,25553000000.0,2026-05-03,75465000000.0,5.002053388090349,24.171556052150578
AVGO,revenue,10,ttm,35,2017-10-29,17636000000.0,2026-05-03,75465000000.0,8.509240246406572,18.630205513399755
AVY,eps,3,ttm,63,2023-07-01,6.940000000000003,2026-06-30,9.14,2.9979466119096507,9.619936122472495
AVY,eps,5,ttm,63,2021-07-03,8.760000000000002,2026-06-30,9.14,4.991101984941821,0.8544333242421986
AVY,eps,10,ttm,63,2016-07-02,3.3600000000000008,2026-06-30,9.14,9.99315537303217,10.532618734283105
AVY,fcf,3,ttm,65,2023-07-01,470900000.0,2026-06-30,1063100000.0,2.9979466119096507,31.208675113068907
AVY,fcf,5,ttm,65,2021-07-03,822800000.0,2026-06-30,1063100000.0,4.991101984941821,5.267823692462303
AVY,fcf,10,ttm,65,2016-07-02,378600000.0,2026-06-30,1063100000.0,9.99315537303217,10.884300910716348
AVY,net_income,3,ttm,66,2023-07-01,566000000.0,2026-06-30,704900000.0,2.9979466119096507,7.595007537069787
AVY,net_income,5,ttm,66,2021-07-03,735300000.0,2026-06-30,704900000.0,4.991101984941821,-0.8423899214336839
AVY,net_income,10,ttm,66,2016-07-02,308300000.0,2026-06-30,704900000.0,9.99315537303217,8.627553416631528
AVY,ocf,3,ttm,65,2023-07-01,758100000.0,2026-06-30,1233600000.0,2.9979466119096507,17.63346699872863
AVY,ocf,5,ttm,65,2021-07-03,1044100000.0,2026-06-30,1233600000.0,4.991101984941821,3.3980334953587654
AVY,ocf,10,ttm,65,2016-07-02,519300000.0,2026-06-30,1233600000.0,9.99315537303217,9.04389113694981
AVY,revenue,3,ttm,66,2023-07-01,8498500000.0,2026-06-30,9248100000.0,2.9979466119096507,2.8596701904334942
AVY,revenue,5,ttm,66,2021-07-03,7873300000.0,2026-06-30,9248100000.0,4.991101984941821,3.27710727679007
AVY,revenue,10,ttm,66,2016-07-02,5949900000.0,2026-06-30,9248100000.0,9.99315537303217,4.512299777029227
AWK,eps,3,ttm,63,2023-06-30,4.789999999999999,2026-06-30,5.77,3.0006844626967832,6.399753046471646
AWK,eps,5,ttm,63,2021-06-30,4.129999999999999,2026-06-30,5.77,4.999315537303217,6.917582128562816
AWK,eps,10,ttm,63,2016-06-30,2.7399999999999998,2026-06-30,5.77,9.998631074606434,7.7325533466365615
AWK,net_income,3,ttm,66,2023-06-30,894000000.0,2026-06-30,1128000000.0,3.0006844626967832,8.05615662025918
AWK,net_income,5,ttm,66,2021-06-30,749000000.0,2026-06-30,1128000000.0,4.999315537303217,8.535128732813924
AWK,net_income,10,ttm,66,2016-06-30,492000000.0,2026-06-30,1128000000.0,9.998631074606434,8.652402352185096
AWK,ocf,3,ttm,65,2023-06-30,1626000000.0,2026-06-30,2334000000.0,3.0006844626967832,12.801489480230899
AWK,ocf,5,ttm,65,2021-06-30,1415000000.0,2026-06-30,2334000000.0,4.999315537303217,10.528641901787639
AWK,ocf,10,ttm,65,2016-06-30,1313005000.0,2026-06-30,2334000000.0,9.998631074606434,5.922169568423996
AWK,revenue,3,ttm,53,2023-06-30,4011000000.0,2026-06-30,5273000000.0,3.0006844626967832,9.545027792519555
AWK,revenue,5,ttm,53,2021-06-30,3868000000.0,2026-06-30,5273000000.0,4.999315537303217,6.394198207629009
AWK,revenue,10,ttm,53,2015-06-30,3057746000.0,2026-06-30,5273000000.0,11.000684462696784,5.078260894323838
AXON,eps,3,ttm,59,2023-06-30,1.3410833333333332,2026-06-30,2.42,3.0006844626967832,21.74011514549217
AXON,eps,10,ttm,59,2016-06-30,0.2520833333333333,2026-06-30,2.42,9.998631074606434,25.383552827805
AXON,fcf,3,ttm,61,2023-06-30,110749000.0,2026-06-30,133192000.0,3.0006844626967832,6.34245505774953
AXON,fcf,5,ttm,61,2021-06-30,51464000.0,2026-06-30,133192000.0,4.999315537303217,20.950099106134257
AXON,fcf,10,ttm,61,2016-06-30,39615000.0,2026-06-30,133192000.0,9.998631074606434,12.8935313151894
AXON,net_income,3,ttm,62,2023-06-30,98510000.0,2026-06-30,199298000.0,3.0006844626967832,26.469054675121395
AXON,net_income,10,ttm,62,2016-06-30,13738000.0,2026-06-30,199298000.0,9.998631074606434,30.669384727310778
AXON,ocf,3,ttm,61,2023-06-30,158354000.0,2026-06-30,265809000.0,3.0006844626967832,18.840128124846967
AXON,ocf,5,ttm,61,2021-06-30,140573000.0,2026-06-30,265809000.0,4.999315537303217,13.59026937123955
AXON,ocf,10,ttm,61,2016-06-30,45812000.0,2026-06-30,265809000.0,9.998631074606434,19.225594696280425
AXON,revenue,3,ttm,62,2023-06-30,1362149000.0,2026-06-30,3219099000.0,3.0006844626967832,33.19098773378262
AXON,revenue,5,ttm,62,2021-06-30,806396000.0,2026-06-30,3219099000.0,4.999315537303217,31.90269088920448
AXON,revenue,10,ttm,62,2016-06-30,220703000.0,2026-06-30,3219099000.0,9.998631074606434,30.740019415258637
AXP,eps,3,ttm,67,2023-06-30,9.839999999999998,2026-06-30,16.47,3.0006844626967832,18.72690815584621
AXP,eps,5,ttm,67,2021-06-30,8.599999999999998,2026-06-30,16.47,4.999315537303217,13.879815988442079
AXP,eps,10,ttm,67,2016-06-30,5.679999999999999,2026-06-30,16.47,9.998631074606434,11.234845613416876
AXP,fcf,3,ttm,69,2023-06-30,14794000000.0,2026-06-30,15052000000.0,3.0006844626967832,0.577837606841447
AXP,fcf,5,ttm,69,2021-06-30,9747000000.0,2026-06-30,15052000000.0,4.999315537303217,9.081177250261785
AXP,fcf,10,ttm,69,2016-06-30,8218000000.0,2026-06-30,15052000000.0,9.998631074606434,6.239594816147487
AXP,net_income,3,ttm,70,2023-06-30,7441000000.0,2026-06-30,11445000000.0,3.0006844626967832,15.428737864456776
AXP,net_income,5,ttm,70,2021-06-30,7026000000.0,2026-06-30,11445000000.0,4.999315537303217,10.25221740838802
AXP,net_income,10,ttm,70,2016-06-30,5606000000.0,2026-06-30,11445000000.0,9.998631074606434,7.399068368100159
AXP,ocf,3,ttm,69,2023-06-30,16486000000.0,2026-06-30,18475000000.0,3.0006844626967832,3.8690012867174994
AXP,ocf,5,ttm,69,2021-06-30,11145000000.0,2026-06-30,18475000000.0,4.999315537303217,10.638654446127083
AXP,ocf,10,ttm,69,2016-06-30,9671000000.0,2026-06-30,18475000000.0,9.998631074606434,6.687897148075428
AXP,revenue,3,ttm,39,2023-06-30,36087000000.0,2026-06-30,43086000000.0,3.0006844626967832,6.085479976047603
AXP,revenue,5,ttm,39,2021-06-30,27147000000.0,2026-06-30,43086000000.0,4.999315537303217,9.680231921527715
AXP,revenue,10,ttm,39,2016-12-31,32119000000.0,2026-06-30,43086000000.0,9.494866529774127,3.1421356313707127
AZO,eps,3,ttm,68,2023-05-06,126.24965759075906,2026-05-09,145.29,3.0088980150581794,4.779189750518276
AZO,eps,5,ttm,68,2021-05-08,90.77628094059406,2026-05-09,145.29,5.002053388090349,9.859064674653094
AZO,eps,10,ttm,68,2016-05-07,39.12960189768977,2026-05-09,145.29,10.004106776180699,14.011757784208223
AZO,fcf,3,annual,18,2022-08-27,2538744000.0,2025-08-30,1790080000.0,3.0088980150581794,-10.963633864793533
AZO,fcf,5,annual,18,2020-08-29,2262372000.0,2025-08-30,1790080000.0,5.002053388090349,-4.573271835701753
AZO,fcf,10,annual,18,2015-08-29,1092439000.0,2025-08-30,1790080000.0,10.004106776180699,5.060320183095501
AZO,net_income,3,annual,18,2022-08-27,2429604000.0,2025-08-30,2498247000.0,3.0088980150581794,0.9302539911472785
AZO,net_income,5,annual,18,2020-08-29,1732972000.0,2025-08-30,2498247000.0,5.002053388090349,7.585990946674981
AZO,net_income,10,annual,18,2015-08-29,1160241000.0,2025-08-30,2498247000.0,10.004106776180699,7.967996650443032
AZO,ocf,3,annual,18,2022-08-27,3211135000.0,2025-08-30,3117337000.0,3.0088980150581794,-0.9804181637899645
AZO,ocf,5,annual,18,2020-08-29,2720108000.0,2025-08-30,3117337000.0,5.002053388090349,2.762499967045695
AZO,ocf,10,annual,18,2015-08-29,1573018000.0,2025-08-30,3117337000.0,10.004106776180699,7.076165927354294
AZO,revenue,3,annual,18,2022-08-27,16252230000.0,2025-08-30,18938717000.0,3.0088980150581794,5.215657723400469
AZO,revenue,5,annual,18,2020-08-29,12631967000.0,2025-08-30,18938717000.0,5.002053388090349,8.433000217607201
AZO,revenue,10,annual,18,2015-08-29,10187340000.0,2025-08-30,18938717000.0,10.004106776180699,6.394192014780398
BA,eps,10,ttm,67,2016-06-30,5.440000000000001,2026-06-30,2.78,9.998631074606434,-6.49375912137955
BA,net_income,10,ttm,70,2016-06-30,3715000000.0,2026-06-30,2435000000.0,9.998631074606434,-4.1368925016888936
BA,ocf,3,ttm,69,2023-06-30,9204000000.0,2026-06-30,3639000000.0,3.0006844626967832,-26.599482277281616
BA,ocf,10,ttm,69,2016-06-30,10443000000.0,2026-06-30,3639000000.0,9.998631074606434,-10.006859154382198
BA,revenue,3,ttm,70,2023-06-30,73608000000.0,2026-06-30,93995000000.0,3.0006844626967832,8.488866470854738
BA,revenue,5,ttm,70,2021-06-30,61658000000.0,2026-06-30,93995000000.0,4.999315537303217,8.799795201290795
BA,revenue,10,ttm,70,2016-06-30,96809000000.0,2026-06-30,93995000000.0,9.998631074606434,-0.29458937605021385
BAC,eps,3,ttm,67,2023-06-30,3.471981566820277,2026-06-30,4.33,3.0006844626967832,7.637318367869783
BAC,eps,5,ttm,67,2021-06-30,2.9831105990783415,2026-06-30,4.33,4.999315537303217,7.737808971286708
BAC,eps,10,ttm,67,2016-06-30,1.3169585253456222,2026-06-30,4.33,9.998631074606434,12.641560130435469
BAC,net_income,3,ttm,70,2023-06-30,29783000000.0,2026-06-30,33655000000.0,3.0006844626967832,4.15729241614009
BAC,net_income,5,ttm,70,2021-06-30,27625000000.0,2026-06-30,33655000000.0,4.999315537303217,4.028373815322928
BAC,net_income,10,ttm,70,2016-06-30,16232000000.0,2026-06-30,33655000000.0,9.998631074606434,7.565274972583125
BAC,ocf,3,ttm,69,2023-06-30,44638000000.0,2026-06-30,94742000000.0,3.0006844626967832,28.50531466172366
BAC,ocf,10,ttm,69,2016-06-30,57675000000.0,2026-06-30,94742000000.0,9.998631074606434,5.089287055001712
BAC,revenue,3,ttm,70,2023-06-30,100489000000.0,2026-06-30,121098000000.0,3.0006844626967832,6.414299018481029
BAC,revenue,5,ttm,70,2021-06-30,84722000000.0,2026-06-30,121098000000.0,4.999315537303217,7.406954474613392
BAC,revenue,10,ttm,70,2016-06-30,82650000000.0,2026-06-30,121098000000.0,9.998631074606434,3.8942907251770187
BALL,eps,3,ttm,63,2023-06-30,2.525527065527066,2026-06-30,3.49,3.0006844626967832,11.381685557015576
BALL,eps,5,ttm,63,2021-06-30,2.6050712250712253,2026-06-30,3.49,4.999315537303217,6.02411175622406
BALL,eps,10,ttm,63,2016-06-30,0.9595014245014247,2026-06-30,3.49,9.998631074606434,13.785168773470936
BALL,fcf,5,ttm,65,2021-06-30,409000000.0,2026-06-30,827000000.0,4.999315537303217,15.123719675401848
BALL,fcf,10,ttm,65,2016-06-30,259000000.0,2026-06-30,827000000.0,9.998631074606434,12.312340500256935
BALL,net_income,3,ttm,66,2023-06-30,797000000.0,2026-06-30,947000000.0,3.0006844626967832,5.915175836781028
BALL,net_income,5,ttm,66,2021-06-30,870000000.0,2026-06-30,947000000.0,4.999315537303217,1.7108195656448943
BALL,net_income,10,ttm,66,2016-06-30,280000000.0,2026-06-30,947000000.0,9.998631074606434,12.960456812792653
BALL,ocf,3,ttm,65,2023-06-30,1060000000.0,2026-06-30,1426000000.0,3.0006844626967832,10.389582933580876
BALL,ocf,5,ttm,65,2021-06-30,1832000000.0,2026-06-30,1426000000.0,4.999315537303217,-4.887886591443758
BALL,ocf,10,ttm,65,2016-06-30,832000000.0,2026-06-30,1426000000.0,9.998631074606434,5.536533147429257
BALL,revenue,3,ttm,66,2023-06-30,10600000000.0,2026-06-30,14326000000.0,3.0006844626967832,10.559588554206666
BALL,revenue,5,ttm,66,2021-06-30,12779000000.0,2026-06-30,14326000000.0,4.999315537303217,2.312094210898752
BALL,revenue,10,ttm,66,2016-06-30,7688000000.0,2026-06-30,14326000000.0,9.998631074606434,6.422843371934395
BAX,fcf,3,ttm,59,2020-12-31,1159000000.0,2023-12-31,1294000000.0,2.9979466119096507,3.743573873496442
BAX,fcf,5,ttm,59,2018-12-31,1358000000.0,2023-12-31,1294000000.0,4.999315537303217,-0.9609816235196078
BAX,fcf,10,ttm,59,2013-12-31,2492000000.0,2023-12-31,1294000000.0,9.998631074606434,-6.344189383407272
BAX,ocf,3,ttm,69,2023-06-30,1559000000.0,2026-06-30,1319000000.0,3.0006844626967832,-5.418743276197291
BAX,ocf,5,ttm,69,2021-06-30,2076000000.0,2026-06-30,1319000000.0,4.999315537303217,-8.673230538340226
BAX,ocf,10,ttm,69,2016-06-30,1388000000.0,2026-06-30,1319000000.0,9.998631074606434,-0.5086715567346967
BAX,revenue,3,ttm,70,2023-06-30,12386000000.0,2026-06-30,11470000000.0,3.0006844626967832,-2.5279759474911567
BAX,revenue,5,ttm,70,2021-06-30,12197000000.0,2026-06-30,11470000000.0,4.999315537303217,-1.2217453923441535
BAX,revenue,10,ttm,70,2016-06-30,10050000000.0,2026-06-30,11470000000.0,9.998631074606434,1.3305783570573881
BBY,eps,3,ttm,63,2023-07-29,5.81,2026-08-01,6.01,3.0088980150581794,1.1311527792654763
BBY,eps,5,ttm,63,2021-07-31,9.8,2026-08-01,6.01,5.002053388090349,-9.312566000253963
BBY,eps,10,ttm,63,2016-07-30,3.07,2026-08-01,6.01,10.004106776180699,6.945282895221405
BBY,fcf,3,ttm,61,2023-07-29,1830000000.0,2026-08-01,1768000000.0,3.0088980150581794,-1.138966621668669
BBY,fcf,5,ttm,61,2021-07-31,1307000000.0,2026-08-01,1768000000.0,5.002053388090349,6.225934970361124
BBY,fcf,10,ttm,61,2016-07-30,1700000000.0,2026-08-01,1768000000.0,10.004106776180699,0.3928156330692323
BBY,net_income,3,ttm,66,2023-07-29,1290000000.0,2026-08-01,1272000000.0,3.0088980150581794,-0.465917857375997
BBY,net_income,5,ttm,66,2021-07-31,2536000000.0,2026-08-01,1272000000.0,5.002053388090349,-12.885153598528298
BBY,net_income,10,ttm,66,2016-07-30,1031000000.0,2026-08-01,1272000000.0,10.004106776180699,2.121950142854545
BBY,ocf,3,ttm,61,2023-07-29,2714000000.0,2026-08-01,2475000000.0,3.0088980150581794,-3.017230059137921
BBY,ocf,5,ttm,61,2021-07-31,2003000000.0,2026-08-01,2475000000.0,5.002053388090349,4.320895424098903
BBY,ocf,10,ttm,61,2016-07-30,2332000000.0,2026-08-01,2475000000.0,10.004106776180699,0.5966699905965323
BBY,revenue,3,ttm,66,2023-07-29,44372000000.0,2026-08-01,42201000000.0,3.0088980150581794,-1.6533913825551028
BBY,revenue,5,ttm,66,2021-07-31,52276000000.0,2026-08-01,42201000000.0,5.002053388090349,-4.1898075820320795
BBY,revenue,10,ttm,66,2016-07-30,39418000000.0,2026-08-01,42201000000.0,10.004106776180699,0.6842639326057443
BDX,eps,3,ttm,68,2023-06-30,4.331761006289308,2026-06-30,2.001320754716981,3.0006844626967832,-22.68871322547773
BDX,eps,5,ttm,68,2021-06-30,4.936723423838012,2026-06-30,2.001320754716981,4.999315537303217,-16.523382444088153
BDX,eps,10,ttm,68,2016-06-30,4.034361098327965,2026-06-30,2.001320754716981,9.998631074606434,-6.771214898778732
BDX,fcf,3,ttm,69,2023-06-30,1743000000.0,2026-06-30,3203000000.0,3.0006844626967832,22.480351614494243
BDX,fcf,5,ttm,69,2021-06-30,4263000000.0,2026-06-30,3203000000.0,4.999315537303217,-5.558055256772542
BDX,fcf,10,ttm,69,2016-06-30,1918000000.0,2026-06-30,3203000000.0,9.998631074606434,5.262549044555387
BDX,net_income,3,ttm,70,2023-06-30,1664000000.0,2026-06-30,941000000.0,3.0006844626967832,-17.30150797528527
BDX,net_income,5,ttm,70,2021-06-30,1955000000.0,2026-06-30,941000000.0,4.999315537303217,-13.60673706749127
BDX,net_income,10,ttm,70,2016-06-30,1138000000.0,2026-06-30,941000000.0,9.998631074606434,-1.8831479710600063
BDX,ocf,3,ttm,69,2023-06-30,2638000000.0,2026-06-30,3956000000.0,3.0006844626967832,14.45825398936047
BDX,ocf,5,ttm,69,2021-06-30,5177000000.0,2026-06-30,3956000000.0,4.999315537303217,-5.238391317001034
BDX,ocf,10,ttm,69,2016-06-30,2532000000.0,2026-06-30,3956000000.0,9.998631074606434,4.563933300044387
BDX,revenue,3,ttm,70,2023-06-30,19046000000.0,2026-06-30,23250000000.0,3.0006844626967832,6.872624121182591
BDX,revenue,5,ttm,70,2021-06-30,19613000000.0,2026-06-30,23250000000.0,4.999315537303217,3.4612708636971856
BDX,revenue,10,ttm,70,2016-06-30,12310000000.0,2026-06-30,23250000000.0,9.998631074606434,6.566394268684861
BEN,eps,3,ttm,68,2023-06-30,1.6099999999999997,2026-06-30,1.47,3.0006844626967832,-2.986205777368267
BEN,eps,5,ttm,68,2021-06-30,2.4199999999999995,2026-06-30,1.47,4.999315537303217,-9.490437517229122
BEN,eps,10,ttm,68,2016-06-30,2.6999999999999997,2026-06-30,1.47,9.998631074606434,-5.899540968316741
BEN,fcf,3,ttm,66,2022-09-30,1866400000.0,2025-09-30,911600000.0,3.0006844626967832,-21.24281369122224
BEN,fcf,5,ttm,66,2020-09-30,979600000.0,2025-09-30,911600000.0,4.999315537303217,-1.4287526077789492
BEN,fcf,10,ttm,66,2015-09-30,2183200000.0,2025-09-30,911600000.0,10.001368925393566,-8.36185889718738
BEN,net_income,3,ttm,70,2023-06-30,820000000.0,2026-06-30,812800000.0,3.0006844626967832,-0.2934769034766527
BEN,net_income,5,ttm,70,2021-06-30,1244400000.0,2026-06-30,812800000.0,4.999315537303217,-8.166809405696785
BEN,net_income,10,ttm,70,2016-06-30,1612800000.0,2026-06-30,812800000.0,9.998631074606434,-6.623789787375967
BEN,ocf,3,ttm,69,2023-06-30,1191100000.0,2026-06-30,277800000.0,3.0006844626967832,-38.43846943650709
BEN,ocf,5,ttm,69,2021-06-30,1120000000.0,2026-06-30,277800000.0,4.999315537303217,-24.336528327383324
BEN,ocf,10,ttm,69,2016-06-30,1602500000.0,2026-06-30,277800000.0,9.998631074606434,-16.076613469073276
BEN,revenue,3,ttm,70,2023-06-30,7802300000.0,2026-06-30,9324100000.0,3.0006844626967832,6.117955799140584
BEN,revenue,5,ttm,70,2021-06-30,7949500000.0,2026-06-30,9324100000.0,4.999315537303217,3.241740737211951
BEN,revenue,10,ttm,70,2016-06-30,6880000000.0,2026-06-30,9324100000.0,9.998631074606434,3.0869417958781398
BF-B,eps,3,ttm,66,2023-07-31,1.5899999999999999,2026-07-31,1.55,3.0006844626967832,-0.8455143657221331
BF-B,eps,5,ttm,66,2021-07-31,1.6099999999999999,2026-07-31,1.55,4.999315537303217,-0.7568106139277386
BF-B,eps,10,ttm,66,2016-07-31,2.082,2026-07-31,1.55,9.998631074606434,-2.9080233455995197
BF-B,fcf,3,ttm,66,2023-07-31,306000000.0,2026-07-31,925000000.0,3.0006844626967832,44.57845310809532
BF-B,fcf,5,ttm,66,2021-07-31,850000000.0,2026-07-31,925000000.0,4.999315537303217,1.7057641035165716
BF-B,fcf,10,ttm,66,2016-07-31,420000000.0,2026-07-31,925000000.0,9.998631074606434,8.21661342464175
BF-B,net_income,3,ttm,66,2023-07-31,765000000.0,2026-07-31,721000000.0,3.0006844626967832,-1.9547482662488513
BF-B,net_income,5,ttm,66,2021-07-31,771000000.0,2026-07-31,721000000.0,4.999315537303217,-1.332214731439385
BF-B,net_income,10,ttm,66,2016-07-31,1056000000.0,2026-07-31,721000000.0,9.998631074606434,-3.744652631861767
BF-B,ocf,3,ttm,66,2023-07-31,505000000.0,2026-07-31,1013000000.0,3.0006844626967832,26.110051373756924
BF-B,ocf,5,ttm,66,2021-07-31,911000000.0,2026-07-31,1013000000.0,4.999315537303217,2.145555771122609
BF-B,ocf,10,ttm,66,2016-07-31,505000000.0,2026-07-31,1013000000.0,9.998631074606434,7.210160406713251
BF-B,revenue,3,ttm,66,2023-07-31,4259000000.0,2026-07-31,3915000000.0,3.0006844626967832,-2.767640861947318
BF-B,revenue,5,ttm,66,2021-07-31,3614000000.0,2026-07-31,3915000000.0,4.999315537303217,1.6130939221453033
BF-B,revenue,10,ttm,66,2016-07-31,3968000000.0,2026-07-31,3915000000.0,9.998631074606434,-0.13439661681446946
BG,eps,3,ttm,14,2023-03-31,11.021351981351982,2026-03-31,4.64,3.0006844626967832,-25.04689935889011
BG,net_income,3,ttm,14,2023-03-31,1554000000.0,2026-03-31,683000000.0,3.0006844626967832,-23.964388524863455
BG,ocf,3,ttm,10,2023-12-31,3308000000.0,2026-03-31,588000000.0,2.2477754962354553,-53.628294570938515
BG,revenue,3,ttm,14,2023-03-31,56076000000.0,2026-03-31,36816000000.0,3.0006844626967832,-13.083862309503136
BIIB,eps,3,ttm,66,2023-03-31,21.48,2026-03-31,9.299999999999999,3.0006844626967832,-24.343914622627437
BIIB,eps,5,ttm,66,2021-03-31,19.06,2026-03-31,9.299999999999999,4.999315537303217,-13.37096491580284
BIIB,eps,10,ttm,66,2016-03-31,16.28,2026-03-31,9.299999999999999,9.998631074606434,-5.446082819663012
BIIB,fcf,3,ttm,68,2023-03-31,1428800000.0,2026-03-31,2422900000.0,3.0006844626967832,19.244194243856818
BIIB,fcf,5,ttm,68,2021-03-31,3163800000.0,2026-03-31,2422900000.0,4.999315537303217,-5.196991235966086
BIIB,fcf,10,ttm,68,2016-03-31,3530100000.0,2026-03-31,2422900000.0,9.998631074606434,-3.694162941003254
BIIB,net_income,3,ttm,69,2023-03-31,3131100000.0,2026-03-31,1372000000.0,3.0006844626967832,-24.040930265583704
BIIB,net_income,5,ttm,69,2021-03-31,3011700000.0,2026-03-31,1372000000.0,4.999315537303217,-14.552545285381523
BIIB,net_income,10,ttm,69,2016-03-31,3695400000.0,2026-03-31,1372000000.0,9.998631074606434,-9.434377975161146
BIIB,ocf,3,ttm,68,2023-03-31,1677800000.0,2026-03-31,2590800000.0,3.0006844626967832,15.58022944966304
BIIB,ocf,5,ttm,68,2021-03-31,3531500000.0,2026-03-31,2590800000.0,4.999315537303217,-6.007921836544295
BIIB,ocf,10,ttm,68,2016-03-31,4202200000.0,2026-03-31,2590800000.0,9.998631074606434,-4.721954133808392
BIIB,revenue,3,ttm,69,2023-03-31,10104600000.0,2026-03-31,9937400000.0,3.0006844626967832,-0.5545083191020761
BIIB,revenue,5,ttm,69,2021-03-31,12604300000.0,2026-03-31,9937400000.0,4.999315537303217,-4.644009679034145
BIIB,revenue,10,ttm,69,2016-03-31,10935600000.0,2026-03-31,9937400000.0,9.998631074606434,-0.9527444564575438
BKNG,eps,3,ttm,67,2023-06-30,4.569379992898988,2026-06-30,9.01,3.0006844626967832,25.391111400113008
BKNG,eps,5,ttm,67,2021-06-30,0.40227498668560285,2026-06-30,9.01,4.999315537303217,86.24187013901121
BKNG,eps,10,ttm,67,2016-06-30,2.0985478430676374,2026-06-30,9.01,9.998631074606434,15.688251021635491
BKNG,fcf,3,ttm,65,2023-06-30,6448000000.0,2026-06-30,9539000000.0,3.0006844626967832,13.94090771399268
BKNG,fcf,5,ttm,65,2021-06-30,1028000000.0,2026-06-30,9539000000.0,4.999315537303217,56.14512850044156
BKNG,fcf,10,ttm,65,2016-06-30,3456127000.0,2026-06-30,9539000000.0,9.998631074606434,10.68718744638415
BKNG,net_income,3,ttm,67,2023-06-30,4457000000.0,2026-06-30,7209000000.0,3.0006844626967832,17.38021989603218
BKNG,net_income,5,ttm,67,2021-06-30,414000000.0,2026-06-30,7209000000.0,4.999315537303217,77.09606637520406
BKNG,net_income,10,ttm,67,2016-06-30,2656063000.0,2026-06-30,7209000000.0,9.998631074606434,10.501863580689875
BKNG,ocf,3,ttm,65,2023-06-30,6801000000.0,2026-06-30,9859000000.0,3.0006844626967832,13.172550301350206
BKNG,ocf,5,ttm,65,2021-06-30,1288000000.0,2026-06-30,9859000000.0,4.999315537303217,50.24762106551521
BKNG,ocf,10,ttm,65,2016-06-30,3659390000.0,2026-06-30,9859000000.0,9.998631074606434,10.420144200053215
BKNG,revenue,3,ttm,67,2023-06-30,19341000000.0,2026-06-30,28241000000.0,3.0006844626967832,13.445658900286883
BKNG,revenue,5,ttm,67,2021-06-30,7179000000.0,2026-06-30,28241000000.0,4.999315537303217,31.516278412194954
BKNG,revenue,10,ttm,67,2016-06-30,9806917000.0,2026-06-30,28241000000.0,9.998631074606434,11.158082396866998
BKR,eps,3,ttm,39,2023-06-30,1.1572093023255812,2026-06-30,3.11,3.0006844626967832,39.02199374540669
BKR,fcf,3,ttm,36,2023-06-30,1733000000.0,2026-06-30,3128000000.0,3.0006844626967832,21.750258946353473
BKR,fcf,5,ttm,36,2021-06-30,1016000000.0,2026-06-30,3128000000.0,4.999315537303217,25.224117587312488
BKR,net_income,3,ttm,39,2023-06-30,1151000000.0,2026-06-30,3096000000.0,3.0006844626967832,39.06223412922283
BKR,ocf,3,ttm,36,2023-06-30,2815000000.0,2026-06-30,4436000000.0,3.0006844626967832,16.36508605938438
BKR,ocf,5,ttm,36,2021-06-30,1780000000.0,2026-06-30,4436000000.0,4.999315537303217,20.03977315800869
BKR,revenue,3,ttm,39,2023-06-30,23305000000.0,2026-06-30,27725000000.0,3.0006844626967832,5.958324235784729
BKR,revenue,5,ttm,39,2021-06-30,20468000000.0,2026-06-30,27725000000.0,4.999315537303217,6.258293814705906
BKR,revenue,10,ttm,39,2016-12-31,13082000000.0,2026-06-30,27725000000.0,9.494866529774127,8.231862939226708
BLDR,eps,3,ttm,55,2023-06-30,13.08,2026-06-30,0.92,3.0006844626967832,-58.71290295932028
BLDR,eps,5,ttm,55,2021-06-30,5.129999999999999,2026-06-30,0.92,4.999315537303217,-29.08899243343037
BLDR,fcf,3,ttm,61,2023-06-30,3066144000.0,2026-06-30,639317000.0,3.0006844626967832,-40.69476858131106
BLDR,fcf,10,ttm,61,2016-06-30,75526000.0,2026-06-30,639317000.0,9.998631074606434,23.815403418346314
BLDR,net_income,3,ttm,62,2023-06-30,1860925000.0,2026-06-30,102550000.0,3.0006844626967832,-61.937441631850064
BLDR,net_income,5,ttm,62,2021-06-30,895661000.0,2026-06-30,102550000.0,4.999315537303217,-35.176477364863125
BLDR,ocf,3,ttm,61,2023-06-30,3517868000.0,2026-06-30,897998000.0,3.0006844626967832,-36.5579757183368
BLDR,ocf,10,ttm,61,2016-06-30,127678000.0,2026-06-30,897998000.0,9.998631074606434,21.542321817596587
BLDR,revenue,3,ttm,62,2023-06-30,18531232000.0,2026-06-30,14448703000.0,3.0006844626967832,-7.958629998118749
BLDR,revenue,5,ttm,62,2021-06-30,14576667000.0,2026-06-30,14448703000.0,4.999315537303217,-0.17621763583713923
BLDR,revenue,10,ttm,62,2016-06-30,5806332000.0,2026-06-30,14448703000.0,9.998631074606434,9.546402677583089
BMY,eps,3,ttm,67,2023-06-30,3.7517362637362637,2026-06-30,4.54,3.0006844626967832,6.561801311639082
BMY,eps,10,ttm,67,2016-06-30,1.696263736263736,2026-06-30,4.54,9.998631074606434,10.34739912276821
BMY,fcf,3,ttm,69,2023-06-30,10720000000.0,2026-06-30,11440000000.0,3.0006844626967832,2.1899687863001116
BMY,fcf,5,ttm,69,2021-06-30,11687000000.0,2026-06-30,11440000000.0,4.999315537303217,-0.42636948492387194
BMY,fcf,10,ttm,69,2016-06-30,597000000.0,2026-06-30,11440000000.0,9.998631074606434,34.357751594479204
BMY,net_income,3,ttm,70,2023-06-30,7963000000.0,2026-06-30,9282000000.0,3.0006844626967832,5.240577260138757
BMY,net_income,10,ttm,70,2016-06-30,2870000000.0,2026-06-30,9282000000.0,9.998631074606434,12.456081331644707
BMY,ocf,3,ttm,69,2023-06-30,11850000000.0,2026-06-30,12782000000.0,3.0006844626967832,2.5551925259409636
BMY,ocf,5,ttm,69,2021-06-30,12506000000.0,2026-06-30,12782000000.0,4.999315537303217,0.4376025111085591
BMY,ocf,10,ttm,69,2016-06-30,1619000000.0,2026-06-30,12782000000.0,9.998631074606434,22.955364670043622
BMY,revenue,3,ttm,70,2023-06-30,45187000000.0,2026-06-30,49186000000.0,3.0006844626967832,2.8663188584958865
BMY,revenue,5,ttm,70,2021-06-30,44384000000.0,2026-06-30,49186000000.0,4.999315537303217,2.076139057886639
BMY,revenue,10,ttm,70,2016-06-30,17618000000.0,2026-06-30,49186000000.0,9.998631074606434,10.813990550826347
BNY,eps,3,ttm,67,2023-06-30,3.4459790209790206,2026-06-30,8.57,3.0006844626967832,35.475047929065376
BNY,eps,5,ttm,67,2021-06-30,3.86548951048951,2026-06-30,8.57,4.999315537303217,17.264007655557023
BNY,eps,10,ttm,67,2016-06-30,2.7867482517482514,2026-06-30,8.57,9.998631074606434,11.890956936973351
BNY,fcf,3,ttm,57,2023-06-30,8499000000.0,2026-06-30,1592000000.0,3.0006844626967832,-42.7757134041801
BNY,fcf,10,ttm,57,2016-06-30,2317000000.0,2026-06-30,1592000000.0,9.998631074606434,-3.6837707974877176
BNY,net_income,3,ttm,70,2023-06-30,2985000000.0,2026-06-30,6299000000.0,3.0006844626967832,28.257990433879222
BNY,net_income,5,ttm,70,2021-06-30,3636000000.0,2026-06-30,6299000000.0,4.999315537303217,11.618474190300066
BNY,net_income,10,ttm,70,2016-06-30,3216000000.0,2026-06-30,6299000000.0,9.998631074606434,6.954621226200897
BNY,ocf,3,ttm,57,2023-06-30,9589000000.0,2026-06-30,3570000000.0,3.0006844626967832,-28.055501034322695
BNY,ocf,10,ttm,57,2016-06-30,2955000000.0,2026-06-30,3570000000.0,9.998631074606434,1.9089195743131615
BNY,revenue,3,ttm,23,2013-06-30,14855000000.0,2016-06-30,15025000000.0,3.0006844626967832,0.379932451720677
BNY,revenue,5,ttm,23,2011-06-30,14603000000.0,2016-06-30,15025000000.0,5.002053388090349,0.5711609111041849
BR,eps,3,ttm,65,2023-06-30,5.294479166666667,2026-06-30,9.59,3.0006844626967832,21.893020241607598
BR,eps,5,ttm,65,2021-06-30,4.6351666666666675,2026-06-30,9.59,4.999315537303217,15.653637480134819
BR,eps,10,ttm,65,2016-06-30,2.527364583333333,2026-06-30,9.59,9.998631074606434,14.267572259299888
BR,fcf,3,ttm,65,2023-06-30,784900000.0,2026-06-30,1278400000.0,3.0006844626967832,17.652556805131383
BR,fcf,5,ttm,65,2021-06-30,588200000.0,2026-06-30,1278400000.0,4.999315537303217,16.79858464379307
BR,fcf,10,ttm,65,2016-06-30,380000000.0,2026-06-30,1278400000.0,9.998631074606434,12.900412881347467
BR,net_income,3,ttm,65,2023-06-30,630500000.0,2026-06-30,1124400000.0,3.0006844626967832,21.262396300787103
BR,net_income,5,ttm,65,2021-06-30,547500000.0,2026-06-30,1124400000.0,4.999315537303217,15.482426502075697
BR,net_income,10,ttm,65,2016-06-30,307500000.0,2026-06-30,1124400000.0,9.998631074606434,13.845345862947367
BR,ocf,3,ttm,65,2023-06-30,823300000.0,2026-06-30,1345600000.0,3.0006844626967832,17.788547192851144
BR,ocf,5,ttm,65,2021-06-30,640100000.0,2026-06-30,1345600000.0,4.999315537303217,16.02256583193149
BR,ocf,10,ttm,65,2016-06-30,437700000.0,2026-06-30,1345600000.0,9.998631074606434,11.88725544470952
BR,revenue,3,ttm,65,2023-06-30,6060900000.0,2026-06-30,7476800000.0,3.0006844626967832,7.247196676140111
BR,revenue,5,ttm,65,2021-06-30,4993700000.0,2026-06-30,7476800000.0,4.999315537303217,8.40853187332078
BR,revenue,10,ttm,65,2016-06-30,2896900000.0,2026-06-30,7476800000.0,9.998631074606434,9.947121518307078
BRK-B,eps,3,ttm,67,2023-06-30,40.201234259863824,2026-06-30,39.77,3.0006844626967832,-0.3587675149278935
BRK-B,eps,5,ttm,67,2021-06-30,49.048028285607685,2026-06-30,39.77,4.999315537303217,-4.107572271390936
BRK-B,eps,10,ttm,67,2016-06-30,11.822310418804218,2026-06-30,39.77,9.998631074606434,12.89963463564099
BRK-B,fcf,3,ttm,68,2023-06-30,26091000000.0,2026-06-30,24215000000.0,3.0006844626967832,-2.4560405674495134
BRK-B,fcf,5,ttm,68,2021-06-30,29378000000.0,2026-06-30,24215000000.0,4.999315537303217,-3.792229397425251
BRK-B,fcf,10,ttm,68,2016-06-30,17422000000.0,2026-06-30,24215000000.0,9.998631074606434,3.347649594794988
BRK-B,net_income,3,ttm,69,2023-06-30,86698000000.0,2026-06-30,85768000000.0,3.0006844626967832,-0.3587675149278935
BRK-B,net_income,5,ttm,69,2021-06-30,105777000000.0,2026-06-30,85768000000.0,4.999315537303217,-4.107572271390936
BRK-B,net_income,10,ttm,69,2016-06-30,25496000000.0,2026-06-30,85768000000.0,9.998631074606434,12.89963463564099
BRK-B,ocf,3,ttm,68,2023-06-30,43120000000.0,2026-06-30,46634000000.0,3.0006844626967832,2.645217291872881
BRK-B,ocf,5,ttm,68,2021-06-30,41866000000.0,2026-06-30,46634000000.0,4.999315537303217,2.1808526806152084
BRK-B,ocf,10,ttm,68,2016-06-30,32812000000.0,2026-06-30,46634000000.0,9.998631074606434,3.5783734525008937
BRK-B,revenue,3,ttm,69,2023-06-30,230540000000.0,2026-06-30,259733000000.0,3.0006844626967832,4.053416363950202
BRK-B,revenue,5,ttm,69,2021-06-30,200608000000.0,2026-06-30,259733000000.0,4.999315537303217,5.302540368296604
BRK-B,revenue,10,ttm,69,2016-06-30,217218000000.0,2026-06-30,259733000000.0,9.998631074606434,1.8038482625706953
BRO,eps,3,ttm,63,2023-06-30,2.5899999999999994,2026-06-30,3.13,3.0006844626967832,6.514468456568179
BRO,eps,5,ttm,63,2021-06-30,1.9999999999999998,2026-06-30,3.13,4.999315537303217,9.372513960005646
BRO,eps,10,ttm,63,2016-06-30,0.24159999999999995,2026-06-30,3.13,9.998631074606434,29.19924370128648
BRO,fcf,3,ttm,65,2023-06-30,863800000.0,2026-06-30,1446000000.0,3.0006844626967832,18.732064155660023
BRO,fcf,5,ttm,65,2021-06-30,616339000.0,2026-06-30,1446000000.0,4.999315537303217,18.59868391185926
BRO,fcf,10,ttm,65,2016-06-30,326520000.0,2026-06-30,1446000000.0,9.998631074606434,16.047208633315503
BRO,net_income,3,ttm,66,2023-06-30,732500000.0,2026-06-30,1205000000.0,3.0006844626967832,18.043850921210414
BRO,net_income,5,ttm,66,2021-06-30,570299000.0,2026-06-30,1205000000.0,4.999315537303217,16.14105946239448
BRO,net_income,10,ttm,66,2016-06-30,253682000.0,2026-06-30,1205000000.0,9.998631074606434,16.86353096848443
BRO,ocf,3,ttm,65,2023-06-30,922800000.0,2026-06-30,1520000000.0,3.0006844626967832,18.094277831179074
BRO,ocf,5,ttm,65,2021-06-30,676201000.0,2026-06-30,1520000000.0,4.999315537303217,17.588049908967164
BRO,ocf,10,ttm,65,2016-06-30,345242000.0,2026-06-30,1520000000.0,9.998631074606434,15.979387180358252
BRO,revenue,3,ttm,66,2023-06-30,3991600000.0,2026-06-30,6790000000.0,3.0006844626967832,19.368584514675334
BRO,revenue,5,ttm,66,2021-06-30,2858673000.0,2026-06-30,6790000000.0,4.999315537303217,18.89164787588047
BRO,revenue,10,ttm,66,2016-06-30,1707455000.0,2026-06-30,6790000000.0,9.998631074606434,14.804856183647107
BSX,eps,3,ttm,67,2023-06-30,0.6000000000000001,2026-06-30,2.47,3.0006844626967832,60.25140328250196
BSX,eps,5,ttm,67,2021-06-30,0.37000000000000005,2026-06-30,2.47,4.999315537303217,46.19133174799821
BSX,fcf,3,ttm,69,2023-06-30,1509000000.0,2026-06-30,3625000000.0,3.0006844626967832,33.91955073848638
BSX,fcf,5,ttm,69,2021-06-30,1854000000.0,2026-06-30,3625000000.0,4.999315537303217,14.353017713023686
BSX,fcf,10,ttm,69,2016-06-30,1072000000.0,2026-06-30,3625000000.0,9.998631074606434,12.958408980542302
BSX,net_income,3,ttm,70,2023-06-30,861000000.0,2026-06-30,3675000000.0,3.0006844626967832,62.19475643284738
BSX,net_income,5,ttm,70,2021-06-30,526000000.0,2026-06-30,3675000000.0,4.999315537303217,47.52901334387807
BSX,ocf,3,ttm,69,2023-06-30,2125000000.0,2026-06-30,4529000000.0,3.0006844626967832,28.683483046923453
BSX,ocf,5,ttm,69,2021-06-30,2243000000.0,2026-06-30,4529000000.0,4.999315537303217,15.091424589146163
BSX,ocf,10,ttm,69,2016-06-30,1365000000.0,2026-06-30,4529000000.0,9.998631074606434,12.744171157072937
BSX,revenue,3,ttm,70,2023-06-30,13400000000.0,2026-06-30,20996000000.0,3.0006844626967832,16.1437273433368
BSX,revenue,5,ttm,70,2021-06-30,11197000000.0,2026-06-30,20996000000.0,4.999315537303217,13.400365280088366
BSX,revenue,10,ttm,70,2016-06-30,8321000000.0,2026-06-30,20996000000.0,9.998631074606434,9.698731970871123
BX,eps,3,ttm,63,2023-06-30,1.643677130044843,2026-06-30,4.47,3.0006844626967832,39.57167830151427
BX,eps,5,ttm,63,2021-06-30,6.5646860986547075,2026-06-30,4.47,4.999315537303217,-7.39932733579054
BX,eps,10,ttm,63,2016-06-30,0.3608071748878923,2026-06-30,4.47,9.998631074606434,28.622871405290052
BX,fcf,3,ttm,65,2023-06-30,3512028000.0,2026-06-30,5486239000.0,3.0006844626967832,16.02658825226788
BX,fcf,5,ttm,65,2021-06-30,3520423000.0,2026-06-30,5486239000.0,4.999315537303217,9.280142004978732
BX,fcf,10,ttm,65,2016-06-30,984731000.0,2026-06-30,5486239000.0,9.998631074606434,18.74242781733031
BX,net_income,3,ttm,66,2023-06-30,1247236000.0,2026-06-30,3519036000.0,3.0006844626967832,41.294125514420465
BX,net_income,5,ttm,66,2021-06-30,4600613000.0,2026-06-30,3519036000.0,4.999315537303217,-5.219626799944043
BX,net_income,10,ttm,66,2016-06-30,304552000.0,2026-06-30,3519036000.0,9.998631074606434,27.72937167371079
BX,ocf,3,ttm,65,2023-06-30,3776365000.0,2026-06-30,5597890000.0,3.0006844626967832,14.017225169349734
BX,ocf,5,ttm,65,2021-06-30,3641431000.0,2026-06-30,5597890000.0,4.999315537303217,8.98219951239243
BX,ocf,10,ttm,65,2016-06-30,1043604000.0,2026-06-30,5597890000.0,9.998631074606434,18.292946633135408
BX,revenue,3,ttm,66,2023-06-30,6958709000.0,2026-06-30,16110480000.0,3.0006844626967832,32.28142997975778
BX,revenue,5,ttm,66,2021-06-30,17252048000.0,2026-06-30,16110480000.0,4.999315537303217,-1.3600711503843677
BX,revenue,10,ttm,66,2016-06-30,3033772000.0,2026-06-30,16110480000.0,9.998631074606434,18.174148563354777
BXP,eps,3,ttm,67,2023-06-30,4.23,2026-06-30,1.86,3.0006844626967832,-23.952549886063146
BXP,eps,5,ttm,67,2021-06-30,1.9299999999999997,2026-06-30,1.86,4.999315537303217,-0.7362477825987757
BXP,eps,10,ttm,67,2016-06-30,3.91,2026-06-30,1.86,9.998631074606434,-7.161267816060468
BXP,fcf,3,ttm,63,2023-06-30,1086873000.0,2026-06-30,1141025000.0,3.0006844626967832,1.633570017658914
BXP,fcf,5,ttm,63,2021-06-30,1005271000.0,2026-06-30,1141025000.0,4.999315537303217,2.566115444332806
BXP,fcf,10,ttm,63,2016-06-30,827558000.0,2026-06-30,1141025000.0,9.998631074606434,3.2646272512534047
BXP,net_income,3,ttm,70,2023-06-30,655048000.0,2026-06-30,296778000.0,3.0006844626967832,-23.19096009072932
BXP,net_income,5,ttm,70,2021-06-30,315089000.0,2026-06-30,296778000.0,4.999315537303217,-1.1904365835153863
BXP,net_income,10,ttm,70,2016-06-30,600277000.0,2026-06-30,296778000.0,9.998631074606434,-6.802596786729975
BXP,ocf,3,ttm,69,2023-06-30,1278943000.0,2026-06-30,1284500000.0,3.0006844626967832,0.14459086779723407
BXP,ocf,5,ttm,69,2021-06-30,1163044000.0,2026-06-30,1284500000.0,4.999315537303217,2.0067178252096696
BXP,ocf,10,ttm,69,2016-06-30,940486000.0,2026-06-30,1284500000.0,9.998631074606434,3.1668168570315736
BXP,revenue,3,ttm,70,2023-06-30,3200700000.0,2026-06-30,3516454000.0,3.0006844626967832,3.185074842458535
BXP,revenue,5,ttm,70,2021-06-30,2785859000.0,2026-06-30,3516454000.0,4.999315537303217,4.768790771092157
BXP,revenue,10,ttm,70,2016-06-30,2543655000.0,2026-06-30,3516454000.0,9.998631074606434,3.2919791687583633
C,eps,3,ttm,65,2022-12-31,7.0,2025-12-31,6.99,3.0006844626967832,-0.0476308767727307
C,eps,5,ttm,65,2020-12-31,4.72,2025-12-31,6.99,4.999315537303217,8.171214313957664
C,eps,10,ttm,65,2015-12-31,5.390000000000001,2025-12-31,6.99,10.001368925393566,2.6330643344596227
C,net_income,3,ttm,67,2022-12-31,14845000000.0,2025-12-31,14306000000.0,3.0006844626967832,-1.224956977167091
C,net_income,5,ttm,67,2020-12-31,11047000000.0,2025-12-31,14306000000.0,4.999315537303217,5.307147171712834
C,net_income,10,ttm,67,2015-12-31,17242000000.0,2025-12-31,14306000000.0,10.001368925393566,-1.8491268077514778
C,revenue,3,ttm,67,2022-12-31,75338000000.0,2025-12-31,85225000000.0,3.0006844626967832,4.195005644340788
C,revenue,5,ttm,67,2020-12-31,75501000000.0,2025-12-31,85225000000.0,4.999315537303217,2.452910850607015
C,revenue,10,ttm,67,2015-12-31,76354000000.0,2025-12-31,85225000000.0,10.001368925393566,1.1050546475334988
CAH,eps,5,ttm,67,2020-12-31,4.6899999999999995,2025-12-31,6.95,4.999315537303217,8.18500502652999
CAH,eps,10,ttm,67,2015-12-31,4.1,2025-12-31,6.95,10.001368925393566,5.418530409967093
CAH,fcf,3,ttm,67,2022-12-31,2845000000.0,2025-12-31,5502000000.0,3.0006844626967832,24.582677208598724
CAH,fcf,5,ttm,67,2020-12-31,3003000000.0,2025-12-31,5502000000.0,4.999315537303217,12.875646651880501
CAH,fcf,10,ttm,67,2015-12-31,2545000000.0,2025-12-31,5502000000.0,10.001368925393566,8.013663663846703
CAH,net_income,5,ttm,67,2020-12-31,1382000000.0,2025-12-31,1662000000.0,4.999315537303217,3.7592417194126426
CAH,net_income,10,ttm,67,2015-12-31,1369000000.0,2025-12-31,1662000000.0,10.001368925393566,1.9580696041501477
CAH,ocf,3,ttm,67,2022-12-31,3246000000.0,2025-12-31,6099000000.0,3.0006844626967832,23.390733559632547
CAH,ocf,5,ttm,67,2020-12-31,3403000000.0,2025-12-31,6099000000.0,4.999315537303217,12.37928779600701
CAH,ocf,10,ttm,67,2015-12-31,2937000000.0,2025-12-31,6099000000.0,10.001368925393566,7.579897195412677
CAH,revenue,3,ttm,67,2022-12-31,192961000000.0,2025-12-31,244673000000.0,3.0006844626967832,8.234154341461553
CAH,revenue,5,ttm,67,2020-12-31,156452000000.0,2025-12-31,244673000000.0,4.999315537303217,9.35692839285025
CAH,revenue,10,ttm,67,2015-12-31,112422000000.0,2025-12-31,244673000000.0,10.001368925393566,8.085852247290394
CARR,eps,3,ttm,26,2023-03-31,2.7084967320261426,2026-03-31,1.4,3.0006844626967832,-19.741994167004705
CARR,eps,5,ttm,26,2021-03-31,2.3516339869281038,2026-03-31,1.4,4.999315537303217,-9.854200697846194
CARR,fcf,3,ttm,26,2023-03-31,1734000000.0,2026-03-31,1686000000.0,3.0006844626967832,-0.9311581373908306
CARR,fcf,5,ttm,26,2021-03-31,1512000000.0,2026-03-31,1686000000.0,4.999315537303217,2.2027192931558304
CARR,net_income,3,ttm,26,2023-03-31,2528000000.0,2026-03-31,1310000000.0,3.0006844626967832,-19.67455932052684
CARR,net_income,5,ttm,26,2021-03-31,2270000000.0,2026-03-31,1310000000.0,4.999315537303217,-10.413504060360278
CARR,ocf,3,ttm,26,2023-03-31,2065000000.0,2026-03-31,2109000000.0,3.0006844626967832,0.7051030897782695
CARR,ocf,5,ttm,26,2021-03-31,1829000000.0,2026-03-31,2109000000.0,4.999315537303217,2.890260977795145
CARR,revenue,3,ttm,26,2023-03-31,17152000000.0,2026-03-31,21870000000.0,3.0006844626967832,8.435124097851453
CARR,revenue,5,ttm,26,2021-03-31,18267000000.0,2026-03-31,21870000000.0,4.999315537303217,3.6665037132492584
CASY,eps,3,ttm,65,2023-04-30,11.89135177453027,2026-04-30,19.13,3.0006844626967832,17.168862743230882
CASY,eps,5,ttm,65,2021-04-30,8.36687891440501,2026-04-30,19.13,4.999315537303217,17.988622708206737
CASY,eps,10,ttm,65,2016-04-30,5.721028183716075,2026-04-30,19.13,9.998631074606434,12.831734854320032
CASY,fcf,3,ttm,65,2023-04-30,405383000.0,2026-04-30,721620000.0,3.0006844626967832,21.188655544269253
CASY,fcf,5,ttm,65,2021-04-30,362836000.0,2026-04-30,721620000.0,4.999315537303217,14.743426419836748
CASY,fcf,10,ttm,65,2016-04-30,79547000.0,2026-04-30,721620000.0,9.998631074606434,24.675634574525084
CASY,net_income,3,ttm,65,2023-04-30,446691000.0,2026-04-30,714448000.0,3.0006844626967832,16.94247990442228
CASY,net_income,5,ttm,65,2021-04-30,312900000.0,2026-04-30,714448000.0,4.999315537303217,17.956758826381282
CASY,net_income,10,ttm,65,2016-04-30,225982000.0,2026-04-30,714448000.0,9.998631074606434,12.200946835829441
CASY,ocf,3,ttm,65,2023-04-30,881951000.0,2026-04-30,1377540000.0,3.0006844626967832,16.02151417800881
CASY,ocf,5,ttm,65,2021-04-30,804088000.0,2026-04-30,1377540000.0,4.999315537303217,11.369566578418787
CASY,ocf,10,ttm,65,2016-04-30,472386000.0,2026-04-30,1377540000.0,9.998631074606434,11.297929151585429
CASY,revenue,3,ttm,65,2023-04-30,15094475000.0,2026-04-30,17561101000.0,3.0006844626967832,5.173480137195607
CASY,revenue,5,ttm,65,2021-04-30,8707189000.0,2026-04-30,17561101000.0,4.999315537303217,15.06496150353609
CASY,revenue,10,ttm,65,2016-04-30,7122086000.0,2026-04-30,17561101000.0,9.998631074606434,9.44598113733095
CAT,eps,3,ttm,67,2023-06-30,16.03925957813173,2026-06-30,23.2,3.0006844626967832,13.08952182375458
CAT,eps,5,ttm,67,2021-06-30,7.959707275075334,2026-06-30,23.2,4.999315537303217,23.859949677945313
CAT,eps,10,ttm,67,2016-06-30,2.1671975893241497,2026-06-30,23.2,9.998631074606434,26.75731865935125
CAT,fcf,3,ttm,69,2023-06-30,8649000000.0,2026-06-30,10698000000.0,3.0006844626967832,7.342542592301071
CAT,fcf,5,ttm,69,2021-06-30,6927000000.0,2026-06-30,10698000000.0,4.999315537303217,9.082893600722297
CAT,fcf,10,ttm,69,2016-06-30,4833000000.0,2026-06-30,10698000000.0,9.998631074606434,8.271288314062787
CAT,net_income,3,ttm,70,2023-06-30,8360000000.0,2026-06-30,10844000000.0,3.0006844626967832,9.05673379011349
CAT,net_income,5,ttm,70,2021-06-30,4391000000.0,2026-06-30,10844000000.0,4.999315537303217,19.82183474674453
CAT,net_income,10,ttm,70,2016-06-30,1286000000.0,2026-06-30,10844000000.0,9.998631074606434,23.767760096962753
CAT,ocf,3,ttm,69,2023-06-30,10042000000.0,2026-06-30,13569000000.0,3.0006844626967832,10.551829847113181
CAT,ocf,5,ttm,69,2021-06-30,7852000000.0,2026-06-30,13569000000.0,4.999315537303217,11.56295664769804
CAT,ocf,10,ttm,69,2016-06-30,6145000000.0,2026-06-30,13569000000.0,9.998631074606434,8.244865622277441
CAT,revenue,3,ttm,70,2023-06-30,64771000000.0,2026-06-30,74729000000.0,3.0006844626967832,4.881317394321116
CAT,revenue,5,ttm,70,2021-06-30,45892000000.0,2026-06-30,74729000000.0,4.999315537303217,10.24432314356536
CAT,revenue,10,ttm,70,2016-06-30,41795000000.0,2026-06-30,74729000000.0,9.998631074606434,5.983910399395764
CB,eps,3,ttm,66,2023-03-31,12.348121683763708,2026-03-31,28.22,3.0006844626967832,31.71181772544911
CB,eps,5,ttm,66,2021-03-31,12.288227803325078,2026-03-31,28.22,4.999315537303217,18.09280490578038
CB,eps,10,ttm,66,2016-03-31,7.516681995047754,2026-03-31,28.22,9.998631074606434,14.146066239501852
CB,net_income,3,ttm,69,2023-03-31,5185000000.0,2026-03-31,11299000000.0,3.0006844626967832,29.63970307158852
CB,net_income,5,ttm,69,2021-03-31,5581000000.0,2026-03-31,11299000000.0,4.999315537303217,15.152662825884722
CB,net_income,10,ttm,69,2016-03-31,2592000000.0,2026-03-31,11299000000.0,9.998631074606434,15.864196794972996
CB,ocf,3,ttm,64,2023-03-31,11065000000.0,2026-03-31,15197000000.0,3.0006844626967832,11.153976419140154
CB,ocf,5,ttm,64,2021-03-31,10178000000.0,2026-03-31,15197000000.0,4.999315537303217,8.348736329380557
CB,ocf,10,ttm,64,2016-03-31,3809000000.0,2026-03-31,15197000000.0,9.998631074606434,14.8425736878671
CB,revenue,3,ttm,69,2023-03-31,44523000000.0,2026-03-31,60822000000.0,3.0006844626967832,10.955403780764161
CB,revenue,5,ttm,69,2021-03-31,38268000000.0,2026-03-31,60822000000.0,4.999315537303217,9.711081520817944
CB,revenue,10,ttm,69,2016-03-31,21475000000.0,2026-03-31,60822000000.0,9.998631074606434,10.973412886670818
CBOE,eps,3,ttm,63,2023-06-30,6.109999999999999,2026-06-30,12.83,3.0006844626967832,28.047366709422917
CBOE,eps,5,ttm,63,2021-06-30,4.07,2026-06-30,12.83,4.999315537303217,25.817225250622467
CBOE,eps,10,ttm,63,2016-06-30,2.64,2026-06-30,12.83,9.998631074606434,17.130952133289835
CBOE,fcf,3,ttm,39,2023-06-30,495600000.0,2026-06-30,1874500000.0,3.0006844626967832,55.790433827074935
CBOE,fcf,5,ttm,39,2021-06-30,1640800000.0,2026-06-30,1874500000.0,4.999315537303217,2.6993140797153092
CBOE,fcf,10,ttm,39,2016-12-31,185200000.0,2026-06-30,1874500000.0,9.494866529774127,27.606388163003757
CBOE,net_income,3,ttm,63,2023-06-30,649200000.0,2026-06-30,1353100000.0,3.0006844626967832,27.729989495672225
CBOE,net_income,5,ttm,63,2021-06-30,439700000.0,2026-06-30,1353100000.0,4.999315537303217,25.21260557788643
CBOE,net_income,10,ttm,63,2016-06-30,218519000.0,2026-06-30,1353100000.0,9.998631074606434,20.00377559218194
CBOE,ocf,3,ttm,61,2023-06-30,553400000.0,2026-06-30,1962800000.0,3.0006844626967832,52.488523219140816
CBOE,ocf,5,ttm,61,2021-06-30,1692300000.0,2026-06-30,1962800000.0,4.999315537303217,3.010501699986734
CBOE,ocf,10,ttm,61,2016-06-30,254375000.0,2026-06-30,1962800000.0,9.998631074606434,22.67393937360529
CBOE,revenue,3,ttm,63,2023-06-30,3894200000.0,2026-06-30,5061300000.0,3.0006844626967832,9.128776608533018
CBOE,revenue,5,ttm,63,2021-06-30,3448500000.0,2026-06-30,5061300000.0,4.999315537303217,7.976919376022629
CBOE,revenue,10,ttm,63,2016-06-30,686581000.0,2026-06-30,5061300000.0,9.998631074606434,22.11497023567435
CBRE,eps,3,ttm,63,2023-06-30,2.6783448275862063,2026-06-30,4.38,3.0006844626967832,17.81112377525482
CBRE,eps,5,ttm,63,2021-06-30,3.5845517241379303,2026-06-30,4.38,4.999315537303217,4.090293985045834
CBRE,eps,10,ttm,63,2016-06-30,1.5808275862068963,2026-06-30,4.38,9.998631074606434,10.72992863275517
CBRE,fcf,3,ttm,65,2023-06-30,513654000.0,2026-06-30,938000000.0,3.0006844626967832,22.22428422755072
CBRE,fcf,5,ttm,65,2021-06-30,1825373000.0,2026-06-30,938000000.0,4.999315537303217,-12.468912215707405
CBRE,fcf,10,ttm,65,2016-06-30,315937000.0,2026-06-30,938000000.0,9.998631074606434,11.497904500900713
CBRE,net_income,3,ttm,66,2023-06-30,845381000.0,2026-06-30,1301000000.0,3.0006844626967832,15.450026194314791
CBRE,net_income,5,ttm,66,2021-06-30,1206736000.0,2026-06-30,1301000000.0,4.999315537303217,1.5158604237372142
CBRE,net_income,10,ttm,66,2016-06-30,533001000.0,2026-06-30,1301000000.0,9.998631074606434,9.335257789207606
CBRE,ocf,3,ttm,65,2023-06-30,812084000.0,2026-06-30,1361000000.0,3.0006844626967832,18.77781701626877
CBRE,ocf,5,ttm,65,2021-06-30,2033743000.0,2026-06-30,1361000000.0,4.999315537303217,-7.719989703144547
CBRE,ocf,10,ttm,65,2016-06-30,484071000.0,2026-06-30,1361000000.0,9.998631074606434,10.892213540003226
CBRE,revenue,3,ttm,66,2023-06-30,30302098000.0,2026-06-30,43050000000.0,3.0006844626967832,12.414385438223396
CBRE,revenue,5,ttm,66,2021-06-30,24472700000.0,2026-06-30,43050000000.0,4.999315537303217,11.960536403025168
CBRE,revenue,10,ttm,66,2016-06-30,12467072000.0,2026-06-30,43050000000.0,9.998631074606434,13.195258996809468
CCI,eps,3,ttm,67,2023-06-30,3.9399999999999995,2026-06-30,1.97,3.0006844626967832,-20.625764267623282
CCI,eps,5,ttm,67,2021-06-30,2.46,2026-06-30,1.97,4.999315537303217,-4.345901663376095
CCI,eps,10,ttm,67,2016-06-30,1.0,2026-06-30,1.97,9.998631074606434,7.016478075134214
CCI,fcf,3,ttm,69,2023-06-30,1820000000.0,2026-06-30,2406000000.0,3.0006844626967832,9.748567720611678
CCI,fcf,5,ttm,69,2021-06-30,1645000000.0,2026-06-30,2406000000.0,4.999315537303217,7.90224130220516
CCI,fcf,10,ttm,69,2016-06-30,912322000.0,2026-06-30,2406000000.0,9.998631074606434,10.184502098826954
CCI,net_income,3,ttm,70,2023-06-30,1706000000.0,2026-06-30,862000000.0,3.0006844626967832,-20.347644826178424
CCI,net_income,5,ttm,70,2021-06-30,1063000000.0,2026-06-30,862000000.0,4.999315537303217,-4.1058072043987925
CCI,net_income,10,ttm,70,2016-06-30,378739000.0,2026-06-30,862000000.0,9.998631074606434,8.572943932147293
CCI,ocf,3,ttm,69,2023-06-30,3266000000.0,2026-06-30,2624000000.0,3.0006844626967832,-7.03422145689151
CCI,ocf,5,ttm,69,2021-06-30,3017000000.0,2026-06-30,2624000000.0,4.999315537303217,-2.7530376420587976
CCI,ocf,10,ttm,69,2016-06-30,1793328000.0,2026-06-30,2624000000.0,9.998631074606434,3.8801751791334382
CCI,revenue,3,ttm,70,2023-06-30,652000000.0,2026-06-30,203000000.0,3.0006844626967832,-32.21691289008351
CCI,revenue,5,ttm,70,2021-06-30,562000000.0,2026-06-30,203000000.0,4.999315537303217,-18.42823959707959
CCI,revenue,10,ttm,70,2016-06-30,3760736000.0,2026-06-30,203000000.0,9.998631074606434,-25.319887802204132
CCL,eps,10,ttm,67,2016-05-31,2.8641964285714283,2026-05-31,2.22,9.998631074606434,-2.5159637208731156
CCL,fcf,10,ttm,68,2016-05-31,2061000000.0,2026-05-31,3200000000.0,9.998631074606434,4.498441803231024
CCL,net_income,10,ttm,69,2016-05-31,2233000000.0,2026-05-31,3069000000.0,9.998631074606434,3.2316116028737074
CCL,ocf,3,ttm,68,2023-05-31,1064000000.0,2026-05-31,6794000000.0,3.0006844626967832,85.49551640536683
CCL,ocf,10,ttm,68,2016-05-31,4940000000.0,2026-05-31,6794000000.0,9.998631074606434,3.2385162459479533
CCL,revenue,3,ttm,46,2023-05-31,17487000000.0,2026-05-31,27311000000.0,3.0006844626967832,16.018178359046132
CCL,revenue,5,ttm,46,2021-05-31,141000000.0,2026-05-31,27311000000.0,4.999315537303217,186.73870822274145
CCL,revenue,10,ttm,46,2016-05-31,15950000000.0,2026-05-31,27311000000.0,9.998631074606434,5.526343347045293
CDNS,eps,3,ttm,62,2023-03-31,3.6699067599067607,2026-03-31,5.03,3.0006844626967832,11.077792824211997
CDNS,eps,5,ttm,62,2021-04-03,2.7436363636363645,2026-03-31,5.03,4.991101984941821,12.912532186364277
CDNS,eps,10,ttm,62,2016-04-02,1.0083449883449886,2026-03-31,5.03,9.99315537303217,17.447476396835015
CDNS,fcf,3,ttm,64,2023-03-31,1040883000.0,2026-03-31,1429912000.0,3.0006844626967832,11.162587223600863
CDNS,fcf,5,ttm,64,2021-04-03,806043000.0,2026-03-31,1429912000.0,4.991101984941821,12.170584991037536
CDNS,fcf,10,ttm,64,2016-04-02,365299000.0,2026-03-31,1429912000.0,9.99315537303217,14.63221281974183
CDNS,net_income,3,ttm,65,2023-03-31,855421000.0,2026-03-31,1170969000.0,3.0006844626967832,11.03113898783754
CDNS,net_income,5,ttm,65,2021-04-03,653825000.0,2026-03-31,1170969000.0,4.991101984941821,12.38465414677201
CDNS,net_income,10,ttm,65,2016-04-02,266720000.0,2026-03-31,1170969000.0,9.99315537303217,15.955936480061794
CDNS,ocf,3,ttm,64,2023-03-31,1172687000.0,2026-03-31,1597542000.0,3.0006844626967832,10.852761266308963
CDNS,ocf,5,ttm,64,2021-04-03,895645000.0,2026-03-31,1597542000.0,4.991101984941821,12.293051562149548
CDNS,ocf,10,ttm,64,2016-04-02,414703000.0,2026-03-31,1597542000.0,9.99315537303217,14.448901405051707
CDNS,revenue,3,ttm,65,2023-03-31,3681642000.0,2026-03-31,5528613000.0,3.0006844626967832,14.510361559912432
CDNS,revenue,5,ttm,65,2021-04-03,2800962000.0,2026-03-31,5528613000.0,4.991101984941821,14.595374617895661
CDNS,revenue,10,ttm,65,2016-04-02,1738587000.0,2026-03-31,5528613000.0,9.99315537303217,12.273274334146556
CDW,eps,3,ttm,55,2023-06-30,7.869458483754512,2026-06-30,8.32,3.0006844626967832,1.872661879228943
CDW,eps,5,ttm,55,2021-06-30,6.547870036101083,2026-06-30,8.32,4.999315537303217,4.907733295939254
CDW,eps,10,ttm,55,2016-06-30,2.5630806257521055,2026-06-30,8.32,9.998631074606434,12.49756103006363
CDW,fcf,3,ttm,61,2023-06-30,1032900000.0,2026-06-30,860200000.0,3.0006844626967832,-5.915135919589087
CDW,fcf,5,ttm,61,2021-06-30,1046900000.0,2026-06-30,860200000.0,4.999315537303217,-3.85282864985238
CDW,fcf,10,ttm,61,2016-06-30,398600000.0,2026-06-30,860200000.0,9.998631074606434,7.9967753221398485
CDW,net_income,3,ttm,62,2023-06-30,1077700000.0,2026-06-30,1080300000.0,3.0006844626967832,0.08033525402868502
CDW,net_income,5,ttm,62,2021-06-30,938200000.0,2026-06-30,1080300000.0,4.999315537303217,2.861171589442657
CDW,net_income,10,ttm,62,2016-06-30,435500000.0,2026-06-30,1080300000.0,9.998631074606434,9.511826793521339
CDW,ocf,3,ttm,61,2023-06-30,1168400000.0,2026-06-30,981800000.0,3.0006844626967832,-5.633849543410663
CDW,ocf,5,ttm,61,2021-06-30,1143400000.0,2026-06-30,981800000.0,4.999315537303217,-3.00191595404935
CDW,ocf,10,ttm,61,2016-06-30,491500000.0,2026-06-30,981800000.0,9.998631074606434,7.165270554014147
CDW,revenue,3,ttm,62,2023-06-30,22383000000.0,2026-06-30,23500400000.0,3.0006844626967832,1.636736411473505
CDW,revenue,5,ttm,62,2021-06-30,19696500000.0,2026-06-30,23500400000.0,4.999315537303217,3.5951297422147643
CDW,revenue,10,ttm,62,2016-06-30,13700800000.0,2026-06-30,23500400000.0,9.998631074606434,5.544629818281233
CEG,eps,3,ttm,19,2023-06-30,2.370721247563353,2026-06-30,10.22,3.0006844626967832,62.73284568194133
CEG,net_income,3,ttm,19,2023-06-30,775000000.0,2026-06-30,3465000000.0,3.0006844626967832,64.7217924446533
CEG,revenue,3,ttm,19,2023-06-30,21209000000.0,2026-06-30,24781000000.0,3.0006844626967832,5.3240956312775145
CEG,revenue,5,ttm,19,2021-12-31,17254000000.0,2026-06-30,24781000000.0,4.4955509924709105,8.386293115676025
CF,eps,3,ttm,67,2023-06-30,12.158038632986626,2026-06-30,13.48,3.0006844626967832,3.499610651491536
CF,eps,5,ttm,67,2021-06-30,2.1131352154531946,2026-06-30,13.48,4.999315537303217,44.868698065315016
CF,eps,10,ttm,67,2016-06-30,0.8112035661218425,2026-06-30,13.48,9.998631074606434,32.45632913716305
CF,fcf,3,ttm,69,2023-06-30,2746000000.0,2026-06-30,1910000000.0,3.0006844626967832,-11.395400638853337
CF,fcf,5,ttm,69,2021-06-30,848000000.0,2026-06-30,1910000000.0,4.999315537303217,17.635163111866014
CF,net_income,3,ttm,70,2023-06-30,2385000000.0,2026-06-30,2099000000.0,3.0006844626967832,-4.167628282541647
CF,net_income,5,ttm,70,2021-06-30,456000000.0,2026-06-30,2099000000.0,4.999315537303217,35.71494496764358
CF,net_income,10,ttm,70,2016-06-30,190000000.0,2026-06-30,2099000000.0,9.998631074606434,27.15696897831652
CF,ocf,3,ttm,69,2023-06-30,3234000000.0,2026-06-30,2977000000.0,3.0006844626967832,-2.721766851736207
CF,ocf,5,ttm,69,2021-06-30,1219000000.0,2026-06-30,2977000000.0,4.999315537303217,19.554421949706423
CF,ocf,10,ttm,69,2016-06-30,1154000000.0,2026-06-30,2977000000.0,9.998631074606434,9.941823896078517
CF,revenue,3,ttm,70,2023-06-30,8716000000.0,2026-06-30,7739000000.0,3.0006844626967832,-3.884565362038217
CF,revenue,5,ttm,70,2021-06-30,4585000000.0,2026-06-30,7739000000.0,4.999315537303217,11.038944933371209
CF,revenue,10,ttm,70,2016-06-30,4181000000.0,2026-06-30,7739000000.0,9.998631074606434,6.351624727999172
CFG,eps,3,ttm,47,2023-06-30,4.410391304347826,2026-06-30,4.59,3.0006844626967832,1.339137267906465
CFG,eps,5,ttm,47,2021-06-30,4.460282608695653,2026-06-30,4.59,4.999315537303217,0.5750836902824075
CFG,eps,10,ttm,47,2016-06-30,1.686326086956522,2026-06-30,4.59,9.998631074606434,10.53328228440369
CFG,fcf,3,ttm,22,2016-12-31,1352000000.0,2019-12-31,1571000000.0,2.9979466119096507,5.1351770029652855
CFG,fcf,5,ttm,22,2014-12-31,1249000000.0,2019-12-31,1571000000.0,4.999315537303217,4.694888082578252
CFG,net_income,3,ttm,49,2023-06-30,2278000000.0,2026-06-30,2126000000.0,3.0006844626967832,-2.275049202825885
CFG,net_income,5,ttm,49,2021-06-30,2029000000.0,2026-06-30,2126000000.0,4.999315537303217,0.9384886993954566
CFG,net_income,10,ttm,49,2016-06-30,907000000.0,2026-06-30,2126000000.0,9.998631074606434,8.893175427471324
CFG,ocf,3,ttm,48,2023-06-30,5717000000.0,2026-06-30,2501000000.0,3.0006844626967832,-24.08240057861647
CFG,ocf,5,ttm,48,2021-06-30,1414000000.0,2026-06-30,2501000000.0,4.999315537303217,12.082971960573307
CFG,ocf,10,ttm,48,2016-06-30,1418000000.0,2026-06-30,2501000000.0,9.998631074606434,5.839339295633605
CFG,revenue,3,ttm,49,2023-06-30,1292000000.0,2026-06-30,1751000000.0,3.0006844626967832,10.661827801981062
CFG,revenue,5,ttm,49,2021-06-30,1154000000.0,2026-06-30,1751000000.0,4.999315537303217,8.697867980767104
CFG,revenue,10,ttm,49,2016-06-30,4953000000.0,2026-06-30,1751000000.0,9.998631074606434,-9.877008482635198
CHD,eps,3,ttm,67,2023-06-30,1.8057877813504821,2026-06-30,3.12,3.0006844626967832,19.989866684039615
CHD,eps,5,ttm,67,2021-06-30,3.200257234726688,2026-06-30,3.12,4.999315537303217,-0.5067450512235561
CHD,eps,10,ttm,67,2016-06-30,1.7255305466237942,2026-06-30,3.12,9.998631074606434,6.102768518115731
CHD,fcf,3,ttm,61,2022-06-30,845600000.0,2025-06-30,930600000.0,3.0006844626967832,3.2435339633293037
CHD,fcf,5,ttm,61,2020-06-30,1030900000.0,2025-06-30,930600000.0,4.999315537303217,-2.026621495120473
CHD,fcf,10,ttm,61,2015-06-30,494500000.0,2025-06-30,930600000.0,10.001368925393566,6.526072834382135
CHD,net_income,3,ttm,67,2023-06-30,446800000.0,2026-06-30,744800000.0,3.0006844626967832,18.56557920156572
CHD,net_income,5,ttm,67,2021-06-30,805400000.0,2026-06-30,744800000.0,4.999315537303217,-1.5525031105246057
CHD,net_income,10,ttm,67,2016-06-30,454100000.0,2026-06-30,744800000.0,9.998631074606434,5.073151560981093
CHD,ocf,3,ttm,61,2022-06-30,959900000.0,2025-06-30,1072800000.0,3.0006844626967832,3.775281271710651
CHD,ocf,5,ttm,61,2020-06-30,1111900000.0,2025-06-30,1072800000.0,4.999315537303217,-0.713504621118044
CHD,ocf,10,ttm,61,2015-06-30,581900000.0,2025-06-30,1072800000.0,10.001368925393566,6.307377444855677
CHD,revenue,3,ttm,67,2023-06-30,5637300000.0,2026-06-30,6229100000.0,3.0006844626967832,3.382752032575098
CHD,revenue,5,ttm,67,2021-06-30,5046300000.0,2026-06-30,6229100000.0,4.999315537303217,4.302075774515579
CHD,revenue,10,ttm,67,2016-06-30,3461800000.0,2026-06-30,6229100000.0,9.998631074606434,6.051258316656294
CHRW,eps,3,ttm,67,2023-06-30,4.45,2026-06-30,5.24,3.0006844626967832,5.597028121142289
CHRW,eps,5,ttm,67,2021-06-30,4.8100000000000005,2026-06-30,5.24,4.999315537303217,1.7274739345817913
CHRW,eps,10,ttm,67,2016-06-30,3.67,2026-06-30,5.24,9.998631074606434,3.625977393381996
CHRW,fcf,3,ttm,69,2023-06-30,1831405000.0,2026-06-30,668759000.0,3.0006844626967832,-28.51827669436219
CHRW,fcf,5,ttm,69,2021-06-30,61778000.0,2026-06-30,668759000.0,4.999315537303217,61.033222647709316
CHRW,fcf,10,ttm,69,2016-06-30,664345000.0,2026-06-30,668759000.0,9.998631074606434,0.06625263593822428
CHRW,net_income,3,ttm,70,2023-06-30,534198000.0,2026-06-30,633327000.0,3.0006844626967832,5.836701039789793
CHRW,net_income,5,ttm,70,2021-06-30,651430000.0,2026-06-30,633327000.0,4.999315537303217,-0.56215254739721
CHRW,net_income,10,ttm,70,2016-06-30,528068000.0,2026-06-30,633327000.0,9.998631074606434,1.8344907656844267
CHRW,ocf,3,ttm,69,2023-06-30,1878218000.0,2026-06-30,685357000.0,3.0006844626967832,-28.53551943004127
CHRW,ocf,5,ttm,69,2021-06-30,86146000.0,2026-06-30,685357000.0,4.999315537303217,51.41224887240712
CHRW,ocf,10,ttm,69,2016-06-30,714401000.0,2026-06-30,685357000.0,9.998631074606434,-0.4142420547493808
CHRW,revenue,3,ttm,70,2023-06-30,20115723000.0,2026-06-30,16996512000.0,3.0006844626967832,-5.460431287948242
CHRW,revenue,5,ttm,70,2021-06-30,19110847000.0,2026-06-30,16996512000.0,4.999315537303217,-2.317991770703842
CHRW,revenue,10,ttm,70,2016-06-30,13003790000.0,2026-06-30,16996512000.0,9.998631074606434,2.714221278418294
CHTR,eps,3,ttm,63,2023-06-30,29.724526534859518,2026-06-30,38.42,3.0006844626967832,8.927866679206398
CHTR,eps,5,ttm,63,2021-06-30,19.339932362122788,2026-06-30,38.42,4.999315537303217,14.71722810134306
CHTR,eps,10,ttm,63,2016-06-30,12.623428720083245,2026-06-30,38.42,9.998631074606434,11.774985155320872
CHTR,fcf,3,ttm,63,2023-06-30,3554000000.0,2026-06-30,4358000000.0,3.0006844626967832,7.0327128423512075
CHTR,fcf,5,ttm,63,2021-06-30,7784000000.0,2026-06-30,4358000000.0,4.999315537303217,-10.95490907472756
CHTR,fcf,10,ttm,63,2016-06-30,568000000.0,2026-06-30,4358000000.0,9.998631074606434,22.604385462269526
CHTR,net_income,3,ttm,63,2023-06-30,4625000000.0,2026-06-30,4924000000.0,3.0006844626967832,2.109629518198486
CHTR,net_income,5,ttm,63,2021-06-30,3887000000.0,2026-06-30,4924000000.0,4.999315537303217,4.843983395637985
CHTR,net_income,10,ttm,63,2016-06-30,2811000000.0,2026-06-30,4924000000.0,9.998631074606434,5.766724065405748
CHTR,ocf,3,ttm,63,2023-06-30,14178000000.0,2026-06-30,16470000000.0,3.0006844626967832,5.120623349766862
CHTR,ocf,5,ttm,63,2021-06-30,15563000000.0,2026-06-30,16470000000.0,4.999315537303217,1.1394831533401817
CHTR,ocf,10,ttm,63,2016-06-30,3314000000.0,2026-06-30,16470000000.0,9.998631074606434,17.393389774472332
CHTR,revenue,3,ttm,63,2023-06-30,1614000000.0,2026-06-30,511000000.0,3.0006844626967832,-31.83777357652672
CHTR,revenue,5,ttm,63,2021-06-30,49987000000.0,2026-06-30,511000000.0,4.999315537303217,-60.01857557180623
CHTR,revenue,10,ttm,63,2016-06-30,13653000000.0,2026-06-30,511000000.0,9.998631074606434,-28.005429297647744
CI,eps,3,ttm,35,2023-06-30,21.959081505999173,2026-06-30,24.18,3.0006844626967832,3.262870608901536
CI,eps,5,ttm,35,2021-06-30,22.63936284650393,2026-06-30,24.18,4.999315537303217,1.3256042249342626
CI,eps,10,ttm,35,2017-12-31,8.733611915597848,2026-06-30,24.18,8.49555099247091,12.734831293916837
CI,net_income,3,ttm,35,2023-06-30,6677000000.0,2026-06-30,6416000000.0,3.0006844626967832,-1.320037366936122
CI,net_income,5,ttm,35,2021-06-30,8151000000.0,2026-06-30,6416000000.0,4.999315537303217,-4.674773440020463
CI,net_income,10,ttm,35,2017-12-31,2237000000.0,2026-06-30,6416000000.0,8.49555099247091,13.204396870322444
CI,ocf,3,ttm,31,2023-06-30,12902000000.0,2026-06-30,10277000000.0,3.0006844626967832,-7.300522885614635
CI,ocf,5,ttm,31,2021-06-30,5986000000.0,2026-06-30,10277000000.0,4.999315537303217,11.417229791862082
CI,ocf,10,ttm,31,2018-12-31,3770000000.0,2026-06-30,10277000000.0,7.496235455167693,14.313931967267536
CI,revenue,3,ttm,35,2023-06-30,186137000000.0,2026-06-30,282382000000.0,3.0006844626967832,14.90025806397368
CI,revenue,5,ttm,35,2021-06-30,166769000000.0,2026-06-30,282382000000.0,4.999315537303217,11.109348215572123
CI,revenue,10,ttm,35,2017-12-31,41806000000.0,2026-06-30,282382000000.0,8.49555099247091,25.21343297093268
CIEN,eps,3,ttm,64,2023-07-29,1.473392857142857,2026-08-01,4.46,3.0088980150581794,44.498921940400194
CIEN,eps,5,ttm,64,2021-07-31,2.936830357142857,2026-08-01,4.46,5.002053388090349,8.711703649602853
CIEN,eps,10,ttm,64,2016-07-31,0.1592857142857143,2026-08-01,4.46,10.001368925393566,39.539124995456575
CIEN,fcf,5,ttm,65,2021-07-31,385427000.0,2026-08-01,814362000.0,5.002053388090349,16.131062711612376
CIEN,fcf,10,ttm,65,2016-07-31,133896000.0,2026-08-01,814362000.0,10.001368925393566,19.78274410650147
CIEN,net_income,3,ttm,66,2023-07-29,221273000.0,2026-08-01,654410000.0,3.0088980150581794,43.38694970916479
CIEN,net_income,5,ttm,66,2021-07-31,461738000.0,2026-08-01,654410000.0,5.002053388090349,7.220647914826106
CIEN,net_income,10,ttm,66,2016-07-31,22165000.0,2026-08-01,654410000.0,10.001368925393566,40.280755514080724
CIEN,ocf,5,ttm,65,2021-07-31,474051000.0,2026-08-01,1054683000.0,5.002053388090349,17.335887359478598
CIEN,ocf,10,ttm,65,2016-07-31,237437000.0,2026-08-01,1054683000.0,10.001368925393566,16.077619040470957
CIEN,revenue,3,ttm,66,2023-07-29,4228072000.0,2026-08-01,6020894000.0,3.0088980150581794,12.466075023970348
CIEN,revenue,5,ttm,66,2021-07-31,3407678000.0,2026-08-01,6020894000.0,5.002053388090349,12.052149081495545
CIEN,revenue,10,ttm,66,2016-07-31,2576355000.0,2026-08-01,6020894000.0,10.001368925393566,8.858032776895808
CINF,eps,3,ttm,63,2023-06-30,8.511962264150943,2026-06-30,21.18,3.0006844626967832,35.49875988001776
CINF,eps,5,ttm,63,2021-06-30,17.57340566037736,2026-06-30,21.18,4.999315537303217,3.804510343432188
CINF,eps,10,ttm,63,2016-06-30,3.8563584905660377,2026-06-30,21.18,9.998631074606434,18.572774914594305
CINF,fcf,3,ttm,65,2023-06-30,2107000000.0,2026-06-30,3400000000.0,3.0006844626967832,17.288561404652825
CINF,fcf,5,ttm,65,2021-06-30,1775000000.0,2026-06-30,3400000000.0,4.999315537303217,13.884295987596929
CINF,fcf,10,ttm,65,2016-06-30,1092000000.0,2026-06-30,3400000000.0,9.998631074606434,12.029495725588779
CINF,net_income,3,ttm,66,2023-06-30,1356000000.0,2026-06-30,3327000000.0,3.0006844626967832,34.865665434415824
CINF,net_income,5,ttm,66,2021-06-30,2856000000.0,2026-06-30,3327000000.0,4.999315537303217,3.1004913087267605
CINF,net_income,10,ttm,66,2016-06-30,641000000.0,2026-06-30,3327000000.0,9.998631074606434,17.904198123632685
CINF,ocf,3,ttm,65,2023-06-30,2122000000.0,2026-06-30,3417000000.0,3.0006844626967832,17.20625828363125
CINF,ocf,5,ttm,65,2021-06-30,1794000000.0,2026-06-30,3417000000.0,4.999315537303217,13.75543884290924
CINF,ocf,10,ttm,65,2016-06-30,1104000000.0,2026-06-30,3417000000.0,9.998631074606434,11.96294373809672
CINF,revenue,3,ttm,66,2023-06-30,9371000000.0,2026-06-30,13954000000.0,3.0006844626967832,14.189046446502251
CINF,revenue,5,ttm,66,2021-06-30,9443000000.0,2026-06-30,13954000000.0,4.999315537303217,8.124071118162801
CINF,revenue,10,ttm,66,2016-06-30,5276000000.0,2026-06-30,13954000000.0,9.998631074606434,10.216134714392755
CL,eps,3,ttm,67,2023-06-30,1.8071146245059286,2026-06-30,2.54,3.0006844626967832,12.013774177079473
CL,eps,5,ttm,67,2021-06-30,3.2026086956521738,2026-06-30,2.54,4.999315537303217,-4.530815891202944
CL,eps,10,ttm,67,2016-06-30,1.5561264822134389,2026-06-30,2.54,9.998631074606434,5.022365405142426
CL,fcf,3,ttm,69,2023-06-30,2356000000.0,2026-06-30,3858000000.0,3.0006844626967832,17.863507257733957
CL,fcf,5,ttm,69,2021-06-30,2663000000.0,2026-06-30,3858000000.0,4.999315537303217,7.696755461250815
CL,fcf,10,ttm,69,2016-06-30,2387000000.0,2026-06-30,3858000000.0,9.998631074606434,4.918925726586965
CL,net_income,3,ttm,70,2023-06-30,1497000000.0,2026-06-30,2037000000.0,3.0006844626967832,10.81015742505349
CL,net_income,5,ttm,70,2021-06-30,2729000000.0,2026-06-30,2037000000.0,4.999315537303217,-5.682122107530086
CL,net_income,10,ttm,70,2016-06-30,1401000000.0,2026-06-30,2037000000.0,9.998631074606434,3.8143800698611674
CL,ocf,3,ttm,69,2023-06-30,3099000000.0,2026-06-30,4456000000.0,3.0006844626967832,12.86584644338815
CL,ocf,5,ttm,69,2021-06-30,3150000000.0,2026-06-30,4456000000.0,4.999315537303217,7.184268998869681
CL,ocf,10,ttm,69,2016-06-30,3046000000.0,2026-06-30,4456000000.0,9.998631074606434,3.878050441927572
CL,revenue,3,ttm,70,2023-06-30,18676000000.0,2026-06-30,21046000000.0,3.0006844626967832,4.061789151427253
CL,revenue,5,ttm,70,2021-06-30,17081000000.0,2026-06-30,21046000000.0,4.999315537303217,4.263845102179897
CL,revenue,10,ttm,70,2016-06-30,15505000000.0,2026-06-30,21046000000.0,9.998631074606434,3.103069831515204
CLX,eps,3,ttm,68,2023-03-31,0.59,2026-03-31,6.16,3.0006844626967832,118.52381579543025
CLX,eps,5,ttm,68,2021-03-31,7.17,2026-03-31,6.16,4.999315537303217,-2.9913399719817213
CLX,eps,10,ttm,68,2016-03-31,5.13,2026-03-31,6.16,9.998631074606434,1.8468080947053878
CLX,fcf,3,ttm,68,2023-03-31,840000000.0,2026-03-31,380000000.0,3.0006844626967832,-23.22951276552664
CLX,fcf,5,ttm,68,2021-03-31,1305000000.0,2026-03-31,380000000.0,4.999315537303217,-21.869618513836464
CLX,fcf,10,ttm,68,2016-03-31,671000000.0,2026-03-31,380000000.0,9.998631074606434,-5.528083275379236
CLX,net_income,3,ttm,68,2023-03-31,74000000.0,2026-03-31,756000000.0,3.0006844626967832,116.94681809921464
CLX,net_income,5,ttm,68,2021-03-31,923000000.0,2026-03-31,756000000.0,4.999315537303217,-3.913661260166057
CLX,net_income,10,ttm,68,2016-03-31,674000000.0,2026-03-31,756000000.0,9.998631074606434,1.1548877666862856
CLX,ocf,3,ttm,68,2023-03-31,1063000000.0,2026-03-31,576000000.0,3.0006844626967832,-18.47015066052221
CLX,ocf,5,ttm,68,2021-03-31,1633000000.0,2026-03-31,576000000.0,4.999315537303217,-18.815173381425886
CLX,ocf,10,ttm,68,2016-03-31,826000000.0,2026-03-31,576000000.0,9.998631074606434,-3.5411454952952837
CLX,revenue,3,ttm,68,2023-03-31,7171000000.0,2026-03-31,6760000000.0,3.0006844626967832,-1.9477403041710528
CLX,revenue,5,ttm,68,2021-03-31,7522000000.0,2026-03-31,6760000000.0,4.999315537303217,-2.1138148908240617
CLX,revenue,10,ttm,68,2016-03-31,5718000000.0,2026-03-31,6760000000.0,9.998631074606434,1.6883615582271805
CMCSA,eps,3,ttm,67,2023-06-30,1.5043530408001522,2026-06-30,3.12,3.0006844626967832,27.51976997042469
CMCSA,eps,5,ttm,67,2021-06-30,2.519791343340255,2026-06-30,3.12,4.999315537303217,4.366361658612483
CMCSA,eps,10,ttm,67,2016-06-30,1.5372607635676554,2026-06-30,3.12,9.998631074606434,7.335878186541667
CMCSA,fcf,3,ttm,69,2023-06-30,15273000000.0,2026-06-30,20444000000.0,3.0006844626967832,10.2057389933492
CMCSA,fcf,5,ttm,69,2021-06-30,16402000000.0,2026-06-30,20444000000.0,4.999315537303217,4.504846715148125
CMCSA,fcf,10,ttm,69,2016-06-30,11487000000.0,2026-06-30,20444000000.0,9.998631074606434,5.934971191870497
CMCSA,net_income,3,ttm,70,2023-06-30,6507000000.0,2026-06-30,11200000000.0,3.0006844626967832,19.837978272884314
CMCSA,net_income,5,ttm,70,2021-06-30,12466000000.0,2026-06-30,11200000000.0,4.999315537303217,-2.1193360778154147
CMCSA,net_income,10,ttm,70,2016-06-30,8129000000.0,2026-06-30,11200000000.0,9.998631074606434,3.2571170795278936
CMCSA,ocf,3,ttm,69,2023-06-30,27255000000.0,2026-06-30,32517000000.0,3.0006844626967832,6.0593429902706
CMCSA,ocf,5,ttm,69,2021-06-30,25627000000.0,2026-06-30,32517000000.0,4.999315537303217,4.878235509801376
CMCSA,ocf,10,ttm,69,2016-06-30,20445000000.0,2026-06-30,32517000000.0,9.998631074606434,4.75025640481368
CMCSA,revenue,3,ttm,70,2023-06-30,120606000000.0,2026-06-30,124905000000.0,3.0006844626967832,1.1740526890665626
CMCSA,revenue,5,ttm,70,2021-06-30,108991000000.0,2026-06-30,124905000000.0,4.999315537303217,2.7636350237521423
CMCSA,revenue,10,ttm,70,2016-06-30,75973000000.0,2026-06-30,124905000000.0,9.998631074606434,5.098135377807633
CME,eps,3,ttm,67,2023-06-30,8.199999999999998,2026-06-30,11.79,3.0006844626967832,12.863797904840645
CME,eps,5,ttm,67,2021-06-30,5.349999999999999,2026-06-30,11.79,4.999315537303217,17.122787809419226
CME,eps,10,ttm,67,2016-06-30,3.9599999999999995,2026-06-30,11.79,9.998631074606434,11.529138884211676
CME,fcf,3,ttm,69,2023-06-30,3108000000.0,2026-06-30,4212700000.0,3.0006844626967832,10.666573912623711
CME,fcf,5,ttm,69,2021-06-30,1887700000.0,2026-06-30,4212700000.0,4.999315537303217,17.41810243904247
CME,fcf,10,ttm,69,2016-06-30,1515400000.0,2026-06-30,4212700000.0,9.998631074606434,10.766747705411795
CME,net_income,3,ttm,70,2023-06-30,2958000000.0,2026-06-30,4325600000.0,3.0006844626967832,13.501999683776544
CME,net_income,5,ttm,70,2021-06-30,1920400000.0,2026-06-30,4325600000.0,4.999315537303217,17.636091999647483
CME,net_income,10,ttm,70,2016-06-30,1339500000.0,2026-06-30,4325600000.0,9.998631074606434,12.43909310129212
CME,ocf,3,ttm,69,2023-06-30,3192100000.0,2026-06-30,4309000000.0,3.0006844626967832,10.515559846255362
CME,ocf,5,ttm,69,2021-06-30,2074200000.0,2026-06-30,4309000000.0,4.999315537303217,15.748099089431179
CME,ocf,10,ttm,69,2016-06-30,1608500000.0,2026-06-30,4309000000.0,9.998631074606434,10.357385273952268
CME,revenue,3,ttm,70,2023-06-30,5237400000.0,2026-06-30,6772600000.0,3.0006844626967832,8.94435676678491
CME,revenue,5,ttm,70,2021-06-30,4611700000.0,2026-06-30,6772600000.0,4.999315537303217,7.989976242720576
CME,revenue,10,ttm,70,2016-06-30,3504700000.0,2026-06-30,6772600000.0,9.998631074606434,6.810604962335964
CMG,eps,3,ttm,63,2023-06-30,0.7958311926605506,2026-06-30,1.08,3.0006844626967832,10.711019583670222
CMG,eps,5,ttm,63,2021-06-30,0.4074275229357799,2026-06-30,1.08,4.999315537303217,21.530776093504933
CMG,eps,10,ttm,63,2016-06-30,0.13376146788990825,2026-06-30,1.08,9.998631074606434,23.231487863795653
CMG,fcf,3,ttm,65,2023-06-30,1250767000.0,2026-06-30,1568985000.0,3.0006844626967832,7.846645393294516
CMG,fcf,5,ttm,65,2021-06-30,501752000.0,2026-06-30,1568985000.0,4.999315537303217,25.614418905764147
CMG,fcf,10,ttm,65,2016-06-30,192116000.0,2026-06-30,1568985000.0,9.998631074606434,23.372399823390523
CMG,net_income,3,ttm,66,2023-06-30,1114198000.0,2026-06-30,1419645000.0,3.0006844626967832,8.40878093427635
CMG,net_income,5,ttm,66,2021-06-30,586278000.0,2026-06-30,1419645000.0,4.999315537303217,19.350913878478558
CMG,net_income,10,ttm,66,2016-06-30,211921000.0,2026-06-30,1419645000.0,9.998631074606434,20.95167448161419
CMG,ocf,3,ttm,65,2023-06-30,1791037000.0,2026-06-30,2327527000.0,3.0006844626967832,9.124283374600495
CMG,ocf,5,ttm,65,2021-06-30,921772000.0,2026-06-30,2327527000.0,4.999315537303217,20.355310676141404
CMG,ocf,10,ttm,65,2016-06-30,461851000.0,2026-06-30,2327527000.0,9.998631074606434,17.557109880545664
CMG,revenue,3,ttm,35,2023-06-30,9284155000.0,2026-06-30,12423759000.0,3.0006844626967832,10.194671053480043
CMG,revenue,5,ttm,35,2021-06-30,6843237000.0,2026-06-30,12423759000.0,4.999315537303217,12.669243727565416
CMG,revenue,10,ttm,35,2017-12-31,4476412000.0,2026-06-30,12423759000.0,8.49555099247091,12.767241367247895
CMI,eps,3,ttm,67,2023-06-30,17.878271099744243,2026-06-30,19.57,3.0006844626967832,3.058887546744793
CMI,eps,5,ttm,67,2021-07-04,14.90523273657289,2026-06-30,19.57,4.988364134154689,5.610130625270204
CMI,eps,10,ttm,67,2016-07-03,7.337498721227621,2026-06-30,19.57,9.990417522245037,10.31768593062763
CMI,fcf,3,ttm,69,2023-06-30,1098000000.0,2026-06-30,3367000000.0,3.0006844626967832,45.270218856434475
CMI,fcf,5,ttm,69,2021-07-04,2732000000.0,2026-06-30,3367000000.0,4.988364134154689,4.278512337058271
CMI,fcf,10,ttm,69,2016-07-03,1548000000.0,2026-06-30,3367000000.0,9.990417522245037,8.08852370897577
CMI,net_income,3,ttm,70,2023-06-30,2541000000.0,2026-06-30,2715000000.0,3.0006844626967832,2.23184589954184
CMI,net_income,5,ttm,70,2021-07-04,2205000000.0,2026-06-30,2715000000.0,4.988364134154689,4.259203647868892
CMI,net_income,10,ttm,70,2016-07-03,1268000000.0,2026-06-30,2715000000.0,9.990417522245037,7.918716849888718
CMI,ocf,3,ttm,69,2023-06-30,2177000000.0,2026-06-30,4647000000.0,3.0006844626967832,28.749744354590167
CMI,ocf,5,ttm,69,2021-07-04,3320000000.0,2026-06-30,4647000000.0,4.988364134154689,6.973214374342018
CMI,ocf,10,ttm,69,2016-07-03,2234000000.0,2026-06-30,4647000000.0,9.990417522245037,7.606736540007231
CMI,revenue,3,ttm,70,2023-06-30,32194000000.0,2026-06-30,34708000000.0,3.0006844626967832,2.5374234078163305
CMI,revenue,5,ttm,70,2021-07-04,23151000000.0,2026-06-30,34708000000.0,4.988364134154689,8.456106360440163
CMI,revenue,10,ttm,70,2016-07-03,18205000000.0,2026-06-30,34708000000.0,9.990417522245037,6.672081634150717
CMS,eps,3,ttm,63,2023-06-30,2.5,2026-06-30,3.33,3.0006844626967832,10.025143006797066
CMS,eps,5,ttm,63,2021-06-30,3.13,2026-06-30,3.33,4.999315537303217,1.2466624426464623
CMS,eps,10,ttm,63,2016-06-30,1.95,2026-06-30,3.33,9.998631074606434,5.497980002830283
CMS,net_income,3,ttm,66,2023-06-30,738000000.0,2026-06-30,1026000000.0,3.0006844626967832,11.60563424313359
CMS,net_income,5,ttm,66,2021-06-30,901000000.0,2026-06-30,1026000000.0,4.999315537303217,2.632772011804807
CMS,net_income,10,ttm,66,2016-06-30,542000000.0,2026-06-30,1026000000.0,9.998631074606434,6.5905251495187
CMS,ocf,3,ttm,65,2023-06-30,1501000000.0,2026-06-30,2148000000.0,3.0006844626967832,12.686708409201518
CMS,ocf,5,ttm,65,2021-06-30,1847000000.0,2026-06-30,2148000000.0,4.999315537303217,3.065964481075656
CMS,ocf,10,ttm,65,2016-06-30,1479000000.0,2026-06-30,2148000000.0,9.998631074606434,3.802742814219817
CMS,revenue,3,ttm,66,2023-06-30,7922000000.0,2026-06-30,8592000000.0,3.0006844626967832,2.7425788847883936
CMS,revenue,5,ttm,66,2021-06-30,6672000000.0,2026-06-30,8592000000.0,4.999315537303217,5.189079284021303
CMS,revenue,10,ttm,66,2016-06-30,6167000000.0,2026-06-30,8592000000.0,9.998631074606434,3.3722582273082446
CNC,fcf,3,ttm,65,2023-06-30,7651000000.0,2026-06-30,8951000000.0,3.0006844626967832,5.368938049380234
CNC,fcf,5,ttm,65,2021-06-30,2863000000.0,2026-06-30,8951000000.0,4.999315537303217,25.609821200181315
CNC,ocf,3,ttm,65,2023-06-30,8571000000.0,2026-06-30,9749000000.0,3.0006844626967832,4.385122677868747
CNC,ocf,5,ttm,65,2021-06-30,3757000000.0,2026-06-30,9749000000.0,4.999315537303217,21.013860180613108
CNC,ocf,10,ttm,65,2016-06-30,40000000.0,2026-06-30,9749000000.0,9.998631074606434,73.26972545602013
CNC,revenue,3,ttm,66,2023-06-30,137069000000.0,2026-06-30,178655000000.0,3.0006844626967832,9.23200212288493
CNC,revenue,5,ttm,66,2021-06-30,110880000000.0,2026-06-30,178655000000.0,4.999315537303217,10.011494392301534
CNC,revenue,10,ttm,66,2016-06-30,29973000000.0,2026-06-30,178655000000.0,9.998631074606434,19.54711797916484
CNP,eps,3,ttm,66,2023-03-31,1.2986503067484663,2026-03-31,1.68,3.0006844626967832,8.959186272845177
CNP,eps,5,ttm,66,2021-03-31,1.2471165644171773,2026-03-31,1.68,4.999315537303217,6.141199222983151
CNP,net_income,3,ttm,69,2023-03-31,851000000.0,2026-03-31,1071000000.0,3.0006844626967832,7.964019299569047
CNP,net_income,5,ttm,69,2021-03-31,789000000.0,2026-03-31,1071000000.0,4.999315537303217,6.303148448354046
CNP,ocf,3,ttm,68,2023-03-31,2943000000.0,2026-03-31,2358000000.0,3.0006844626967832,-7.1193674950101205
CNP,ocf,10,ttm,68,2016-03-31,1841000000.0,2026-03-31,2358000000.0,9.998631074606434,2.506279959150848
CNP,revenue,3,ttm,69,2023-03-31,9300000000.0,2026-03-31,9356000000.0,3.0006844626967832,0.20026957760561626
CNP,revenue,5,ttm,69,2021-03-31,7750000000.0,2026-03-31,9356000000.0,4.999315537303217,3.8388672018301095
CNP,revenue,10,ttm,69,2016-03-31,6937000000.0,2026-03-31,9356000000.0,9.998631074606434,3.0371008809271016
COF,eps,3,ttm,66,2023-03-31,14.6,2026-03-31,3.92,3.0006844626967832,-35.48097076781714
COF,eps,5,ttm,66,2021-03-31,15.309999999999999,2026-03-31,3.92,4.999315537303217,-23.854196549780404
COF,eps,10,ttm,66,2016-03-31,6.9,2026-03-31,3.92,9.998631074606434,-5.49814453693469
COF,fcf,3,ttm,68,2023-03-31,15941000000.0,2026-03-31,27291000000.0,3.0006844626967832,19.623601890650487
COF,fcf,5,ttm,68,2021-03-31,12192000000.0,2026-03-31,27291000000.0,4.999315537303217,17.48934465589642
COF,fcf,10,ttm,68,2016-03-31,11723000000.0,2026-03-31,27291000000.0,9.998631074606434,8.818589629429274
COF,net_income,3,ttm,69,2023-03-31,5917000000.0,2026-03-31,3223000000.0,3.0006844626967832,-18.328040959805115
COF,net_income,5,ttm,69,2021-03-31,7379000000.0,2026-03-31,3223000000.0,4.999315537303217,-15.268926522792158
COF,net_income,10,ttm,69,2016-03-31,3910000000.0,2026-03-31,3223000000.0,9.998631074606434,-1.9139589472349727
COF,ocf,3,ttm,68,2023-03-31,16880000000.0,2026-03-31,29074000000.0,3.0006844626967832,19.865120735165178
COF,ocf,5,ttm,68,2021-03-31,12926000000.0,2026-03-31,29074000000.0,4.999315537303217,17.602828326889465
COF,ocf,10,ttm,68,2016-03-31,12236000000.0,2026-03-31,29074000000.0,9.998631074606434,9.041465019033756
COF,revenue,3,ttm,53,2023-03-31,5462000000.0,2026-03-31,8983000000.0,3.0006844626967832,18.033913298024817
COF,revenue,5,ttm,53,2021-03-31,3801000000.0,2026-03-31,8983000000.0,4.999315537303217,18.772236376924024
COF,revenue,10,ttm,53,2016-03-31,23986000000.0,2026-03-31,8983000000.0,9.998631074606434,-9.35569628738585
COHR,eps,5,ttm,65,2021-06-30,2.36,2026-06-30,4.12,4.999315537303217,11.79018341761584
COHR,eps,10,ttm,65,2016-06-30,1.04,2026-06-30,4.12,9.998631074606434,14.761065843846977
COHR,net_income,5,ttm,65,2021-06-30,297552000.0,2026-06-30,804998000.0,4.999315537303217,22.027642491009637
COHR,net_income,10,ttm,65,2016-06-30,65486000.0,2026-06-30,804998000.0,9.998631074606434,28.522614661676027
COHR,ocf,3,ttm,65,2023-06-30,634025000.0,2026-06-30,79514000.0,3.0006844626967832,-49.93729674595614
COHR,ocf,5,ttm,65,2021-06-30,574353000.0,2026-06-30,79514000.0,4.999315537303217,-32.6667732284188
COHR,ocf,10,ttm,65,2016-06-30,122970000.0,2026-06-30,79514000.0,9.998631074606434,-4.266959953882288
COHR,revenue,3,ttm,65,2023-06-30,5160100000.0,2026-06-30,7118181000.0,3.0006844626967832,11.316535199475709
COHR,revenue,5,ttm,65,2021-06-30,3105891000.0,2026-06-30,7118181000.0,4.999315537303217,18.044681834699606
COHR,revenue,10,ttm,65,2016-06-30,827216000.0,2026-06-30,7118181000.0,9.998631074606434,24.018880834034427
COIN,fcf,3,ttm,12,2020-12-31,283635000.0,2023-09-30,182982000.0,2.746064339493498,-14.752414656946089
COIN,ocf,5,ttm,23,2021-06-30,7050574000.0,2026-06-30,1713665000.0,4.999315537303217,-24.643022765518687
COIN,revenue,3,ttm,23,2023-06-30,2699887000.0,2026-06-30,6282872000.0,3.0006844626967832,32.50827016305404
COIN,revenue,5,ttm,23,2021-06-30,4929543000.0,2026-06-30,6282872000.0,4.999315537303217,4.971933177996846
COO,eps,3,ttm,63,2023-04-30,1.4674358974358972,2026-04-30,1.18,3.0006844626967832,-7.007450444321373
COO,eps,5,ttm,63,2021-04-30,11.958846153846151,2026-04-30,1.18,4.999315537303217,-37.07677050517763
COO,eps,10,ttm,63,2016-04-30,1.0665384615384614,2026-04-30,1.18,9.998631074606434,1.0162284639776864
COO,fcf,3,ttm,64,2023-04-30,387300000.0,2026-04-30,569500000.0,3.0006844626967832,13.711052372875066
COO,fcf,5,ttm,64,2021-04-30,413500000.0,2026-04-30,569500000.0,4.999315537303217,6.612333591081132
COO,fcf,10,ttm,64,2016-04-30,176884000.0,2026-04-30,569500000.0,9.998631074606434,12.405476297328267
COO,net_income,3,ttm,65,2023-04-30,288400000.0,2026-04-30,235800000.0,3.0006844626967832,-6.490407547509713
COO,net_income,5,ttm,65,2021-04-30,2355000000.0,2026-04-30,235800000.0,4.999315537303217,-36.892175262794005
COO,net_income,10,ttm,65,2016-04-30,207200000.0,2026-04-30,235800000.0,9.998631074606434,1.3015694288433188
COO,ocf,3,ttm,64,2023-04-30,685400000.0,2026-04-30,953000000.0,3.0006844626967832,11.610584536174763
COO,ocf,5,ttm,64,2021-04-30,671400000.0,2026-04-30,953000000.0,4.999315537303217,7.257205579317061
COO,ocf,10,ttm,64,2016-04-30,387819000.0,2026-04-30,953000000.0,9.998631074606434,9.408667245334556
COO,revenue,3,ttm,65,2023-04-30,3427400000.0,2026-04-30,4231000000.0,3.0006844626967832,7.271854535617539
COO,revenue,5,ttm,65,2021-04-30,2659800000.0,2026-04-30,4231000000.0,4.999315537303217,9.729734610967288
COO,revenue,10,ttm,65,2016-04-30,1850600000.0,2026-04-30,4231000000.0,9.998631074606434,8.622042189838863
COP,eps,3,ttm,67,2023-06-30,10.426208718626159,2026-06-30,7.56,3.0006844626967832,-10.158759137430406
COP,eps,5,ttm,67,2021-06-30,1.1484808454425368,2026-06-30,7.56,4.999315537303217,45.781366697537294
COP,fcf,3,ttm,29,2018-12-31,6184000000.0,2021-12-31,11672000000.0,3.0006844626967832,23.576993014592507
COP,net_income,3,ttm,66,2023-06-30,12928000000.0,2026-06-30,9282000000.0,3.0006844626967832,-10.453692788225988
COP,net_income,5,ttm,66,2021-06-30,1851000000.0,2026-06-30,9282000000.0,4.999315537303217,38.0594703982734
COP,ocf,3,ttm,65,2023-06-30,24589000000.0,2026-06-30,21925000000.0,3.0006844626967832,-3.7494178426282887
COP,ocf,5,ttm,65,2021-06-30,8871000000.0,2026-06-30,21925000000.0,4.999315537303217,19.840652473552577
COP,ocf,10,ttm,65,2016-06-30,5210000000.0,2026-06-30,21925000000.0,9.998631074606434,15.456591602823622
COP,revenue,3,ttm,66,2023-06-30,52794000000.0,2026-06-30,56312000000.0,3.0006844626967832,2.1731221473799245
COP,revenue,5,ttm,66,2021-06-30,19669000000.0,2026-06-30,56312000000.0,4.999315537303217,23.41735739735129
COP,revenue,10,ttm,66,2016-06-30,24863000000.0,2026-06-30,56312000000.0,9.998631074606434,8.519954555620647
COR,eps,3,ttm,68,2023-06-30,8.209999999999999,2026-06-30,13.47,3.0006844626967832,17.939277700637323
COR,eps,10,ttm,68,2016-06-30,7.24,2026-06-30,13.47,9.998631074606434,6.406116849524435
COR,fcf,3,ttm,69,2023-06-30,2792545000.0,2026-06-30,4060102000.0,3.0006844626967832,13.283475099732534
COR,fcf,5,ttm,69,2021-06-30,2564018000.0,2026-06-30,4060102000.0,4.999315537303217,9.629804804486408
COR,fcf,10,ttm,69,2016-06-30,2601265000.0,2026-06-30,4060102000.0,9.998631074606434,4.5533329682935
COR,net_income,3,ttm,70,2023-06-30,1689465000.0,2026-06-30,2624793000.0,3.0006844626967832,15.815691499736207
COR,net_income,10,ttm,70,2016-06-30,1645364000.0,2026-06-30,2624793000.0,9.998631074606434,4.781855278725944
COR,ocf,3,ttm,69,2023-06-30,3248993000.0,2026-06-30,4820947000.0,3.0006844626967832,14.055131472058925
COR,ocf,5,ttm,69,2021-06-30,2956001000.0,2026-06-30,4820947000.0,4.999315537303217,10.278632699827938
COR,ocf,10,ttm,69,2016-06-30,2985939000.0,2026-06-30,4820947000.0,9.998631074606434,4.907851068493607
COR,revenue,3,ttm,70,2023-06-30,254425229000.0,2026-06-30,332771323000.0,3.0006844626967832,9.358625216205185
COR,revenue,5,ttm,70,2021-06-30,204321190000.0,2026-06-30,332771323000.0,4.999315537303217,10.248400468649987
COR,revenue,10,ttm,70,2016-06-30,144759461000.0,2026-06-30,332771323000.0,9.998631074606434,8.681304579443161
COST,eps,3,ttm,68,2023-05-07,13.493209255533198,2026-05-10,19.87,3.0088980150581794,13.726546343806124
COST,eps,5,ttm,68,2021-05-09,10.634647887323943,2026-05-10,19.87,5.002053388090349,13.311153811616006
COST,eps,10,ttm,68,2016-05-08,5.297334004024145,2026-05-10,19.87,10.004106776180699,14.127546789771127
COST,fcf,3,annual,18,2022-08-28,3501000000.0,2025-08-31,7837000000.0,3.0088980150581794,30.70963734803087
COST,fcf,5,annual,18,2020-08-30,6051000000.0,2025-08-31,7837000000.0,5.002053388090349,5.306533513163303
COST,fcf,10,annual,18,2015-08-30,1892000000.0,2025-08-31,7837000000.0,10.004106776180699,15.265020983866728
COST,net_income,3,annual,18,2022-08-28,5844000000.0,2025-08-31,8099000000.0,3.0088980150581794,11.45529259660163
COST,net_income,5,annual,18,2020-08-30,4002000000.0,2025-08-31,8099000000.0,5.002053388090349,15.13456570354219
COST,net_income,10,annual,18,2015-08-30,2377000000.0,2025-08-31,8099000000.0,10.004106776180699,13.036412635392258
COST,ocf,3,annual,18,2022-08-28,7392000000.0,2025-08-31,13335000000.0,3.0088980150581794,21.6627911101652
COST,ocf,5,annual,18,2020-08-30,8861000000.0,2025-08-31,13335000000.0,5.002053388090349,8.514427318993123
COST,ocf,10,annual,18,2015-08-30,4285000000.0,2025-08-31,13335000000.0,10.004106776180699,12.017010880292943
COST,revenue,3,annual,18,2022-08-28,226954000000.0,2025-08-31,275235000000.0,3.0088980150581794,6.620169280136889
COST,revenue,5,annual,18,2020-08-30,166761000000.0,2025-08-31,275235000000.0,5.002053388090349,10.536056784400749
COST,revenue,10,annual,18,2015-08-30,116199000000.0,2025-08-31,275235000000.0,10.004106776180699,9.002071964625813
CPAY,eps,3,ttm,63,2023-06-30,12.422655298416561,2026-06-30,16.45,3.0006844626967832,9.809829378287048
CPAY,eps,5,ttm,63,2021-06-30,9.096589524969549,2026-06-30,16.45,4.999315537303217,12.580845500654547
CPAY,eps,10,ttm,63,2016-06-30,4.197655298416564,2026-06-30,16.45,9.998631074606434,14.636794574152901
CPAY,fcf,3,ttm,61,2023-06-30,1648183000.0,2026-06-30,1638406000.0,3.0006844626967832,-0.19808002598922236
CPAY,fcf,5,ttm,61,2021-06-30,939544000.0,2026-06-30,1638406000.0,4.999315537303217,11.765430219507733
CPAY,fcf,10,ttm,61,2016-06-30,840439000.0,2026-06-30,1638406000.0,9.998631074606434,6.904380829570789
CPAY,net_income,3,ttm,63,2023-06-30,928414000.0,2026-06-30,1140972000.0,3.0006844626967832,7.111876484409496
CPAY,net_income,5,ttm,63,2021-06-30,812867000.0,2026-06-30,1140972000.0,4.999315537303217,7.017581224546632
CPAY,net_income,10,ttm,63,2016-06-30,396943000.0,2026-06-30,1140972000.0,9.998631074606434,11.137586669204325
CPAY,ocf,3,ttm,61,2023-06-30,1811904000.0,2026-06-30,1847284000.0,3.0006844626967832,0.6465416175805316
CPAY,ocf,5,ttm,61,2021-06-30,1026863000.0,2026-06-30,1847284000.0,4.999315537303217,12.46340172949183
CPAY,ocf,10,ttm,61,2016-06-30,890837000.0,2026-06-30,1847284000.0,9.998631074606434,7.5667082713535505
CPAY,revenue,3,ttm,63,2023-06-30,3626117000.0,2026-06-30,5020502000.0,3.0006844626967832,11.45281271210974
CPAY,revenue,5,ttm,63,2021-06-30,2478620000.0,2026-06-30,5020502000.0,4.999315537303217,15.163759161284496
CPAY,revenue,10,ttm,63,2016-06-30,1714261000.0,2026-06-30,5020502000.0,9.998631074606434,11.345689561375405
CPRT,eps,3,ttm,64,2023-04-30,1.187375,2026-04-30,1.6100000000000003,3.0006844626967832,10.680030596570923
CPRT,eps,5,ttm,64,2021-04-30,0.8855000000000001,2026-04-30,1.6100000000000003,4.999315537303217,12.702765153155271
CPRT,eps,10,ttm,64,2016-04-30,0.24904687500000003,2026-04-30,1.6100000000000003,9.998631074606434,20.52179055025811
CPRT,fcf,3,ttm,64,2023-04-30,869300000.0,2026-04-30,1339238000.0,3.0006844626967832,15.491075046066104
CPRT,fcf,5,ttm,64,2021-04-30,560485000.0,2026-04-30,1339238000.0,4.999315537303217,19.03347501856798
CPRT,fcf,10,ttm,64,2016-04-30,96146000.0,2026-04-30,1339238000.0,9.998631074606434,30.139254910156055
CPRT,net_income,3,ttm,64,2023-04-30,1153691000.0,2026-04-30,1553201000.0,3.0006844626967832,10.41707374761267
CPRT,net_income,5,ttm,64,2021-04-30,846054000.0,2026-04-30,1553201000.0,4.999315537303217,12.920590338016913
CPRT,net_income,10,ttm,64,2016-04-30,243652000.0,2026-04-30,1553201000.0,9.998631074606434,20.352961690018944
CPRT,ocf,3,ttm,64,2023-04-30,1318462000.0,2026-04-30,1685427000.0,3.0006844626967832,8.52738401724784
CPRT,ocf,5,ttm,64,2021-04-30,1029122000.0,2026-04-30,1685427000.0,4.999315537303217,10.370874437416045
CPRT,ocf,10,ttm,64,2016-04-30,270053000.0,2026-04-30,1685427000.0,9.998631074606434,20.09833376876844
CPRT,revenue,3,ttm,62,2023-04-30,3755315000.0,2026-04-30,4638867000.0,3.0006844626967832,7.295507695587955
CPRT,revenue,5,ttm,62,2021-04-30,2469540000.0,2026-04-30,4638867000.0,4.999315537303217,13.44011768361202
CPRT,revenue,10,ttm,62,2016-04-30,1218083000.0,2026-04-30,4638867000.0,9.998631074606434,14.309270933996343
CPT,eps,3,ttm,63,2023-06-30,1.9765231788079465,2026-06-30,3.03,3.0006844626967832,15.300926793136306
CPT,eps,5,ttm,63,2021-06-30,1.254139072847682,2026-06-30,3.03,4.999315537303217,19.29709712639067
CPT,eps,10,ttm,63,2016-06-30,6.48139072847682,2026-06-30,3.03,9.998631074606434,-7.322796351972438
CPT,net_income,3,ttm,66,2023-06-30,208569000.0,2026-06-30,326209000.0,3.0006844626967832,16.07373447415008
CPT,net_income,5,ttm,66,2021-06-30,125676000.0,2026-06-30,326209000.0,4.999315537303217,21.020811511341652
CPT,net_income,10,ttm,66,2016-06-30,585669000.0,2026-06-30,326209000.0,9.998631074606434,-5.684973631130963
CPT,ocf,3,ttm,65,2023-06-30,780720000.0,2026-06-30,807444000.0,3.0006844626967832,1.1279625534069027
CPT,ocf,5,ttm,65,2021-06-30,512814000.0,2026-06-30,807444000.0,4.999315537303217,9.505493369364459
CPT,ocf,10,ttm,65,2016-06-30,450682000.0,2026-06-30,807444000.0,9.998631074606434,6.005326264445565
CPT,revenue,3,ttm,35,2023-06-30,2844000.0,2026-06-30,13121000.0,3.0006844626967832,66.4544046175641
CPT,revenue,5,ttm,35,2021-06-30,10362000.0,2026-06-30,13121000.0,4.999315537303217,4.835284190416189
CPT,revenue,10,ttm,35,2017-12-31,900896000.0,2026-06-30,13121000.0,8.49555099247091,-39.21399821238815
CRH,eps,3,ttm,11,2023-12-31,4.33,2026-06-30,5.66,2.4969199178644765,11.324002624074136
CRH,fcf,3,ttm,11,2023-12-31,3200000000.0,2026-06-30,2766000000.0,2.4969199178644765,-5.67004081799557
CRH,net_income,3,ttm,11,2023-12-31,3178000000.0,2026-06-30,3838000000.0,2.4969199178644765,7.850178293787491
CRH,ocf,3,ttm,11,2023-12-31,5017000000.0,2026-06-30,5419000000.0,2.4969199178644765,3.1351102767597006
CRH,revenue,3,ttm,11,2023-12-31,34949000000.0,2026-06-30,38632000000.0,2.4969199178644765,4.094179286647148
CRL,fcf,3,ttm,65,2023-07-01,289366000.0,2026-06-27,370605000.0,2.9897330595482545,8.628621995399289
CRL,fcf,5,ttm,65,2021-06-26,483998000.0,2026-06-27,370605000.0,5.002053388090349,-5.196786273602427
CRL,fcf,10,ttm,65,2016-06-25,276446000.0,2026-06-27,370605000.0,10.004106776180699,2.973356836880825
CRL,ocf,3,ttm,65,2023-07-01,625041000.0,2026-06-27,582148000.0,2.9897330595482545,-2.3498400853132484
CRL,ocf,5,ttm,65,2021-06-26,672498000.0,2026-06-27,582148000.0,5.002053388090349,-2.843105015542857
CRL,ocf,10,ttm,65,2016-06-25,335183000.0,2026-06-27,582148000.0,10.004106776180699,5.673307461920807
CRL,revenue,3,ttm,66,2023-07-01,4178310000.0,2026-06-27,3998987000.0,2.9897330595482545,-1.4565027821940468
CRL,revenue,5,ttm,66,2021-06-26,3273463000.0,2026-06-27,3998987000.0,5.002053388090349,4.083376641732173
CRL,revenue,10,ttm,66,2016-06-25,1492238000.0,2026-06-27,3998987000.0,10.004106776180699,10.35540662431158
CRM,eps,3,ttm,67,2023-07-31,1.5827463503649637,2026-07-31,10.91,3.0006844626967832,90.28624465544021
CRM,eps,5,ttm,67,2021-07-31,2.4686861313868613,2026-07-31,10.91,4.999315537303217,34.61375721428315
CRM,eps,10,ttm,67,2016-07-31,0.3085857664233577,2026-07-31,10.91,9.998631074606434,42.845342943737094
CRM,fcf,3,ttm,70,2023-07-31,7561000000.0,2026-07-31,15154000000.0,3.0006844626967832,26.07424903385651
CRM,fcf,5,ttm,70,2021-07-31,5470000000.0,2026-07-31,15154000000.0,4.999315537303217,22.608367249318984
CRM,fcf,10,ttm,70,2016-07-31,1606625000.0,2026-07-31,15154000000.0,9.998631074606434,25.162612573143562
CRM,net_income,3,ttm,70,2023-07-31,1578000000.0,2026-07-31,9662000000.0,3.0006844626967832,82.91957162953476
CRM,net_income,5,ttm,70,2021-07-31,2352000000.0,2026-07-31,9662000000.0,4.999315537303217,32.660840861201244
CRM,net_income,10,ttm,70,2016-07-31,217715000.0,2026-07-31,9662000000.0,9.998631074606434,46.13034844708774
CRM,ocf,3,ttm,70,2023-07-31,8400000000.0,2026-07-31,15750000000.0,3.0006844626967832,23.304710144374408
CRM,ocf,5,ttm,70,2021-07-31,6127000000.0,2026-07-31,15750000000.0,4.999315537303217,20.78632371888627
CRM,ocf,10,ttm,70,2016-07-31,1934462000.0,2026-07-31,15750000000.0,9.998631074606434,23.334479207480108
CRM,revenue,3,ttm,70,2023-07-31,33071000000.0,2026-07-31,43938000000.0,3.0006844626967832,9.931360723648929
CRM,revenue,5,ttm,70,2021-07-31,23539000000.0,2026-07-31,43938000000.0,4.999315537303217,13.296860913525776
CRM,revenue,10,ttm,70,2016-07-31,7474586000.0,2026-07-31,43938000000.0,9.998631074606434,19.381174175077433
CRWD,fcf,3,ttm,31,2023-07-31,842456000.0,2026-07-31,1608718000.0,3.0006844626967832,24.05745591477877
CRWD,fcf,5,ttm,31,2021-07-31,380714000.0,2026-07-31,1608718000.0,4.999315537303217,33.41152630811459
CRWD,ocf,3,ttm,31,2023-07-31,1061817000.0,2026-07-31,2016615000.0,3.0006844626967832,23.833056340398564
CRWD,ocf,5,ttm,31,2021-07-31,458972000.0,2026-07-31,2016615000.0,4.999315537303217,34.457478498772545
CRWD,revenue,3,ttm,31,2023-07-31,2642455000.0,2026-07-31,5396145000.0,3.0006844626967832,26.863034113876406
CRWD,revenue,5,ttm,31,2021-07-31,1137922000.0,2026-07-31,5396145000.0,4.999315537303217,36.525172219485036
CRWD,revenue,10,ttm,31,2019-01-31,249824000.0,2026-07-31,5396145000.0,7.496235455167693,50.66623887626325
CSCO,eps,3,ttm,69,2023-07-29,3.07,2026-07-25,3.33,2.9897330595482545,2.756436178458266
CSCO,eps,5,ttm,69,2021-07-31,2.5,2026-07-25,3.33,4.982888432580425,5.922044795505732
CSCO,eps,10,ttm,69,2016-07-30,2.12,2026-07-25,3.33,9.984941820670773,4.626190367057825
CSCO,fcf,3,ttm,69,2023-07-29,19037000000.0,2026-07-25,12767000000.0,2.9897330595482545,-12.508706976576923
CSCO,fcf,5,ttm,69,2021-07-31,14762000000.0,2026-07-25,12767000000.0,4.982888432580425,-2.871781398042794
CSCO,fcf,10,ttm,69,2016-07-30,12424000000.0,2026-07-25,12767000000.0,9.984941820670773,0.2731193103409746
CSCO,net_income,3,ttm,69,2023-07-29,12613000000.0,2026-07-25,13267000000.0,2.9897330595482545,1.7052196346613702
CSCO,net_income,5,ttm,69,2021-07-31,10591000000.0,2026-07-25,13267000000.0,4.982888432580425,4.6247292462443745
CSCO,net_income,10,ttm,69,2016-07-30,10739000000.0,2026-07-25,13267000000.0,9.984941820670773,2.139736768895295
CSCO,ocf,3,ttm,69,2023-07-29,19886000000.0,2026-07-25,14177000000.0,2.9897330595482545,-10.701518383626906
CSCO,ocf,5,ttm,69,2021-07-31,15454000000.0,2026-07-25,14177000000.0,4.982888432580425,-1.7159689113670606
CSCO,ocf,10,ttm,69,2016-07-30,13570000000.0,2026-07-25,14177000000.0,9.984941820670773,0.43921626399252567
CSCO,revenue,3,ttm,69,2023-07-29,56998000000.0,2026-07-25,63325000000.0,2.9897330595482545,3.583565800730981
CSCO,revenue,5,ttm,69,2021-07-31,49818000000.0,2026-07-25,63325000000.0,4.982888432580425,4.932335789747633
CSCO,revenue,10,ttm,69,2016-07-30,49247000000.0,2026-07-25,63325000000.0,9.984941820670773,2.5500814240604797
CSGP,eps,3,ttm,59,2023-06-30,0.855,2026-06-30,0.18,3.0006844626967832,-40.504116891396755
CSGP,eps,5,ttm,59,2021-06-30,0.5318999999999999,2026-06-30,0.18,4.999315537303217,-19.485218621377097
CSGP,eps,10,ttm,59,2016-06-30,0.1395,2026-06-30,0.18,9.998631074606434,2.5820432859609
CSGP,fcf,3,ttm,61,2023-06-30,509865000.0,2026-06-30,280000000.0,3.0006844626967832,-18.10562583815122
CSGP,fcf,5,ttm,61,2021-06-30,346908000.0,2026-06-30,280000000.0,4.999315537303217,-4.195436800657914
CSGP,fcf,10,ttm,61,2016-06-30,174986000.0,2026-06-30,280000000.0,9.998631074606434,4.813752058246923
CSGP,net_income,3,ttm,62,2023-06-30,384309000.0,2026-06-30,73100000.0,3.0006844626967832,-42.48244587849709
CSGP,net_income,5,ttm,62,2021-06-30,229335000.0,2026-06-30,73100000.0,4.999315537303217,-20.443473962045054
CSGP,net_income,10,ttm,62,2016-06-30,49925000.0,2026-06-30,73100000.0,9.998631074606434,3.8872374112030483
CSGP,ocf,3,ttm,61,2023-06-30,565001000.0,2026-06-30,497000000.0,3.0006844626967832,-4.183575939235529
CSGP,ocf,5,ttm,61,2021-06-30,457749000.0,2026-06-30,497000000.0,4.999315537303217,1.6592204852420744
CSGP,ocf,10,ttm,61,2016-06-30,199511000.0,2026-06-30,497000000.0,9.998631074606434,9.558072102007253
CSGP,revenue,3,ttm,62,2023-06-30,2320567000.0,2026-06-30,3555500000.0,3.0006844626967832,15.280212241182834
CSGP,revenue,5,ttm,62,2021-06-30,1808043000.0,2026-06-30,3555500000.0,4.999315537303217,14.484430358962008
CSGP,revenue,10,ttm,62,2016-06-30,788695000.0,2026-06-30,3555500000.0,9.998631074606434,16.254055852613412
CSX,eps,3,ttm,69,2023-06-30,1.9387283236994213,2026-06-30,1.72,3.0006844626967832,-3.9108282064059363
CSX,eps,5,ttm,69,2021-06-30,1.471445086705202,2026-06-30,1.72,4.999315537303217,3.171259798661863
CSX,eps,10,ttm,69,2016-06-24,0.6097880539499035,2026-06-30,1.72,10.015058179329227,10.909115294966632
CSX,fcf,3,ttm,71,2023-06-30,3170000000.0,2026-06-30,2796000000.0,3.0006844626967832,-4.097459091695299
CSX,fcf,5,ttm,71,2021-06-30,2899000000.0,2026-06-30,2796000000.0,4.999315537303217,-0.7210077467566967
CSX,fcf,10,ttm,71,2016-06-24,1040000000.0,2026-06-30,2796000000.0,10.015058179329227,10.378834643543788
CSX,net_income,3,ttm,71,2023-06-30,4035000000.0,2026-06-30,3223000000.0,3.0006844626967832,-7.214593421069104
CSX,net_income,5,ttm,71,2021-06-30,3375000000.0,2026-06-30,3223000000.0,4.999315537303217,-0.917545240813411
CSX,net_income,10,ttm,71,2016-06-24,1774000000.0,2026-06-30,3223000000.0,10.015058179329227,6.143078840529159
CSX,ocf,3,ttm,71,2023-06-30,5469000000.0,2026-06-30,5322000000.0,3.0006844626967832,-0.9039032356401022
CSX,ocf,5,ttm,71,2021-06-30,4478000000.0,2026-06-30,5322000000.0,4.999315537303217,3.5142666288506152
CSX,ocf,10,ttm,71,2016-06-24,3380000000.0,2026-06-30,5322000000.0,10.015058179329227,4.6372152768264785
CSX,revenue,3,ttm,71,2023-06-30,15030000000.0,2026-06-30,14512000000.0,3.0006844626967832,-1.162006290568296
CSX,revenue,5,ttm,71,2021-06-30,11276000000.0,2026-06-30,14512000000.0,4.999315537303217,5.176191540670461
CSX,revenue,10,ttm,71,2016-06-24,11042000000.0,2026-06-30,14512000000.0,10.015058179329227,2.7661552129023548
CTAS,eps,3,ttm,65,2023-05-31,3.25,2026-05-31,4.91,3.0006844626967832,14.74112012117037
CTAS,eps,5,ttm,65,2021-05-31,2.56,2026-05-31,4.91,4.999315537303217,13.91372410803282
CTAS,eps,10,ttm,65,2016-05-31,1.5125,2026-05-31,4.91,9.998631074606434,12.498210012419486
CTAS,fcf,3,ttm,65,2023-05-31,1255119000.0,2026-05-31,1881175000.0,3.0006844626967832,14.437422877558248
CTAS,fcf,5,ttm,65,2021-05-31,1217270000.0,2026-05-31,1881175000.0,4.999315537303217,9.097206999097885
CTAS,fcf,10,ttm,65,2016-05-31,190460000.0,2026-05-31,1881175000.0,9.998631074606434,25.740782704995514
CTAS,net_income,3,ttm,65,2023-05-31,1348080000.0,2026-05-31,1999968000.0,3.0006844626967832,14.04846259456356
CTAS,net_income,5,ttm,65,2021-05-31,1110968000.0,2026-05-31,1999968000.0,4.999315537303217,12.478959627091113
CTAS,net_income,10,ttm,65,2016-05-31,693520000.0,2026-05-31,1999968000.0,9.998631074606434,11.173864690908687
CTAS,ocf,3,ttm,65,2023-05-31,1586228000.0,2026-05-31,2276280000.0,3.0006844626967832,12.79108218792353
CTAS,ocf,5,ttm,65,2021-05-31,1360740000.0,2026-05-31,2276280000.0,4.999315537303217,10.83992540130414
CTAS,ocf,10,ttm,65,2016-05-31,465845000.0,2026-05-31,2276280000.0,9.998631074606434,17.194669166793176
CTAS,revenue,3,ttm,65,2023-05-31,8815769000.0,2026-05-31,11264761000.0,3.0006844626967832,8.51234910438652
CTAS,revenue,5,ttm,65,2021-05-31,7116341000.0,2026-05-31,11264761000.0,4.999315537303217,9.622198602591215
CTAS,revenue,10,ttm,65,2016-05-31,4795772000.0,2026-05-31,11264761000.0,9.998631074606434,8.915934719289442
CTSH,eps,3,ttm,66,2023-03-31,4.528590021691975,2026-03-31,4.66,3.0006844626967832,0.9578343419553992
CTSH,eps,5,ttm,66,2021-03-31,2.880911062906725,2026-03-31,4.66,4.999315537303217,10.097366789033725
CTSH,eps,10,ttm,66,2016-03-31,2.7697180043383955,2026-03-31,4.66,9.998631074606434,5.341168087614534
CTSH,fcf,3,ttm,68,2023-03-31,2681000000.0,2026-03-31,2470000000.0,3.0006844626967832,-2.694791725651524
CTSH,fcf,5,ttm,68,2021-03-31,2609000000.0,2026-03-31,2470000000.0,4.999315537303217,-1.089152339032029
CTSH,fcf,10,ttm,68,2016-03-31,1790700000.0,2026-03-31,2470000000.0,9.998631074606434,3.268846078578469
CTSH,net_income,3,ttm,69,2023-03-31,2307000000.0,2026-03-31,2229000000.0,3.0006844626967832,-1.1396917178693844
CTSH,net_income,5,ttm,69,2021-03-31,1530000000.0,2026-03-31,2229000000.0,4.999315537303217,7.817238043374419
CTSH,net_income,10,ttm,69,2016-03-31,1682000000.0,2026-03-31,2229000000.0,9.998631074606434,2.8561068155435354
CTSH,ocf,3,ttm,68,2023-03-31,2991000000.0,2026-03-31,2757000000.0,3.0006844626967832,-2.678347528811831
CTSH,ocf,5,ttm,68,2021-03-31,2983000000.0,2026-03-31,2757000000.0,4.999315537303217,-1.5635901970247668
CTSH,ocf,10,ttm,68,2016-03-31,2069700000.0,2026-03-31,2757000000.0,9.998631074606434,2.9093041462539215
CTSH,revenue,3,ttm,69,2023-03-31,19414000000.0,2026-03-31,21406000000.0,3.0006844626967832,3.3087102984109107
CTSH,revenue,5,ttm,69,2021-03-31,16828000000.0,2026-03-31,21406000000.0,4.999315537303217,4.930916242028749
CTSH,revenue,10,ttm,69,2016-03-31,12707000000.0,2026-03-31,21406000000.0,9.998631074606434,5.354320417799796
CTVA,eps,3,ttm,31,2023-06-30,1.401960784313725,2026-06-30,1.65,3.0006844626967832,5.578943926419422
CTVA,eps,5,ttm,31,2021-06-30,1.8549019607843134,2026-06-30,1.65,4.999315537303217,-2.3142523564257056
CTVA,fcf,5,ttm,31,2021-06-30,1748000000.0,2026-06-30,629000000.0,4.999315537303217,-18.490226053335334
CTVA,net_income,3,ttm,31,2023-06-30,923000000.0,2026-06-30,1009000000.0,3.0006844626967832,3.0133585400965
CTVA,net_income,5,ttm,31,2021-06-30,1219000000.0,2026-06-30,1009000000.0,4.999315537303217,-3.7113176506139878
CTVA,ocf,5,ttm,31,2021-06-30,2290000000.0,2026-06-30,1211000000.0,4.999315537303217,-11.965245852485095
CTVA,ocf,10,ttm,31,2018-12-31,483000000.0,2026-06-30,1211000000.0,7.496235455167693,13.045426861414944
CTVA,revenue,3,ttm,31,2023-06-30,17531000000.0,2026-06-30,17812000000.0,3.0006844626967832,0.5313405630821277
CTVA,revenue,5,ttm,31,2021-06-30,14875000000.0,2026-06-30,17812000000.0,4.999315537303217,3.6700445655991842
CTVA,revenue,10,ttm,31,2018-12-31,14287000000.0,2026-06-30,17812000000.0,7.496235455167693,2.9854722867159955
CVNA,revenue,3,ttm,39,2023-06-30,11797000000.0,2026-06-30,25058000000.0,3.0006844626967832,28.538550668183582
CVNA,revenue,5,ttm,39,2021-06-30,8951406000.0,2026-06-30,25058000000.0,4.999315537303217,22.863609882417137
CVNA,revenue,10,ttm,39,2016-12-31,365148000.0,2026-06-30,25058000000.0,9.494866529774127,56.105403127389074
CVS,eps,3,ttm,67,2023-06-30,2.33,2026-06-30,3.7900000000000005,3.0006844626967832,17.601185095862327
CVS,eps,5,ttm,67,2021-06-30,5.450000000000001,2026-06-30,3.7900000000000005,4.999315537303217,-7.0082925960083475
CVS,eps,10,ttm,67,2016-06-30,4.350000000000001,2026-06-30,3.7900000000000005,9.998631074606434,-1.3688320511871743
CVS,fcf,3,ttm,69,2023-06-30,17674000000.0,2026-06-30,11758000000.0,3.0006844626967832,-12.700251370772953
CVS,fcf,5,ttm,69,2021-06-30,11618000000.0,2026-06-30,11758000000.0,4.999315537303217,0.23988487176693774
CVS,fcf,10,ttm,69,2016-06-30,7077000000.0,2026-06-30,11758000000.0,9.998631074606434,5.208649219596362
CVS,net_income,3,ttm,70,2023-06-30,2965000000.0,2026-06-30,4890000000.0,3.0006844626967832,18.14396249603847
CVS,net_income,5,ttm,70,2021-06-30,7203000000.0,2026-06-30,4890000000.0,4.999315537303217,-7.454675397633526
CVS,net_income,10,ttm,70,2016-06-30,4814000000.0,2026-06-30,4890000000.0,9.998631074606434,0.15678386458044535
CVS,ocf,3,ttm,69,2023-06-30,20517000000.0,2026-06-30,14780000000.0,3.0006844626967832,-10.353978122982788
CVS,ocf,5,ttm,69,2021-06-30,14180000000.0,2026-06-30,14780000000.0,4.999315537303217,0.832406765448046
CVS,ocf,10,ttm,69,2016-06-30,9604000000.0,2026-06-30,14780000000.0,9.998631074606434,4.4058399272277615
CVS,revenue,3,ttm,70,2023-06-30,339204000000.0,2026-06-30,415086000000.0,3.0006844626967832,6.959420305821795
CVS,revenue,5,ttm,70,2021-06-30,278323000000.0,2026-06-30,415086000000.0,4.999315537303217,8.323466857879058
CVS,revenue,10,ttm,70,2016-06-30,166729000000.0,2026-06-30,415086000000.0,9.998631074606434,9.551446795638107
CVX,eps,3,ttm,71,2023-06-30,15.754836538461538,2026-06-30,10.39,3.0006844626967832,-12.954238527989915
CVX,eps,5,ttm,71,2021-06-30,1.8682019230769236,2026-06-30,10.39,4.999315537303217,40.94794606399248
CVX,fcf,3,ttm,71,2023-06-30,27642000000.0,2026-06-30,27012000000.0,3.0006844626967832,-0.7653853786692477
CVX,fcf,5,ttm,71,2021-06-30,9685000000.0,2026-06-30,27012000000.0,4.999315537303217,22.77321278882618
CVX,net_income,3,ttm,71,2023-06-30,30203000000.0,2026-06-30,20592000000.0,3.0006844626967832,-11.983898043142027
CVX,net_income,5,ttm,71,2021-06-30,3587000000.0,2026-06-30,20592000000.0,4.999315537303217,41.84505917452328
CVX,ocf,3,ttm,71,2023-06-30,41267000000.0,2026-06-30,45321000000.0,3.0006844626967832,3.17213893954138
CVX,ocf,5,ttm,71,2021-06-30,16925000000.0,2026-06-30,45321000000.0,4.999315537303217,21.77716928513378
CVX,ocf,10,ttm,71,2016-06-30,13589000000.0,2026-06-30,45321000000.0,9.998631074606434,12.802405367443527
CVX,revenue,3,ttm,71,2023-06-30,214089000000.0,2026-06-30,208711000000.0,3.0006844626967832,-0.8442656658995684
CVX,revenue,5,ttm,71,2021-06-30,116033000000.0,2026-06-30,208711000000.0,4.999315537303217,12.460431385109882
CVX,revenue,10,ttm,71,2016-06-30,116397000000.0,2026-06-30,208711000000.0,9.998631074606434,6.014147973422479
D,eps,3,ttm,62,2023-03-31,1.81,2026-03-31,3.38,3.0006844626967832,23.13799705260322
D,eps,5,ttm,62,2021-03-31,0.94,2026-03-31,3.38,4.999315537303217,29.173369425279173
D,eps,10,ttm,62,2016-03-31,3.1799999999999997,2026-03-31,3.38,9.998631074606434,0.6118930994041039
D,fcf,10,ttm,44,2010-03-31,182000000.0,2020-03-31,226000000.0,10.001368925393566,2.1885926365626363
D,net_income,3,ttm,69,2023-03-31,1604000000.0,2026-03-31,2954000000.0,3.0006844626967832,22.569348491556674
D,net_income,5,ttm,69,2021-03-31,877000000.0,2026-03-31,2954000000.0,4.999315537303217,27.49601808130333
D,net_income,10,ttm,69,2016-03-31,1887000000.0,2026-03-31,2954000000.0,9.998631074606434,4.584307213856209
D,ocf,3,ttm,68,2023-03-31,4672000000.0,2026-03-31,5060000000.0,3.0006844626967832,2.6943601144481244
D,ocf,5,ttm,68,2021-03-31,5046000000.0,2026-03-31,5060000000.0,4.999315537303217,0.05543560808560777
D,ocf,10,ttm,68,2016-03-31,4552000000.0,2026-03-31,5060000000.0,9.998631074606434,1.0637608450937863
D,revenue,3,ttm,69,2023-03-31,14798000000.0,2026-03-31,17412000000.0,3.0006844626967832,5.570644693793936
D,revenue,5,ttm,69,2021-03-31,13899000000.0,2026-03-31,17412000000.0,4.999315537303217,4.61060179609849
D,revenue,10,ttm,69,2016-03-31,11195000000.0,2026-03-31,17412000000.0,9.998631074606434,4.516554028906072
DAL,eps,3,ttm,63,2023-06-30,4.667740863787376,2026-06-30,6.030000000000001,3.0006844626967832,8.90848976798193
DAL,eps,10,ttm,63,2016-06-30,6.150199335548173,2026-06-30,6.030000000000001,9.998631074606434,-0.19720714191057143
DAL,fcf,3,ttm,50,2023-03-31,1227000000.0,2026-03-31,3920000000.0,3.0006844626967832,47.26814395242047
DAL,fcf,10,ttm,50,2016-03-31,4072000000.0,2026-03-31,3920000000.0,9.998631074606434,-0.37975543739063866
DAL,net_income,3,ttm,67,2023-06-30,2988000000.0,2026-06-30,3951000000.0,3.0006844626967832,9.757175053551869
DAL,net_income,10,ttm,67,2016-06-30,4787000000.0,2026-06-30,3951000000.0,9.998631074606434,-1.901307496608562
DAL,ocf,3,ttm,65,2023-06-30,6900000000.0,2026-06-30,8134000000.0,3.0006844626967832,5.636237930361032
DAL,ocf,10,ttm,65,2016-06-30,7772000000.0,2026-06-30,8134000000.0,9.998631074606434,0.45635322308399395
DAL,revenue,3,ttm,63,2023-06-30,55747000000.0,2026-06-30,68287000000.0,3.0006844626967832,6.995491403056575
DAL,revenue,5,ttm,63,2021-06-30,18311000000.0,2026-06-30,68287000000.0,4.999315537303217,30.119038845684386
DAL,revenue,10,ttm,63,2016-06-30,40307000000.0,2026-06-30,68287000000.0,9.998631074606434,5.4141449779165685
DASH,fcf,3,ttm,23,2023-06-30,847000000.0,2026-06-30,2595000000.0,3.0006844626967832,45.22710455251118
DASH,fcf,5,ttm,23,2021-06-30,453000000.0,2026-06-30,2595000000.0,4.999315537303217,41.78444543057114
DASH,ocf,3,ttm,23,2023-06-30,1012000000.0,2026-06-30,2830000000.0,3.0006844626967832,40.875244803938585
DASH,ocf,5,ttm,23,2021-06-30,585000000.0,2026-06-30,2830000000.0,4.999315537303217,37.07077257890419
DASH,revenue,3,ttm,23,2023-06-30,7687000000.0,2026-06-30,15891000000.0,3.0006844626967832,27.3818254150352
DASH,revenue,5,ttm,23,2021-06-30,4162000000.0,2026-06-30,15891000000.0,4.999315537303217,30.73316117337854
DD,eps,3,ttm,39,2023-06-30,11.96234309623431,2026-06-30,0.4500000000000002,3.0006844626967832,-66.48490885023773
DD,eps,5,ttm,39,2021-06-30,12.916317991631802,2026-06-30,0.4500000000000002,4.999315537303217,-48.90541974602042
DD,eps,10,ttm,39,2016-12-31,6.002744379696091,2026-06-30,0.4500000000000002,9.494866529774127,-23.879705840646892
DD,fcf,3,ttm,27,2023-06-30,428000000.0,2026-06-30,702000000.0,3.0006844626967832,17.927414012557286
DD,fcf,5,ttm,27,2021-09-30,1982000000.0,2026-06-30,702000000.0,4.747433264887063,-19.638048595789936
DD,net_income,3,ttm,39,2023-06-30,4719000000.0,2026-06-30,55000000.0,3.0006844626967832,-77.31957187182839
DD,net_income,5,ttm,39,2021-06-30,6015000000.0,2026-06-30,55000000.0,4.999315537303217,-60.90064594726443
DD,net_income,10,ttm,39,2016-12-31,4318000000.0,2026-06-30,55000000.0,9.494866529774127,-36.84221363593804
DD,ocf,3,ttm,27,2023-06-30,1098000000.0,2026-06-30,1041000000.0,3.0006844626967832,-1.7608589049288859
DD,ocf,5,ttm,27,2021-09-30,2961000000.0,2026-06-30,1041000000.0,4.747433264887063,-19.763500618976536
DD,revenue,3,ttm,39,2023-06-30,12533000000.0,2026-06-30,6988000000.0,3.0006844626967832,-17.690131303944646
DD,revenue,5,ttm,39,2021-06-30,13500000000.0,2026-06-30,6988000000.0,4.999315537303217,-12.341104397186642
DD,revenue,10,ttm,39,2016-12-31,48158000000.0,2026-06-30,6988000000.0,9.494866529774127,-18.396544627767895
DDOG,fcf,3,ttm,28,2023-06-30,454166000.0,2026-06-30,1182109000.0,3.0006844626967832,37.54644828911549
DDOG,fcf,5,ttm,28,2021-06-30,156753000.0,2026-06-30,1182109000.0,4.999315537303217,49.80018815223113
DDOG,ocf,3,ttm,28,2023-06-30,485004000.0,2026-06-30,1229034000.0,3.0006844626967832,36.32499434985226
DDOG,ocf,5,ttm,28,2021-06-30,163471000.0,2026-06-30,1229034000.0,4.999315537303217,49.70924695255403
DDOG,revenue,3,ttm,29,2023-06-30,1897106000.0,2026-06-30,3966725000.0,3.0006844626967832,27.86621463022414
DDOG,revenue,5,ttm,29,2021-06-30,764304000.0,2026-06-30,3966725000.0,4.999315537303217,39.01215471060391
DDOG,revenue,10,ttm,29,2019-06-30,265956000.0,2026-06-30,3966725000.0,7.000684462696783,47.11058970727375
DE,eps,3,ttm,68,2023-07-30,33.73365202890495,2026-08-02,17.96,3.0088980150581794,-18.90062417562567
DE,eps,5,ttm,68,2021-08-01,17.231217342968318,2026-08-02,17.96,5.002053388090349,0.8315857688472761
DE,eps,10,ttm,68,2016-07-31,4.9816787103946645,2026-08-02,17.96,10.004106776180699,13.676370614349498
DE,fcf,3,ttm,69,2023-07-30,5752000000.0,2026-08-02,6021000000.0,3.0088980150581794,1.5306149194155738
DE,fcf,5,ttm,69,2021-08-01,7022000000.0,2026-08-02,6021000000.0,5.002053388090349,-3.027845628187975
DE,fcf,10,ttm,69,2016-07-31,3248800000.0,2026-08-02,6021000000.0,10.004106776180699,6.361282564983806
DE,net_income,3,ttm,70,2023-07-30,10043000000.0,2026-08-02,4873000000.0,3.0088980150581794,-21.364152313095296
DE,net_income,5,ttm,70,2021-08-01,5438000000.0,2026-08-02,4873000000.0,5.002053388090349,-2.1692567095843773
DE,net_income,10,ttm,70,2016-07-31,1590000000.0,2026-08-02,4873000000.0,10.004106776180699,11.84587245312434
DE,ocf,3,ttm,69,2023-07-30,7177000000.0,2026-08-02,7245000000.0,3.0088980150581794,0.31389897735629724
DE,ocf,5,ttm,69,2021-08-01,7740000000.0,2026-08-02,7245000000.0,5.002053388090349,-1.3125693058395727
DE,ocf,10,ttm,69,2016-07-31,3868400000.0,2026-08-02,7245000000.0,10.004106776180699,6.473005852186908
DE,revenue,3,ttm,70,2023-07-30,61376000000.0,2026-08-02,47982000000.0,3.0088980150581794,-7.856369893537007
DE,revenue,5,ttm,70,2021-08-01,42428000000.0,2026-08-02,47982000000.0,5.002053388090349,2.489829557144363
DE,revenue,10,ttm,70,2016-07-31,26839000000.0,2026-08-02,47982000000.0,10.004106776180699,5.979250542207892
DECK,eps,3,ttm,63,2023-06-30,3.3583333333333343,2026-06-30,7.030000000000001,3.0006844626967832,27.914402786845738
DECK,eps,5,ttm,63,2021-06-30,2.576666666666667,2026-06-30,7.030000000000001,4.999315537303217,22.233811175857877
DECK,eps,10,ttm,63,2016-06-30,0.5533333333333336,2026-06-30,7.030000000000001,9.998631074606434,28.947214125428445
DECK,fcf,3,ttm,65,2023-06-30,592315000.0,2026-06-30,1117808000.0,3.0006844626967832,23.571178772620648
DECK,fcf,5,ttm,65,2021-06-30,500236000.0,2026-06-30,1117808000.0,4.999315537303217,17.448646370614874
DECK,fcf,10,ttm,65,2016-06-30,41954000.0,2026-06-30,1117808000.0,9.998631074606434,38.860556672238936
DECK,net_income,3,ttm,66,2023-06-30,535525000.0,2026-06-30,1014840000.0,3.0006844626967832,23.74229520684823
DECK,net_income,5,ttm,66,2021-06-30,438672000.0,2026-06-30,1014840000.0,4.999315537303217,18.26643523489193
DECK,net_income,10,ttm,66,2016-06-30,110674000.0,2026-06-30,1014840000.0,9.998631074606434,24.80970959723865
DECK,ocf,3,ttm,65,2023-06-30,691605000.0,2026-06-30,1193713000.0,3.0006844626967832,19.948800628088193
DECK,ocf,5,ttm,65,2021-06-30,538716000.0,2026-06-30,1193713000.0,4.999315537303217,17.25124733414285
DECK,ocf,10,ttm,65,2016-06-30,109499000.0,2026-06-30,1193713000.0,9.998631074606434,26.988145656645557
DECK,revenue,3,ttm,66,2023-06-30,3688616000.0,2026-06-30,5527289000.0,3.0006844626967832,14.429031019531081
DECK,revenue,5,ttm,66,2021-06-30,2767150000.0,2026-06-30,5527289000.0,4.999315537303217,14.842892405135654
DECK,revenue,10,ttm,66,2016-06-30,1835785000.0,2026-06-30,5527289000.0,9.998631074606434,11.654335022664796
DELL,eps,3,ttm,29,2023-05-05,2.73,2026-05-01,12.55,2.9897330595482545,66.56561812812214
DELL,eps,5,ttm,29,2021-04-30,2.6153066396350733,2026-05-01,12.55,5.002053388090349,36.82589594571228
DELL,fcf,3,ttm,42,2023-05-05,2597000000.0,2026-05-01,9442000000.0,2.9897330595482545,53.99468041185311
DELL,fcf,5,ttm,42,2021-04-30,12293000000.0,2026-05-01,9442000000.0,5.002053388090349,-5.138359421252758
DELL,fcf,10,ttm,42,2016-04-29,2534000000.0,2026-05-01,9442000000.0,10.004106776180699,14.051837839943438
DELL,net_income,3,ttm,42,2023-05-05,1987000000.0,2026-05-01,8409000000.0,2.9897330595482545,62.01903050735012
DELL,net_income,5,ttm,42,2021-04-30,3994000000.0,2026-05-01,8409000000.0,5.002053388090349,16.048815469613544
DELL,ocf,3,ttm,42,2023-05-05,5611000000.0,2026-05-01,12470000000.0,2.9897330595482545,30.618814042827847
DELL,ocf,5,ttm,42,2021-04-30,14441000000.0,2026-05-01,12470000000.0,5.002053388090349,-2.8910922121615723
DELL,ocf,10,ttm,42,2016-04-29,2994000000.0,2026-05-01,12470000000.0,10.004106776180699,15.328337087287336
DELL,revenue,3,ttm,42,2023-05-05,97107000000.0,2026-05-01,134002000000.0,2.9897330595482545,11.373109366160739
DELL,revenue,5,ttm,42,2021-04-30,89182000000.0,2026-05-01,134002000000.0,5.002053388090349,8.480654341875372
DELL,revenue,10,ttm,42,2016-04-29,50587000000.0,2026-05-01,134002000000.0,10.004106776180699,10.227477277909047
DG,eps,3,ttm,63,2023-08-04,9.772691807542262,2026-07-31,7.7,2.9897330595482545,-7.66344403398358
DG,eps,5,ttm,63,2021-07-30,10.453576072821846,2026-07-31,7.7,5.002053388090349,-5.928933174965268
DG,eps,10,ttm,63,2016-07-29,4.275552665799741,2026-07-31,7.7,10.004106776180699,6.057004841599167
DG,fcf,3,ttm,63,2023-08-04,93527000.0,2026-07-31,2010656000.0,2.9897330595482545,179.03505965478797
DG,fcf,5,ttm,63,2021-07-30,1164106000.0,2026-07-31,2010656000.0,5.002053388090349,11.544860022928072
DG,fcf,10,ttm,63,2016-07-29,1074472000.0,2026-07-31,2010656000.0,10.004106776180699,6.4640775315820465
DG,net_income,3,ttm,63,2023-08-04,2168517000.0,2026-07-31,1703399000.0,2.9897330595482545,-7.7574778741520305
DG,net_income,5,ttm,63,2021-07-30,2531771000.0,2026-07-31,1703399000.0,5.002053388090349,-7.616901601289716
DG,net_income,10,ttm,63,2016-07-29,1231138000.0,2026-07-31,1703399000.0,10.004106776180699,3.2987762488950967
DG,ocf,3,ttm,63,2023-08-04,1763260000.0,2026-07-31,3316350000.0,2.9897330595482545,23.527041339805322
DG,ocf,5,ttm,63,2021-07-30,2286368000.0,2026-07-31,3316350000.0,5.002053388090349,7.71832324516295
DG,ocf,10,ttm,63,2016-07-29,1600039000.0,2026-07-31,3316350000.0,10.004106776180699,7.557323170420083
DG,revenue,3,ttm,63,2023-08-04,38806811000.0,2026-07-31,43637998000.0,2.9897330595482545,4.0025411057187155
DG,revenue,5,ttm,63,2021-07-30,33665311000.0,2026-07-31,43637998000.0,5.002053388090349,5.3239615920783745
DG,revenue,10,ttm,63,2016-07-29,21011309000.0,2026-07-31,43637998000.0,10.004106776180699,7.579157993155405
DGX,eps,3,ttm,67,2023-06-30,6.912653927813164,2026-06-30,9.41,3.0006844626967832,10.825088065554578
DGX,eps,5,ttm,67,2021-06-30,16.7521974522293,2026-06-30,9.41,4.999315537303217,-10.896100794614638
DGX,eps,10,ttm,67,2016-06-30,5.713927813163482,2026-06-30,9.41,9.998631074606434,5.1159098197636865
DGX,fcf,3,ttm,67,2023-06-30,878000000.0,2026-06-30,1349000000.0,3.0006844626967832,15.38737572867408
DGX,fcf,5,ttm,67,2021-06-30,2171000000.0,2026-06-30,1349000000.0,4.999315537303217,-9.078882120241671
DGX,fcf,10,ttm,67,2016-06-30,698000000.0,2026-06-30,1349000000.0,9.998631074606434,6.811882789787593
DGX,net_income,3,ttm,70,2023-06-30,794000000.0,2026-06-30,1062000000.0,3.0006844626967832,10.177200890511617
DGX,net_income,5,ttm,70,2021-06-30,2247000000.0,2026-06-30,1062000000.0,4.999315537303217,-13.921364005721792
DGX,net_income,10,ttm,70,2016-06-30,828000000.0,2026-06-30,1062000000.0,9.998631074606434,2.5205430397865936
DGX,ocf,3,ttm,69,2023-06-30,1374000000.0,2026-06-30,1903000000.0,3.0006844626967832,11.465361798580819
DGX,ocf,5,ttm,69,2021-06-30,2594000000.0,2026-06-30,1903000000.0,4.999315537303217,-6.008175575106545
DGX,ocf,10,ttm,69,2016-06-30,948000000.0,2026-06-30,1903000000.0,9.998631074606434,7.217873260285823
DGX,revenue,3,ttm,70,2023-06-30,9488000000.0,2026-06-30,11560000000.0,3.0006844626967832,6.80408496242817
DGX,revenue,5,ttm,70,2021-06-30,11058000000.0,2026-06-30,11560000000.0,4.999315537303217,0.8920107895927121
DGX,revenue,10,ttm,70,2016-06-30,7498000000.0,2026-06-30,11560000000.0,9.998631074606434,4.42483889181573
DHI,eps,3,ttm,64,2023-06-30,14.030000000000001,2026-06-30,10.49,3.0006844626967832,-9.235600058962778
DHI,eps,5,ttm,64,2021-06-30,9.97,2026-06-30,10.49,4.999315537303217,1.0221647605020756
DHI,eps,10,ttm,64,2016-06-30,2.24,2026-06-30,10.49,9.998631074606434,16.697600756671992
DHI,fcf,3,ttm,65,2023-06-30,3237200000.0,2026-06-30,3202200000.0,3.0006844626967832,-0.3616180954305048
DHI,fcf,5,ttm,65,2021-06-30,722500000.0,2026-06-30,3202200000.0,4.999315537303217,34.69138727050773
DHI,fcf,10,ttm,65,2016-06-30,522400000.0,2026-06-30,3202200000.0,9.998631074606434,19.882367078308484
DHI,net_income,3,ttm,66,2023-06-30,4867800000.0,2026-06-30,3052900000.0,3.0006844626967832,-14.399686174714944
DHI,net_income,5,ttm,66,2021-06-30,3665800000.0,2026-06-30,3052900000.0,4.999315537303217,-3.59343996314454
DHI,net_income,10,ttm,66,2016-06-30,841500000.0,2026-06-30,3052900000.0,9.998631074606434,13.75578931399657
DHI,ocf,3,ttm,65,2023-06-30,3385700000.0,2026-06-30,3352600000.0,3.0006844626967832,-0.3268737493570484
DHI,ocf,5,ttm,65,2021-06-30,798200000.0,2026-06-30,3352600000.0,4.999315537303217,33.251181961757716
DHI,ocf,10,ttm,65,2016-06-30,600400000.0,2026-06-30,3352600000.0,9.998631074606434,18.769337010284424
DHI,revenue,3,ttm,64,2023-06-30,34595700000.0,2026-06-30,33349900000.0,3.0006844626967832,-1.214769949144101
DHI,revenue,5,ttm,64,2021-06-30,26065300000.0,2026-06-30,33349900000.0,4.999315537303217,5.0532015791610485
DHI,revenue,10,ttm,64,2016-06-30,11588700000.0,2026-06-30,33349900000.0,9.998631074606434,11.150716506159931
DHR,eps,3,ttm,67,2023-06-30,8.47468085106383,2026-06-26,5.61,2.9897330595482545,-12.888648155344596
DHR,eps,5,ttm,67,2021-07-02,6.640023766410141,2026-06-26,5.61,4.982888432580425,-3.32629434331676
DHR,eps,10,ttm,67,2016-07-01,4.43550060359137,2026-06-26,5.61,9.984941820670773,2.380538003847521
DHR,fcf,3,ttm,69,2023-06-30,7257000000.0,2026-06-26,5466000000.0,2.9897330595482545,-9.044296369021954
DHR,fcf,5,ttm,69,2021-07-02,6876000000.0,2026-06-26,5466000000.0,4.982888432580425,-4.501115267297784
DHR,fcf,10,ttm,69,2016-07-01,3705600000.0,2026-06-26,5466000000.0,9.984941820670773,3.9696464560938782
DHR,net_income,3,ttm,70,2023-06-30,6338000000.0,2026-06-26,4004000000.0,2.9897330595482545,-14.23983120183977
DHR,net_income,5,ttm,70,2021-07-02,5611000000.0,2026-06-26,4004000000.0,4.982888432580425,-6.547675107945272
DHR,net_income,10,ttm,70,2016-07-01,3507000000.0,2026-06-26,4004000000.0,9.984941820670773,1.3361757140943675
DHR,ocf,3,ttm,69,2023-06-30,8424000000.0,2026-06-26,6635000000.0,2.9897330595482545,-7.674391652903023
DHR,ocf,5,ttm,69,2021-07-02,7935000000.0,2026-06-26,6635000000.0,4.982888432580425,-3.527078676999451
DHR,ocf,10,ttm,69,2016-07-01,4238800000.0,2026-06-26,6635000000.0,9.984941820670773,4.58975538316484
DHR,revenue,3,ttm,70,2023-06-30,25450000000.0,2026-06-26,25107000000.0,2.9897330595482545,-0.45282657795107095
DHR,revenue,5,ttm,70,2021-07-02,26720000000.0,2026-06-26,25107000000.0,4.982888432580425,-1.2418146739425873
DHR,revenue,10,ttm,70,2016-07-01,16001200000.0,2026-06-26,25107000000.0,9.984941820670773,4.614945104374679
DIS,eps,3,ttm,36,2023-07-01,1.2325413223140496,2026-06-27,4.85,2.9897330595482545,58.12277886954356
DIS,eps,5,ttm,36,2021-07-03,0.6112603305785124,2026-06-27,4.85,4.982888432580425,51.53777435597433
DIS,eps,10,ttm,36,2017-09-30,5.701756198347106,2026-06-27,4.85,8.739219712525667,-1.8343400640063012
DIS,fcf,3,ttm,32,2023-07-01,2845000000.0,2026-06-27,8293000000.0,2.9897330595482545,43.0238027154654
DIS,fcf,5,ttm,32,2021-07-03,1404000000.0,2026-06-27,8293000000.0,4.982888432580425,42.823174274830535
DIS,fcf,10,ttm,32,2018-09-29,9830000000.0,2026-06-27,8293000000.0,7.742642026009582,-2.1720474067422058
DIS,net_income,3,ttm,36,2023-07-01,2252000000.0,2026-06-27,8600000000.0,2.9897330595482545,56.54630347712073
DIS,net_income,5,ttm,36,2021-07-03,1126000000.0,2026-06-27,8600000000.0,4.982888432580425,50.382894877628104
DIS,net_income,10,ttm,36,2017-09-30,8980000000.0,2026-06-27,8600000000.0,8.739219712525667,-0.49353256331842177
DIS,ocf,3,ttm,32,2023-07-01,7588000000.0,2026-06-27,16989000000.0,2.9897330595482545,30.94256745342183
DIS,ocf,5,ttm,32,2021-07-03,4601000000.0,2026-06-27,16989000000.0,4.982888432580425,29.972884218264827
DIS,ocf,10,ttm,32,2018-09-29,14295000000.0,2026-06-27,16989000000.0,7.742642026009582,2.254988723263329
DIS,revenue,3,ttm,36,2023-07-01,87807000000.0,2026-06-27,98861000000.0,2.9897330595482545,4.045723217742148
DIS,revenue,5,ttm,36,2021-07-03,63591000000.0,2026-06-27,98861000000.0,4.982888432580425,9.259065709985892
DIS,revenue,10,ttm,36,2017-09-30,55137000000.0,2026-06-27,98861000000.0,8.739219712525667,6.909558012734918
DLR,eps,3,ttm,58,2023-03-31,1.0900000000000003,2026-03-31,3.77,3.0006844626967832,51.21584762638855
DLR,eps,5,ttm,58,2021-03-31,1.54,2026-03-31,3.77,4.999315537303217,19.612005645024478
DLR,eps,10,ttm,58,2016-03-31,1.13,2026-03-31,3.77,9.998631074606434,12.806325962386378
DLR,net_income,3,ttm,61,2023-03-31,375770000.0,2026-03-31,1382465000.0,3.0006844626967832,54.35984430424745
DLR,net_income,5,ttm,61,2021-03-31,518304000.0,2026-03-31,1382465000.0,4.999315537303217,21.681788282901127
DLR,net_income,10,ttm,61,2016-03-31,238055000.0,2026-03-31,1382465000.0,9.998631074606434,19.23620456290831
DLR,ocf,3,ttm,60,2023-03-31,1731429000.0,2026-03-31,2545472000.0,3.0006844626967832,13.703845685715299
DLR,ocf,5,ttm,60,2021-03-31,1807756000.0,2026-03-31,2545472000.0,4.999315537303217,7.08527894251747
DLR,ocf,10,ttm,60,2016-03-31,838532000.0,2026-03-31,2545472000.0,9.998631074606434,11.745867375217745
DLR,revenue,3,ttm,61,2023-03-31,4903235000.0,2026-03-31,6340228000.0,3.0006844626967832,8.942892539432346
DLR,revenue,5,ttm,61,2021-03-31,4170663000.0,2026-03-31,6340228000.0,4.999315537303217,8.73890019186292
DLR,revenue,10,ttm,61,2016-03-31,1860926000.0,2026-03-31,6340228000.0,9.998631074606434,13.043310132772179
DLTR,eps,3,ttm,67,2023-07-29,5.5,2026-08-01,8.16,3.0088980150581794,14.009297929097443
DLTR,eps,5,ttm,67,2021-07-31,6.35,2026-08-01,8.16,5.002053388090349,5.141542578288361
DLTR,eps,10,ttm,67,2016-07-30,3.52,2026-08-01,8.16,10.004106776180699,8.767653629088912
DLTR,fcf,3,ttm,65,2023-07-29,1132800000.0,2026-08-01,1978100000.0,3.0088980150581794,20.35376765890433
DLTR,fcf,5,ttm,65,2021-07-31,1130900000.0,2026-08-01,1978100000.0,5.002053388090349,11.826535825040274
DLTR,fcf,10,ttm,65,2016-07-30,837800000.0,2026-08-01,1978100000.0,10.004106776180699,8.967119906442832
DLTR,net_income,3,ttm,67,2023-07-29,1218500000.0,2026-08-01,1612500000.0,3.0088980150581794,9.75848999434399
DLTR,net_income,5,ttm,67,2021-07-31,1489700000.0,2026-08-01,1612500000.0,5.002053388090349,1.5961748252432573
DLTR,net_income,10,ttm,67,2016-07-30,834900000.0,2026-08-01,1612500000.0,10.004106776180699,6.800870179008167
DLTR,ocf,3,ttm,65,2023-07-29,2018000000.0,2026-08-01,3117000000.0,3.0088980150581794,15.5453367890789
DLTR,ocf,5,ttm,65,2021-07-31,2015400000.0,2026-08-01,3117000000.0,5.002053388090349,9.10874527937744
DLTR,ocf,10,ttm,65,2016-07-30,1507200000.0,2026-08-01,3117000000.0,10.004106776180699,7.533464336983764
DLTR,revenue,3,ttm,67,2023-07-29,9545400000.0,2026-08-01,20049400000.0,3.0088980150581794,27.972907406782
DLTR,revenue,5,ttm,67,2021-07-31,25761600000.0,2026-08-01,20049400000.0,5.002053388090349,-4.888145845648751
DLTR,revenue,10,ttm,67,2016-07-30,20935200000.0,2026-08-01,20049400000.0,10.004106776180699,-0.4312173491417215
DOC,eps,3,ttm,67,2023-06-30,0.9699999999999999,2026-06-30,0.35,3.0006844626967832,-28.802332839036303
DOC,eps,5,ttm,67,2021-06-30,0.6199999999999999,2026-06-30,0.35,4.999315537303217,-10.80747242668706
DOC,net_income,3,ttm,70,2023-06-30,531349000.0,2026-06-30,243297000.0,3.0006844626967832,-22.919458649122994
DOC,net_income,5,ttm,70,2021-06-30,505045000.0,2026-06-30,243297000.0,4.999315537303217,-13.592259236656234
DOC,ocf,3,ttm,69,2023-06-30,922330000.0,2026-06-30,1231026000.0,3.0006844626967832,10.0991831912693
DOC,ocf,5,ttm,69,2021-06-30,798202000.0,2026-06-30,1231026000.0,4.999315537303217,9.052602642565155
DOC,ocf,10,ttm,69,2016-06-30,1295071000.0,2026-06-30,1231026000.0,9.998631074606434,-0.5059606421204843
DOC,revenue,3,ttm,70,2023-06-30,903878000.0,2026-06-30,723008000.0,3.0006844626967832,-7.170687291787314
DOC,revenue,5,ttm,70,2021-06-30,780164000.0,2026-06-30,723008000.0,4.999315537303217,-1.5103635179604336
DOC,revenue,10,ttm,70,2016-06-30,2088014000.0,2026-06-30,723008000.0,9.998631074606434,-10.063773096660144
DOV,eps,3,ttm,67,2023-06-30,7.183939759036143,2026-06-30,8.27,3.0006844626967832,4.803622372795879
DOV,eps,5,ttm,67,2021-06-30,6.038096385542168,2026-06-30,8.27,4.999315537303217,6.493925067596762
DOV,eps,10,ttm,67,2016-06-30,2.816921968974443,2026-06-30,8.27,9.998631074606434,11.372885839490564
DOV,fcf,3,ttm,69,2023-06-30,840847000.0,2026-06-30,1176629000.0,3.0006844626967832,11.848396242418048
DOV,fcf,5,ttm,69,2021-06-30,1034643000.0,2026-06-30,1176629000.0,4.999315537303217,2.6056637462611
DOV,fcf,10,ttm,69,2016-06-30,784957000.0,2026-06-30,1176629000.0,9.998631074606434,4.131416215143147
DOV,net_income,3,ttm,70,2023-06-30,1020418000.0,2026-06-30,1134750000.0,3.0006844626967832,3.602567899946729
DOV,net_income,5,ttm,70,2021-06-30,879683000.0,2026-06-30,1134750000.0,4.999315537303217,5.2247314899037445
DOV,net_income,10,ttm,70,2016-06-30,545569000.0,2026-06-30,1134750000.0,9.998631074606434,7.599289870212167
DOV,ocf,3,ttm,69,2023-06-30,1039806000.0,2026-06-30,1395359000.0,3.0006844626967832,10.298134580540609
DOV,ocf,5,ttm,69,2021-06-30,1194395000.0,2026-06-30,1395359000.0,4.999315537303217,3.1595515648359163
DOV,ocf,10,ttm,69,2016-06-30,940097000.0,2026-06-30,1395359000.0,9.998631074606434,4.028821200976029
DOV,revenue,3,ttm,70,2023-06-30,7812667000.0,2026-06-30,8420564000.0,3.0006844626967832,2.5285498490229097
DOV,revenue,5,ttm,70,2021-06-30,7428223000.0,2026-06-30,8420564000.0,4.999315537303217,2.539864858357932
DOV,revenue,10,ttm,70,2016-06-30,6790800000.0,2026-06-30,8420564000.0,9.998631074606434,2.174683978592462
DOW,ocf,3,ttm,30,2023-03-31,6407000000.0,2026-03-31,2065000000.0,3.0006844626967832,-31.431313125189764
DOW,ocf,5,ttm,30,2021-03-31,4696000000.0,2026-03-31,2065000000.0,4.999315537303217,-15.154537118086342
DOW,ocf,10,ttm,30,2018-12-31,4254000000.0,2026-03-31,2065000000.0,7.2470910335386725,-9.491538311347957
DOW,revenue,3,ttm,34,2023-03-31,53489000000.0,2026-03-31,39331000000.0,3.0006844626967832,-9.738962170318244
DOW,revenue,5,ttm,34,2021-03-31,40654000000.0,2026-03-31,39331000000.0,4.999315537303217,-0.6595900863785364
DOW,revenue,10,ttm,34,2017-12-31,43730000000.0,2026-03-31,39331000000.0,8.24640657084189,-1.2774379118284829
DPZ,eps,3,ttm,63,2023-06-18,13.22,2026-06-14,17.63,2.9897330595482545,10.107456125932934
DPZ,eps,5,ttm,63,2021-06-20,12.39,2026-06-14,17.63,4.982888432580425,7.335011688256654
DPZ,eps,10,ttm,63,2016-06-19,3.72,2026-06-14,17.63,9.984941820670773,16.86187233991252
DPZ,fcf,3,annual,17,2023-01-01,388083000.0,2025-12-28,671504000.0,2.9897330595482545,20.128827862822483
DPZ,fcf,5,annual,17,2021-01-03,504026000.0,2025-12-28,671504000.0,4.982888432580425,5.926520512284328
DPZ,fcf,10,annual,17,2016-01-03,228504000.0,2025-12-28,671504000.0,9.984941820670773,11.400228492090637
DPZ,net_income,3,annual,17,2023-01-01,452263000.0,2025-12-28,601704000.0,2.9897330595482545,10.020229153706794
DPZ,net_income,5,annual,17,2021-01-03,491296000.0,2025-12-28,601704000.0,4.982888432580425,4.1521887102828
DPZ,net_income,10,annual,17,2016-01-03,192789000.0,2025-12-28,601704000.0,9.984941820670773,12.07393219168491
DPZ,ocf,3,annual,17,2023-01-01,475317000.0,2025-12-28,792062000.0,2.9897330595482545,18.625796418280082
DPZ,ocf,5,annual,17,2021-01-03,592794000.0,2025-12-28,792062000.0,4.982888432580425,5.988199587642429
DPZ,ocf,10,annual,17,2016-01-03,291786000.0,2025-12-28,792062000.0,9.984941820670773,10.51847351082873
DPZ,revenue,3,annual,17,2023-01-01,4537158000.0,2025-12-28,4939994000.0,2.9897330595482545,2.8860420188387526
DPZ,revenue,5,annual,17,2021-01-03,4117411000.0,2025-12-28,4939994000.0,4.982888432580425,3.7229281534725933
DPZ,revenue,10,annual,17,2016-01-03,2216528000.0,2025-12-28,4939994000.0,9.984941820670773,8.357208816964556
DRI,eps,3,ttm,65,2023-05-28,8.028487475915222,2026-05-31,10.43,3.0088980150581794,9.086622197537775
DRI,eps,5,ttm,65,2021-05-30,4.792976878612716,2026-05-31,10.43,5.002053388090349,16.81754387954719
DRI,eps,10,ttm,65,2016-05-29,2.924017341040462,2026-05-31,10.43,10.004106776180699,13.55539278985416
DRI,fcf,3,ttm,67,2023-05-28,987900000.0,2026-05-31,1119100000.0,3.0088980150581794,4.231403625790353
DRI,fcf,5,ttm,67,2021-05-30,938600000.0,2026-05-31,1119100000.0,5.002053388090349,3.5789245700393657
DRI,fcf,10,ttm,67,2016-05-29,592100000.0,2026-05-31,1119100000.0,10.004106776180699,6.570262119143377
DRI,net_income,3,ttm,67,2023-05-28,981900000.0,2026-05-31,1206700000.0,3.0088980150581794,7.0916874512592765
DRI,net_income,5,ttm,67,2021-05-30,629300000.0,2026-05-31,1206700000.0,5.002053388090349,13.90036153826828
DRI,net_income,10,ttm,67,2016-05-29,375000000.0,2026-05-31,1206700000.0,10.004106776180699,12.392147221821247
DRI,ocf,3,ttm,67,2023-05-28,1552800000.0,2026-05-31,1853100000.0,3.0088980150581794,6.051973786718623
DRI,ocf,5,ttm,67,2021-05-30,1193500000.0,2026-05-31,1853100000.0,5.002053388090349,9.194207037390267
DRI,ocf,10,ttm,67,2016-05-29,820400000.0,2026-05-31,1853100000.0,10.004106776180699,8.485774444971872
DRI,revenue,3,ttm,67,2023-05-28,10487800000.0,2026-05-31,13210900000.0,3.0088980150581794,7.973501099960911
DRI,revenue,5,ttm,67,2021-05-30,7196100000.0,2026-05-31,13210900000.0,5.002053388090349,12.913373175965749
DRI,revenue,10,ttm,67,2016-05-29,6933500000.0,2026-05-31,13210900000.0,10.004106776180699,6.656295468390794
DTE,eps,3,ttm,66,2023-03-31,5.863733552631579,2026-03-31,6.31,3.0006844626967832,2.474534713690324
DTE,eps,5,ttm,66,2021-03-31,7.648799342105262,2026-03-31,6.31,4.999315537303217,-3.7756624037604714
DTE,eps,10,ttm,66,2016-03-31,3.4447088465845463,2026-03-31,6.31,9.998631074606434,6.2407879311283665
DTE,net_income,3,ttm,69,2023-03-31,1134000000.0,2026-03-31,1264000000.0,3.0006844626967832,3.6830480508776464
DTE,net_income,5,ttm,69,2021-03-31,1425000000.0,2026-03-31,1264000000.0,4.999315537303217,-2.369611795165061
DTE,net_income,10,ttm,69,2016-03-31,701000000.0,2026-03-31,1264000000.0,9.998631074606434,6.073380775334125
DTE,ocf,3,ttm,68,2023-03-31,2093000000.0,2026-03-31,3295000000.0,3.0006844626967832,16.326968806702236
DTE,ocf,5,ttm,68,2021-03-31,3693000000.0,2026-03-31,3295000000.0,4.999315537303217,-2.255154118049907
DTE,ocf,10,ttm,68,2016-03-31,1914000000.0,2026-03-31,3295000000.0,9.998631074606434,5.583141184197293
DTE,revenue,3,ttm,26,2015-03-31,11355000000.0,2018-03-31,13124000000.0,3.0006844626967832,4.9433475373268365
DTE,revenue,5,ttm,26,2013-03-31,9068000000.0,2018-03-31,13124000000.0,4.999315537303217,7.6751135443300145
DUK,eps,3,ttm,66,2023-03-31,3.157055214723927,2026-03-31,6.640000000000001,3.0006844626967832,28.116210289396083
DUK,eps,5,ttm,66,2021-03-31,1.7618404907975462,2026-03-31,6.640000000000001,4.999315537303217,30.39354007504833
DUK,eps,10,ttm,66,2016-03-31,3.900490797546013,2026-03-31,6.640000000000001,9.998631074606434,5.464924355750989
DUK,net_income,3,ttm,69,2023-03-31,2483000000.0,2026-03-31,5139000000.0,3.0006844626967832,27.431446648600357
DUK,net_income,5,ttm,69,2021-03-31,1431000000.0,2026-03-31,5139000000.0,4.999315537303217,29.140659659274526
DUK,net_income,10,ttm,69,2016-03-31,2646000000.0,2026-03-31,5139000000.0,9.998631074606434,6.864344159986535
DUK,ocf,3,ttm,64,2023-03-31,5615000000.0,2026-03-31,11665000000.0,3.0006844626967832,27.59123780889643
DUK,ocf,5,ttm,64,2021-03-31,9390000000.0,2026-03-31,11665000000.0,4.999315537303217,4.435081526857121
DUK,ocf,10,ttm,64,2016-03-31,6942000000.0,2026-03-31,11665000000.0,9.998631074606434,5.327820921736182
DUK,revenue,3,ttm,62,2023-03-31,28785000000.0,2026-03-31,32518000000.0,3.0006844626967832,4.147417259672959
DUK,revenue,5,ttm,62,2021-03-31,23526000000.0,2026-03-31,32518000000.0,4.999315537303217,6.688840713642241
DUK,revenue,10,ttm,62,2016-03-31,21956000000.0,2026-03-31,32518000000.0,9.998631074606434,4.0062398992607
DVA,eps,3,ttm,67,2023-06-30,4.948888888888889,2026-06-30,11.79,3.0006844626967832,33.54881392257396
DVA,eps,5,ttm,67,2021-06-30,7.287481481481482,2026-06-30,11.79,4.999315537303217,10.101437529227098
DVA,eps,10,ttm,67,2016-06-30,1.6496296296296298,2026-06-30,11.79,9.998631074606434,21.73751423446497
DVA,fcf,3,ttm,69,2023-06-30,1356746000.0,2026-06-30,1609804000.0,3.0006844626967832,5.86502475065569
DVA,fcf,5,ttm,69,2021-06-30,1124249000.0,2026-06-30,1609804000.0,4.999315537303217,7.445038944519022
DVA,fcf,10,ttm,69,2016-06-30,1285556000.0,2026-06-30,1609804000.0,9.998631074606434,2.275011647380243
DVA,net_income,3,ttm,70,2023-06-30,688950000.0,2026-06-30,1179389000.0,3.0006844626967832,19.62043328604832
DVA,net_income,5,ttm,70,2021-06-30,863670000.0,2026-06-30,1179389000.0,4.999315537303217,6.430365294837559
DVA,net_income,10,ttm,70,2016-06-30,360688000.0,2026-06-30,1179389000.0,9.998631074606434,12.579569175388826
DVA,ocf,3,ttm,69,2023-06-30,1966918000.0,2026-06-30,2193155000.0,3.0006844626967832,3.6949075461082392
DVA,ocf,5,ttm,69,2021-06-30,1801561000.0,2026-06-30,2193155000.0,4.999315537303217,4.012709536140613
DVA,ocf,10,ttm,69,2016-06-30,2061308000.0,2026-06-30,2193155000.0,9.998631074606434,0.6220155536596605
DVA,revenue,3,ttm,35,2023-06-30,11738650000.0,2026-06-30,14009646000.0,3.0006844626967832,6.071121925361922
DVA,revenue,5,ttm,35,2021-06-30,11565899000.0,2026-06-30,14009646000.0,4.999315537303217,3.9086811748189065
DVA,revenue,10,ttm,35,2017-12-31,10468316000.0,2026-06-30,14009646000.0,8.49555099247091,3.4894483163131484
DVN,eps,3,ttm,67,2023-06-30,7.987173396674582,2026-06-30,4.6,3.0006844626967832,-16.796845251768477
DVN,eps,5,ttm,67,2021-06-30,0.19667458432304083,2026-06-30,4.6,4.999315537303217,87.86220034185797
DVN,fcf,3,ttm,69,2023-06-30,3574000000.0,2026-06-30,4694000000.0,3.0006844626967832,9.510016434121926
DVN,fcf,5,ttm,69,2021-06-30,1046000000.0,2026-06-30,4694000000.0,4.999315537303217,35.026849202853995
DVN,fcf,10,ttm,69,2016-06-30,331000000.0,2026-06-30,4694000000.0,9.998631074606434,30.372885409549543
DVN,net_income,3,ttm,70,2023-06-30,4795000000.0,2026-06-30,3280000000.0,3.0006844626967832,-11.886804847355592
DVN,net_income,5,ttm,70,2021-06-30,275000000.0,2026-06-30,3280000000.0,4.999315537303217,64.18659946316221
DVN,ocf,3,ttm,69,2023-06-30,7097000000.0,2026-06-30,8553000000.0,3.0006844626967832,6.416358489792695
DVN,ocf,5,ttm,69,2021-06-30,2470000000.0,2026-06-30,8553000000.0,4.999315537303217,28.203261655461297
DVN,ocf,10,ttm,69,2016-06-30,2659000000.0,2026-06-30,8553000000.0,9.998631074606434,12.394991898616947
DVN,revenue,3,ttm,70,2023-06-30,16825000000.0,2026-06-30,19699000000.0,3.0006844626967832,5.396088853355163
DVN,revenue,5,ttm,70,2021-06-30,8249000000.0,2026-06-30,19699000000.0,4.999315537303217,19.019720755185855
DVN,revenue,10,ttm,70,2016-06-30,11101000000.0,2026-06-30,19699000000.0,9.998631074606434,5.903818140673822
DXCM,eps,3,ttm,63,2023-06-30,0.873452380952381,2026-06-30,2.53,3.0006844626967832,42.536244079531606
DXCM,eps,5,ttm,63,2021-06-30,1.4934027777777779,2026-06-30,2.53,4.999315537303217,11.120703507982267
DXCM,fcf,3,ttm,61,2023-06-30,466000000.0,2026-06-30,1405000000.0,3.0006844626967832,44.453153363874634
DXCM,fcf,5,ttm,61,2021-06-30,100500000.0,2026-06-30,1405000000.0,4.999315537303217,69.48583961485761
DXCM,fcf,10,ttm,61,2016-06-30,8100000.0,2026-06-30,1405000000.0,9.998631074606434,67.47492330999967
DXCM,net_income,3,ttm,63,2023-06-30,357500000.0,2026-06-30,999700000.0,3.0006844626967832,40.87391764786634
DXCM,net_income,5,ttm,63,2021-06-30,618400000.0,2026-06-30,999700000.0,4.999315537303217,10.084393532515424
DXCM,ocf,3,ttm,61,2023-06-30,771400000.0,2026-06-30,1748700000.0,3.0006844626967832,31.3564894596978
DXCM,ocf,5,ttm,61,2021-06-30,409000000.0,2026-06-30,1748700000.0,4.999315537303217,33.72594585848301
DXCM,ocf,10,ttm,61,2016-06-30,49100000.0,2026-06-30,1748700000.0,9.998631074606434,42.95015329230401
DXCM,revenue,3,ttm,63,2023-06-30,3197600000.0,2026-06-30,4969200000.0,3.0006844626967832,15.826043829155957
DXCM,revenue,5,ttm,63,2021-06-30,2169900000.0,2026-06-30,4969200000.0,4.999315537303217,18.0264119944024
DXCM,revenue,10,ttm,63,2016-06-30,489500000.0,2026-06-30,4969200000.0,9.998631074606434,26.086084601234315
EBAY,eps,3,ttm,67,2023-06-30,2.291487603305785,2026-06-30,4.76,3.0006844626967832,27.586778989320248
EBAY,eps,5,ttm,67,2021-06-30,18.4400826446281,2026-06-30,4.76,4.999315537303217,-23.730181502643553
EBAY,eps,10,ttm,67,2016-06-30,1.6030578512396692,2026-06-30,4.76,9.998631074606434,11.499327234314482
EBAY,fcf,3,ttm,69,2023-06-30,2355000000.0,2026-06-30,2428000000.0,3.0006844626967832,1.0225319048997372
EBAY,fcf,5,ttm,69,2021-06-30,2511000000.0,2026-06-30,2428000000.0,4.999315537303217,-0.6701009232278454
EBAY,fcf,10,ttm,69,2016-06-30,2454000000.0,2026-06-30,2428000000.0,9.998631074606434,-0.10647259165305067
EBAY,net_income,3,ttm,70,2023-06-30,1341000000.0,2026-06-30,2222000000.0,3.0006844626967832,18.328243242154407
EBAY,net_income,5,ttm,70,2021-06-30,12884000000.0,2026-06-30,2222000000.0,4.999315537303217,-29.641306460327186
EBAY,net_income,10,ttm,70,2016-06-30,1933000000.0,2026-06-30,2222000000.0,9.998631074606434,1.4032906432505765
EBAY,ocf,3,ttm,69,2023-06-30,2855000000.0,2026-06-30,3036000000.0,3.0006844626967832,2.0696256054161477
EBAY,ocf,5,ttm,69,2021-06-30,2972000000.0,2026-06-30,3036000000.0,4.999315537303217,0.4270824019880548
EBAY,ocf,10,ttm,69,2016-06-30,3130000000.0,2026-06-30,3036000000.0,9.998631074606434,-0.30449865696027256
EBAY,revenue,3,ttm,67,2023-06-30,9940000000.0,2026-06-30,12008000000.0,3.0006844626967832,6.501369012311575
EBAY,revenue,5,ttm,67,2021-06-30,10042000000.0,2026-06-30,12008000000.0,4.999315537303217,3.6411489073419068
EBAY,revenue,10,ttm,67,2016-06-30,8788000000.0,2026-06-30,12008000000.0,9.998631074606434,3.1715414780341122
ECHO,revenue,3,ttm,66,2023-06-30,17859059000.0,2026-06-30,14653925000.0,3.0006844626967832,-6.379347755044229
ECHO,revenue,5,ttm,66,2021-06-30,1945191000.0,2026-06-30,14653925000.0,4.999315537303217,49.76914710279174
ECHO,revenue,10,ttm,66,2016-06-30,2426098000.0,2026-06-30,14653925000.0,9.998631074606434,19.705817214540833
ECL,eps,3,ttm,67,2023-06-30,4.11551677852349,2026-06-30,7.46,3.0006844626967832,21.92286974211641
ECL,eps,5,ttm,67,2021-06-30,3.6448859060402685,2026-06-30,7.46,4.999315537303217,15.403636780484998
ECL,eps,10,ttm,67,2016-06-30,3.1942818791946306,2026-06-30,7.46,9.998631074606434,8.853300663707465
ECL,fcf,3,ttm,69,2023-06-30,1326500000.0,2026-06-30,1874500000.0,3.0006844626967832,12.21424147740533
ECL,fcf,5,ttm,69,2021-06-30,1415900000.0,2026-06-30,1874500000.0,4.999315537303217,5.772777624905734
ECL,fcf,10,ttm,69,2016-06-30,1490800000.0,2026-06-30,1874500000.0,9.998631074606434,2.31704005218476
ECL,net_income,3,ttm,70,2023-06-30,1174600000.0,2026-06-30,2116400000.0,3.0006844626967832,21.679236582992445
ECL,net_income,5,ttm,70,2021-06-30,1050900000.0,2026-06-30,2116400000.0,4.999315537303217,15.03118596505204
ECL,net_income,10,ttm,70,2016-06-30,955900000.0,2026-06-30,2116400000.0,9.998631074606434,8.273769076752725
ECL,ocf,3,ttm,69,2023-06-30,2067500000.0,2026-06-30,3056800000.0,3.0006844626967832,13.918499674291018
ECL,ocf,5,ttm,69,2021-06-30,1899900000.0,2026-06-30,3056800000.0,4.999315537303217,9.979796515666074
ECL,ocf,10,ttm,69,2016-06-30,2238000000.0,2026-06-30,3056800000.0,9.998631074606434,3.1674148299001725
ECL,revenue,3,ttm,70,2023-06-30,14764200000.0,2026-06-30,16842500000.0,3.0006844626967832,4.486744144145538
ECL,revenue,5,ttm,70,2021-06-30,12131600000.0,2026-06-30,16842500000.0,4.999315537303217,6.782871764557052
ECL,revenue,10,ttm,70,2016-06-30,13273000000.0,2026-06-30,16842500000.0,9.998631074606434,2.4106593675046195
ED,eps,3,ttm,62,2023-03-31,7.187318718381113,2026-03-31,6.08,3.0006844626967832,-5.423243317903237
ED,eps,5,ttm,62,2021-03-31,3.465497470489038,2026-03-31,6.08,4.999315537303217,11.901081436764915
ED,eps,10,ttm,62,2016-03-31,3.937133220910624,2026-03-31,6.08,9.998631074606434,4.441940127124222
ED,net_income,3,ttm,66,2023-03-31,832660000.0,2026-03-31,134023000.0,3.0006844626967832,-45.595996330779776
ED,net_income,5,ttm,66,2021-03-31,1145000000.0,2026-03-31,134023000.0,4.999315537303217,-34.88976547735745
ED,net_income,10,ttm,66,2016-03-31,1133000000.0,2026-03-31,134023000.0,9.998631074606434,-19.224017316213338
ED,ocf,3,ttm,62,2023-03-31,3554000000.0,2026-03-31,4137000000.0,3.0006844626967832,5.192396654636577
ED,ocf,5,ttm,62,2021-03-31,2075000000.0,2026-03-31,4137000000.0,4.999315537303217,14.799947523247514
ED,ocf,10,ttm,62,2016-03-31,3242000000.0,2026-03-31,4137000000.0,9.998631074606434,2.4681040379421093
ED,revenue,3,ttm,62,2023-03-31,15717000000.0,2026-03-31,17392000000.0,3.0006844626967832,3.4324028365740444
ED,revenue,5,ttm,62,2021-03-31,12470000000.0,2026-03-31,17392000000.0,4.999315537303217,6.881015363895071
ED,revenue,10,ttm,62,2016-03-31,12094000000.0,2026-03-31,17392000000.0,9.998631074606434,3.700324747857864
EFX,eps,3,ttm,67,2023-06-30,4.242530755711775,2026-06-30,5.68,3.0006844626967832,10.212658107299522
EFX,eps,5,ttm,67,2021-06-30,5.8397188049209126,2026-06-30,5.68,4.999315537303217,-0.5531685539833298
EFX,eps,10,ttm,67,2016-06-30,3.8332513181019325,2026-06-30,5.68,9.998631074606434,4.011280334279155
EFX,fcf,3,ttm,67,2023-06-30,462900000.0,2026-06-30,1105000000.0,3.0006844626967832,33.63789750643775
EFX,fcf,5,ttm,67,2021-06-30,751300000.0,2026-06-30,1105000000.0,4.999315537303217,8.022535225879746
EFX,fcf,10,ttm,67,2016-06-30,604200000.0,2026-06-30,1105000000.0,9.998631074606434,6.223778393762247
EFX,net_income,3,ttm,67,2023-06-30,524600000.0,2026-06-30,691400000.0,3.0006844626967832,9.637194300846442
EFX,net_income,5,ttm,67,2021-06-30,719700000.0,2026-06-30,691400000.0,4.999315537303217,-0.7992176038052246
EFX,net_income,10,ttm,67,2016-06-30,462800000.0,2026-06-30,691400000.0,9.998631074606434,4.096466856510017
EFX,ocf,3,ttm,67,2023-06-30,1093300000.0,2026-06-30,1612400000.0,3.0006844626967832,13.823425360882924
EFX,ocf,5,ttm,67,2021-06-30,1215300000.0,2026-06-30,1612400000.0,4.999315537303217,5.8184072989905244
EFX,ocf,10,ttm,67,2016-06-30,778000000.0,2026-06-30,1612400000.0,9.998631074606434,7.5607080416138395
EFX,revenue,3,ttm,35,2023-06-30,5061800000.0,2026-06-30,6444500000.0,3.0006844626967832,8.38107160707895
EFX,revenue,5,ttm,35,2021-06-30,4634600000.0,2026-06-30,6444500000.0,4.999315537303217,6.816738842993053
EFX,revenue,10,ttm,35,2017-12-31,3362200000.0,2026-06-30,6444500000.0,8.49555099247091,7.9593921359412345
EG,eps,3,ttm,63,2023-06-30,30.13459665466865,2026-06-30,47.300000000000004,3.0006844626967832,16.211836781643886
EG,eps,5,ttm,63,2021-06-30,33.179102265509215,2026-06-30,47.300000000000004,4.999315537303217,7.350363343721744
EG,eps,10,ttm,63,2016-06-30,17.956574211306375,2026-06-30,47.300000000000004,9.998631074606434,10.171566503174322
EG,net_income,3,ttm,66,2023-06-30,1212000000.0,2026-06-30,1913000000.0,3.0006844626967832,16.427537632675637
EG,net_income,5,ttm,66,2021-06-30,1127981000.0,2026-06-30,1913000000.0,4.999315537303217,11.14474121473199
EG,net_income,10,ttm,66,2016-06-30,773212000.0,2026-06-30,1913000000.0,9.998631074606434,9.483084586966207
EG,ocf,3,ttm,66,2023-06-30,4291000000.0,2026-06-30,2000000000.0,3.0006844626967832,-22.4618024544027
EG,ocf,5,ttm,66,2021-06-30,3397376000.0,2026-06-30,2000000000.0,4.999315537303217,-10.056253173640462
EG,ocf,10,ttm,66,2016-06-30,1260164000.0,2026-06-30,2000000000.0,9.998631074606434,4.728055301499645
EG,revenue,3,ttm,66,2023-06-30,13264000000.0,2026-06-30,16771000000.0,3.0006844626967832,8.131875380482478
EG,revenue,5,ttm,66,2021-06-30,11191932000.0,2026-06-30,16771000000.0,4.999315537303217,8.426537455182492
EG,revenue,10,ttm,66,2016-06-30,5520659000.0,2026-06-30,16771000000.0,9.998631074606434,11.754085895916887
EIX,eps,3,ttm,66,2023-03-31,2.3066413043478255,2026-03-31,9.69,3.0006844626967832,61.33694985035516
EIX,eps,5,ttm,66,2021-03-31,2.2750434782608693,2026-03-31,9.69,4.999315537303217,33.62387068812283
EIX,eps,10,ttm,66,2016-03-31,3.2019130434782603,2026-03-31,9.69,9.998631074606434,11.711532234316824
EIX,net_income,3,ttm,69,2023-03-31,998000000.0,2026-03-31,3554000000.0,3.0006844626967832,52.69343132515494
EIX,net_income,5,ttm,69,2021-03-31,846000000.0,2026-03-31,3554000000.0,4.999315537303217,33.255910405576806
EIX,net_income,10,ttm,69,2016-03-31,1002000000.0,2026-03-31,3554000000.0,9.998631074606434,13.499121034278904
EIX,ocf,3,ttm,68,2023-03-31,2334000000.0,2026-03-31,6003000000.0,3.0006844626967832,37.001283616747635
EIX,ocf,5,ttm,68,2021-03-31,1020000000.0,2026-03-31,6003000000.0,4.999315537303217,42.552458707669
EIX,ocf,10,ttm,68,2016-03-31,4400000000.0,2026-03-31,6003000000.0,9.998631074606434,3.1557435539726564
EIX,revenue,3,ttm,69,2023-03-31,17218000000.0,2026-03-31,19609000000.0,3.0006844626967832,4.428719761904265
EIX,revenue,5,ttm,69,2021-03-31,13748000000.0,2026-03-31,19609000000.0,4.999315537303217,7.361212442736487
EIX,revenue,10,ttm,69,2016-03-31,11452000000.0,2026-03-31,19609000000.0,9.998631074606434,5.5262751157182155
EL,eps,3,ttm,65,2023-06-30,2.7900000000000005,2026-06-30,0.5,3.0006844626967832,-43.61303710544505
EL,eps,5,ttm,65,2021-06-30,7.790000000000002,2026-06-30,0.5,4.999315537303217,-42.26304788040118
EL,eps,10,ttm,65,2016-06-30,2.97,2026-06-30,0.5,9.998631074606434,-16.32210212180807
EL,fcf,3,ttm,65,2023-06-30,728000000.0,2026-06-30,1316000000.0,3.0006844626967832,21.811592163463533
EL,fcf,5,ttm,65,2021-06-30,2994000000.0,2026-06-30,1316000000.0,4.999315537303217,-15.161878583711585
EL,fcf,10,ttm,65,2016-06-30,1264000000.0,2026-06-30,1316000000.0,9.998631074606434,0.4040245557752842
EL,net_income,3,ttm,65,2023-06-30,1006000000.0,2026-06-30,182000000.0,3.0006844626967832,-43.435025839746
EL,net_income,5,ttm,65,2021-06-30,2870000000.0,2026-06-30,182000000.0,4.999315537303217,-42.402305565040834
EL,net_income,10,ttm,65,2016-06-30,1115000000.0,2026-06-30,182000000.0,9.998631074606434,-16.58025184813373
EL,ocf,3,ttm,65,2023-06-30,1731000000.0,2026-06-30,1773000000.0,3.0006844626967832,0.8021428118848206
EL,ocf,5,ttm,65,2021-06-30,3631000000.0,2026-06-30,1773000000.0,4.999315537303217,-13.358098953214926
EL,ocf,10,ttm,65,2016-06-30,1789000000.0,2026-06-30,1773000000.0,9.998631074606434,-0.08980972105746554
EL,revenue,3,ttm,65,2023-06-30,15910000000.0,2026-06-30,15049000000.0,3.0006844626967832,-1.8370371928995821
EL,revenue,5,ttm,65,2021-06-30,16215000000.0,2026-06-30,15049000000.0,4.999315537303217,-1.4816225973858344
EL,revenue,10,ttm,65,2016-06-30,11262000000.0,2026-06-30,15049000000.0,9.998631074606434,2.9416050744246247
ELV,eps,3,ttm,67,2023-06-30,26.35495351925631,2026-06-30,22.620000000000005,3.0006844626967832,-4.965383099238196
ELV,eps,5,ttm,67,2021-06-30,17.042602921646747,2026-06-30,22.620000000000005,4.999315537303217,5.826565529839489
ELV,eps,10,ttm,67,2016-06-30,8.661487383798141,2026-06-30,22.620000000000005,9.998631074606434,10.076780815581499
ELV,fcf,3,ttm,69,2023-06-30,10571000000.0,2026-06-30,6289000000.0,3.0006844626967832,-15.891674078076957
ELV,fcf,5,ttm,69,2021-06-30,5778000000.0,2026-06-30,6289000000.0,4.999315537303217,1.7095702302811544
ELV,fcf,10,ttm,69,2016-06-30,2758100000.0,2026-06-30,6289000000.0,9.998631074606434,8.59305714234242
ELV,net_income,3,ttm,70,2023-06-30,6310000000.0,2026-06-30,4963000000.0,3.0006844626967832,-7.690534869900212
ELV,net_income,5,ttm,70,2021-06-30,4231000000.0,2026-06-30,4963000000.0,4.999315537303217,3.243364187327713
ELV,net_income,10,ttm,70,2016-06-30,2319300000.0,2026-06-30,4963000000.0,9.998631074606434,7.905419655335533
ELV,ocf,3,ttm,69,2023-06-30,11825000000.0,2026-06-30,7464000000.0,3.0006844626967832,-14.216185413990456
ELV,ocf,5,ttm,69,2021-06-30,6851000000.0,2026-06-30,7464000000.0,4.999315537303217,1.7289476147005267
ELV,ocf,10,ttm,69,2016-06-30,3417800000.0,2026-06-30,7464000000.0,9.998631074606434,8.12525455151938
ELV,revenue,3,ttm,70,2023-06-30,165712000000.0,2026-06-30,201113000000.0,3.0006844626967832,6.665097602430614
ELV,revenue,5,ttm,70,2021-06-30,129218000000.0,2026-06-30,201113000000.0,4.999315537303217,9.251821509363056
ELV,revenue,10,ttm,70,2016-06-30,81834200000.0,2026-06-30,201113000000.0,9.998631074606434,9.409712489992806
EME,eps,3,ttm,63,2023-06-30,9.996222360635317,2026-06-30,32.13,3.0006844626967832,47.56602681778279
EME,eps,5,ttm,63,2021-06-30,5.88366241046403,2026-06-30,32.13,4.999315537303217,40.434167414589986
EME,eps,10,ttm,63,2016-06-30,2.931824976642791,2026-06-30,32.13,9.998631074606434,27.054925004501573
EME,fcf,3,ttm,65,2023-06-30,673610000.0,2026-06-30,1171382000.0,3.0006844626967832,20.24814991338504
EME,fcf,5,ttm,65,2021-06-30,483899000.0,2026-06-30,1171382000.0,4.999315537303217,19.343639394848445
EME,fcf,10,ttm,65,2016-06-30,281900000.0,2026-06-30,1171382000.0,9.998631074606434,15.310489675412974
EME,net_income,3,ttm,66,2023-06-30,484140000.0,2026-06-30,1439158000.0,3.0006844626967832,43.77273316056139
EME,net_income,5,ttm,66,2021-06-30,323091000.0,2026-06-30,1439158000.0,4.999315537303217,34.826260210313855
EME,net_income,10,ttm,66,2016-06-30,182316000.0,2026-06-30,1439158000.0,9.998631074606434,22.953431532135937
EME,ocf,3,ttm,65,2023-06-30,731716000.0,2026-06-30,1289818000.0,3.0006844626967832,20.7934101431418
EME,ocf,5,ttm,65,2021-06-30,522651000.0,2026-06-30,1289818000.0,4.999315537303217,19.804759608043042
EME,ocf,10,ttm,65,2016-06-30,320517000.0,2026-06-30,1289818000.0,9.998631074606434,14.941276284802152
EME,revenue,3,ttm,66,2023-06-30,11712237000.0,2026-06-30,18597775000.0,3.0006844626967832,16.660842871685166
EME,revenue,5,ttm,66,2021-06-30,9224923000.0,2026-06-30,18597775000.0,4.999315537303217,15.055659390364774
EME,revenue,10,ttm,66,2016-06-30,7155340000.0,2026-06-30,18597775000.0,9.998631074606434,10.024334648396405
EMR,eps,3,ttm,68,2023-06-30,22.87,2026-06-30,4.57,3.0006844626967832,-41.529538783905515
EMR,eps,5,ttm,68,2021-06-30,3.91,2026-06-30,4.57,4.999315537303217,3.1691240932814724
EMR,eps,10,ttm,68,2016-06-30,2.82,2026-06-30,4.57,9.998631074606434,4.946891581259982
EMR,fcf,3,ttm,69,2023-06-30,2203000000.0,2026-06-30,3460000000.0,3.0006844626967832,16.23554596348411
EMR,fcf,5,ttm,69,2021-06-30,3390000000.0,2026-06-30,3460000000.0,4.999315537303217,0.4096661663272494
EMR,fcf,10,ttm,69,2016-06-30,2652000000.0,2026-06-30,3460000000.0,9.998631074606434,2.6956006260390852
EMR,net_income,3,ttm,70,2023-06-30,13215000000.0,2026-06-30,2578000000.0,3.0006844626967832,-41.99583005592914
EMR,net_income,5,ttm,70,2021-06-30,2356000000.0,2026-06-30,2578000000.0,4.999315537303217,1.8175391415818032
EMR,net_income,10,ttm,70,2016-06-30,1845000000.0,2026-06-30,2578000000.0,9.998631074606434,3.4024058122808842
EMR,ocf,3,ttm,69,2023-06-30,2497000000.0,2026-06-30,3912000000.0,3.0006844626967832,16.13914097504441
EMR,ocf,5,ttm,69,2021-06-30,3949000000.0,2026-06-30,3912000000.0,4.999315537303217,-0.18812120910423058
EMR,ocf,10,ttm,69,2016-06-30,3025000000.0,2026-06-30,3912000000.0,9.998631074606434,2.6050829119537378
EMR,revenue,3,ttm,70,2023-06-30,14967000000.0,2026-06-30,18636000000.0,3.0006844626967832,7.580132431805198
EMR,revenue,5,ttm,70,2021-06-30,17847000000.0,2026-06-30,18636000000.0,4.999315537303217,0.8690684585047181
EMR,revenue,10,ttm,70,2016-06-30,14794000000.0,2026-06-30,18636000000.0,9.998631074606434,2.3359160614044194
EOG,eps,3,ttm,67,2023-06-30,14.838452566096425,2026-06-30,12.85,3.0006844626967832,-4.681707046647521
EOG,eps,5,ttm,67,2021-06-30,3.2174961119751164,2026-06-30,12.85,4.999315537303217,31.914788854346554
EOG,net_income,3,ttm,70,2023-06-30,8707000000.0,2026-06-30,6876000000.0,3.0006844626967832,-7.566321382169416
EOG,net_income,5,ttm,70,2021-06-30,1879466000.0,2026-06-30,6876000000.0,4.999315537303217,29.621100198928076
EOG,ocf,3,ttm,69,2023-06-30,13749000000.0,2026-06-30,13358000000.0,3.0006844626967832,-0.9568612354132977
EOG,ocf,5,ttm,69,2021-06-30,5764000000.0,2026-06-30,13358000000.0,4.999315537303217,18.30782994215019
EOG,ocf,10,ttm,69,2016-06-30,2541982000.0,2026-06-30,13358000000.0,9.998631074606434,18.050209520558358
EOG,revenue,3,ttm,70,2023-06-30,25929000000.0,2026-06-30,27026000000.0,3.0006844626967832,1.3905082119530343
EOG,revenue,5,ttm,70,2021-06-30,13044498000.0,2026-06-30,27026000000.0,4.999315537303217,15.685663797179705
EOG,revenue,10,ttm,70,2016-06-30,7099278000.0,2026-06-30,27026000000.0,9.998631074606434,14.30486302682663
EQIX,eps,3,ttm,63,2023-06-30,8.66,2026-06-30,15.54,3.0006844626967832,21.51365007829378
EQIX,eps,5,ttm,63,2021-06-30,3.81,2026-06-30,15.54,4.999315537303217,32.471338762319604
EQIX,eps,10,ttm,63,2016-06-30,1.0699999999999998,2026-06-30,15.54,9.998631074606434,30.68406461069928
EQIX,net_income,3,ttm,66,2023-06-30,807225000.0,2026-06-30,1533000000.0,3.0006844626967832,23.83060781205113
EQIX,net_income,5,ttm,66,2021-06-30,342382000.0,2026-06-30,1533000000.0,4.999315537303217,34.96590550228309
EQIX,net_income,10,ttm,66,2016-06-30,65463000.0,2026-06-30,1533000000.0,9.998631074606434,37.079772727539506
EQIX,ocf,3,ttm,65,2023-06-30,3013296000.0,2026-06-30,3942000000.0,3.0006844626967832,9.366102920107199
EQIX,ocf,5,ttm,65,2021-06-30,2208665000.0,2026-06-30,3942000000.0,4.999315537303217,12.285646328030065
EQIX,ocf,10,ttm,65,2016-06-30,832647000.0,2026-06-30,3942000000.0,9.998631074606434,16.824737765090102
EQIX,revenue,3,ttm,66,2023-06-30,7955399000.0,2026-06-30,9805000000.0,3.0006844626967832,7.214857919737816
EQIX,revenue,5,ttm,66,2021-06-30,6337865000.0,2026-06-30,9805000000.0,4.999315537303217,9.120440834161947
EQIX,revenue,10,ttm,66,2016-06-30,3161777000.0,2026-06-30,9805000000.0,9.998631074606434,11.984616128854398
EQT,eps,3,ttm,67,2023-06-30,9.16,2026-06-30,4.31,3.0006844626967832,-22.21685593042284
EQT,fcf,3,ttm,69,2023-06-30,2616535000.0,2026-06-30,3758333000.0,3.0006844626967832,12.82645560436617
EQT,fcf,5,ttm,69,2021-06-30,33579000.0,2026-06-30,3758333000.0,4.999315537303217,156.94584784100795
EQT,net_income,3,ttm,70,2023-06-30,3547574000.0,2026-06-30,2711615000.0,3.0006844626967832,-8.565998151876009
EQT,ocf,3,ttm,69,2023-06-30,4313801000.0,2026-06-30,6246145000.0,3.0006844626967832,13.12843062175273
EQT,ocf,5,ttm,69,2021-06-30,1033974000.0,2026-06-30,6246145000.0,4.999315537303217,43.29857677911628
EQT,ocf,10,ttm,69,2016-06-30,1054317000.0,2026-06-30,6246145000.0,9.998631074606434,19.47434647003623
EQT,revenue,3,ttm,35,2023-06-30,8941016000.0,2026-06-30,9535318000.0,3.0006844626967832,2.167785014523771
EQT,revenue,5,ttm,35,2021-06-30,3645181000.0,2026-06-30,9535318000.0,4.999315537303217,21.2089396344334
EQT,revenue,10,ttm,35,2017-12-31,3091020000.0,2026-06-30,9535318000.0,8.49555099247091,14.179203308679366
ERIE,eps,3,ttm,63,2023-06-30,6.75897254944099,2026-06-30,11.02,3.0006844626967832,17.693052940227382
ERIE,eps,5,ttm,63,2021-06-30,5.8174039906343324,2026-06-30,11.02,4.999315537303217,13.631325122753179
ERIE,eps,10,ttm,63,2016-06-30,3.5695379730711037,2026-06-30,11.02,9.998631074606434,11.93442214209972
ERIE,fcf,3,ttm,31,2023-06-30,355699000.0,2026-06-30,553083000.0,3.0006844626967832,15.847850184192103
ERIE,fcf,5,ttm,31,2021-06-30,296734000.0,2026-06-30,553083000.0,4.999315537303217,13.264028580512722
ERIE,fcf,10,ttm,31,2018-12-31,207288000.0,2026-06-30,553083000.0,7.496235455167693,13.987534129163981
ERIE,net_income,3,ttm,66,2023-06-30,353896000.0,2026-06-30,577001000.0,3.0006844626967832,17.693052940227382
ERIE,net_income,5,ttm,66,2021-06-30,304596000.0,2026-06-30,577001000.0,4.999315537303217,13.631325122753179
ERIE,net_income,10,ttm,66,2016-06-30,186899000.0,2026-06-30,577001000.0,9.998631074606434,11.93442214209972
ERIE,ocf,3,ttm,65,2023-06-30,439885000.0,2026-06-30,697777000.0,3.0006844626967832,16.62113494095019
ERIE,ocf,5,ttm,65,2021-06-30,343033000.0,2026-06-30,697777000.0,4.999315537303217,15.261586724243003
ERIE,ocf,10,ttm,65,2016-06-30,225982000.0,2026-06-30,697777000.0,9.998631074606434,11.936309426737823
ERIE,revenue,3,ttm,66,2023-06-30,3034206000.0,2026-06-30,4119469000.0,3.0006844626967832,10.727449134081123
ERIE,revenue,5,ttm,66,2021-06-30,2572940000.0,2026-06-30,4119469000.0,4.999315537303217,9.87222345546881
ERIE,revenue,10,ttm,66,2016-06-30,1551629000.0,2026-06-30,4119469000.0,9.998631074606434,10.25826160822132
ES,eps,3,ttm,63,2023-06-30,3.3800000000000003,2026-06-30,3.8500000000000005,3.0006844626967832,4.434432346015882
ES,eps,5,ttm,63,2021-06-30,3.620000000000001,2026-06-30,3.8500000000000005,4.999315537303217,1.2397733771995156
ES,eps,10,ttm,63,2016-06-30,2.72,2026-06-30,3.8500000000000005,9.998631074606434,3.535968042094906
ES,net_income,3,ttm,63,2023-06-30,1183674000.0,2026-06-30,1449376000.0,3.0006844626967832,6.981733801768231
ES,net_income,5,ttm,63,2021-06-30,1256366000.0,2026-06-30,1449376000.0,4.999315537303217,2.899834820910252
ES,net_income,10,ttm,63,2016-06-30,873000000.0,2026-06-30,1449376000.0,9.998631074606434,5.200958445068049
ES,ocf,3,ttm,61,2023-06-30,2206751000.0,2026-06-30,4430451000.0,3.0006844626967832,26.146494621523452
ES,ocf,5,ttm,61,2021-06-30,1484642000.0,2026-06-30,4430451000.0,4.999315537303217,24.445226034405266
ES,ocf,10,ttm,61,2016-06-30,1546907000.0,2026-06-30,4430451000.0,9.998631074606434,11.097587920805507
ES,revenue,3,ttm,63,2023-06-30,12634000000.0,2026-06-30,14078100000.0,3.0006844626967832,3.6726382518323053
ES,revenue,5,ttm,63,2021-06-30,9439400000.0,2026-06-30,14078100000.0,4.999315537303217,8.32399905362382
ES,revenue,10,ttm,63,2016-06-30,7447100000.0,2026-06-30,14078100000.0,9.998631074606434,6.576013761802169
ESS,eps,3,ttm,63,2023-06-30,8.19721183800623,2026-06-30,6.41,3.0006844626967832,-7.869079275602619
ESS,eps,5,ttm,63,2021-06-30,6.220295950155763,2026-06-30,6.41,4.999315537303217,0.6027270931924233
ESS,eps,10,ttm,63,2016-06-30,4.1535202492211845,2026-06-30,6.41,9.998631074606434,4.435163195047109
ESS,fcf,3,ttm,19,2011-12-31,200125000.0,2014-12-31,411883000.0,3.0006844626967832,27.194111575713166
ESS,fcf,5,ttm,19,2010-06-30,170083000.0,2014-12-31,411883000.0,4.503764544832307,21.69902175179217
ESS,net_income,3,ttm,66,2023-06-30,531159000.0,2026-06-30,413842000.0,3.0006844626967832,-7.980843515924518
ESS,net_income,5,ttm,66,2021-06-30,402696000.0,2026-06-30,413842000.0,4.999315537303217,0.5476151925708717
ESS,net_income,10,ttm,66,2016-06-30,277110000.0,2026-06-30,413842000.0,9.998631074606434,4.0927833494039945
ESS,ocf,3,ttm,65,2023-06-30,954431000.0,2026-06-30,1118023000.0,3.0006844626967832,5.413648005510852
ESS,ocf,5,ttm,65,2021-06-30,805069000.0,2026-06-30,1118023000.0,4.999315537303217,6.789224325916221
ESS,ocf,10,ttm,65,2016-06-30,681473000.0,2026-06-30,1118023000.0,9.998631074606434,5.0759081087334845
ESS,revenue,3,ttm,66,2023-06-30,11255000.0,2026-06-30,9295000.0,3.0006844626967832,-6.177367054706561
ESS,revenue,5,ttm,66,2021-06-30,9103000.0,2026-06-30,9295000.0,4.999315537303217,0.4183817698675485
ESS,revenue,10,ttm,66,2016-06-30,1251164000.0,2026-06-30,9295000.0,9.998631074606434,-38.75588460272771
ETN,eps,3,ttm,55,2023-06-30,6.76,2026-06-30,9.82,3.0006844626967832,13.251144745539612
ETN,eps,5,ttm,55,2021-06-30,4.69,2026-06-30,9.82,4.999315537303217,15.930181831828595
ETN,eps,10,ttm,55,2016-06-30,4.03,2026-06-30,9.82,9.998631074606434,9.316555778684288
ETN,fcf,3,ttm,55,2023-06-30,2706000000.0,2026-06-30,3934000000.0,3.0006844626967832,13.280849825406937
ETN,fcf,5,ttm,55,2021-06-30,2302000000.0,2026-06-30,3934000000.0,4.999315537303217,11.314612779343625
ETN,fcf,10,ttm,55,2016-06-30,2380000000.0,2026-06-30,3934000000.0,9.998631074606434,5.154709524706336
ETN,net_income,3,ttm,55,2023-06-30,2710000000.0,2026-06-30,3829000000.0,3.0006844626967832,12.208893011414169
ETN,net_income,5,ttm,55,2021-06-30,1885000000.0,2026-06-30,3829000000.0,4.999315537303217,15.229381265534547
ETN,net_income,10,ttm,55,2016-06-30,1866000000.0,2026-06-30,3829000000.0,9.998631074606434,7.453767389774746
ETN,ocf,3,ttm,55,2023-06-30,3336000000.0,2026-06-30,4950000000.0,3.0006844626967832,14.054744247568763
ETN,ocf,5,ttm,55,2021-06-30,2761000000.0,2026-06-30,4950000000.0,4.999315537303217,12.386643500179929
ETN,ocf,10,ttm,55,2016-06-30,2886000000.0,2026-06-30,4950000000.0,9.998631074606434,5.544132628129561
ETN,revenue,3,ttm,55,2023-06-30,22046000000.0,2026-06-30,30025000000.0,3.0006844626967832,10.842812631113418
ETN,revenue,5,ttm,55,2021-06-30,19120000000.0,2026-06-30,30025000000.0,4.999315537303217,9.447133714496548
ETR,eps,3,ttm,66,2023-03-31,2.7349999999999994,2026-03-31,3.92,3.0006844626967832,12.7451042393524
ETR,eps,5,ttm,66,2021-03-31,3.9849999999999994,2026-03-31,3.92,4.999315537303217,-0.328417726038166
ETR,net_income,3,ttm,69,2023-03-31,1137704000.0,2026-03-31,1782428000.0,3.0006844626967832,16.13935549282055
ETR,net_income,5,ttm,69,2021-03-31,1604185000.0,2026-03-31,1782428000.0,4.999315537303217,2.1298659520613494
ETR,ocf,3,ttm,68,2023-03-31,3007067000.0,2026-03-31,5443427000.0,3.0006844626967832,21.86813639128975
ETR,ocf,5,ttm,68,2021-03-31,1981241000.0,2026-03-31,5443427000.0,4.999315537303217,22.404966199156128
ETR,ocf,10,ttm,68,2016-03-31,3213047000.0,2026-03-31,5443427000.0,9.998631074606434,5.4140907569423025
ETR,revenue,3,ttm,48,2023-03-31,13867370000.0,2026-03-31,13287438000.0,3.0006844626967832,-1.4135731072933533
ETR,revenue,5,ttm,48,2021-03-31,10531295000.0,2026-03-31,13287438000.0,4.999315537303217,4.759799621157357
ETR,revenue,10,ttm,48,2016-12-31,10845644000.0,2026-03-31,13287438000.0,9.245722108145106,2.2205050942166737
EVRG,eps,3,ttm,34,2023-03-31,3.5119148936170217,2026-03-31,3.93,3.0006844626967832,3.8195498969581854
EVRG,eps,5,ttm,34,2021-03-31,3.3969414893617023,2026-03-31,3.93,4.999315537303217,2.9586003978770092
EVRG,eps,10,ttm,34,2017-12-31,2.3726329787234044,2026-03-31,3.93,8.24640657084189,6.31062352413414
EVRG,net_income,3,ttm,34,2023-03-31,772800000.0,2026-03-31,882100000.0,3.0006844626967832,4.507117200390898
EVRG,net_income,5,ttm,34,2021-03-31,740500000.0,2026-03-31,882100000.0,4.999315537303217,3.562048577666155
EVRG,net_income,10,ttm,34,2017-12-31,323900000.0,2026-03-31,882100000.0,8.24640657084189,12.918008254680146
EVRG,ocf,3,ttm,32,2023-03-31,1899700000.0,2026-03-31,1958100000.0,3.0006844626967832,1.0141658115664365
EVRG,ocf,5,ttm,32,2021-03-31,1404600000.0,2026-03-31,1958100000.0,4.999315537303217,6.871127544027611
EVRG,ocf,10,ttm,32,2018-06-30,946200000.0,2026-03-31,1958100000.0,7.750855578370979,9.837487043135384
EVRG,revenue,3,ttm,34,2023-03-31,5668700000.0,2026-03-31,5761100000.0,3.0006844626967832,0.5402851725997415
EVRG,revenue,5,ttm,34,2021-03-31,5186400000.0,2026-03-31,5761100000.0,4.999315537303217,2.124308936248198
EVRG,revenue,10,ttm,34,2017-12-31,2571000000.0,2026-03-31,5761100000.0,8.24640657084189,10.278700472877112
EW,eps,3,ttm,67,2023-06-30,2.182068965517241,2026-06-30,1.68,3.0006844626967832,-8.345124727561748
EW,eps,5,ttm,67,2021-06-30,2.2496551724137928,2026-06-30,1.68,4.999315537303217,-5.673180065525241
EW,eps,10,ttm,67,2016-06-30,0.7788505747126435,2026-06-30,1.68,9.998631074606434,7.991627064657503
EW,fcf,3,ttm,65,2023-06-30,702200000.0,2026-06-30,1433600000.0,3.0006844626967832,26.852438752822195
EW,fcf,5,ttm,65,2021-06-30,1050700000.0,2026-06-30,1433600000.0,4.999315537303217,6.412720724292464
EW,fcf,10,ttm,65,2016-06-30,475400000.0,2026-06-30,1433600000.0,9.998631074606434,11.671781525451209
EW,net_income,3,ttm,67,2023-06-30,1389500000.0,2026-06-30,1004900000.0,3.0006844626967832,-10.236702325112368
EW,net_income,5,ttm,67,2021-06-30,1462400000.0,2026-06-30,1004900000.0,4.999315537303217,-7.230146277684513
EW,net_income,10,ttm,67,2016-06-30,528400000.0,2026-06-30,1004900000.0,9.998631074606434,6.639923717771534
EW,ocf,3,ttm,65,2023-06-30,940400000.0,2026-06-30,1720300000.0,3.0006844626967832,22.29552897354534
EW,ocf,5,ttm,65,2021-06-30,1442500000.0,2026-06-30,1720300000.0,4.999315537303217,3.585691105272315
EW,ocf,10,ttm,65,2016-06-30,603700000.0,2026-06-30,1720300000.0,9.998631074606434,11.041297509815351
EW,revenue,3,ttm,67,2023-06-30,4249100000.0,2026-06-30,6512300000.0,3.0006844626967832,15.291790180604426
EW,revenue,5,ttm,67,2021-06-30,4925200000.0,2026-06-30,6512300000.0,4.999315537303217,5.746360082841195
EW,revenue,10,ttm,67,2016-06-30,2743200000.0,2026-06-30,6512300000.0,9.998631074606434,9.031712504277234
EXC,eps,3,ttm,66,2023-03-31,2.251721611721612,2026-03-31,2.72,3.0006844626967832,6.498910209948705
EXC,eps,5,ttm,66,2021-03-31,1.3630487059303038,2026-03-31,2.72,4.999315537303217,14.820576242047778
EXC,eps,10,ttm,66,2016-03-31,1.3857754228652948,2026-03-31,2.72,9.998631074606434,6.977295614248469
EXC,net_income,3,ttm,66,2023-03-31,2242000000.0,2026-03-31,2779000000.0,3.0006844626967832,7.418039670773324
EXC,net_income,5,ttm,66,2021-03-31,1092000000.0,2026-03-31,2779000000.0,4.999315537303217,20.54363672811732
EXC,net_income,10,ttm,66,2016-03-31,1749000000.0,2026-03-31,2779000000.0,9.998631074606434,4.740013851272673
EXC,ocf,3,ttm,59,2023-03-31,3572000000.0,2026-03-31,6778000000.0,3.0006844626967832,23.7966481629984
EXC,ocf,5,ttm,59,2021-03-31,1894000000.0,2026-03-31,6778000000.0,4.999315537303217,29.05043717570186
EXC,ocf,10,ttm,59,2016-03-31,7599000000.0,2026-03-31,6778000000.0,9.998631074606434,-1.1369892628652956
EXC,revenue,3,ttm,66,2023-03-31,19313000000.0,2026-03-31,24786000000.0,3.0006844626967832,8.67024916154957
EXC,revenue,5,ttm,66,2021-03-31,12545000000.0,2026-03-31,24786000000.0,4.999315537303217,14.592251858652471
EXC,revenue,10,ttm,66,2016-03-31,28190000000.0,2026-03-31,24786000000.0,9.998631074606434,-1.2788122733541352
EXE,eps,3,ttm,59,2023-03-31,42.53333333333334,2026-03-31,11.6,3.0006844626967832,-35.14366144924804
EXE,fcf,3,ttm,18,2023-03-31,2185000000.0,2026-03-31,3001000000.0,3.0006844626967832,11.154668065914187
EXE,fcf,5,ttm,18,2020-12-31,22000000.0,2026-03-31,3001000000.0,5.245722108145106,155.25157738104744
EXE,net_income,3,ttm,65,2023-03-31,7089000000.0,2026-03-31,3227000000.0,3.0006844626967832,-23.069719302319946
EXE,ocf,3,ttm,64,2023-03-31,4161000000.0,2026-03-31,5881000000.0,3.0006844626967832,12.220723284252744
EXE,ocf,5,ttm,64,2020-12-31,1164000000.0,2026-03-31,5881000000.0,5.245722108145106,36.17862156659193
EXE,ocf,10,ttm,64,2016-03-31,390000000.0,2026-03-31,5881000000.0,9.998631074606434,31.176122937707838
EXE,revenue,3,ttm,65,2023-03-31,14178000000.0,2026-03-31,14325000000.0,3.0006844626967832,0.34433956927855114
EXE,revenue,5,ttm,65,2020-12-31,3265000000.0,2026-03-31,14325000000.0,5.245722108145106,32.56404470093892
EXE,revenue,10,ttm,65,2016-03-31,11499000000.0,2026-03-31,14325000000.0,9.998631074606434,2.2220914399988523
EXPD,eps,3,ttm,67,2023-06-30,6.680276162790698,2026-06-30,6.87,3.0006844626967832,0.9376482963844079
EXPD,eps,5,ttm,67,2021-06-30,5.781584302325581,2026-06-30,6.87,4.999315537303217,3.5104093549354953
EXPD,eps,10,ttm,67,2016-06-30,2.3865261627906977,2026-06-30,6.87,9.998631074606434,11.15406262386751
EXPD,fcf,3,ttm,70,2023-06-30,1807080000.0,2026-06-30,923864000.0,3.0006844626967832,-20.035165573153655
EXPD,fcf,5,ttm,70,2021-06-30,655122000.0,2026-06-30,923864000.0,4.999315537303217,7.1177051329058605
EXPD,fcf,10,ttm,70,2016-06-30,542237000.0,2026-06-30,923864000.0,9.998631074606434,5.4739129167415745
EXPD,net_income,3,ttm,70,2023-06-30,1056296000.0,2026-06-30,918799000.0,3.0006844626967832,-4.541142714652491
EXPD,net_income,5,ttm,70,2021-06-30,993519000.0,2026-06-30,918799000.0,4.999315537303217,-1.5517642807015508
EXPD,net_income,10,ttm,70,2016-06-30,445395000.0,2026-06-30,918799000.0,9.998631074606434,7.510733077842513
EXPD,ocf,3,ttm,70,2023-06-30,1861941000.0,2026-06-30,972541000.0,3.0006844626967832,-19.461763846098012
EXPD,ocf,5,ttm,70,2021-06-30,689354000.0,2026-06-30,972541000.0,4.999315537303217,7.126574131750241
EXPD,ocf,10,ttm,70,2016-06-30,591577000.0,2026-06-30,972541000.0,9.998631074606434,5.097556705287598
EXPD,revenue,3,ttm,70,2023-06-30,12636015000.0,2026-06-30,12036002000.0,3.0006844626967832,-1.6081833388404077
EXPD,revenue,5,ttm,70,2021-06-30,12325814000.0,2026-06-30,12036002000.0,4.999315537303217,-0.4748031297642785
EXPD,revenue,10,ttm,70,2016-06-30,6141189000.0,2026-06-30,12036002000.0,9.998631074606434,6.961375628510291
EXPE,eps,3,ttm,63,2023-06-30,5.67788125,2026-06-30,15.91,3.0006844626967832,40.970184276250386
EXPE,eps,10,ttm,63,2016-06-30,1.51145,2026-06-30,15.91,9.998631074606434,26.544022550122335
EXPE,fcf,3,ttm,65,2023-06-30,2321000000.0,2026-06-30,4459000000.0,3.0006844626967832,24.308039438135864
EXPE,fcf,5,ttm,65,2021-06-30,2825000000.0,2026-06-30,4459000000.0,4.999315537303217,9.55929569655991
EXPE,fcf,10,ttm,65,2016-06-30,733816000.0,2026-06-30,4459000000.0,9.998631074606434,19.777641864210118
EXPE,net_income,3,ttm,66,2023-06-30,890000000.0,2026-06-30,2043000000.0,3.0006844626967832,31.906242036308075
EXPE,net_income,10,ttm,66,2016-06-30,193738000.0,2026-06-30,2043000000.0,9.998631074606434,26.566672434013427
EXPE,ocf,3,ttm,65,2023-06-30,3124000000.0,2026-06-30,5216000000.0,3.0006844626967832,18.629288405016208
EXPE,ocf,5,ttm,65,2021-06-30,3480000000.0,2026-06-30,5216000000.0,4.999315537303217,8.431753352267979
EXPE,ocf,10,ttm,65,2016-06-30,1432111000.0,2026-06-30,5216000000.0,9.998631074606434,13.800396673769866
EXPE,revenue,3,ttm,66,2023-06-30,12260000000.0,2026-06-30,15700000000.0,3.0006844626967832,8.591265412735961
EXPE,revenue,5,ttm,66,2021-06-30,5781000000.0,2026-06-30,15700000000.0,4.999315537303217,22.12124345015729
EXPE,revenue,10,ttm,66,2016-06-30,7736150000.0,2026-06-30,15700000000.0,9.998631074606434,7.3350802566025
EXR,eps,3,ttm,63,2023-06-30,6.143561946902656,2026-06-30,4.53,3.0006844626967832,-9.65529286269744
EXR,eps,5,ttm,63,2021-06-30,4.870752212389381,2026-06-30,4.53,4.999315537303217,-1.4402551270050967
EXR,eps,10,ttm,63,2016-06-30,1.974358407079646,2026-06-30,4.53,9.998631074606434,8.660615034838926
EXR,fcf,3,ttm,15,2023-06-30,394862000.0,2026-06-30,1538070000.0,3.0006844626967832,57.325342669800875
EXR,net_income,3,ttm,66,2023-06-30,823693000.0,2026-06-30,957841000.0,3.0006844626967832,5.156881953454517
EXR,net_income,5,ttm,66,2021-06-30,641635000.0,2026-06-30,957841000.0,4.999315537303217,8.344243136900431
EXR,net_income,10,ttm,66,2016-06-30,246029000.0,2026-06-30,957841000.0,9.998631074606434,14.561527098012327
EXR,ocf,3,ttm,65,2023-06-30,1227279000.0,2026-06-30,1901194000.0,3.0006844626967832,15.703525244352079
EXR,ocf,5,ttm,65,2021-06-30,842847000.0,2026-06-30,1901194000.0,4.999315537303217,17.66985315439471
EXR,ocf,10,ttm,65,2016-06-30,423712000.0,2026-06-30,1901194000.0,9.998631074606434,16.199562558058588
EXR,revenue,3,ttm,35,2023-06-30,87020000.0,2026-06-30,135128000.0,3.0006844626967832,15.796177829124659
EXR,revenue,5,ttm,35,2021-06-30,57578000.0,2026-06-30,135128000.0,4.999315537303217,18.606338645384835
EXR,revenue,10,ttm,35,2017-12-31,1105009000.0,2026-06-30,135128000.0,8.49555099247091,-21.913373725958564
F,fcf,3,ttm,68,2023-03-31,3461000000.0,2026-03-31,9546000000.0,3.0006844626967832,40.22962569203283
F,fcf,5,ttm,68,2021-03-31,23904000000.0,2026-03-31,9546000000.0,4.999315537303217,-16.773955550102613
F,fcf,10,ttm,68,2016-03-31,11055000000.0,2026-03-31,9546000000.0,9.998631074606434,-1.4570871163628651
F,ocf,3,ttm,68,2023-03-31,10737000000.0,2026-03-31,18919000000.0,3.0006844626967832,20.777592705656133
F,ocf,5,ttm,68,2021-03-31,29234000000.0,2026-03-31,18919000000.0,4.999315537303217,-8.336420642346587
F,ocf,10,ttm,68,2016-03-31,17962000000.0,2026-03-31,18919000000.0,9.998631074606434,0.5205039363036734
F,revenue,3,ttm,69,2023-03-31,165055000000.0,2026-03-31,189861000000.0,3.0006844626967832,4.776624476982505
F,revenue,5,ttm,69,2021-03-31,129052000000.0,2026-03-31,189861000000.0,4.999315537303217,8.028611999089176
F,revenue,10,ttm,69,2016-03-31,155598000000.0,2026-03-31,189861000000.0,9.998631074606434,2.0103784356006793
FANG,eps,3,ttm,55,2023-06-30,19.296685714285708,2026-06-30,5.260000000000001,3.0006844626967832,-35.15488553566891
FANG,net_income,3,ttm,59,2023-06-30,3635000000.0,2026-06-30,1350000000.0,3.0006844626967832,-28.114302327406804
FANG,ocf,3,ttm,56,2023-06-30,6304000000.0,2026-06-30,10143000000.0,3.0006844626967832,17.17483990382864
FANG,ocf,5,ttm,56,2021-06-30,2523000000.0,2026-06-30,10143000000.0,4.999315537303217,32.08891739410722
FANG,ocf,10,ttm,56,2016-06-30,338496000.0,2026-06-30,10143000000.0,9.998631074606434,40.50167603595591
FANG,revenue,3,ttm,35,2023-06-30,8223000000.0,2026-06-30,17102000000.0,3.0006844626967832,27.638401672102475
FANG,revenue,5,ttm,35,2021-06-30,4300000000.0,2026-06-30,17102000000.0,4.999315537303217,31.805067271336675
FANG,revenue,10,ttm,35,2017-12-31,1205111000.0,2026-06-30,17102000000.0,8.49555099247091,36.647824975118695
FAST,eps,3,ttm,67,2023-06-30,0.9799999999999998,2026-06-30,1.17,3.0006844626967832,6.083395095158295
FAST,eps,5,ttm,67,2021-06-30,0.7549999999999998,2026-06-30,1.17,4.999315537303217,9.15735185583031
FAST,eps,10,ttm,67,2016-06-30,0.4374999999999999,2026-06-30,1.17,9.998631074606434,10.338386627371388
FAST,fcf,3,ttm,69,2023-06-30,1070000000.0,2026-06-30,1155800000.0,3.0006844626967832,2.603873624140385
FAST,fcf,5,ttm,69,2021-06-30,910900000.0,2026-06-30,1155800000.0,4.999315537303217,4.878201017442407
FAST,fcf,10,ttm,69,2016-06-30,386766000.0,2026-06-30,1155800000.0,9.998631074606434,11.570646431288667
FAST,net_income,3,ttm,70,2023-06-30,1123300000.0,2026-06-30,1352100000.0,3.0006844626967832,6.373038021854094
FAST,net_income,5,ttm,70,2021-06-30,867900000.0,2026-06-30,1352100000.0,4.999315537303217,9.273058022238011
FAST,net_income,10,ttm,70,2016-06-30,506098000.0,2026-06-30,1352100000.0,9.998631074606434,10.327369153053478
FAST,ocf,3,ttm,69,2023-06-30,1250400000.0,2026-06-30,1399100000.0,3.0006844626967832,3.8156641708529504
FAST,ocf,5,ttm,69,2021-06-30,1056300000.0,2026-06-30,1399100000.0,4.999315537303217,5.782941116840079
FAST,ocf,10,ttm,69,2016-06-30,542646000.0,2026-06-30,1399100000.0,9.998631074606434,9.935725462790312
FAST,revenue,3,ttm,70,2023-06-30,7240200000.0,2026-06-30,8749300000.0,3.0006844626967832,6.512684335279961
FAST,revenue,5,ttm,70,2021-06-30,5696000000.0,2026-06-30,8749300000.0,4.999315537303217,8.964685481417312
FAST,revenue,10,ttm,70,2016-06-30,3919043000.0,2026-06-30,8749300000.0,9.998631074606434,8.363769374392271
FCX,eps,3,ttm,71,2023-06-30,1.47,2026-06-30,2.04,3.0006844626967832,11.539011236875417
FCX,eps,5,ttm,71,2021-06-30,1.93,2026-06-30,2.04,4.999315537303217,1.114917267293003
FCX,fcf,3,ttm,53,2023-03-31,631000000.0,2026-03-31,1752000000.0,3.0006844626967832,40.54040241255454
FCX,fcf,5,ttm,53,2021-03-31,2409000000.0,2026-03-31,1752000000.0,4.999315537303217,-6.171305590258658
FCX,net_income,3,ttm,71,2023-06-30,2107000000.0,2026-06-30,2945000000.0,3.0006844626967832,11.805335950241291
FCX,net_income,5,ttm,71,2021-06-30,2838000000.0,2026-06-30,2945000000.0,4.999315537303217,0.7430329986620521
FCX,ocf,3,ttm,71,2023-06-30,4550000000.0,2026-06-30,5900000000.0,3.0006844626967832,9.044799576461271
FCX,ocf,5,ttm,71,2021-06-30,6034000000.0,2026-06-30,5900000000.0,4.999315537303217,-0.448209819270573
FCX,ocf,10,ttm,71,2016-06-30,3048000000.0,2026-06-30,5900000000.0,9.998631074606434,6.8286233839681465
FCX,revenue,3,ttm,54,2023-06-30,21782000000.0,2026-06-30,25257000000.0,3.0006844626967832,5.0565454110769625
FCX,revenue,5,ttm,54,2021-06-30,18276000000.0,2026-06-30,25257000000.0,4.999315537303217,6.685149514442812
FCX,revenue,10,ttm,54,2016-06-30,13474000000.0,2026-06-30,25257000000.0,9.998631074606434,6.485937368192318
FDS,eps,3,ttm,64,2023-05-31,13.058596837944664,2026-05-31,15.189999999999998,3.0006844626967832,5.167631726278232
FDS,eps,5,ttm,64,2021-05-31,10.036607378129117,2026-05-31,15.189999999999998,4.999315537303217,8.64233614725074
FDS,eps,10,ttm,64,2016-05-31,6.1640579710144925,2026-05-31,15.189999999999998,9.998631074606434,9.439592841477173
FDS,fcf,3,ttm,64,2023-05-31,564629000.0,2026-05-31,708307000.0,3.0006844626967832,7.84796754745043
FDS,fcf,5,ttm,64,2021-05-31,467529000.0,2026-05-31,708307000.0,4.999315537303217,8.664462456433952
FDS,fcf,10,ttm,64,2016-05-31,299742000.0,2026-05-31,708307000.0,9.998631074606434,8.981431100178327
FDS,net_income,3,ttm,64,2023-05-31,507476000.0,2026-05-31,565970000.0,3.0006844626967832,3.7024536512293427
FDS,net_income,5,ttm,64,2021-05-31,387607000.0,2026-05-31,565970000.0,4.999315537303217,7.866071429022603
FDS,net_income,10,ttm,64,2016-05-31,256693000.0,2026-05-31,565970000.0,9.998631074606434,8.22874932369042
FDS,ocf,3,ttm,64,2023-05-31,641256000.0,2026-05-31,829592000.0,3.0006844626967832,8.960528593402039
FDS,ocf,5,ttm,64,2021-05-31,529676000.0,2026-05-31,829592000.0,4.999315537303217,9.389638616988938
FDS,ocf,10,ttm,64,2016-05-31,344704000.0,2026-05-31,829592000.0,9.998631074606434,9.180994353881378
FDS,revenue,3,ttm,64,2023-05-31,2049008000.0,2026-05-31,2438459000.0,3.0006844626967832,5.970468707932675
FDS,revenue,5,ttm,64,2021-05-31,1563142000.0,2026-05-31,2438459000.0,4.999315537303217,9.302147073512025
FDS,revenue,10,ttm,64,2016-05-31,1101580000.0,2026-05-31,2438459000.0,9.998631074606434,8.271627838209806
FDX,eps,3,ttm,69,2023-05-31,12.467087015731597,2026-05-31,18.54,3.0006844626967832,14.139283584987684
FDX,eps,5,ttm,69,2021-05-31,15.664395507492216,2026-05-31,18.54,4.999315537303217,3.4287371948778844
FDX,eps,10,ttm,69,2016-05-31,5.186565916105392,2026-05-31,18.54,9.998631074606434,13.587504207968482
FDX,fcf,3,ttm,69,2023-05-31,2674000000.0,2026-05-31,5116000000.0,3.0006844626967832,24.13710707249137
FDX,fcf,5,ttm,69,2021-05-31,4251000000.0,2026-05-31,5116000000.0,4.999315537303217,3.7743660011407165
FDX,fcf,10,ttm,69,2016-05-31,890000000.0,2026-05-31,5116000000.0,9.998631074606434,19.114450580448448
FDX,net_income,3,ttm,69,2023-05-31,3972.0,2026-05-31,4433.0,3.0006844626967832,3.7271720834952227
FDX,net_income,5,ttm,69,2021-05-31,5231000000.0,2026-05-31,4433.0,4.999315537303217,-93.89822287726544
FDX,net_income,10,ttm,69,2016-05-31,1820000000.0,2026-05-31,4433.0,9.998631074606434,-72.54725469339698
FDX,ocf,3,ttm,69,2023-05-31,8848000000.0,2026-05-31,8925000000.0,3.0006844626967832,0.2891808704249321
FDX,ocf,5,ttm,69,2021-05-31,10135000000.0,2026-05-31,8925000000.0,4.999315537303217,-2.5110523441223553
FDX,ocf,10,ttm,69,2016-05-31,5708000000.0,2026-05-31,8925000000.0,9.998631074606434,4.571920440205068
FDX,revenue,3,ttm,69,2023-05-31,90155000000.0,2026-05-31,94720000000.0,3.0006844626967832,1.65973957325114
FDX,revenue,5,ttm,69,2021-05-31,83959000000.0,2026-05-31,94720000000.0,4.999315537303217,2.4415923603221756
FDX,revenue,10,ttm,69,2016-05-31,50365000000.0,2026-05-31,94720000000.0,9.998631074606434,6.520952391662038
FE,eps,3,ttm,66,2023-03-31,0.7317391304347827,2026-03-31,1.87,3.0006844626967832,36.70911108559378
FE,eps,5,ttm,66,2021-03-31,2.5102717391304354,2026-03-31,1.87,4.999315537303217,-5.719761533487732
FE,eps,10,ttm,66,2016-03-31,1.6362500000000004,2026-03-31,1.87,9.998631074606434,1.3444543352632676
FE,net_income,3,ttm,70,2023-03-31,410000000.0,2026-03-31,1065000000.0,3.0006844626967832,37.45389870554086
FE,net_income,5,ttm,70,2021-03-31,1340000000.0,2026-03-31,1065000000.0,4.999315537303217,-4.490575023972765
FE,net_income,10,ttm,70,2016-03-31,684000000.0,2026-03-31,1065000000.0,9.998631074606434,4.527841743910899
FE,ocf,3,ttm,64,2023-03-31,2216000000.0,2026-03-31,3211000000.0,3.0006844626967832,13.15609101775015
FE,ocf,5,ttm,64,2021-03-31,2516000000.0,2026-03-31,3211000000.0,4.999315537303217,4.999887644536183
FE,ocf,10,ttm,64,2016-03-31,3917000000.0,2026-03-31,3211000000.0,9.998631074606434,-1.9680838151162283
FE,revenue,3,ttm,56,2023-03-31,12689000000.0,2026-03-31,15527000000.0,3.0006844626967832,6.958027885720819
FE,revenue,5,ttm,56,2021-03-31,10815000000.0,2026-03-31,15527000000.0,4.999315537303217,7.501990706997508
FE,revenue,10,ttm,56,2016-03-31,14998000000.0,2026-03-31,15527000000.0,9.998631074606434,0.3472849512053955
FFIV,eps,3,ttm,64,2023-06-30,5.481250996015935,2026-06-30,12.53,3.0006844626967832,31.723468774945918
FFIV,eps,5,ttm,64,2021-06-30,4.822302788844621,2026-06-30,12.53,4.999315537303217,21.04606458281415
FFIV,eps,10,ttm,64,2016-06-30,5.111840637450198,2026-06-30,12.53,9.998631074606434,9.381206000471298
FFIV,fcf,3,ttm,65,2023-06-30,570654000.0,2026-06-30,969595000.0,3.0006844626967832,19.322312846385547
FFIV,fcf,5,ttm,65,2021-06-30,588430000.0,2026-06-30,969595000.0,4.999315537303217,10.505794480967023
FFIV,fcf,10,ttm,65,2016-06-30,626307000.0,2026-06-30,969595000.0,9.998631074606434,4.467910611552006
FFIV,net_income,3,ttm,66,2023-06-30,332160000.0,2026-06-30,726510000.0,3.0006844626967832,29.799268418695178
FFIV,net_income,5,ttm,66,2021-06-30,298186000.0,2026-06-30,726510000.0,4.999315537303217,19.498226442233157
FFIV,net_income,10,ttm,66,2016-06-30,353957000.0,2026-06-30,726510000.0,9.998631074606434,7.45667166409103
FFIV,ocf,3,ttm,65,2023-06-30,617963000.0,2026-06-30,1049441000.0,3.0006844626967832,19.301992590095175
FFIV,ocf,5,ttm,65,2021-06-30,624047000.0,2026-06-30,1049441000.0,4.999315537303217,10.956903128141459
FFIV,ocf,10,ttm,65,2016-06-30,690808000.0,2026-06-30,1049441000.0,9.998631074606434,4.270763414630152
FFIV,revenue,3,ttm,66,2023-06-30,2806228000.0,2026-06-30,3309332000.0,3.0006844626967832,5.649395474453978
FFIV,revenue,5,ttm,66,2021-06-30,2536235000.0,2026-06-30,3309332000.0,4.999315537303217,5.46620851286963
FFIV,revenue,10,ttm,66,2016-06-30,1970986000.0,2026-06-30,3309332000.0,9.998631074606434,5.319493347869719
FICO,eps,3,ttm,64,2023-06-30,16.3929644611384,2026-06-30,34.49,3.0006844626967832,28.130937552338374
FICO,eps,5,ttm,64,2021-06-30,12.347041317538286,2026-06-30,34.49,4.999315537303217,22.81128475540266
FICO,eps,10,ttm,64,2016-06-30,3.408142155446403,2026-06-30,34.49,9.998631074606434,26.04665104175068
FICO,fcf,3,ttm,65,2023-06-30,445726000.0,2026-06-30,996023000.0,3.0006844626967832,30.729594836786834
FICO,fcf,5,ttm,65,2021-06-30,461540000.0,2026-06-30,996023000.0,4.999315537303217,16.632920788062535
FICO,fcf,10,ttm,65,2016-06-30,218823000.0,2026-06-30,996023000.0,9.998631074606434,16.36614605866129
FICO,net_income,3,ttm,66,2023-06-30,418650000.0,2026-06-30,815017000.0,3.0006844626967832,24.858043735773805
FICO,net_income,5,ttm,66,2021-06-30,365490000.0,2026-06-30,815017000.0,4.999315537303217,17.399911823305246
FICO,net_income,10,ttm,66,2016-06-30,110663000.0,2026-06-30,815017000.0,9.998631074606434,22.103551292038915
FICO,ocf,3,ttm,65,2023-06-30,449692000.0,2026-06-30,1001549000.0,3.0006844626967832,30.584783086718947
FICO,ocf,5,ttm,65,2021-06-30,468248000.0,2026-06-30,1001549000.0,4.999315537303217,16.425549302786614
FICO,ocf,10,ttm,65,2016-06-30,238097000.0,2026-06-30,1001549000.0,9.998631074606434,15.451710045241217
FICO,revenue,3,ttm,66,2023-06-30,1472572000.0,2026-06-30,2393575000.0,3.0006844626967832,17.57296205075869
FICO,revenue,5,ttm,66,2021-06-30,1356315000.0,2026-06-30,2393575000.0,4.999315537303217,12.032505820225904
FICO,revenue,10,ttm,66,2016-06-30,878288000.0,2026-06-30,2393575000.0,9.998631074606434,10.547002311107345
FIS,eps,5,ttm,67,2021-06-30,0.15000000000000005,2026-06-30,6.51,4.999315537303217,112.58997656900532
FIS,eps,10,ttm,67,2016-06-30,1.47,2026-06-30,6.51,9.998631074606434,16.047346229613836
FIS,fcf,3,ttm,69,2023-06-30,3258000000.0,2026-06-30,2822000000.0,3.0006844626967832,-4.67502049832782
FIS,fcf,5,ttm,69,2021-06-30,3940000000.0,2026-06-30,2822000000.0,4.999315537303217,-6.457668832478736
FIS,fcf,10,ttm,69,2016-06-30,1211000000.0,2026-06-30,2822000000.0,9.998631074606434,8.829420574530289
FIS,net_income,5,ttm,70,2021-06-30,92000000.0,2026-06-30,3372000000.0,4.999315537303217,105.52411004047153
FIS,net_income,10,ttm,70,2016-06-30,449000000.0,2026-06-30,3372000000.0,9.998631074606434,22.342150742692056
FIS,ocf,3,ttm,69,2023-06-30,3738000000.0,2026-06-30,2976000000.0,3.0006844626967832,-7.315864285144769
FIS,ocf,5,ttm,69,2021-06-30,4693000000.0,2026-06-30,2976000000.0,4.999315537303217,-8.708349731525121
FIS,ocf,10,ttm,69,2016-06-30,1508000000.0,2026-06-30,2976000000.0,9.998631074606434,7.035341883124047
FIS,revenue,3,ttm,35,2023-06-30,9768000000.0,2026-06-30,12201000000.0,3.0006844626967832,7.693439579848671
FIS,revenue,5,ttm,35,2021-06-30,13211000000.0,2026-06-30,12201000000.0,4.999315537303217,-1.5782685085998005
FIS,revenue,10,ttm,35,2017-12-31,8668000000.0,2026-06-30,12201000000.0,8.49555099247091,4.106290989574091
FISV,eps,3,ttm,67,2023-06-30,3.9600000000000004,2026-06-30,5.21,3.0006844626967832,9.573395576057653
FISV,eps,5,ttm,67,2021-06-30,1.6800000000000002,2026-06-30,5.21,4.999315537303217,25.406240199120255
FISV,eps,10,ttm,67,2016-06-30,1.97,2026-06-30,5.21,9.998631074606434,10.215565287299544
FISV,fcf,3,ttm,69,2023-06-30,3381000000.0,2026-06-30,3926000000.0,3.0006844626967832,5.106628749350195
FISV,fcf,5,ttm,69,2021-06-30,3335000000.0,2026-06-30,3926000000.0,4.999315537303217,3.3172484627794097
FISV,fcf,10,ttm,69,2016-06-30,1132000000.0,2026-06-30,3926000000.0,9.998631074606434,13.244672845297977
FISV,net_income,3,ttm,70,2023-06-30,2509000000.0,2026-06-30,2801000000.0,3.0006844626967832,3.7370388811211352
FISV,net_income,5,ttm,70,2021-06-30,1137000000.0,2026-06-30,2801000000.0,4.999315537303217,19.762609546509722
FISV,net_income,10,ttm,70,2016-06-30,908000000.0,2026-06-30,2801000000.0,9.998631074606434,11.925598174715613
FISV,ocf,3,ttm,69,2023-06-30,4821000000.0,2026-06-30,5831000000.0,3.0006844626967832,6.544006108934397
FISV,ocf,5,ttm,69,2021-06-30,4241000000.0,2026-06-30,5831000000.0,4.999315537303217,6.575834049310569
FISV,ocf,10,ttm,69,2016-06-30,1433000000.0,2026-06-30,5831000000.0,9.998631074606434,15.06891810230715
FISV,revenue,3,ttm,70,2023-06-30,18452000000.0,2026-06-30,20866000000.0,3.0006844626967832,4.182440292030298
FISV,revenue,5,ttm,70,2021-06-30,15424000000.0,2026-06-30,20866000000.0,4.999315537303217,6.231186218424267
FISV,revenue,10,ttm,70,2016-06-30,5375000000.0,2026-06-30,20866000000.0,9.998631074606434,14.528649162579988
FITB,eps,3,ttm,67,2023-06-30,3.570102739726028,2026-06-30,2.9700000000000006,3.0006844626967832,-5.94873195530945
FITB,eps,5,ttm,67,2021-06-30,3.4887328767123296,2026-06-30,2.9700000000000006,4.999315537303217,-3.16868450890303
FITB,eps,10,ttm,67,2016-06-30,2.0545890410958907,2026-06-30,2.9700000000000006,9.998631074606434,3.7541171259647843
FITB,fcf,3,ttm,59,2023-06-30,5131000000.0,2026-06-30,3021000000.0,3.0006844626967832,-16.182688077202144
FITB,fcf,10,ttm,59,2016-06-30,1997000000.0,2026-06-30,3021000000.0,9.998631074606434,4.2268775624571875
FITB,net_income,3,ttm,62,2023-06-30,2549000000.0,2026-06-30,2346000000.0,3.0006844626967832,-2.7277866862442712
FITB,net_income,5,ttm,62,2021-06-30,2588000000.0,2026-06-30,2346000000.0,4.999315537303217,-1.9445855443277371
FITB,net_income,10,ttm,62,2016-06-30,1691000000.0,2026-06-30,2346000000.0,9.998631074606434,3.3285622923735936
FITB,ocf,3,ttm,59,2023-06-30,5584000000.0,2026-06-30,3665000000.0,3.0006844626967832,-13.092599291849115
FITB,ocf,10,ttm,59,2016-06-30,2170000000.0,2026-06-30,3665000000.0,9.998631074606434,5.3815399841824485
FITB,revenue,3,ttm,26,2021-09-30,590000000.0,2024-09-30,614000000.0,3.0006844626967832,1.337644010499961
FITB,revenue,5,ttm,26,2019-09-30,552000000.0,2024-09-30,614000000.0,5.002053388090349,2.1508684438885206
FIX,eps,3,ttm,59,2023-06-30,6.760004921259843,2026-06-30,40.58,3.0006844626967832,81.71711280079217
FIX,eps,5,ttm,59,2021-06-30,4.153858267716535,2026-06-30,40.58,4.999315537303217,57.760828495354424
FIX,eps,10,ttm,59,2016-06-30,1.5377263779527557,2026-06-30,40.58,9.998631074606434,38.72756353927347
FIX,fcf,3,ttm,62,2023-06-30,376284000.0,2026-06-30,2159806000.0,3.0006844626967832,79.02291659017109
FIX,fcf,5,ttm,62,2021-06-30,212439000.0,2026-06-30,2159806000.0,4.999315537303217,59.02436784953531
FIX,fcf,10,ttm,62,2016-06-30,61224000.0,2026-06-30,2159806000.0,9.998631074606434,42.813903972417556
FIX,net_income,3,ttm,62,2023-06-30,243631000.0,2026-06-30,1434401000.0,3.0006844626967832,80.54583284746171
FIX,net_income,5,ttm,62,2021-06-30,152384000.0,2026-06-30,1434401000.0,4.999315537303217,56.593202122188835
FIX,net_income,10,ttm,62,2016-06-30,58366000.0,2026-06-30,1434401000.0,9.998631074606434,37.74317918548908
FIX,ocf,3,ttm,62,2023-06-30,445558000.0,2026-06-30,2550065000.0,3.0006844626967832,78.85100899806217
FIX,ocf,5,ttm,62,2021-06-30,232793000.0,2026-06-30,2550065000.0,4.999315537303217,61.41531306700103
FIX,ocf,10,ttm,62,2016-06-30,83628000.0,2026-06-30,2550065000.0,9.998631074606434,40.747365454656006
FIX,revenue,3,ttm,62,2023-06-30,4708270000.0,2026-06-30,3957669000.0,3.0006844626967832,-5.623231165061904
FIX,revenue,5,ttm,62,2021-06-30,2796716000.0,2026-06-30,3957669000.0,4.999315537303217,7.191993906572192
FIX,revenue,10,ttm,62,2016-06-30,1607885000.0,2026-06-30,3957669000.0,9.998631074606434,9.42682648015547
FLEX,eps,3,ttm,70,2023-06-30,1.7133590733590736,2026-06-26,2.58,2.9897330595482545,14.672847949642298
FLEX,eps,5,ttm,70,2021-07-02,1.1335115931950899,2026-06-26,2.58,4.982888432580425,17.946232586512444
FLEX,eps,10,ttm,70,2016-07-01,0.5930292441219346,2026-06-26,2.58,9.984941820670773,15.864570909150476
FLEX,fcf,3,ttm,62,2023-06-30,223000000.0,2026-06-26,826000000.0,2.9897330595482545,54.956340283349256
FLEX,fcf,5,ttm,62,2021-07-02,748000000.0,2026-06-26,826000000.0,4.982888432580425,2.0105940708554204
FLEX,fcf,10,ttm,62,2016-07-01,506712000.0,2026-06-26,826000000.0,9.984941820670773,5.015617470808431
FLEX,net_income,3,ttm,70,2023-06-30,790000000.0,2026-06-26,973000000.0,2.9897330595482545,7.21745502168758
FLEX,net_income,5,ttm,70,2021-07-02,767000000.0,2026-06-26,973000000.0,4.982888432580425,4.8900892790392225
FLEX,net_income,10,ttm,70,2016-07-01,438960000.0,2026-06-26,973000000.0,9.984941820670773,8.298121135321335
FLEX,ocf,3,ttm,70,2023-06-30,918000000.0,2026-06-26,1562000000.0,2.9897330595482545,19.456656262633132
FLEX,ocf,5,ttm,70,2021-07-02,1107000000.0,2026-06-26,1562000000.0,4.982888432580425,7.15424564448337
FLEX,ocf,10,ttm,70,2016-07-01,1038101000.0,2026-06-26,1562000000.0,9.984941820670773,4.17677329799786
FLEX,revenue,3,ttm,70,2023-06-30,28433000000.0,2026-06-26,29267000000.0,2.9897330595482545,0.9716716498037181
FLEX,revenue,5,ttm,70,2021-07-02,25313000000.0,2026-06-26,29267000000.0,4.982888432580425,2.955656128931583
FLEX,revenue,10,ttm,70,2016-07-01,24729450000.0,2026-06-26,29267000000.0,9.984941820670773,1.701511791974708
FOX,eps,3,ttm,33,2023-06-30,2.33,2026-06-30,3.84,3.0006844626967832,18.11596530902353
FOX,eps,5,ttm,33,2021-06-30,3.59,2026-06-30,3.84,4.999315537303217,1.3556949443306099
FOX,eps,10,ttm,33,2018-06-30,3.53,2026-06-30,3.84,8.0,1.0577360874373554
FOX,fcf,3,ttm,31,2023-06-30,1443000000.0,2026-06-30,1468000000.0,3.0006844626967832,0.5740658914207719
FOX,fcf,5,ttm,31,2021-06-30,2155000000.0,2026-06-30,1468000000.0,4.999315537303217,-7.391427260563166
FOX,fcf,10,ttm,31,2018-12-31,1197000000.0,2026-06-30,1468000000.0,7.496235455167693,2.7598642909696602
FOX,net_income,3,ttm,33,2023-06-30,1239000000.0,2026-06-30,1685000000.0,3.0006844626967832,10.789698430227524
FOX,net_income,5,ttm,33,2021-06-30,2150000000.0,2026-06-30,1685000000.0,4.999315537303217,-4.757806065697867
FOX,net_income,10,ttm,33,2018-06-30,2187000000.0,2026-06-30,1685000000.0,8.0,-3.2070134412901186
FOX,ocf,3,ttm,31,2023-06-30,1800000000.0,2026-06-30,1970000000.0,3.0006844626967832,3.0532264873462056
FOX,ocf,5,ttm,31,2021-06-30,2639000000.0,2026-06-30,1970000000.0,4.999315537303217,-5.680413012239294
FOX,ocf,10,ttm,31,2018-12-31,1388000000.0,2026-06-30,1970000000.0,7.496235455167693,4.782096639728484
FOX,revenue,3,ttm,33,2023-06-30,14913000000.0,2026-06-30,17126000000.0,3.0006844626967832,4.719060761672544
FOX,revenue,5,ttm,33,2021-06-30,12909000000.0,2026-06-30,17126000000.0,4.999315537303217,5.817142428050781
FOX,revenue,10,ttm,33,2018-06-30,10153000000.0,2026-06-30,17126000000.0,8.0,6.753640494872726
FOXA,eps,3,ttm,33,2023-06-30,2.33,2026-06-30,3.84,3.0006844626967832,18.11596530902353
FOXA,eps,5,ttm,33,2021-06-30,3.59,2026-06-30,3.84,4.999315537303217,1.3556949443306099
FOXA,eps,10,ttm,33,2018-06-30,3.53,2026-06-30,3.84,8.0,1.0577360874373554
FOXA,fcf,3,ttm,31,2023-06-30,1443000000.0,2026-06-30,1468000000.0,3.0006844626967832,0.5740658914207719
FOXA,fcf,5,ttm,31,2021-06-30,2155000000.0,2026-06-30,1468000000.0,4.999315537303217,-7.391427260563166
FOXA,fcf,10,ttm,31,2018-12-31,1197000000.0,2026-06-30,1468000000.0,7.496235455167693,2.7598642909696602
FOXA,net_income,3,ttm,33,2023-06-30,1239000000.0,2026-06-30,1685000000.0,3.0006844626967832,10.789698430227524
FOXA,net_income,5,ttm,33,2021-06-30,2150000000.0,2026-06-30,1685000000.0,4.999315537303217,-4.757806065697867
FOXA,net_income,10,ttm,33,2018-06-30,2187000000.0,2026-06-30,1685000000.0,8.0,-3.2070134412901186
FOXA,ocf,3,ttm,31,2023-06-30,1800000000.0,2026-06-30,1970000000.0,3.0006844626967832,3.0532264873462056
FOXA,ocf,5,ttm,31,2021-06-30,2639000000.0,2026-06-30,1970000000.0,4.999315537303217,-5.680413012239294
FOXA,ocf,10,ttm,31,2018-12-31,1388000000.0,2026-06-30,1970000000.0,7.496235455167693,4.782096639728484
FOXA,revenue,3,ttm,33,2023-06-30,14913000000.0,2026-06-30,17126000000.0,3.0006844626967832,4.719060761672544
FOXA,revenue,5,ttm,33,2021-06-30,12909000000.0,2026-06-30,17126000000.0,4.999315537303217,5.817142428050781
FOXA,revenue,10,ttm,33,2018-06-30,10153000000.0,2026-06-30,17126000000.0,8.0,6.753640494872726
FRT,eps,3,ttm,62,2023-03-31,4.7299999999999995,2026-03-31,5.77,3.0006844626967832,6.847654885029852
FRT,eps,5,ttm,62,2021-03-31,1.5200000000000002,2026-03-31,5.77,4.999315537303217,30.581697060618794
FRT,eps,10,ttm,62,2016-03-31,3.45,2026-03-31,5.77,9.998631074606434,5.278267597797903
FRT,fcf,3,ttm,39,2016-12-31,370112000.0,2019-12-31,379083000.0,2.9979466119096507,0.8020634227303924
FRT,fcf,5,ttm,39,2014-12-31,299826000.0,2019-12-31,379083000.0,4.999315537303217,4.803501542118349
FRT,fcf,10,ttm,39,2010-06-30,214343000.0,2019-12-31,379083000.0,9.503080082135524,6.183574628076216
FRT,net_income,3,ttm,65,2023-03-31,388842000.0,2026-03-31,506408000.0,3.0006844626967832,9.202791457873815
FRT,net_income,5,ttm,65,2021-03-31,125179000.0,2026-03-31,506408000.0,4.999315537303217,32.25449336797168
FRT,net_income,10,ttm,65,2016-03-31,240988000.0,2026-03-31,506408000.0,9.998631074606434,7.709728083575018
FRT,ocf,3,ttm,64,2023-03-31,556707000.0,2026-03-31,627928000.0,3.0006844626967832,4.09353252679181
FRT,ocf,5,ttm,64,2021-03-31,366286000.0,2026-03-31,627928000.0,4.999315537303217,11.38438616450661
FRT,ocf,10,ttm,64,2016-03-31,391939000.0,2026-03-31,627928000.0,9.998631074606434,4.826706072399367
FRT,revenue,3,ttm,65,2023-03-31,1090666000.0,2026-03-31,1310905000.0,3.0006844626967832,6.321331831283561
FRT,revenue,5,ttm,65,2021-03-31,822098000.0,2026-03-31,1310905000.0,4.999315537303217,9.782994992512739
FRT,revenue,10,ttm,65,2016-03-31,757564000.0,2026-03-31,1310905000.0,9.998631074606434,5.637581484949994
FSLR,eps,3,ttm,67,2023-06-30,1.4690937114673246,2026-06-30,16.21,3.0006844626967832,122.58636393699875
FSLR,eps,5,ttm,67,2021-06-30,5.25675709001233,2026-06-30,16.21,4.999315537303217,25.264039552468986
FSLR,eps,10,ttm,67,2016-06-30,7.305493218249075,2026-06-30,16.21,9.998631074606434,8.29741397060484
FSLR,net_income,3,ttm,70,2023-06-30,156424000.0,2026-06-30,1746014000.0,3.0006844626967832,123.44387131914227
FSLR,net_income,5,ttm,70,2021-06-30,562860000.0,2026-06-30,1746014000.0,4.999315537303217,25.41310764440583
FSLR,net_income,10,ttm,70,2016-06-30,744659000.0,2026-06-30,1746014000.0,9.998631074606434,8.896543466789408
FSLR,ocf,3,ttm,69,2023-06-30,799914000.0,2026-06-30,2155743000.0,3.0006844626967832,39.15062420162152
FSLR,ocf,5,ttm,69,2021-06-30,291986000.0,2026-06-30,2155743000.0,4.999315537303217,49.16631649691057
FSLR,ocf,10,ttm,69,2016-06-30,132359000.0,2026-06-30,2155743000.0,9.998631074606434,32.19071213995952
FSLR,revenue,3,ttm,70,2023-06-30,2990283000.0,2026-06-30,5378071000.0,3.0006844626967832,21.60516770661276
FSLR,revenue,5,ttm,70,2021-06-30,2969351000.0,2026-06-30,5378071000.0,4.999315537303217,12.61599087856149
FSLR,revenue,10,ttm,70,2016-06-30,4639716000.0,2026-06-30,5378071000.0,9.998631074606434,1.4879292809869549
FTNT,eps,3,ttm,59,2023-06-30,1.32,2026-06-30,2.83,3.0006844626967832,28.937422617662257
FTNT,eps,5,ttm,59,2021-06-30,0.61,2026-06-30,2.83,4.999315537303217,35.92820103368197
FTNT,eps,10,ttm,59,2016-06-30,0.008,2026-06-30,2.83,9.998631074606434,79.84755556125391
FTNT,fcf,3,ttm,61,2023-06-30,1977900000.0,2026-06-30,3117000000.0,3.0006844626967832,16.366812423067056
FTNT,fcf,5,ttm,61,2021-06-30,1108400000.0,2026-06-30,3117000000.0,4.999315537303217,22.975997164196606
FTNT,fcf,10,ttm,61,2016-06-30,236086000.0,2026-06-30,3117000000.0,9.998631074606434,29.44402242496553
FTNT,net_income,3,ttm,62,2023-06-30,1059402079.0,2026-06-30,2120742685.0,3.0006844626967832,26.023866576575095
FTNT,net_income,5,ttm,62,2021-06-30,514800000.0,2026-06-30,2120742685.0,4.999315537303217,32.73538806252281
FTNT,net_income,10,ttm,62,2016-06-30,6365000.0,2026-06-30,2120742685.0,9.998631074606434,78.77364516828882
FTNT,ocf,3,ttm,61,2023-06-30,2203700000.0,2026-06-30,3396100000.0,3.0006844626967832,15.503475244153254
FTNT,ocf,5,ttm,61,2021-06-30,1251400000.0,2026-06-30,3396100000.0,4.999315537303217,22.103675304407844
FTNT,ocf,10,ttm,61,2016-06-30,302155000.0,2026-06-30,3396100000.0,9.998631074606434,27.376541961881816
FTNT,revenue,3,ttm,62,2023-06-30,4987600000.0,2026-06-30,7527400000.0,3.0006844626967832,14.701967672076787
FTNT,revenue,5,ttm,62,2021-06-30,2910500000.0,2026-06-30,7527400000.0,4.999315537303217,20.93354345530831
FTNT,revenue,10,ttm,62,2016-06-30,1152564000.0,2026-06-30,7527400000.0,9.998631074606434,20.64495129354802
FTV,eps,3,ttm,42,2023-03-31,1.8251063810585308,2026-04-03,1.89,3.0088980150581794,1.1679421754114738
FTV,eps,5,ttm,42,2021-04-02,3.9060687968448935,2026-04-03,1.89,5.002053388090349,-13.509129509623952
FTV,eps,10,ttm,42,2016-04-01,1.741391142917458,2026-04-03,1.89,10.004106776180699,0.8219487037942841
FTV,fcf,3,ttm,40,2023-03-31,1161000000.0,2026-04-03,954000000.0,3.0088980150581794,-6.318007353796629
FTV,fcf,5,ttm,40,2021-04-02,1332600000.0,2026-04-03,954000000.0,5.002053388090349,-6.463389050913493
FTV,fcf,10,ttm,40,2016-07-01,982900000.0,2026-04-03,954000000.0,9.754962354551678,-0.30546616762805456
FTV,net_income,3,ttm,42,2023-03-31,763700000.0,2026-04-03,543700000.0,3.0088980150581794,-10.678164139929114
FTV,net_income,5,ttm,42,2021-04-02,1629800000.0,2026-04-03,543700000.0,5.002053388090349,-19.705805072244175
FTV,net_income,10,ttm,42,2016-04-01,842100000.0,2026-04-03,543700000.0,10.004106776180699,-4.278969283716306
FTV,ocf,3,ttm,40,2023-03-31,1262800000.0,2026-04-03,1076300000.0,3.0088980150581794,-5.1724199842515866
FTV,ocf,5,ttm,40,2021-04-02,1390500000.0,2026-04-03,1076300000.0,5.002053388090349,-4.991687973902437
FTV,ocf,10,ttm,40,2016-07-01,1112000000.0,2026-04-03,1076300000.0,9.754962354551678,-0.33394743975677654
FTV,revenue,3,ttm,42,2023-03-31,5909900000.0,2026-04-03,4235400000.0,3.0088980150581794,-10.481240272621317
FTV,revenue,5,ttm,42,2021-04-02,4785500000.0,2026-04-03,4235400000.0,5.002053388090349,-2.4116946444406095
FTV,revenue,10,ttm,42,2016-04-01,6140000000.0,2026-04-03,4235400000.0,10.004106776180699,-3.64389714177884
GD,eps,3,ttm,66,2023-04-02,12.604518565135308,2026-04-05,16.39,3.0088980150581794,9.120195888044025
GD,eps,5,ttm,66,2021-04-04,11.397702957835119,2026-04-05,16.39,5.002053388090349,7.532408036279592
GD,eps,10,ttm,66,2016-04-03,9.520434235368159,2026-04-05,16.39,10.004106776180699,5.58021323756992
GD,fcf,3,ttm,68,2023-04-02,2939000000.0,2026-04-05,6201000000.0,3.0088980150581794,28.164498382114587
GD,fcf,5,ttm,68,2021-04-04,3611000000.0,2026-04-05,6201000000.0,5.002053388090349,11.416001457845116
GD,fcf,10,ttm,68,2016-04-03,1657000000.0,2026-04-05,6201000000.0,10.004106776180699,14.101247948234441
GD,net_income,3,ttm,69,2023-04-02,3390000000.0,2026-04-05,4341000000.0,3.0088980150581794,8.56524997480015
GD,net_income,5,ttm,69,2021-04-04,3169000000.0,2026-04-05,4341000000.0,5.002053388090349,6.493300876483188
GD,net_income,10,ttm,69,2016-04-03,2961000000.0,2026-04-05,4341000000.0,10.004106776180699,3.898270229341061
GD,ocf,3,ttm,68,2023-04-02,4073000000.0,2026-04-05,7423000000.0,3.0088980150581794,22.07631213440635
GD,ocf,5,ttm,68,2021-04-04,4527000000.0,2026-04-05,7423000000.0,5.002053388090349,10.391633629025531
GD,ocf,10,ttm,68,2016-04-03,2193000000.0,2026-04-05,7423000000.0,10.004106776180699,12.961992656909294
GD,revenue,3,ttm,69,2023-04-02,39896000000.0,2026-04-05,53808000000.0,3.0088980150581794,10.453063564184472
GD,revenue,5,ttm,69,2021-04-04,38565000000.0,2026-04-05,53808000000.0,5.002053388090349,6.885508213070035
GD,revenue,10,ttm,69,2016-04-03,31473000000.0,2026-04-05,53808000000.0,10.004106776180699,5.507008571851313
GDDY,fcf,3,ttm,45,2023-06-30,888100000.0,2026-06-30,1702900000.0,3.0006844626967832,24.228410433763003
GDDY,fcf,5,ttm,45,2021-06-30,737000000.0,2026-06-30,1702900000.0,4.999315537303217,18.237242060318714
GDDY,fcf,10,ttm,45,2016-06-30,281100000.0,2026-06-30,1702900000.0,9.998631074606434,19.74118201838575
GDDY,net_income,3,ttm,47,2023-06-30,323600000.0,2026-06-30,910300000.0,3.0006844626967832,41.15335027483056
GDDY,net_income,5,ttm,47,2021-06-30,192800000.0,2026-06-30,910300000.0,4.999315537303217,36.4061528448929
GDDY,ocf,3,ttm,45,2023-06-30,946200000.0,2026-06-30,1728800000.0,3.0006844626967832,22.245824464705688
GDDY,ocf,5,ttm,45,2021-06-30,793900000.0,2026-06-30,1728800000.0,4.999315537303217,16.84363113112215
GDDY,ocf,10,ttm,45,2016-06-30,337500000.0,2026-06-30,1728800000.0,9.998631074606434,17.748887108008216
GDDY,revenue,3,ttm,35,2023-06-30,4157200000.0,2026-06-30,5104100000.0,3.0006844626967832,7.0777678511945386
GDDY,revenue,5,ttm,35,2021-06-30,3550700000.0,2026-06-30,5104100000.0,4.999315537303217,7.528937482510445
GDDY,revenue,10,ttm,35,2017-12-31,2231900000.0,2026-06-30,5104100000.0,8.49555099247091,10.226542537316385
GE,eps,3,ttm,67,2023-06-30,8.279948618016407,2026-06-30,8.5,3.0006844626967832,0.8779454545382537
GE,eps,10,ttm,67,2016-06-30,5.661736975968212,2026-06-30,8.5,9.998631074606434,4.147617563332839
GE,fcf,3,ttm,69,2023-06-30,5358000000.0,2026-06-30,8396000000.0,3.0006844626967832,16.147110058056956
GE,fcf,5,ttm,69,2021-06-30,2445000000.0,2026-06-30,8396000000.0,4.999315537303217,27.98921768882705
GE,net_income,3,ttm,70,2023-06-30,9899000000.0,2026-06-30,8972000000.0,3.0006844626967832,-3.2236525126217552
GE,net_income,10,ttm,70,2016-06-30,11943000000.0,2026-06-30,8972000000.0,9.998631074606434,-2.8202265027822304
GE,ocf,3,ttm,69,2023-06-30,6149000000.0,2026-06-30,9800000000.0,3.0006844626967832,16.804202877233166
GE,ocf,5,ttm,69,2021-06-30,3365000000.0,2026-06-30,9800000000.0,4.999315537303217,23.839991460812637
GE,ocf,10,ttm,69,2016-06-30,4671000000.0,2026-06-30,9800000000.0,9.998631074606434,7.6926408404745406
GE,revenue,3,ttm,70,2023-06-30,44822000000.0,2026-06-30,50639000000.0,3.0006844626967832,4.15031804804995
GE,revenue,5,ttm,70,2021-06-30,63155000000.0,2026-06-30,50639000000.0,4.999315537303217,-4.321832302011186
GE,revenue,10,ttm,70,2016-06-30,66584000000.0,2026-06-30,50639000000.0,9.998631074606434,-2.7006595797040234
GEHC,eps,3,ttm,14,2023-03-31,3.923693045563549,2026-03-31,4.34,3.0006844626967832,3.417707181611429
GEHC,fcf,3,ttm,14,2023-03-31,1781000000.0,2026-03-31,1519000000.0,3.0006844626967832,-5.1647327161457035
GEHC,net_income,3,ttm,14,2023-03-31,1898000000.0,2026-03-31,1910000000.0,3.0006844626967832,0.21025754005639108
GEHC,ocf,3,ttm,14,2023-03-31,2134000000.0,2026-03-31,2027000000.0,3.0006844626967832,-1.699707558209862
GEHC,revenue,3,ttm,14,2023-03-31,18705000000.0,2026-03-31,20979000000.0,3.0006844626967832,3.897532848646579
GEN,eps,3,ttm,70,2023-06-30,2.1,2026-07-03,1.71,3.0088980150581794,-6.599997075967067
GEN,eps,5,ttm,70,2021-07-02,1.04,2026-07-03,1.71,5.002053388090349,10.45231512373257
GEN,eps,10,ttm,70,2016-07-01,3.7600000000000002,2026-07-03,1.71,10.004106776180699,-7.57384768102326
GEN,fcf,3,ttm,68,2023-06-30,760000000.0,2026-07-03,1548000000.0,3.0088980150581794,26.672177153032763
GEN,fcf,5,ttm,68,2021-07-02,788000000.0,2026-07-03,1548000000.0,5.002053388090349,14.452391524929098
GEN,net_income,3,ttm,70,2023-06-30,1321000000.0,2026-07-03,1053000000.0,3.0088980150581794,-7.25889734519134
GEN,net_income,5,ttm,70,2021-07-02,617000000.0,2026-07-03,1053000000.0,5.002053388090349,11.278069329018026
GEN,net_income,10,ttm,70,2016-07-01,2506000000.0,2026-07-03,1053000000.0,10.004106776180699,-8.301931423903286
GEN,ocf,3,ttm,68,2023-06-30,768000000.0,2026-07-03,1570000000.0,3.0088980150581794,26.82553388633182
GEN,ocf,5,ttm,68,2021-07-02,794000000.0,2026-07-03,1570000000.0,5.002053388090349,14.601821745416132
GEN,revenue,3,ttm,70,2023-06-30,3553000000.0,2026-07-03,5079000000.0,3.0088980150581794,12.609413779509836
GEN,revenue,5,ttm,70,2021-07-02,2623000000.0,2026-07-03,5079000000.0,5.002053388090349,14.122801145141462
GEN,revenue,10,ttm,70,2016-07-01,3572000000.0,2026-07-03,5079000000.0,10.004106776180699,3.5810718946438946
GEV,fcf,3,ttm,11,2023-12-31,442000000.0,2026-06-30,12438000000.0,2.4969199178644765,280.5804211211898
GEV,ocf,3,ttm,11,2023-12-31,1186000000.0,2026-06-30,14139000000.0,2.4969199178644765,169.81412898862766
GEV,revenue,3,ttm,11,2023-12-31,33239000000.0,2026-06-30,41368000000.0,2.4969199178644765,9.157483080406315
GILD,fcf,3,ttm,69,2023-06-30,8926000000.0,2026-06-30,12943000000.0,3.0006844626967832,13.182796271934794
GILD,fcf,5,ttm,69,2021-06-30,8472000000.0,2026-06-30,12943000000.0,4.999315537303217,8.846593181646334
GILD,fcf,10,ttm,69,2016-06-30,18173000000.0,2026-06-30,12943000000.0,9.998631074606434,-3.337323874160747
GILD,ocf,3,ttm,69,2023-06-30,9512000000.0,2026-06-30,13552000000.0,3.0006844626967832,12.520631689513895
GILD,ocf,5,ttm,69,2021-06-30,9092000000.0,2026-06-30,13552000000.0,4.999315537303217,8.311242957211551
GILD,ocf,10,ttm,69,2016-06-30,19006000000.0,2026-06-30,13552000000.0,9.998631074606434,-3.32609630902323
GILD,revenue,3,ttm,70,2023-06-30,27382000000.0,2026-06-30,30457000000.0,3.0006844626967832,3.6105083755203937
GILD,revenue,5,ttm,70,2021-06-30,26638000000.0,2026-06-30,30457000000.0,4.999315537303217,2.716141050992582
GILD,revenue,10,ttm,70,2016-06-30,32371000000.0,2026-06-30,30457000000.0,9.998631074606434,-0.6077005035931116
GIS,fcf,3,ttm,69,2023-05-28,2089100000.0,2026-05-31,1626300000.0,3.0088980150581794,-7.985906380151442
GIS,fcf,5,ttm,69,2021-05-30,2452400000.0,2026-05-31,1626300000.0,5.002053388090349,-7.883693297429861
GIS,fcf,10,ttm,69,2016-05-29,2034900000.0,2026-05-31,1626300000.0,10.004106776180699,-2.215559534853362
GIS,ocf,3,ttm,69,2023-05-28,2778600000.0,2026-05-31,2166200000.0,3.0088980150581794,-7.941457910494309
GIS,ocf,5,ttm,69,2021-05-30,2983200000.0,2026-05-31,2166200000.0,5.002053388090349,-6.197449498933983
GIS,ocf,10,ttm,69,2016-05-29,2764200000.0,2026-05-31,2166200000.0,10.004106776180699,-2.4073176126968576
GIS,revenue,3,ttm,69,2023-05-28,20094200000.0,2026-05-31,18424600000.0,3.0088980150581794,-2.8417721403257823
GIS,revenue,5,ttm,69,2021-05-30,18127000000.0,2026-05-31,18424600000.0,5.002053388090349,0.32608056815688347
GIS,revenue,10,ttm,69,2016-05-29,16563100000.0,2026-05-31,18424600000.0,10.004106776180699,1.0703443930323076
GL,eps,3,ttm,63,2023-06-30,8.914073089700995,2026-06-30,15.04,3.0006844626967832,19.043752721865292
GL,eps,5,ttm,63,2021-06-30,7.305142857142856,2026-06-30,15.04,4.999315537303217,15.540013032857946
GL,eps,10,ttm,63,2016-06-30,4.357102990033222,2026-06-30,15.04,9.998631074606434,13.191122708547809
GL,fcf,3,ttm,65,2023-06-30,1493014000.0,2026-06-30,1232375000.0,3.0006844626967832,-6.193557016851836
GL,fcf,5,ttm,65,2021-06-30,1363833000.0,2026-06-30,1232375000.0,4.999315537303217,-2.006982372289412
GL,fcf,10,ttm,65,2016-06-30,1241116000.0,2026-06-30,1232375000.0,9.998631074606434,-0.07066242838448256
GL,net_income,3,ttm,66,2023-06-30,871799000.0,2026-06-30,1212199000.0,3.0006844626967832,11.6113343016651
GL,net_income,5,ttm,66,2021-06-30,771320000.0,2026-06-30,1212199000.0,4.999315537303217,9.464485960398683
GL,net_income,10,ttm,66,2016-06-30,540804000.0,2026-06-30,1212199000.0,9.998631074606434,8.407218586075004
GL,ocf,3,ttm,65,2023-06-30,1532945000.0,2026-06-30,1391578000.0,3.0006844626967832,-3.1729155180770907
GL,ocf,5,ttm,65,2021-06-30,1409171000.0,2026-06-30,1391578000.0,4.999315537303217,-0.25098357302104635
GL,ocf,10,ttm,65,2016-06-30,1270864000.0,2026-06-30,1391578000.0,9.998631074606434,0.9116685560253579
GL,revenue,3,ttm,66,2023-06-30,5280074000.0,2026-06-30,6191958000.0,3.0006844626967832,5.452627090798967
GL,revenue,5,ttm,66,2021-06-30,4961654000.0,2026-06-30,6191958000.0,4.999315537303217,4.5304787519359735
GL,revenue,10,ttm,66,2016-06-30,3850525000.0,2026-06-30,6191958000.0,9.998631074606434,4.86574100836572
GLW,eps,3,ttm,66,2023-03-31,1.1109615384615386,2026-03-31,2.18,3.0006844626967832,25.188248616005126
GLW,eps,5,ttm,66,2021-03-31,1.4358653846153848,2026-03-31,2.18,4.999315537303217,8.711007116263136
GLW,eps,10,ttm,66,2016-03-31,0.3353846153846154,2026-03-31,2.18,9.998631074606434,20.587548266971623
GLW,fcf,3,ttm,24,2023-03-31,429000000.0,2026-03-31,1500000000.0,3.0006844626967832,51.76442737211649
GLW,fcf,5,ttm,24,2021-03-31,1534000000.0,2026-03-31,1500000000.0,4.999315537303217,-0.4473297568667989
GLW,net_income,3,ttm,69,2023-03-31,911000000.0,2026-03-31,1810000000.0,3.0006844626967832,25.708331549523365
GLW,net_income,5,ttm,69,2021-03-31,1207000000.0,2026-03-31,1810000000.0,4.999315537303217,8.442389716061548
GLW,net_income,10,ttm,69,2016-03-31,564000000.0,2026-03-31,1810000000.0,9.998631074606434,12.369094254422697
GLW,ocf,3,ttm,68,2023-03-31,2032000000.0,2026-03-31,2906000000.0,3.0006844626967832,12.662354161693523
GLW,ocf,5,ttm,68,2021-03-31,2655000000.0,2026-03-31,2906000000.0,4.999315537303217,1.8233288682648396
GLW,ocf,10,ttm,68,2016-03-31,2148000000.0,2026-03-31,2906000000.0,9.998631074606434,3.068968666273064
GLW,revenue,3,ttm,69,2023-03-31,13687000000.0,2026-03-31,16321000000.0,3.0006844626967832,6.0409689008899425
GLW,revenue,5,ttm,69,2021-03-31,12202000000.0,2026-03-31,16321000000.0,4.999315537303217,5.99041866569765
GLW,revenue,10,ttm,69,2016-03-31,8893000000.0,2026-03-31,16321000000.0,9.998631074606434,6.260892081040592
GM,eps,3,ttm,63,2023-06-30,7.160000000000004,2026-06-30,2.24,3.0006844626967832,-32.10829683478307
GM,eps,5,ttm,63,2021-06-30,8.650000000000004,2026-06-30,2.24,4.999315537303217,-23.681414034759605
GM,eps,10,ttm,63,2016-06-30,7.810000000000003,2026-06-30,2.24,9.998631074606434,-11.742367710443858
GM,fcf,3,ttm,59,2023-06-30,11400000000.0,2026-06-30,14398000000.0,3.0006844626967832,8.091463330543247
GM,fcf,5,ttm,59,2021-06-30,20937000000.0,2026-06-30,14398000000.0,4.999315537303217,-7.216000183494476
GM,fcf,10,ttm,59,2016-06-30,4271000000.0,2026-06-30,14398000000.0,9.998631074606434,12.92354035113652
GM,net_income,3,ttm,63,2023-06-30,10039000000.0,2026-06-30,2032000000.0,3.0006844626967832,-41.27849654348569
GM,net_income,5,ttm,63,2021-06-30,12749000000.0,2026-06-30,2032000000.0,4.999315537303217,-30.742361735030222
GM,net_income,10,ttm,63,2016-06-30,12444000000.0,2026-06-30,2032000000.0,9.998631074606434,-16.57704012432012
GM,ocf,3,ttm,61,2023-06-30,21492000000.0,2026-06-30,23202000000.0,3.0006844626967832,2.5841668187966516
GM,ocf,5,ttm,61,2021-06-30,26352000000.0,2026-06-30,23202000000.0,4.999315537303217,-2.5143135335415456
GM,ocf,10,ttm,61,2016-06-30,11627000000.0,2026-06-30,23202000000.0,9.998631074606434,7.154368980525594
GM,revenue,3,ttm,63,2023-06-30,156437000000.0,2026-06-30,168352000000.0,3.0006844626967832,2.476395984941493
GM,revenue,5,ttm,63,2021-06-30,125971000000.0,2026-06-30,168352000000.0,4.999315537303217,5.972453505655673
GM,revenue,10,ttm,63,2016-06-30,148863000000.0,2026-06-30,168352000000.0,9.998631074606434,1.2380759829125454
GNRC,eps,3,ttm,59,2023-06-30,2.4099999999999997,2026-06-30,4.35,3.0006844626967832,21.750635704344703
GNRC,eps,5,ttm,59,2021-06-30,8.12,2026-06-30,4.35,4.999315537303217,-11.736890582600967
GNRC,eps,10,ttm,59,2016-06-30,1.09,2026-06-30,4.35,9.998631074606434,14.845638106816605
GNRC,fcf,3,ttm,61,2023-06-30,15826000.0,2026-06-30,379249000.0,3.0006844626967832,188.23465871613848
GNRC,fcf,5,ttm,61,2021-06-30,558394000.0,2026-06-30,379249000.0,4.999315537303217,-7.446650688856183
GNRC,fcf,10,ttm,61,2016-06-30,197878000.0,2026-06-30,379249000.0,9.998631074606434,6.722640360777499
GNRC,net_income,3,ttm,62,2023-06-30,186913000.0,2026-06-30,260041000.0,3.0006844626967832,11.632299206512187
GNRC,net_income,5,ttm,62,2021-06-30,516000000.0,2026-06-30,260041000.0,4.999315537303217,-12.809277587645218
GNRC,net_income,10,ttm,62,2016-06-30,74314000.0,2026-06-30,260041000.0,9.998631074606434,13.345574095469036
GNRC,ocf,3,ttm,61,2023-06-30,109411000.0,2026-06-30,548133000.0,3.0006844626967832,71.08887742226837
GNRC,ocf,5,ttm,61,2021-06-30,648412000.0,2026-06-30,548133000.0,4.999315537303217,-3.3047850452589844
GNRC,ocf,10,ttm,61,2016-06-30,228275000.0,2026-06-30,548133000.0,9.998631074606434,9.156089379876198
GNRC,revenue,3,ttm,62,2023-06-30,4025820000.0,2026-06-30,4438732000.0,3.0006844626967832,3.3074478851858435
GNRC,revenue,5,ttm,62,2021-06-30,3189852000.0,2026-06-30,4438732000.0,4.999315537303217,6.832061073634765
GNRC,revenue,10,ttm,62,2016-06-30,1371032000.0,2026-06-30,4438732000.0,9.998631074606434,12.467778952191
GOOG,eps,3,ttm,61,2023-06-30,4.732375690607735,2026-06-30,19.92,3.0006844626967832,61.44424878791721
GOOG,eps,5,ttm,61,2021-06-30,4.606812656956304,2026-06-30,19.92,4.999315537303217,34.027886316523336
GOOG,eps,10,ttm,61,2016-12-31,1.3931993972877952,2026-06-30,19.92,9.494866529774127,32.33470518300954
GOOG,fcf,3,ttm,44,2023-06-30,71094000000.0,2026-06-30,53273000000.0,3.0006844626967832,-9.16896481118008
GOOG,fcf,5,ttm,44,2021-06-30,58536000000.0,2026-06-30,53273000000.0,4.999315537303217,-1.8668584795298204
GOOG,fcf,10,ttm,44,2016-06-30,20467000000.0,2026-06-30,53273000000.0,9.998631074606434,10.040102051526677
GOOG,net_income,3,ttm,45,2023-06-30,60953000000.0,2026-06-30,244205000000.0,3.0006844626967832,58.80859070167526
GOOG,net_income,5,ttm,45,2021-06-30,62929000000.0,2026-06-30,244205000000.0,4.999315537303217,31.158629427926332
GOOG,net_income,10,ttm,45,2016-06-30,17986000000.0,2026-06-30,244205000000.0,9.998631074606434,29.806818541009193
GOOG,ocf,3,ttm,44,2023-06-30,99142000000.0,2026-06-30,185675000000.0,3.0006844626967832,23.25688844467586
GOOG,ocf,5,ttm,44,2021-06-30,80859000000.0,2026-06-30,185675000000.0,4.999315537303217,18.09048302345877
GOOG,ocf,10,ttm,44,2016-06-30,29532000000.0,2026-06-30,185675000000.0,9.998631074606434,20.18686004347867
GOOG,revenue,3,ttm,45,2023-06-30,289531000000.0,2026-06-30,445867000000.0,3.0006844626967832,15.475316894974679
GOOG,revenue,5,ttm,45,2021-06-30,220265000000.0,2026-06-30,445867000000.0,4.999315537303217,15.149048434917244
GOOG,revenue,10,ttm,45,2016-06-30,81761000000.0,2026-06-30,445867000000.0,9.998631074606434,18.488444796546275
GOOGL,eps,3,ttm,61,2023-06-30,4.737127071823204,2026-06-30,19.94,3.0006844626967832,61.44424878791721
GOOGL,eps,5,ttm,61,2021-06-30,4.611437970868911,2026-06-30,19.94,4.999315537303217,34.027886316523315
GOOGL,eps,10,ttm,61,2016-12-31,1.3945981918633854,2026-06-30,19.94,9.494866529774127,32.33470518300954
GOOGL,fcf,3,ttm,44,2023-06-30,71094000000.0,2026-06-30,53273000000.0,3.0006844626967832,-9.16896481118008
GOOGL,fcf,5,ttm,44,2021-06-30,58536000000.0,2026-06-30,53273000000.0,4.999315537303217,-1.8668584795298204
GOOGL,fcf,10,ttm,44,2016-06-30,20467000000.0,2026-06-30,53273000000.0,9.998631074606434,10.040102051526677
GOOGL,net_income,3,ttm,45,2023-06-30,60953000000.0,2026-06-30,244205000000.0,3.0006844626967832,58.80859070167526
GOOGL,net_income,5,ttm,45,2021-06-30,62929000000.0,2026-06-30,244205000000.0,4.999315537303217,31.158629427926332
GOOGL,net_income,10,ttm,45,2016-06-30,17986000000.0,2026-06-30,244205000000.0,9.998631074606434,29.806818541009193
GOOGL,ocf,3,ttm,44,2023-06-30,99142000000.0,2026-06-30,185675000000.0,3.0006844626967832,23.25688844467586
GOOGL,ocf,5,ttm,44,2021-06-30,80859000000.0,2026-06-30,185675000000.0,4.999315537303217,18.09048302345877
GOOGL,ocf,10,ttm,44,2016-06-30,29532000000.0,2026-06-30,185675000000.0,9.998631074606434,20.18686004347867
GOOGL,revenue,3,ttm,45,2023-06-30,289531000000.0,2026-06-30,445867000000.0,3.0006844626967832,15.475316894974679
GOOGL,revenue,5,ttm,45,2021-06-30,220265000000.0,2026-06-30,445867000000.0,4.999315537303217,15.149048434917244
GOOGL,revenue,10,ttm,45,2016-06-30,81761000000.0,2026-06-30,445867000000.0,9.998631074606434,18.488444796546275
GPC,eps,3,ttm,67,2023-06-30,8.22115384615384,2026-06-30,0.25,3.0006844626967832,-68.77869243884099
GPC,eps,5,ttm,67,2021-06-30,5.394230769230765,2026-06-30,0.25,4.999315537303217,-45.90394814805917
GPC,eps,10,ttm,67,2016-06-30,4.451923076923073,2026-06-30,0.25,9.998631074606434,-25.024026491579242
GPC,fcf,3,ttm,69,2023-06-30,740997000.0,2026-06-30,759354000.0,3.0006844626967832,0.8188649452500973
GPC,fcf,5,ttm,69,2021-06-30,1629095000.0,2026-06-30,759354000.0,4.999315537303217,-14.159844127093812
GPC,fcf,10,ttm,69,2016-06-30,1113966000.0,2026-06-30,759354000.0,9.998631074606434,-3.760145809544413
GPC,net_income,3,ttm,70,2023-06-30,1212785000.0,2026-06-30,32766000.0,3.0006844626967832,-69.9854074495446
GPC,net_income,5,ttm,70,2021-06-30,812941000.0,2026-06-30,32766000.0,4.999315537303217,-47.394071343652755
GPC,net_income,10,ttm,70,2016-06-30,698683000.0,2026-06-30,32766000.0,9.998631074606434,-26.362992430625766
GPC,ocf,3,ttm,69,2023-06-30,1132989000.0,2026-06-30,1185761000.0,3.0006844626967832,1.5287376129922592
GPC,ocf,5,ttm,69,2021-06-30,1798232000.0,2026-06-30,1185761000.0,4.999315537303217,-7.992053896778462
GPC,ocf,10,ttm,69,2016-06-30,1235757000.0,2026-06-30,1185761000.0,9.998631074606434,-0.4121944320487403
GPC,revenue,3,ttm,70,2023-06-30,22879048000.0,2026-06-30,25071538000.0,3.0006844626967832,3.096673777369463
GPC,revenue,5,ttm,70,2021-06-30,17870132000.0,2026-06-30,25071538000.0,4.999315537303217,7.007611369594602
GPC,revenue,10,ttm,70,2016-06-30,15221497000.0,2026-06-30,25071538000.0,9.998631074606434,5.117573733321135
GPN,fcf,3,ttm,54,2023-06-30,1883917000.0,2026-06-30,822719000.0,3.0006844626967832,-24.126413773732125
GPN,fcf,5,ttm,54,2021-06-30,2016071000.0,2026-06-30,822719000.0,4.999315537303217,-16.413049294404324
GPN,fcf,10,ttm,54,2016-02-29,867459000.0,2026-06-30,822719000.0,10.33264887063655,-0.5111765808672453
GPN,ocf,3,ttm,61,2023-06-30,2506544000.0,2026-06-30,1657741000.0,3.0006844626967832,-12.871393541549981
GPN,ocf,5,ttm,61,2021-06-30,2463502000.0,2026-06-30,1657741000.0,4.999315537303217,-7.617855135488416
GPN,ocf,10,ttm,61,2016-02-29,960811000.0,2026-06-30,1657741000.0,10.33264887063655,5.420546891279687
GPN,revenue,3,ttm,56,2023-06-30,7136643000.0,2026-06-30,10230917000.0,3.0006844626967832,12.753051184180087
GPN,revenue,5,ttm,56,2021-06-30,7975452000.0,2026-06-30,10230917000.0,4.999315537303217,5.107767761435178
GPN,revenue,10,ttm,56,2016-02-29,2857635000.0,2026-06-30,10230917000.0,10.33264887063655,13.137748550561067
GRMN,eps,3,ttm,66,2023-04-01,5.412946428571429,2026-03-28,9.7,2.9897330595482545,21.544691292470763
GRMN,eps,5,ttm,66,2021-03-27,5.9109375,2026-03-28,9.7,5.002053388090349,10.40923786430412
GRMN,eps,10,ttm,66,2016-03-26,2.717299107142857,2026-03-28,9.7,10.004106776180699,13.56401612128062
GRMN,fcf,3,ttm,60,2023-04-01,650450000.0,2026-03-28,1451558000.0,2.9897330595482545,30.79944074930918
GRMN,fcf,5,ttm,60,2021-03-27,1096821000.0,2026-03-28,1451558000.0,5.002053388090349,5.762019668031848
GRMN,fcf,10,ttm,60,2016-03-26,251842000.0,2026-03-28,1451558000.0,10.004106776180699,19.13500728796882
GRMN,net_income,3,ttm,69,2023-04-01,964320000.0,2026-03-28,1736196000.0,2.9897330595482545,21.735764337213446
GRMN,net_income,5,ttm,69,2021-03-27,1051173000.0,2026-03-28,1736196000.0,5.002053388090349,10.552105638716291
GRMN,net_income,10,ttm,69,2016-03-26,477527000.0,2026-03-28,1736196000.0,10.004106776180699,13.772439093311807
GRMN,ocf,3,ttm,68,2023-04-01,881835000.0,2026-03-28,1748559000.0,2.9897330595482545,25.729723609305477
GRMN,ocf,5,ttm,68,2021-03-27,1277755000.0,2026-03-28,1748559000.0,5.002053388090349,6.4719861136374846
GRMN,ocf,10,ttm,68,2016-03-26,328199000.0,2026-03-28,1748559000.0,10.004106776180699,18.20190570507536
GRMN,revenue,3,ttm,69,2023-04-01,4835046000.0,2026-03-28,7463909000.0,2.9897330595482545,15.63015050088965
GRMN,revenue,5,ttm,69,2021-03-27,4402793000.0,2026-03-28,7463909000.0,5.002053388090349,11.129354784387612
GRMN,revenue,10,ttm,69,2016-03-26,2858918000.0,2026-03-28,7463909000.0,10.004106776180699,10.067564071214141
GS,eps,3,ttm,67,2023-06-30,23.43638383215057,2026-06-30,64.81,3.0006844626967832,40.351443918293505
GS,eps,5,ttm,67,2021-06-30,54.711558161061404,2026-06-30,64.81,4.999315537303217,3.446214297668315
GS,eps,10,ttm,67,2016-06-30,10.618361616784945,2026-06-30,64.81,9.998631074606434,19.831006339627024
GS,net_income,3,ttm,62,2023-06-30,8845000000.0,2026-06-30,20973000000.0,3.0006844626967832,33.33957399263123
GS,net_income,5,ttm,62,2021-06-30,20195000000.0,2026-06-30,20973000000.0,4.999315537303217,0.7589862600176689
GS,net_income,10,ttm,62,2016-06-30,5148000000.0,2026-06-30,20973000000.0,9.998631074606434,15.082835478129454
GS,revenue,3,ttm,53,2023-06-30,45687000000.0,2026-06-30,66203000000.0,3.0006844626967832,13.157348255740331
GS,revenue,5,ttm,53,2021-06-30,55614000000.0,2026-06-30,66203000000.0,4.999315537303217,3.5477770979038814
GS,revenue,10,ttm,53,2016-06-30,28404000000.0,2026-06-30,66203000000.0,9.998631074606434,8.831558406361694
GWW,eps,3,ttm,67,2023-06-30,34.66347183278104,2026-06-30,39.2,3.0006844626967832,4.183899387868251
GWW,eps,5,ttm,67,2021-06-30,16.2675503441244,2026-06-30,39.2,4.999315537303217,19.234858472813656
GWW,eps,10,ttm,67,2016-06-30,10.981595717563092,2026-06-30,39.2,9.998631074606434,13.5715695054492
GWW,fcf,3,ttm,69,2023-06-30,1358000000.0,2026-06-30,1510000000.0,3.0006844626967832,3.5989981689026562
GWW,fcf,5,ttm,69,2021-06-30,959000000.0,2026-06-30,1510000000.0,4.999315537303217,9.505785973547255
GWW,fcf,10,ttm,69,2016-06-30,700985000.0,2026-06-30,1510000000.0,9.998631074606434,7.977031840679061
GWW,net_income,3,ttm,70,2023-06-30,1768000000.0,2026-06-30,1870000000.0,3.0006844626967832,1.8868017409807036
GWW,net_income,5,ttm,70,2021-06-30,871000000.0,2026-06-30,1870000000.0,4.999315537303217,16.512836798558904
GWW,net_income,10,ttm,70,2016-06-30,696822000.0,2026-06-30,1870000000.0,9.998631074606434,10.376811670300846
GWW,ocf,3,ttm,69,2023-06-30,1644000000.0,2026-06-30,2175000000.0,3.0006844626967832,9.77663315506434
GWW,ocf,5,ttm,69,2021-06-30,1210000000.0,2026-06-30,2175000000.0,4.999315537303217,12.445415029249961
GWW,ocf,10,ttm,69,2016-06-30,1009697000.0,2026-06-30,2175000000.0,9.998631074606434,7.977031167785387
GWW,revenue,3,ttm,70,2023-06-30,16017000000.0,2026-06-30,18845000000.0,3.0006844626967832,5.568160204281414
GWW,revenue,5,ttm,70,2021-06-30,12250000000.0,2026-06-30,18845000000.0,4.999315537303217,8.997649531502061
GWW,revenue,10,ttm,70,2016-06-30,10081364000.0,2026-06-30,18845000000.0,9.998631074606434,6.4563089286129305
HAL,fcf,3,ttm,69,2023-06-30,1918000000.0,2026-06-30,1725000000.0,3.0006844626967832,-3.4726609416819043
HAL,fcf,5,ttm,69,2021-06-30,1002000000.0,2026-06-30,1725000000.0,4.999315537303217,11.478402255061248
HAL,net_income,3,ttm,70,2023-06-30,2461000000.0,2026-06-30,1602000000.0,3.0006844626967832,-13.330862262923027
HAL,net_income,5,ttm,70,2021-06-30,145000000.0,2026-06-30,1602000000.0,4.999315537303217,61.69160412973041
HAL,ocf,3,ttm,69,2023-06-30,3090000000.0,2026-06-30,2750000000.0,3.0006844626967832,-3.810296195722085
HAL,ocf,5,ttm,69,2021-06-30,1670000000.0,2026-06-30,2750000000.0,4.999315537303217,10.49157798088003
HAL,revenue,3,ttm,70,2023-06-30,22414000000.0,2026-06-30,22373000000.0,3.0006844626967832,-0.06099709950487808
HAL,revenue,5,ttm,70,2021-06-30,13370000000.0,2026-06-30,22373000000.0,4.999315537303217,10.847189341062592
HAL,revenue,10,ttm,70,2016-06-30,18697000000.0,2026-06-30,22373000000.0,9.998631074606434,1.8113735753058302
HAS,eps,5,ttm,63,2021-06-27,3.04541889483066,2026-06-28,5.62,5.002053388090349,13.030593792233415
HAS,eps,10,ttm,63,2016-06-26,3.8268092691622106,2026-06-28,5.62,10.004106776180699,3.9161620395604224
HAS,fcf,3,ttm,65,2023-07-02,179800000.0,2026-06-28,1213600000.0,2.9897330595482545,89.39909562291197
HAS,fcf,5,ttm,65,2021-06-27,1170300000.0,2026-06-28,1213600000.0,5.002053388090349,0.7289662900324068
HAS,fcf,10,ttm,65,2016-06-26,500495000.0,2026-06-28,1213600000.0,10.004106776180699,9.257633909136164
HAS,net_income,5,ttm,66,2021-06-27,419373000.0,2026-06-28,794100000.0,5.002053388090349,13.61408656336689
HAS,net_income,10,ttm,66,2016-06-26,484219000.0,2026-06-28,794100000.0,10.004106776180699,5.068980402381751
HAS,ocf,3,ttm,65,2023-07-02,344300000.0,2026-06-28,1288200000.0,2.9897330595482545,55.47887287244502
HAS,ocf,5,ttm,65,2021-06-27,1295200000.0,2026-06-28,1288200000.0,5.002053388090349,-0.10828140550214194
HAS,ocf,10,ttm,65,2016-06-26,641198000.0,2026-06-28,1288200000.0,10.004106776180699,7.222684302501103
HAS,revenue,3,ttm,66,2023-07-02,5565400000.0,2026-06-28,4973200000.0,2.9897330595482545,-3.693133987066999
HAS,revenue,5,ttm,66,2021-06-27,5936571000.0,2026-06-28,4973200000.0,5.002053388090349,-3.4779881859167694
HAS,revenue,10,ttm,66,2016-06-26,4646476000.0,2026-06-28,4973200000.0,10.004106776180699,0.6815774120508156
HBAN,eps,3,ttm,62,2023-03-31,1.5500000000000003,2026-03-31,1.3,3.0006844626967832,-5.693196209839146
HBAN,eps,5,ttm,62,2021-03-31,1.1400000000000001,2026-03-31,1.3,4.999315537303217,2.6618915837964385
HBAN,eps,10,ttm,62,2016-03-31,0.8200000000000003,2026-03-31,1.3,9.998631074606434,4.716637891198472
HBAN,fcf,3,ttm,64,2023-03-31,3142000000.0,2026-03-31,2156000000.0,3.0006844626967832,-11.794981673002935
HBAN,fcf,5,ttm,64,2021-03-31,584000000.0,2026-03-31,2156000000.0,4.999315537303217,29.856207228898747
HBAN,fcf,10,ttm,64,2016-03-31,1150984000.0,2026-03-31,2156000000.0,9.998631074606434,6.47843980275018
HBAN,net_income,3,ttm,65,2023-03-31,2380000000.0,2026-03-31,2207000000.0,3.0006844626967832,-2.483609600936909
HBAN,net_income,5,ttm,65,2021-03-31,1301000000.0,2026-03-31,2207000000.0,4.999315537303217,11.150467128262175
HBAN,net_income,10,ttm,65,2016-03-31,698103000.0,2026-03-31,2207000000.0,9.998631074606434,12.200586436214333
HBAN,ocf,3,ttm,64,2023-03-31,3308000000.0,2026-03-31,2493000000.0,3.0006844626967832,-8.995765790141963
HBAN,ocf,5,ttm,64,2021-03-31,714000000.0,2026-03-31,2493000000.0,4.999315537303217,28.416161007349828
HBAN,ocf,10,ttm,64,2016-03-31,1243047000.0,2026-03-31,2493000000.0,9.998631074606434,7.208102846230324
HBAN,revenue,3,ttm,30,2023-03-31,1387000000.0,2026-03-31,1683000000.0,3.0006844626967832,6.658670079946072
HBAN,revenue,5,ttm,30,2021-03-31,879000000.0,2026-03-31,1683000000.0,4.999315537303217,13.874575908314956
HBAN,revenue,10,ttm,30,2018-12-31,880000000.0,2026-03-31,1683000000.0,7.2470910335386725,9.359664544192302
HCA,eps,3,ttm,62,2023-03-31,20.393613503272476,2026-03-31,29.81,3.0006844626967832,13.486289043896127
HCA,eps,5,ttm,62,2021-03-31,20.896779193937306,2026-03-31,29.81,4.999315537303217,7.364510665166879
HCA,eps,10,ttm,62,2016-03-31,5.462941784361006,2026-03-31,29.81,9.998631074606434,18.495983482207734
HCA,fcf,3,ttm,62,2023-03-31,4249000000.0,2026-03-31,7927000000.0,3.0006844626967832,23.098695501621624
HCA,fcf,5,ttm,62,2021-03-31,7209000000.0,2026-03-31,7927000000.0,4.999315537303217,1.9172966733744135
HCA,fcf,10,ttm,62,2016-03-31,2677000000.0,2026-03-31,7927000000.0,9.998631074606434,11.468588944114488
HCA,net_income,3,ttm,62,2023-03-31,5733000000.0,2026-03-31,6794000000.0,3.0006844626967832,5.821909341162068
HCA,net_income,5,ttm,62,2021-03-31,4596000000.0,2026-03-31,6794000000.0,4.999315537303217,8.131879686839948
HCA,net_income,10,ttm,62,2016-03-31,2232000000.0,2026-03-31,6794000000.0,9.998631074606434,11.776306272581461
HCA,ocf,3,ttm,62,2023-03-31,8980000000.0,2026-03-31,12999000000.0,3.0006844626967832,13.118157361581485
HCA,ocf,5,ttm,62,2021-03-31,9845000000.0,2026-03-31,12999000000.0,4.999315537303217,5.716347425125146
HCA,ocf,10,ttm,62,2016-03-31,5115000000.0,2026-03-31,12999000000.0,9.998631074606434,9.777156264511477
HCA,revenue,3,ttm,34,2023-03-31,60879000000.0,2026-03-31,76388000000.0,3.0006844626967832,7.856183673163675
HCA,revenue,5,ttm,34,2021-03-31,52649000000.0,2026-03-31,76388000000.0,4.999315537303217,7.728702325707748
HCA,revenue,10,ttm,34,2017-12-31,43614000000.0,2026-03-31,76388000000.0,8.24640657084189,7.032530155459238
HD,eps,3,ttm,67,2023-07-30,16.020000000000003,2026-08-02,14.29,3.0088980150581794,-3.7267805645009533
HD,eps,5,ttm,67,2021-08-01,14.23,2026-08-02,14.29,5.002053388090349,0.08415244012369705
HD,eps,10,ttm,67,2016-07-31,5.93,2026-08-02,14.29,10.004106776180699,9.189800632047728
HD,fcf,3,ttm,69,2023-07-30,16269000000.0,2026-08-02,15099000000.0,3.0088980150581794,-2.449898426048014
HD,fcf,5,ttm,69,2021-08-01,11484000000.0,2026-08-02,15099000000.0,5.002053388090349,5.623667236585761
HD,fcf,10,ttm,69,2016-07-31,8821000000.0,2026-08-02,15099000000.0,10.004106776180699,5.519677152902802
HD,net_income,3,ttm,70,2023-07-30,16238000000.0,2026-08-02,14231000000.0,3.0088980150581794,-4.289972535301634
HD,net_income,5,ttm,70,2021-08-01,15241000000.0,2026-08-02,14231000000.0,5.002053388090349,-1.3614144555466612
HD,net_income,10,ttm,70,2016-07-31,7440000000.0,2026-08-02,14231000000.0,10.004106776180699,6.697608615982231
HD,ocf,3,ttm,69,2023-07-30,19638000000.0,2026-08-02,18779000000.0,3.0088980150581794,-1.475505198460958
HD,ocf,5,ttm,69,2021-08-01,13957000000.0,2026-08-02,18779000000.0,5.002053388090349,6.112243154157926
HD,ocf,10,ttm,69,2016-07-31,10316000000.0,2026-08-02,18779000000.0,10.004106776180699,6.170883903069169
HD,revenue,3,ttm,70,2023-07-30,154876000000.0,2026-08-02,169176000000.0,3.0088980150581794,2.9786201800951817
HD,revenue,5,ttm,70,2021-08-01,144415000000.0,2026-08-02,169176000000.0,5.002053388090349,3.2142466333952457
HD,revenue,10,ttm,70,2016-07-31,92033000000.0,2026-08-02,169176000000.0,10.004106776180699,6.274400476940589
HIG,eps,3,ttm,67,2023-06-30,5.834828478964401,2026-06-30,14.47,3.0006844626967832,35.34747396246374
HIG,eps,5,ttm,67,2021-06-30,5.535126213592233,2026-06-30,14.47,4.999315537303217,21.19358385127739
HIG,eps,10,ttm,67,2016-06-30,3.034485436893204,2026-06-30,14.47,9.998631074606434,16.908916407605613
HIG,fcf,3,ttm,51,2023-06-30,3230000000.0,2026-06-30,5873000000.0,3.0006844626967832,22.048585376747454
HIG,fcf,5,ttm,51,2021-06-30,4091000000.0,2026-06-30,5873000000.0,4.999315537303217,7.500480172340285
HIG,fcf,10,ttm,51,2016-06-30,2121000000.0,2026-06-30,5873000000.0,9.998631074606434,10.72303690590033
HIG,net_income,3,ttm,70,2023-06-30,2014000000.0,2026-06-30,4365000000.0,3.0006844626967832,29.404501937337855
HIG,net_income,5,ttm,70,2021-06-30,2150000000.0,2026-06-30,4365000000.0,4.999315537303217,15.217269533648658
HIG,net_income,10,ttm,70,2016-06-30,1341000000.0,2026-06-30,4365000000.0,9.998631074606434,12.528508990778707
HIG,ocf,3,ttm,60,2023-06-30,3427000000.0,2026-06-30,5880000000.0,3.0006844626967832,19.711694998531737
HIG,ocf,5,ttm,60,2021-06-30,4201000000.0,2026-06-30,5880000000.0,4.999315537303217,6.956929649161636
HIG,ocf,10,ttm,60,2016-06-30,2463000000.0,2026-06-30,5880000000.0,9.998631074606434,9.09289467125285
HIG,revenue,3,ttm,70,2023-06-30,7054000000.0,2026-06-30,1277000000.0,3.0006844626967832,-43.42278271028604
HIG,revenue,5,ttm,70,2021-06-30,6444000000.0,2026-06-30,1277000000.0,4.999315537303217,-27.65844757355962
HIG,revenue,10,ttm,70,2016-06-30,17090000000.0,2026-06-30,1277000000.0,9.998631074606434,-22.851149475540122
HII,eps,3,ttm,59,2023-06-30,12.984523809523807,2026-06-30,16.78,3.0006844626967832,8.921473746881814
HII,eps,5,ttm,59,2021-06-30,18.458000000000002,2026-06-30,16.78,4.999315537303217,-1.8884064801069078
HII,eps,10,ttm,59,2016-06-30,9.009261904761905,2026-06-30,16.78,9.998631074606434,6.417725513795913
HII,net_income,3,ttm,62,2023-06-30,520000000.0,2026-06-30,661000000.0,3.0006844626967832,8.324023488404574
HII,net_income,5,ttm,62,2021-06-30,748000000.0,2026-06-30,661000000.0,4.999315537303217,-2.442985366085404
HII,net_income,10,ttm,62,2016-06-30,430000000.0,2026-06-30,661000000.0,9.998631074606434,4.394076555018511
HII,ocf,3,ttm,61,2023-06-30,655000000.0,2026-06-30,347000000.0,3.0006844626967832,-19.081025490412927
HII,ocf,5,ttm,61,2021-06-30,963000000.0,2026-06-30,347000000.0,4.999315537303217,-18.46792429396874
HII,ocf,10,ttm,61,2016-06-30,908000000.0,2026-06-30,347000000.0,9.998631074606434,-9.172231770677907
HII,revenue,3,ttm,62,2023-06-30,10899000000.0,2026-06-30,13185000000.0,3.0006844626967832,6.551165932214675
HII,revenue,5,ttm,62,2021-06-30,9580000000.0,2026-06-30,13185000000.0,4.999315537303217,6.597427322607441
HII,revenue,10,ttm,62,2016-06-30,7168000000.0,2026-06-30,13185000000.0,9.998631074606434,6.284965901371353
HLT,eps,3,ttm,51,2023-06-30,4.779999999999999,2026-06-30,6.81,3.0006844626967832,12.519566559854889
HLT,eps,10,ttm,51,2016-06-30,4.9799999999999995,2026-06-30,6.81,9.998631074606434,3.1795519820688734
HLT,fcf,3,ttm,51,2023-06-30,1845000000.0,2026-06-30,2029000000.0,3.0006844626967832,3.2187874782229953
HLT,fcf,10,ttm,51,2016-06-30,1152000000.0,2026-06-30,2029000000.0,9.998631074606434,5.824523705200657
HLT,net_income,3,ttm,51,2023-06-30,1292000000.0,2026-06-30,1584000000.0,3.0006844626967832,7.026377469496725
HLT,net_income,10,ttm,51,2016-06-30,1641000000.0,2026-06-30,1584000000.0,9.998631074606434,-0.35294925337540084
HLT,ocf,3,ttm,51,2023-06-30,1947000000.0,2026-06-30,2109000000.0,3.0006844626967832,2.6993205180953828
HLT,ocf,10,ttm,51,2016-06-30,1472000000.0,2026-06-30,2109000000.0,9.998631074606434,3.6618642966739445
HLT,revenue,3,ttm,51,2023-06-30,9765000000.0,2026-06-30,12485000000.0,3.0006844626967832,8.533544284358241
HLT,revenue,5,ttm,51,2021-06-30,4026000000.0,2026-06-30,12485000000.0,4.999315537303217,25.405450891116743
HLT,revenue,10,ttm,51,2016-06-30,7334000000.0,2026-06-30,12485000000.0,9.998631074606434,5.464895679466286
HON,eps,3,ttm,67,2023-06-30,7.98684542834648,2026-06-30,21.993607760880963,3.0006844626967832,40.154468783196684
HON,eps,5,ttm,67,2021-06-30,6.968720330426075,2026-06-30,21.993607760880963,4.999315537303217,25.84685179144102
HON,eps,10,ttm,67,2016-06-30,6.053881615199792,2026-06-30,21.993607760880963,9.998631074606434,13.771615730667165
HON,fcf,3,ttm,63,2023-06-30,4174000000.0,2026-06-30,4010000000.0,3.0006844626967832,-1.3269317372739953
HON,fcf,5,ttm,63,2021-06-30,5099000000.0,2026-06-30,4010000000.0,4.999315537303217,-4.692074855821049
HON,fcf,10,ttm,63,2016-06-30,4452000000.0,2026-06-30,4010000000.0,9.998631074606434,-1.0403159668998518
HON,net_income,3,ttm,70,2023-06-30,5452000000.0,2026-06-30,8213000000.0,3.0006844626967832,14.630924566714821
HON,net_income,5,ttm,70,2021-06-30,4974000000.0,2026-06-30,8213000000.0,4.999315537303217,10.551635554579963
HON,net_income,10,ttm,70,2016-06-30,4993000000.0,2026-06-30,8213000000.0,9.998631074606434,5.10345314329721
HON,ocf,3,ttm,69,2023-06-30,5025000000.0,2026-06-30,5118000000.0,3.0006844626967832,0.6130079433034785
HON,ocf,5,ttm,69,2021-06-30,6045000000.0,2026-06-30,5118000000.0,4.999315537303217,-3.2749827952143984
HON,ocf,10,ttm,69,2016-06-30,5592000000.0,2026-06-30,5118000000.0,9.998631074606434,-0.8819418131593149
HON,revenue,3,ttm,70,2023-06-30,36147000000.0,2026-06-30,38057000000.0,3.0006844626967832,1.73078524199628
HON,revenue,5,ttm,70,2021-06-30,33959000000.0,2026-06-30,38057000000.0,4.999315537303217,2.3051004953091647
HON,revenue,10,ttm,70,2016-06-30,39106000000.0,2026-06-30,38057000000.0,9.998631074606434,-0.2715765098845302
HOOD,ocf,3,ttm,21,2023-06-30,1172000000.0,2026-06-30,245000000.0,3.0006844626967832,-40.64401597693288
HOOD,ocf,5,ttm,21,2021-06-30,211837000.0,2026-06-30,245000000.0,4.999315537303217,2.9519514280554437
HOOD,revenue,3,ttm,22,2023-06-30,1668000000.0,2026-06-30,4932000000.0,3.0006844626967832,43.51805552844796
HOOD,revenue,5,ttm,22,2021-06-30,1559406000.0,2026-06-30,4932000000.0,4.999315537303217,25.90021341436286
HPE,eps,3,ttm,44,2023-07-31,0.8200000000000001,2026-07-31,1.94,3.0006844626967832,33.23986685401961
HPE,eps,5,ttm,44,2021-07-31,0.77,2026-07-31,1.94,4.999315537303217,20.302094813960437
HPE,eps,10,ttm,44,2016-07-31,2.543912025708881,2026-07-31,1.94,9.998631074606434,-2.6741169742797832
HPE,fcf,3,ttm,44,2023-07-31,1468000000.0,2026-07-31,4156000000.0,3.0006844626967832,41.454075362095175
HPE,fcf,5,ttm,44,2021-07-31,1326000000.0,2026-07-31,4156000000.0,4.999315537303217,25.672422911664405
HPE,net_income,3,ttm,44,2023-07-31,1079000000.0,2026-07-31,2791000000.0,3.0006844626967832,37.26129177834097
HPE,net_income,5,ttm,44,2021-07-31,1031000000.0,2026-07-31,2791000000.0,4.999315537303217,22.042775859632858
HPE,net_income,10,ttm,44,2016-07-31,4244000000.0,2026-07-31,2791000000.0,9.998631074606434,-4.105002067118557
HPE,ocf,3,ttm,44,2023-07-31,4621000000.0,2026-07-31,6694000000.0,3.0006844626967832,13.145601486650094
HPE,ocf,5,ttm,44,2021-07-31,3662000000.0,2026-07-31,6694000000.0,4.999315537303217,12.823780212469238
HPE,ocf,10,ttm,44,2016-07-31,2588000000.0,2026-07-31,6694000000.0,9.998631074606434,9.970903772192784
HPE,revenue,3,ttm,44,2023-07-31,29655000000.0,2026-07-31,41871000000.0,3.0006844626967832,12.183007095363795
HPE,revenue,5,ttm,44,2021-07-31,27638000000.0,2026-07-31,41871000000.0,4.999315537303217,8.664149225094997
HPE,revenue,10,ttm,44,2016-07-31,21656000000.0,2026-07-31,41871000000.0,9.998631074606434,6.816275131362337
HPQ,eps,3,ttm,68,2023-07-31,2.3100000000000005,2026-07-31,2.62,3.0006844626967832,4.285904494858661
HPQ,eps,5,ttm,68,2021-07-31,3.200000000000001,2026-07-31,2.62,4.999315537303217,-3.921130470411349
HPQ,eps,10,ttm,68,2016-07-31,1.8700000000000006,2026-07-31,2.62,9.998631074606434,3.4303450874037855
HPQ,fcf,3,ttm,69,2023-07-31,2923000000.0,2026-07-31,3881000000.0,3.0006844626967832,9.907901253087248
HPQ,fcf,5,ttm,69,2021-07-31,4909000000.0,2026-07-31,3881000000.0,4.999315537303217,-4.591442924605071
HPQ,fcf,10,ttm,69,2016-07-31,4445000000.0,2026-07-31,3881000000.0,9.998631074606434,-1.3478894442076506
HPQ,net_income,3,ttm,70,2023-07-31,2266000000.0,2026-07-31,2451000000.0,3.0006844626967832,2.649903100601292
HPQ,net_income,5,ttm,70,2021-07-31,4043000000.0,2026-07-31,2451000000.0,4.999315537303217,-9.526381113310912
HPQ,net_income,10,ttm,70,2016-07-31,3327000000.0,2026-07-31,2451000000.0,9.998631074606434,-3.0099386374539128
HPQ,ocf,3,ttm,69,2023-07-31,3500000000.0,2026-07-31,4668000000.0,3.0006844626967832,10.072312841331232
HPQ,ocf,5,ttm,69,2021-07-31,5435000000.0,2026-07-31,4668000000.0,4.999315537303217,-2.997159737795241
HPQ,ocf,10,ttm,69,2016-07-31,5693000000.0,2026-07-31,4668000000.0,9.998631074606434,-1.965760073539713
HPQ,revenue,3,ttm,70,2023-07-31,54675000000.0,2026-07-31,59162000000.0,3.0006844626967832,2.6633458406344346
HPQ,revenue,5,ttm,70,2021-07-31,62069000000.0,2026-07-31,59162000000.0,4.999315537303217,-0.9548875728276229
HPQ,revenue,10,ttm,70,2016-07-31,47992000000.0,2026-07-31,59162000000.0,9.998631074606434,2.114788925989042
HRL,eps,3,ttm,64,2023-07-30,1.5746031746031746,2026-07-26,0.62,2.9897330595482545,-26.783295744454882
HRL,eps,5,ttm,64,2021-07-25,1.5549206349206348,2026-07-26,0.62,5.002053388090349,-16.791158183558185
HRL,eps,10,ttm,64,2016-07-24,1.5155555555555555,2026-07-26,0.62,10.004106776180699,-8.547008111264699
HRL,fcf,3,ttm,65,2023-07-30,842313000.0,2026-07-26,780869000.0,2.9897330595482545,-2.501656313515832
HRL,fcf,5,ttm,65,2021-07-25,407692000.0,2026-07-26,780869000.0,5.002053388090349,13.874380039709289
HRL,fcf,10,ttm,65,2016-07-24,710344000.0,2026-07-26,780869000.0,10.004106776180699,0.9506823906421102
HRL,net_income,3,ttm,66,2023-07-30,877521000.0,2026-07-26,342711000.0,2.9897330595482545,-26.983205158537316
HRL,net_income,5,ttm,66,2021-07-25,861457000.0,2026-07-26,342711000.0,5.002053388090349,-16.829032448093674
HRL,net_income,10,ttm,66,2016-07-24,833343000.0,2026-07-26,342711000.0,10.004106776180699,-8.4989102069573
HRL,ocf,3,ttm,65,2023-07-30,1100576000.0,2026-07-26,1091658000.0,2.9897330595482545,-0.27176263334731665
HRL,ocf,5,ttm,65,2021-07-25,687724000.0,2026-07-26,1091658000.0,5.002053388090349,9.677617720643173
HRL,ocf,10,ttm,65,2016-07-24,923433000.0,2026-07-26,1091658000.0,10.004106776180699,1.6869303786828604
HRL,revenue,3,ttm,66,2023-07-30,12195405000.0,2026-07-26,12146911000.0,2.9897330595482545,-0.1331787437834242
HRL,revenue,5,ttm,66,2021-07-25,10351543000.0,2026-07-26,12146911000.0,5.002053388090349,3.2491414232036053
HRL,revenue,10,ttm,66,2016-07-24,9296141000.0,2026-07-26,12146911000.0,10.004106776180699,2.709720197320009
HSIC,eps,3,ttm,67,2023-07-01,3.4200000000000004,2026-06-27,3.43,2.9897330595482545,0.09770558685138209
HSIC,eps,5,ttm,67,2021-06-26,4.24,2026-06-27,3.43,5.002053388090349,-4.149758389342473
HSIC,eps,10,ttm,67,2016-06-25,2.3215686274509806,2026-06-27,3.43,10.004106776180699,3.978680221986841
HSIC,fcf,3,ttm,65,2023-07-01,532000000.0,2026-06-27,569000000.0,2.9897330595482545,2.274407059139283
HSIC,fcf,5,ttm,65,2021-06-26,782858000.0,2026-06-27,569000000.0,5.002053388090349,-6.179610547283199
HSIC,fcf,10,ttm,65,2016-06-25,569403000.0,2026-06-27,569000000.0,10.004106776180699,-0.0070769372066736835
HSIC,net_income,3,ttm,67,2023-07-01,486000000.0,2026-06-27,424000000.0,2.9897330595482545,-4.462175080831454
HSIC,net_income,5,ttm,67,2021-06-26,606536000.0,2026-06-27,424000000.0,5.002053388090349,-6.907515567000333
HSIC,net_income,10,ttm,67,2016-06-25,491532000.0,2026-06-27,424000000.0,10.004106776180699,-1.4664702168905808
HSIC,ocf,3,ttm,65,2023-07-01,653000000.0,2026-06-27,700000000.0,2.9897330595482545,2.3519619318570273
HSIC,ocf,5,ttm,65,2021-06-26,833270000.0,2026-06-27,700000000.0,5.002053388090349,-3.424120287321053
HSIC,ocf,10,ttm,65,2016-06-25,633837000.0,2026-06-27,700000000.0,10.004106776180699,0.9974189182992976
HSIC,revenue,3,ttm,67,2023-07-01,12598000000.0,2026-06-27,13602000000.0,2.9897330595482545,2.5979086659506434
HSIC,revenue,5,ttm,67,2021-06-26,11897871000.0,2026-06-27,13602000000.0,5.002053388090349,2.712176008348166
HSIC,revenue,10,ttm,67,2016-06-25,11122339000.0,2026-06-27,13602000000.0,10.004106776180699,2.032158934567896
HST,eps,3,ttm,44,2023-06-30,1.043,2026-06-30,1.49,3.0006844626967832,12.62173376400273
HST,eps,10,ttm,44,2016-06-30,1.0330666666666666,2026-06-30,1.49,9.998631074606434,3.7308578857899954
HST,fcf,3,ttm,51,2023-06-30,1286000000.0,2026-06-30,1330000000.0,3.0006844626967832,1.1274632449016497
HST,fcf,10,ttm,51,2016-06-30,896000000.0,2026-06-30,1330000000.0,9.998631074606434,4.0295480572339
HST,net_income,3,ttm,51,2023-06-30,758000000.0,2026-06-30,1027000000.0,3.0006844626967832,10.651434954314421
HST,net_income,10,ttm,51,2016-06-30,777000000.0,2026-06-30,1027000000.0,9.998631074606434,2.8292341185539804
HST,ocf,3,ttm,51,2023-06-30,1528000000.0,2026-06-30,1606000000.0,3.0006844626967832,1.6730265364842012
HST,ocf,10,ttm,51,2016-06-30,1222000000.0,2026-06-30,1606000000.0,9.998631074606434,2.770639337813652
HST,revenue,3,ttm,51,2023-06-30,5226000000.0,2026-06-30,6219000000.0,3.0006844626967832,5.968789338393843
HST,revenue,5,ttm,51,2021-06-30,1513000000.0,2026-06-30,6219000000.0,4.999315537303217,32.67623387775647
HST,revenue,10,ttm,51,2016-06-30,5407000000.0,2026-06-30,6219000000.0,9.998631074606434,1.4091752486646403
HSY,eps,3,ttm,62,2023-07-02,8.798858188162436,2026-06-28,7.32,2.9897330595482545,-5.969204651182258
HSY,eps,5,ttm,62,2021-07-04,7.057462412036207,2026-06-28,7.32,4.982888432580425,0.7356970761443371
HSY,eps,10,ttm,62,2016-07-03,3.6569989664946845,2026-06-28,7.32,9.984941820670773,7.197356582744452
HSY,fcf,3,ttm,69,2023-07-02,1654846000.0,2026-06-28,2228157000.0,2.9897330595482545,10.46141825999567
HSY,fcf,5,ttm,69,2021-07-04,1619813000.0,2026-06-28,2228157000.0,4.982888432580425,6.60836730754053
HSY,fcf,10,ttm,69,2016-07-03,830140000.0,2026-06-28,2228157000.0,9.984941820670773,10.393654561409349
HSY,net_income,3,ttm,70,2023-07-02,1789951000.0,2026-06-28,1489107000.0,2.9897330595482545,-5.969204651182258
HSY,net_income,5,ttm,70,2021-07-04,1435699000.0,2026-06-28,1489107000.0,4.982888432580425,0.7356970761443371
HSY,net_income,10,ttm,70,2016-07-03,743943000.0,2026-06-28,1489107000.0,9.984941820670773,7.197356582744452
HSY,ocf,3,ttm,69,2023-07-02,2263872000.0,2026-06-28,2656591000.0,2.9897330595482545,5.496277219207357
HSY,ocf,5,ttm,69,2021-07-04,2103262000.0,2026-06-28,2656591000.0,4.982888432580425,4.79870803837148
HSY,ocf,10,ttm,69,2016-07-03,1138706000.0,2026-06-28,2656591000.0,9.984941820670773,8.85460177748092
HSY,revenue,3,ttm,70,2023-07-02,10858385000.0,2026-06-28,12163912000.0,2.9897330595482545,3.8705553217803113
HSY,revenue,5,ttm,70,2021-07-04,8690443000.0,2026-06-28,12163912000.0,4.982888432580425,6.980978807299842
HSY,revenue,10,ttm,70,2016-07-03,7336484000.0,2026-06-28,12163912000.0,9.984941820670773,5.194163602301849
HUBB,eps,3,ttm,62,2023-03-31,10.118033077377437,2026-03-31,16.91,3.0006844626967832,18.66761439124598
HUBB,eps,5,ttm,62,2021-03-31,6.472344949793267,2026-03-31,16.91,4.999315537303217,21.179124675687767
HUBB,eps,10,ttm,62,2016-03-31,4.774353219137626,2026-03-31,16.91,9.998631074606434,13.482900069630176
HUBB,fcf,3,ttm,64,2023-03-31,623000000.0,2026-03-31,909300000.0,3.0006844626967832,13.429816252799466
HUBB,fcf,5,ttm,64,2021-03-31,514200000.0,2026-03-31,909300000.0,4.999315537303217,12.078369151974622
HUBB,fcf,10,ttm,64,2016-03-31,299800000.0,2026-03-31,909300000.0,9.998631074606434,11.736265910999478
HUBB,net_income,3,ttm,65,2023-03-31,547600000.0,2026-03-31,905700000.0,3.0006844626967832,18.256138722800298
HUBB,net_income,5,ttm,65,2021-03-31,353900000.0,2026-03-31,905700000.0,4.999315537303217,20.67906476233423
HUBB,net_income,10,ttm,65,2016-03-31,275800000.0,2026-03-31,905700000.0,9.998631074606434,12.627924374634091
HUBB,ocf,3,ttm,64,2023-03-31,764300000.0,2026-03-31,1079000000.0,3.0006844626967832,12.178029850441918
HUBB,ocf,5,ttm,64,2021-03-31,598500000.0,2026-03-31,1079000000.0,4.999315537303217,12.51190206039765
HUBB,ocf,10,ttm,64,2016-03-31,375900000.0,2026-03-31,1079000000.0,9.998631074606434,11.122289745764347
HUBB,revenue,3,ttm,65,2023-03-31,5077200000.0,2026-03-31,5996100000.0,3.0006844626967832,5.7002559367930195
HUBB,revenue,5,ttm,65,2021-03-31,3681200000.0,2026-03-31,5996100000.0,4.999315537303217,10.250785538041596
HUBB,revenue,10,ttm,65,2016-03-31,3415500000.0,2026-03-31,5996100000.0,9.998631074606434,5.790045534733967
HUM,eps,3,ttm,66,2023-03-31,27.79184631803628,2026-03-31,10.56,3.0006844626967832,-27.565167565936555
HUM,eps,5,ttm,66,2021-03-31,31.713810032017072,2026-03-31,10.56,4.999315537303217,-19.74538379095394
HUM,eps,10,ttm,66,2016-03-31,8.215837780149412,2026-03-31,10.56,9.998631074606434,2.5422160424878104
HUM,fcf,3,ttm,68,2023-03-31,9907000000.0,2026-03-31,1272000000.0,3.0006844626967832,-49.543619038589796
HUM,fcf,5,ttm,68,2021-03-31,3266000000.0,2026-03-31,1272000000.0,4.999315537303217,-17.189964207955168
HUM,fcf,10,ttm,68,2016-03-31,738000000.0,2026-03-31,1272000000.0,9.998631074606434,5.595719075692851
HUM,net_income,3,ttm,69,2023-03-31,3115000000.0,2026-03-31,1130000000.0,3.0006844626967832,-28.675246180226278
HUM,net_income,5,ttm,69,2021-03-31,3722000000.0,2026-03-31,1130000000.0,4.999315537303217,-21.21451022100045
HUM,net_income,10,ttm,69,2016-03-31,1100000000.0,2026-03-31,1130000000.0,9.998631074606434,0.26947379822146456
HUM,ocf,3,ttm,68,2023-03-31,10972000000.0,2026-03-31,1844000000.0,3.0006844626967832,-44.807009039123535
HUM,ocf,5,ttm,68,2021-03-31,4328000000.0,2026-03-31,1844000000.0,4.999315537303217,-15.6889327049191
HUM,ocf,10,ttm,68,2016-03-31,1263000000.0,2026-03-31,1844000000.0,9.998631074606434,3.8575340936279234
HUM,revenue,3,ttm,69,2023-03-31,4511000000.0,2026-03-31,6176000000.0,3.0006844626967832,11.037015404698082
HUM,revenue,5,ttm,69,2021-03-31,1857000000.0,2026-03-31,6176000000.0,4.999315537303217,27.172546416124277
HUM,revenue,10,ttm,69,2016-03-31,54256000000.0,2026-03-31,6176000000.0,9.998631074606434,-19.533885548453434
HWM,eps,3,ttm,63,2023-06-30,1.2600000000000002,2026-06-30,4.64,3.0006844626967832,54.40905509721363
HWM,eps,5,ttm,63,2021-06-30,0.67,2026-06-30,4.64,4.999315537303217,47.269105446235926
HWM,fcf,3,ttm,69,2023-06-30,580000000.0,2026-06-30,1791000000.0,3.0006844626967832,45.60802101827501
HWM,fcf,5,ttm,69,2021-06-30,91000000.0,2026-06-30,1791000000.0,4.999315537303217,81.48731386140125
HWM,net_income,3,ttm,70,2023-06-30,532000000.0,2026-06-30,1871000000.0,3.0006844626967832,52.05913820952408
HWM,net_income,5,ttm,70,2021-06-30,296000000.0,2026-06-30,1871000000.0,4.999315537303217,44.60334607453878
HWM,ocf,3,ttm,69,2023-06-30,772000000.0,2026-06-30,2221000000.0,3.0006844626967832,42.21394755063048
HWM,ocf,5,ttm,69,2021-06-30,265000000.0,2026-06-30,2221000000.0,4.999315537303217,52.99802300623349
HWM,ocf,10,ttm,69,2016-06-30,1187000000.0,2026-06-30,2221000000.0,9.998631074606434,6.466630434445664
HWM,revenue,3,ttm,70,2023-06-30,6197000000.0,2026-06-30,9117000000.0,3.0006844626967832,13.730619349918015
HWM,revenue,5,ttm,70,2021-06-30,4776000000.0,2026-06-30,9117000000.0,4.999315537303217,13.806014859014137
HWM,revenue,10,ttm,70,2016-06-30,12407000000.0,2026-06-30,9117000000.0,9.998631074606434,-3.0346241490348036
IBKR,eps,3,ttm,63,2023-06-30,1.2323904382470119,2026-06-30,2.5199999999999996,3.0006844626967832,26.919139826156325
IBKR,eps,5,ttm,63,2021-06-30,0.8985657370517928,2026-06-30,2.5199999999999996,4.999315537303217,22.90863638331131
IBKR,eps,10,ttm,63,2016-06-30,0.3865338645418327,2026-06-30,2.5199999999999996,9.998631074606434,20.623644685283395
IBKR,net_income,3,ttm,66,2023-06-30,508000000.0,2026-06-30,1126000000.0,3.0006844626967832,30.37628733965734
IBKR,net_income,5,ttm,66,2021-06-30,316000000.0,2026-06-30,1126000000.0,4.999315537303217,28.939319113422467
IBKR,net_income,10,ttm,66,2016-06-30,99000000.0,2026-06-30,1126000000.0,9.998631074606434,27.52777310855525
IBKR,ocf,3,ttm,65,2023-06-30,3580000000.0,2026-06-30,15915000000.0,3.0006844626967832,64.40888139812533
IBKR,ocf,5,ttm,65,2021-06-30,9480000000.0,2026-06-30,15915000000.0,4.999315537303217,10.918968478913493
IBKR,ocf,10,ttm,65,2016-06-30,836000000.0,2026-06-30,15915000000.0,9.998631074606434,34.269556903320634
IBKR,revenue,3,ttm,66,2023-06-30,1508000000.0,2026-06-30,2729000000.0,3.0006844626967832,21.85625069389825
IBKR,revenue,5,ttm,66,2021-06-30,1494000000.0,2026-06-30,2729000000.0,4.999315537303217,12.807442241121825
IBKR,revenue,10,ttm,66,2016-06-30,1558000000.0,2026-06-30,2729000000.0,9.998631074606434,5.766209736011563
IBM,eps,3,ttm,67,2023-06-30,2.1822409211691762,2026-06-30,11.25,3.0006844626967832,72.72788441469346
IBM,eps,5,ttm,67,2021-06-30,6.033004384665021,2026-06-30,11.25,4.999315537303217,13.274247678771856
IBM,eps,10,ttm,67,2016-06-30,11.688841205351018,2026-06-30,11.25,9.998631074606434,-0.3819861101840183
IBM,fcf,3,ttm,59,2023-06-30,10888000000.0,2026-06-30,13790000000.0,3.0006844626967832,8.192606176410067
IBM,fcf,5,ttm,59,2021-06-30,15227000000.0,2026-06-30,13790000000.0,4.999315537303217,-1.9632727351906465
IBM,fcf,10,ttm,59,2016-06-30,15066000000.0,2026-06-30,13790000000.0,9.998631074606434,-0.8811843494998528
IBM,net_income,3,ttm,66,2023-06-30,2024000000.0,2026-06-30,10725000000.0,3.0006844626967832,74.3173177385608
IBM,net_income,5,ttm,66,2021-06-30,5334000000.0,2026-06-30,10725000000.0,4.999315537303217,14.994525128172253
IBM,net_income,10,ttm,66,2016-06-30,11931000000.0,2026-06-30,10725000000.0,9.998631074606434,-1.0601125720381743
IBM,ocf,3,ttm,65,2023-06-30,12278000000.0,2026-06-30,14888000000.0,3.0006844626967832,6.634207500757339
IBM,ocf,5,ttm,65,2021-06-30,17684000000.0,2026-06-30,14888000000.0,4.999315537303217,-3.383984244474769
IBM,ocf,10,ttm,65,2016-06-30,18749000000.0,2026-06-30,14888000000.0,9.998631074606434,-2.279775947417717
IBM,revenue,3,ttm,66,2023-06-30,60524000000.0,2026-06-30,69096000000.0,3.0006844626967832,4.513097855860537
IBM,revenue,5,ttm,66,2021-06-30,46891000000.0,2026-06-30,69096000000.0,4.999315537303217,8.06306780212369
IBM,revenue,10,ttm,66,2016-06-30,80261000000.0,2026-06-30,69096000000.0,9.998631074606434,-1.4869095806463228
ICE,eps,3,ttm,51,2023-06-30,3.0285310734463273,2026-06-30,7.1,3.0006844626967832,32.83544356858048
ICE,eps,5,ttm,51,2021-06-30,5.0141242937853105,2026-06-30,7.1,4.999315537303217,7.205430990343609
ICE,eps,10,ttm,51,2016-06-30,2.438870056497175,2026-06-30,7.1,9.998631074606434,11.279027697940425
ICE,fcf,3,ttm,51,2023-06-30,3418000000.0,2026-06-30,5078000000.0,3.0006844626967832,14.102144681156181
ICE,fcf,5,ttm,51,2021-06-30,2856000000.0,2026-06-30,5078000000.0,4.999315537303217,12.200228778740495
ICE,fcf,10,ttm,51,2016-06-30,1450000000.0,2026-06-30,5078000000.0,9.998631074606434,13.35480178325923
ICE,net_income,3,ttm,55,2023-06-30,1688000000.0,2026-06-30,4038000000.0,3.0006844626967832,33.73214879662623
ICE,net_income,5,ttm,55,2021-06-30,2814000000.0,2026-06-30,4038000000.0,4.999315537303217,7.491157366214662
ICE,net_income,10,ttm,55,2016-06-30,1440000000.0,2026-06-30,4038000000.0,9.998631074606434,10.86297104753038
ICE,ocf,3,ttm,51,2023-06-30,3634000000.0,2026-06-30,5514000000.0,3.0006844626967832,14.907094810419963
ICE,ocf,5,ttm,51,2021-06-30,3110000000.0,2026-06-30,5514000000.0,4.999315537303217,12.136780899887079
ICE,ocf,10,ttm,51,2016-06-30,1644000000.0,2026-06-30,5514000000.0,9.998631074606434,12.866144657554578
ICE,revenue,3,ttm,51,2023-06-30,9572000000.0,2026-06-30,13426000000.0,3.0006844626967832,11.936093155134575
ICE,revenue,5,ttm,51,2021-06-30,8726000000.0,2026-06-30,13426000000.0,4.999315537303217,9.00123307538836
ICE,revenue,10,ttm,51,2016-06-30,4120000000.0,2026-06-30,13426000000.0,9.998631074606434,12.5413102067788
IDXX,eps,3,ttm,63,2023-06-30,9.426619817287419,2026-06-30,14.24,3.0006844626967832,14.737234334702798
IDXX,eps,5,ttm,63,2021-06-30,8.395895994378076,2026-06-30,14.24,4.999315537303217,11.146264341736757
IDXX,eps,10,ttm,63,2016-06-30,2.211553056921996,2026-06-30,14.24,9.998631074606434,20.4737242881736
IDXX,fcf,3,ttm,65,2023-06-30,592759000.0,2026-06-30,1254332000.0,3.0006844626967832,28.376844555943983
IDXX,fcf,5,ttm,65,2021-06-30,694283000.0,2026-06-30,1254332000.0,4.999315537303217,12.55951884314095
IDXX,fcf,10,ttm,65,2016-06-30,220237000.0,2026-06-30,1254332000.0,9.998631074606434,19.00427582722195
IDXX,net_income,3,ttm,66,2023-06-30,791435000.0,2026-06-30,1139656000.0,3.0006844626967832,12.920849239361921
IDXX,net_income,5,ttm,66,2021-06-30,727848000.0,2026-06-30,1139656000.0,4.999315537303217,9.383533823144097
IDXX,net_income,10,ttm,66,2016-06-30,201793000.0,2026-06-30,1139656000.0,9.998631074606434,18.904163606862202
IDXX,ocf,3,ttm,65,2023-06-30,746654000.0,2026-06-30,1371510000.0,3.0006844626967832,22.46343825896384
IDXX,ocf,5,ttm,65,2021-06-30,770427000.0,2026-06-30,1371510000.0,4.999315537303217,12.22777561630819
IDXX,ocf,10,ttm,65,2016-06-30,294153000.0,2026-06-30,1371510000.0,9.998631074606434,16.646503128929947
IDXX,revenue,3,ttm,66,2023-06-30,3514054000.0,2026-06-30,4553223000.0,3.0006844626967832,9.017179575195788
IDXX,revenue,5,ttm,66,2021-06-30,3046576000.0,2026-06-30,4553223000.0,4.999315537303217,8.369272847089992
IDXX,revenue,10,ttm,66,2016-06-30,1690191000.0,2026-06-30,4553223000.0,9.998631074606434,10.419100777415103
IEX,eps,3,ttm,63,2023-06-30,7.741122302158273,2026-06-30,6.959999999999999,3.0006844626967832,-3.482673719369167
IEX,eps,5,ttm,63,2021-06-30,5.517928057553956,2026-06-30,6.959999999999999,4.999315537303217,4.753707377535954
IEX,eps,10,ttm,63,2016-06-30,3.785438848920863,2026-06-30,6.959999999999999,9.998631074606434,6.280336719984803
IEX,fcf,3,ttm,65,2023-06-30,570000000.0,2026-06-30,641500000.0,3.0006844626967832,4.016770599332564
IEX,fcf,5,ttm,65,2021-06-30,499572000.0,2026-06-30,641500000.0,4.999315537303217,5.129037431996619
IEX,fcf,10,ttm,65,2016-06-30,333734000.0,2026-06-30,641500000.0,9.998631074606434,6.753840091573982
IEX,net_income,3,ttm,66,2023-06-30,587100000.0,2026-06-30,519500000.0,3.0006844626967832,-3.9947027532155177
IEX,net_income,5,ttm,66,2021-06-30,419816000.0,2026-06-30,519500000.0,4.999315537303217,4.353698684606622
IEX,net_income,10,ttm,66,2016-06-30,291157000.0,2026-06-30,519500000.0,9.998631074606434,5.961787115244466
IEX,ocf,3,ttm,65,2023-06-30,654500000.0,2026-06-30,716700000.0,3.0006844626967832,3.0717350275742517
IEX,ocf,5,ttm,65,2021-06-30,560687000.0,2026-06-30,716700000.0,4.999315537303217,5.033128852077318
IEX,ocf,10,ttm,65,2016-06-30,370736000.0,2026-06-30,716700000.0,9.998631074606434,6.814739054094487
IEX,revenue,3,ttm,66,2023-06-30,3326300000.0,2026-06-30,3585300000.0,3.0006844626967832,2.5302978800015863
IEX,revenue,5,ttm,66,2021-06-30,2533935000.0,2026-06-30,3585300000.0,4.999315537303217,7.1889788310336655
IEX,revenue,10,ttm,66,2016-06-30,2055857000.0,2026-06-30,3585300000.0,9.998631074606434,5.719856913950161
IFF,eps,5,ttm,63,2021-06-30,1.2200000000000002,2026-06-30,1.1,4.999315537303217,-2.0497971813890015
IFF,eps,10,ttm,63,2016-06-30,5.23,2026-06-30,1.1,9.998631074606434,-14.438216389632252
IFF,fcf,3,ttm,65,2023-06-30,265000000.0,2026-06-30,540000000.0,3.0006844626967832,26.772714452736768
IFF,fcf,5,ttm,65,2021-06-30,927000000.0,2026-06-30,540000000.0,4.999315537303217,-10.245469622179614
IFF,fcf,10,ttm,65,2016-06-30,366964000.0,2026-06-30,540000000.0,9.998631074606434,3.939189713963631
IFF,net_income,5,ttm,66,2021-06-30,138000000.0,2026-06-30,290000000.0,4.999315537303217,16.014591079260665
IFF,net_income,10,ttm,66,2016-06-30,420950000.0,2026-06-30,290000000.0,9.998631074606434,-3.658249569377381
IFF,ocf,3,ttm,65,2023-06-30,823000000.0,2026-06-30,1161000000.0,3.0006844626967832,12.150040019120855
IFF,ocf,5,ttm,65,2021-06-30,1204000000.0,2026-06-30,1161000000.0,4.999315537303217,-0.7248129351026256
IFF,ocf,10,ttm,65,2016-06-30,473293000.0,2026-06-30,1161000000.0,9.998631074606434,9.389477847592609
IFF,revenue,3,ttm,66,2023-06-30,11863000000.0,2026-06-30,9978000000.0,3.0006844626967832,-5.603613359961301
IFF,revenue,5,ttm,66,2021-06-30,8092000000.0,2026-06-30,9978000000.0,4.999315537303217,4.279758458287253
IFF,revenue,10,ttm,66,2016-06-30,3057531000.0,2026-06-30,9978000000.0,9.998631074606434,12.557463027057803
INCY,eps,3,ttm,62,2023-03-31,1.6076977401129944,2026-03-31,7.849999999999999,3.0006844626967832,69.63002384494963
INCY,eps,5,ttm,62,2021-03-31,2.406002824858757,2026-03-31,7.849999999999999,4.999315537303217,26.68604191184185
INCY,eps,10,ttm,62,2016-03-31,0.2661016949152542,2026-03-31,7.849999999999999,9.998631074606434,40.28212149453885
INCY,fcf,3,ttm,49,2019-12-31,632592000.0,2022-12-31,892108000.0,3.0006844626967832,12.138108962969806
INCY,net_income,3,ttm,62,2023-03-31,324411000.0,2026-03-31,1431827000.0,3.0006844626967832,64.01464650934432
INCY,net_income,5,ttm,62,2021-03-31,478480000.0,2026-03-31,1431827000.0,4.999315537303217,24.514057720654936
INCY,net_income,10,ttm,62,2016-03-31,48937000.0,2026-03-31,1431827000.0,9.998631074606434,40.16687638635419
INCY,ocf,3,ttm,62,2023-03-31,648597000.0,2026-03-31,1516782000.0,3.0006844626967832,32.72559804501234
INCY,ocf,5,ttm,62,2021-03-31,764913000.0,2026-03-31,1516782000.0,4.999315537303217,14.6754269883842
INCY,ocf,10,ttm,62,2016-03-31,191529000.0,2026-03-31,1516782000.0,9.998631074606434,22.993218567055827
INCY,revenue,3,ttm,62,2023-03-31,3470073000.0,2026-03-31,5361020000.0,3.0006844626967832,15.599310022534919
INCY,revenue,5,ttm,62,2021-03-31,2702913000.0,2026-03-31,5361020000.0,4.999315537303217,14.680932585884786
INCY,revenue,10,ttm,62,2016-03-31,857940000.0,2026-03-31,5361020000.0,9.998631074606434,20.112981222108097
INTC,fcf,5,ttm,69,2021-06-26,17541000000.0,2026-06-27,2831000000.0,5.002053388090349,-30.554815160749293
INTC,fcf,10,ttm,69,2016-07-02,11897000000.0,2026-06-27,2831000000.0,9.984941820670773,-13.392358549587557
INTC,ocf,3,ttm,69,2023-07-01,9756000000.0,2026-06-27,14936000000.0,2.9897330595482545,15.309714164361598
INTC,ocf,5,ttm,69,2021-06-26,32698000000.0,2026-06-27,14936000000.0,5.002053388090349,-14.49912460278876
INTC,ocf,10,ttm,69,2016-07-02,19063000000.0,2026-06-27,14936000000.0,9.984941820670773,-2.413818082677377
INTC,revenue,3,ttm,70,2023-07-01,54044000000.0,2026-06-27,57032000000.0,2.9897330595482545,1.8162564029660988
INTC,revenue,5,ttm,70,2021-06-26,77615000000.0,2026-06-27,57032000000.0,5.002053388090349,-5.974516482493941
INTC,revenue,10,ttm,70,2016-07-02,56614000000.0,2026-06-27,57032000000.0,9.984941820670773,0.07370017710441878
INTU,eps,3,ttm,68,2023-04-30,7.964507299270072,2026-04-30,16.47,3.0006844626967832,27.395543749144856
INTU,eps,5,ttm,68,2021-04-30,7.8142335766423345,2026-04-30,16.47,4.999315537303217,16.083450486940333
INTU,eps,10,ttm,68,2016-04-30,3.9772445255474445,2026-04-30,16.47,9.998631074606434,15.270872285318514
INTU,fcf,3,ttm,68,2023-04-30,4334000000.0,2026-04-30,7755000000.0,3.0006844626967832,21.39806146191068
INTU,fcf,5,ttm,68,2021-04-30,2942000000.0,2026-04-30,7755000000.0,4.999315537303217,21.394595690267316
INTU,fcf,10,ttm,68,2016-04-30,1200000000.0,2026-04-30,7755000000.0,9.998631074606434,20.517787704194568
INTU,net_income,3,ttm,68,2023-04-30,2239000000.0,2026-04-30,4584000000.0,3.0006844626967832,26.97157615481205
INTU,net_income,5,ttm,68,2021-04-30,2127000000.0,2026-04-30,4584000000.0,4.999315537303217,16.601612173424463
INTU,net_income,10,ttm,68,2016-04-30,1033000000.0,2026-04-30,4584000000.0,9.998631074606434,16.070883151051163
INTU,ocf,3,ttm,68,2023-04-30,4543000000.0,2026-04-30,7888000000.0,3.0006844626967832,20.18672527025278
INTU,ocf,5,ttm,68,2021-04-30,2995000000.0,2026-04-30,7888000000.0,4.999315537303217,21.37396266765279
INTU,ocf,10,ttm,68,2016-04-30,1608000000.0,2026-04-30,7888000000.0,9.998631074606434,17.240467613283617
INTU,revenue,3,ttm,68,2023-04-30,14070000000.0,2026-04-30,20925000000.0,3.0006844626967832,14.141616012667434
INTU,revenue,5,ttm,68,2021-04-30,8888000000.0,2026-04-30,20925000000.0,4.999315537303217,18.68134693383887
INTU,revenue,10,ttm,68,2016-04-30,4636000000.0,2026-04-30,20925000000.0,9.998631074606434,16.268257846223943
INVH,eps,3,ttm,35,2023-06-30,0.7200000000000001,2026-06-30,1.09,3.0006844626967832,14.820025916432321
INVH,eps,5,ttm,35,2021-06-30,0.39,2026-06-30,1.09,4.999315537303217,22.824385662749048
INVH,fcf,3,ttm,37,2022-12-31,901216000.0,2025-12-31,1177898000.0,3.0006844626967832,9.332871832587863
INVH,fcf,5,ttm,37,2020-12-31,597943000.0,2025-12-31,1177898000.0,4.999315537303217,14.524299042359768
INVH,fcf,10,ttm,37,2016-12-31,252197000.0,2025-12-31,1177898000.0,8.999315537303216,18.680632765529246
INVH,net_income,3,ttm,39,2023-06-30,437857000.0,2026-06-30,660647000.0,3.0006844626967832,14.691739822169737
INVH,net_income,5,ttm,39,2021-06-30,221058000.0,2026-06-30,660647000.0,4.999315537303217,24.481744346917324
INVH,ocf,3,ttm,39,2023-06-30,1070271000.0,2026-06-30,1199915000.0,3.0006844626967832,3.88395271473998
INVH,ocf,5,ttm,39,2021-06-30,770878000.0,2026-06-30,1199915000.0,4.999315537303217,9.25422182821527
INVH,ocf,10,ttm,39,2016-12-31,256054000.0,2026-06-30,1199915000.0,9.494866529774127,17.66592001315177
INVH,revenue,3,ttm,35,2023-06-30,2338773000.0,2026-06-30,1466621000.0,3.0006844626967832,-14.40297202495342
INVH,revenue,5,ttm,35,2021-06-30,1890142000.0,2026-06-30,1466621000.0,4.999315537303217,-4.947908705653781
INVH,revenue,10,ttm,35,2017-12-31,596577000.0,2026-06-30,1466621000.0,8.49555099247091,11.168835279610455
IP,fcf,3,ttm,55,2023-06-30,901000000.0,2026-06-30,492000000.0,3.0006844626967832,-18.260229135460506
IP,fcf,5,ttm,55,2021-06-30,2455000000.0,2026-06-30,492000000.0,4.999315537303217,-27.495726357891126
IP,fcf,10,ttm,55,2016-06-30,1778000000.0,2026-06-30,492000000.0,9.998631074606434,-12.058130165946023
IP,ocf,3,ttm,69,2023-06-30,2069000000.0,2026-06-30,2647000000.0,3.0006844626967832,8.55662891198432
IP,ocf,5,ttm,69,2021-06-30,2802000000.0,2026-06-30,2647000000.0,4.999315537303217,-1.1318323490319249
IP,ocf,10,ttm,69,2016-06-30,3052000000.0,2026-06-30,2647000000.0,9.998631074606434,-1.413807356448471
IP,revenue,3,ttm,70,2023-06-30,20237000000.0,2026-06-30,24203000000.0,3.0006844626967832,6.145547163620679
IP,revenue,5,ttm,70,2021-06-30,18926000000.0,2026-06-30,24203000000.0,4.999315537303217,5.042487508112203
IP,revenue,10,ttm,70,2016-06-30,20765000000.0,2026-06-30,24203000000.0,9.998631074606434,1.5440866193597858
IQV,eps,3,ttm,54,2023-03-31,5.5561614906832295,2026-03-31,8.03,3.0006844626967832,13.058026627107866
IQV,eps,5,ttm,54,2021-03-31,2.094782608695652,2026-03-31,8.03,4.999315537303217,30.837216689564872
IQV,eps,10,ttm,54,2016-03-31,3.2818260869565212,2026-03-31,8.03,9.998631074606434,9.361716620697447
IQV,fcf,3,ttm,54,2023-03-31,1508000000.0,2026-03-31,2116000000.0,3.0006844626967832,11.950727870086176
IQV,fcf,5,ttm,54,2021-03-31,2039000000.0,2026-03-31,2116000000.0,4.999315537303217,0.7442175842431675
IQV,fcf,10,ttm,54,2016-03-31,564764000.0,2026-03-31,2116000000.0,9.998631074606434,14.12287913902528
IQV,net_income,3,ttm,54,2023-03-31,1055000000.0,2026-03-31,1385000000.0,3.0006844626967832,9.493948567850307
IQV,net_income,5,ttm,54,2021-03-31,409000000.0,2026-03-31,1385000000.0,4.999315537303217,27.632065676321194
IQV,net_income,10,ttm,54,2016-03-31,407000000.0,2026-03-31,1385000000.0,9.998631074606434,13.029763297013798
IQV,ocf,3,ttm,54,2023-03-31,2169000000.0,2026-03-31,2704000000.0,3.0006844626967832,7.62382715563461
IQV,ocf,5,ttm,54,2021-03-31,2663000000.0,2026-03-31,2704000000.0,4.999315537303217,0.3060863544958714
IQV,ocf,10,ttm,54,2016-03-31,652332000.0,2026-03-31,2704000000.0,9.998631074606434,15.282199841549504
IQV,revenue,3,ttm,54,2023-03-31,14494000000.0,2026-03-31,16632000000.0,3.0006844626967832,4.692168689652898
IQV,revenue,5,ttm,54,2021-03-31,12014000000.0,2026-03-31,16632000000.0,4.999315537303217,6.722315090024833
IQV,revenue,10,ttm,54,2016-03-31,5879407000.0,2026-03-31,16632000000.0,9.998631074606434,10.960212091171574
IR,eps,3,ttm,35,2023-06-30,1.7029629629629632,2026-06-30,2.42,3.0006844626967832,12.42384923124864
IR,eps,5,ttm,35,2021-06-30,0.8066666666666669,2026-06-30,2.42,4.999315537303217,24.576841485932643
IR,eps,10,ttm,35,2017-12-31,0.09958847736625517,2026-06-30,2.42,8.49555099247091,45.57871119599033
IR,fcf,3,ttm,37,2023-06-30,925400000.0,2026-06-30,1219300000.0,3.0006844626967832,9.62709824255219
IR,fcf,5,ttm,37,2021-06-30,788100000.0,2026-06-30,1219300000.0,4.999315537303217,9.121678840322623
IR,fcf,10,ttm,37,2017-06-30,41400000.0,2026-06-30,1219300000.0,8.999315537303216,45.628670756175495
IR,net_income,3,ttm,38,2023-06-30,703100000.0,2026-06-30,959100000.0,3.0006844626967832,10.901821198392936
IR,net_income,5,ttm,38,2021-06-30,324600000.0,2026-06-30,959100000.0,4.999315537303217,24.198387944407184
IR,ocf,3,ttm,37,2023-06-30,1027900000.0,2026-06-30,1349200000.0,3.0006844626967832,9.487912084440019
IR,ocf,5,ttm,37,2021-06-30,833300000.0,2026-06-30,1349200000.0,4.999315537303217,10.118609947935386
IR,ocf,10,ttm,37,2017-06-30,116600000.0,2026-06-30,1349200000.0,8.999315537303216,31.26896870644318
IR,revenue,3,ttm,38,2023-06-30,6455200000.0,2026-06-30,7942200000.0,3.0006844626967832,7.152800689461047
IR,revenue,5,ttm,38,2021-06-30,4739600000.0,2026-06-30,7942200000.0,4.999315537303217,10.878148374569928
IR,revenue,10,ttm,38,2017-03-31,1984100000.0,2026-06-30,7942200000.0,9.248459958932239,16.18035794587258
IRM,eps,3,ttm,67,2023-06-30,1.3,2026-06-30,1.41,3.0006844626967832,2.7438663525371387
IRM,eps,5,ttm,67,2021-06-30,2.0999999999999996,2026-06-30,1.41,4.999315537303217,-7.658861146747675
IRM,eps,10,ttm,67,2016-06-30,0.38,2026-06-30,1.41,9.998631074606434,14.012205733497552
IRM,net_income,3,ttm,67,2023-06-30,379310000.0,2026-06-30,418655000.0,3.0006844626967832,3.3437153546755916
IRM,net_income,5,ttm,67,2021-06-30,606692000.0,2026-06-30,418655000.0,4.999315537303217,-7.151863603908726
IRM,net_income,10,ttm,67,2016-06-30,77621000.0,2026-06-30,418655000.0,9.998631074606434,18.358029219482262
IRM,ocf,3,ttm,67,2023-06-30,1027865000.0,2026-06-30,1655387000.0,3.0006844626967832,17.212002172360652
IRM,ocf,5,ttm,67,2021-06-30,937785000.0,2026-06-30,1655387000.0,4.999315537303217,12.038170763810395
IRM,ocf,10,ttm,67,2016-06-30,568772000.0,2026-06-30,1655387000.0,9.998631074606434,11.27625097295384
IRM,revenue,3,ttm,35,2023-06-30,5238279000.0,2026-06-30,7562471000.0,3.0006844626967832,13.017641465471218
IRM,revenue,5,ttm,35,2021-06-30,4232271000.0,2026-06-30,7562471000.0,4.999315537303217,12.31168773330731
IRM,revenue,10,ttm,35,2017-12-31,3845578000.0,2026-06-30,7562471000.0,8.49555099247091,8.28574355552798
ISRG,eps,3,ttm,67,2023-06-30,3.9891389207807118,2026-06-30,8.73,3.0006844626967832,29.823256591506862
ISRG,eps,5,ttm,67,2021-06-30,8.228851894374284,2026-06-30,8.73,4.999315537303217,1.1895588666392065
ISRG,eps,10,ttm,67,2016-06-30,1.9645005740528128,2026-06-30,8.73,9.998631074606434,16.08739799857959
ISRG,fcf,3,ttm,69,2023-06-30,1177500000.0,2026-06-30,3222600000.0,3.0006844626967832,39.866996869903026
ISRG,fcf,5,ttm,69,2021-06-30,1661800000.0,2026-06-30,3222600000.0,4.999315537303217,14.165111596161118
ISRG,fcf,10,ttm,69,2016-06-30,916700000.0,2026-06-30,3222600000.0,9.998631074606434,13.397999278566886
ISRG,net_income,3,ttm,70,2023-06-30,1425000000.0,2026-06-30,3138800000.0,3.0006844626967832,30.103860722262965
ISRG,net_income,5,ttm,70,2021-06-30,1622600000.0,2026-06-30,3138800000.0,4.999315537303217,14.108574741603274
ISRG,net_income,10,ttm,70,2016-06-30,678200000.0,2026-06-30,3138800000.0,9.998631074606434,16.560042202740675
ISRG,ocf,3,ttm,69,2023-06-30,1858200000.0,2026-06-30,3706400000.0,3.0006844626967832,25.872389755206626
ISRG,ocf,5,ttm,69,2021-06-30,1922400000.0,2026-06-30,3706400000.0,4.999315537303217,14.032727669057078
ISRG,ocf,10,ttm,69,2016-06-30,985900000.0,2026-06-30,3706400000.0,9.998631074606434,14.161539332886885
ISRG,revenue,3,ttm,70,2023-06-30,6664500000.0,2026-06-30,11034400000.0,3.0006844626967832,18.297908648733664
ISRG,revenue,5,ttm,70,2021-06-30,5162900000.0,2026-06-30,11034400000.0,4.999315537303217,16.407251220866502
ISRG,revenue,10,ttm,70,2016-06-30,2530800000.0,2026-06-30,11034400000.0,9.998631074606434,15.866488458821127
IT,eps,3,ttm,63,2023-06-30,11.489354260089689,2026-06-30,11.13,3.0006844626967832,-1.0533950702404704
IT,eps,5,ttm,63,2021-06-30,6.478358744394619,2026-06-30,11.13,4.999315537303217,11.432652847100467
IT,eps,10,ttm,63,2016-06-30,2.2858923766816144,2026-06-30,11.13,9.998631074606434,17.152982745663326
IT,fcf,3,ttm,65,2023-06-30,1002132000.0,2026-06-30,1288944000.0,3.0006844626967832,8.749698551869889
IT,fcf,5,ttm,65,2021-06-30,1174504000.0,2026-06-30,1288944000.0,4.999315537303217,1.8772035688796374
IT,fcf,10,ttm,65,2016-06-30,310090000.0,2026-06-30,1288944000.0,9.998631074606434,15.314282246450595
IT,net_income,3,ttm,66,2023-06-30,924386000.0,2026-06-30,775120000.0,3.0006844626967832,-5.700148261455751
IT,net_income,5,ttm,66,2021-06-30,571907000.0,2026-06-30,775120000.0,4.999315537303217,6.270401596202246
IT,net_income,10,ttm,66,2016-06-30,192742000.0,2026-06-30,775120000.0,9.998631074606434,14.933738386550367
IT,ocf,3,ttm,65,2023-06-30,1118491000.0,2026-06-30,1382615000.0,3.0006844626967832,7.320475881892974
IT,ocf,5,ttm,65,2021-06-30,1237006000.0,2026-06-30,1382615000.0,4.999315537303217,2.250917819206566
IT,ocf,10,ttm,65,2016-06-30,357941000.0,2026-06-30,1382615000.0,9.998631074606434,14.471405949166428
IT,revenue,3,ttm,66,2023-06-30,5748639000.0,2026-06-30,6463626000.0,3.0006844626967832,3.984000838509605
IT,revenue,5,ttm,66,2021-06-30,4378734000.0,2026-06-30,6463626000.0,4.999315537303217,8.101112210064688
IT,revenue,10,ttm,66,2016-06-30,2311198000.0,2026-06-30,6463626000.0,9.998631074606434,10.833238064686412
ITW,eps,3,ttm,67,2023-06-30,10.118313689936535,2026-06-30,11.05,3.0006844626967832,2.9789527505553304
ITW,eps,5,ttm,67,2021-06-30,8.425249320036263,2026-06-30,11.05,4.999315537303217,5.5745231208917945
ITW,eps,10,ttm,67,2016-06-30,5.379737080689029,2026-06-30,11.05,9.998631074606434,7.464346620493423
ITW,fcf,3,ttm,69,2023-06-30,2587000000.0,2026-06-30,2921000000.0,3.0006844626967832,4.129639875645075
ITW,fcf,5,ttm,69,2021-06-30,2354000000.0,2026-06-30,2921000000.0,4.999315537303217,4.411319955878423
ITW,fcf,10,ttm,69,2016-06-30,2165000000.0,2026-06-30,2921000000.0,9.998631074606434,3.040782117533092
ITW,net_income,3,ttm,70,2023-06-30,3102000000.0,2026-06-30,3194000000.0,3.0006844626967832,0.9787695315657929
ITW,net_income,5,ttm,70,2021-06-30,2670000000.0,2026-06-30,3194000000.0,4.999315537303217,3.649416385979376
ITW,net_income,10,ttm,70,2016-06-30,1954000000.0,2026-06-30,3194000000.0,9.998631074606434,5.037398545345306
ITW,ocf,3,ttm,69,2023-06-30,3042000000.0,2026-06-30,3330000000.0,3.0006844626967832,3.0604467988547546
ITW,ocf,5,ttm,69,2021-06-30,2620000000.0,2026-06-30,3330000000.0,4.999315537303217,4.9135155613704296
ITW,ocf,10,ttm,69,2016-06-30,2423000000.0,2026-06-30,3330000000.0,9.998631074606434,3.2311992337731965
ITW,revenue,3,ttm,70,2023-06-30,16075000000.0,2026-06-30,16469000000.0,3.0006844626967832,0.8102325065003191
ITW,revenue,5,ttm,70,2021-06-30,14002000000.0,2026-06-30,16469000000.0,4.999315537303217,3.299295838618632
ITW,revenue,10,ttm,70,2016-06-30,13334000000.0,2026-06-30,16469000000.0,9.998631074606434,2.1343744873155712
IVZ,fcf,3,ttm,69,2023-06-30,967300000.0,2026-06-30,1920700000.0,3.0006844626967832,25.683075396776744
IVZ,fcf,5,ttm,69,2021-06-30,1335000000.0,2026-06-30,1920700000.0,4.999315537303217,7.547415928880885
IVZ,fcf,10,ttm,69,2016-06-30,744100000.0,2026-06-30,1920700000.0,9.998631074606434,9.948285521013634
IVZ,ocf,3,ttm,69,2023-06-30,1187900000.0,2026-06-30,2008800000.0,3.0006844626967832,19.133780828523506
IVZ,ocf,5,ttm,69,2021-06-30,1450200000.0,2026-06-30,2008800000.0,4.999315537303217,6.734700211954614
IVZ,ocf,10,ttm,69,2016-06-30,883500000.0,2026-06-30,2008800000.0,9.998631074606434,8.56201575897677
IVZ,revenue,3,ttm,70,2023-06-30,5750100000.0,2026-06-30,6902500000.0,3.0006844626967832,6.276597235958992
IVZ,revenue,5,ttm,70,2021-06-30,6508800000.0,2026-06-30,6902500000.0,4.999315537303217,1.1816590340077981
IVZ,revenue,10,ttm,70,2016-06-30,4851300000.0,2026-06-30,6902500000.0,9.998631074606434,3.5897834319730038
J,eps,3,ttm,72,2023-06-30,6.715083252097452,2026-06-26,3.0100000000000002,2.9897330595482545,-23.539090779938544
J,eps,5,ttm,72,2021-07-02,3.092217818897454,2026-06-26,3.0100000000000002,4.982888432580425,-0.539360964311042
J,eps,10,ttm,72,2016-07-01,1.532818574983552,2026-06-26,3.0100000000000002,9.984941820670773,6.9921149670835625
J,fcf,3,ttm,51,2023-06-30,887138000.0,2026-06-26,644544000.0,2.9897330595482545,-10.1340885672488
J,fcf,5,ttm,51,2021-07-02,860828000.0,2026-06-26,644544000.0,4.982888432580425,-5.641521487157453
J,fcf,10,ttm,51,2016-07-01,478057000.0,2026-06-26,644544000.0,9.984941820670773,3.037866999593364
J,net_income,3,ttm,72,2023-06-30,741605000.0,2026-06-26,338428000.0,2.9897330595482545,-23.079657377396146
J,net_income,5,ttm,72,2021-07-02,515880000.0,2026-06-26,338428000.0,4.982888432580425,-8.112216466500522
J,net_income,10,ttm,72,2016-07-01,210682000.0,2026-06-26,338428000.0,9.984941820670773,4.8612252274684575
J,ocf,3,ttm,64,2023-06-30,1032940000.0,2026-06-26,735843000.0,2.9897330595482545,-10.723993601190095
J,ocf,5,ttm,64,2021-07-02,955946000.0,2026-06-26,735843000.0,4.982888432580425,-5.1161484385649825
J,ocf,10,ttm,64,2016-07-01,543567000.0,2026-06-26,735843000.0,9.984941820670773,3.0796758581342454
J,revenue,3,ttm,72,2023-06-30,6758437000.0,2026-06-26,14219216000.0,2.9897330595482545,28.246708807494734
J,revenue,5,ttm,72,2021-07-02,14025834000.0,2026-06-26,14219216000.0,4.982888432580425,0.2751859094091147
J,revenue,10,ttm,72,2016-07-01,11440524000.0,2026-06-26,14219216000.0,9.984941820670773,2.2014869171234075
JBHT,eps,3,ttm,63,2023-06-30,8.200000000000001,2026-06-30,7.04,3.0006844626967832,-4.956014618948124
JBHT,eps,5,ttm,63,2021-06-30,5.6,2026-06-30,7.04,4.999315537303217,4.683840676074391
JBHT,eps,10,ttm,63,2016-06-30,3.8,2026-06-30,7.04,9.998631074606434,6.3610393554135225
JBHT,fcf,3,ttm,65,2023-06-30,157621000.0,2026-06-30,1099722000.0,3.0006844626967832,91.05517133931342
JBHT,fcf,5,ttm,65,2021-06-30,448694000.0,2026-06-30,1099722000.0,4.999315537303217,19.640216712392224
JBHT,fcf,10,ttm,65,2016-06-30,198961000.0,2026-06-30,1099722000.0,9.998631074606434,18.64833870714826
JBHT,net_income,3,ttm,66,2023-06-30,858005000.0,2026-06-30,674505000.0,3.0006844626967832,-7.7060859567096855
JBHT,net_income,5,ttm,66,2021-06-30,598271000.0,2026-06-30,674505000.0,4.999315537303217,2.4280419289939514
JBHT,net_income,10,ttm,66,2016-06-30,436994000.0,2026-06-30,674505000.0,9.998631074606434,4.436798678209897
JBHT,ocf,3,ttm,65,2023-06-30,2089645000.0,2026-06-30,1595293000.0,3.0006844626967832,-8.60307954652766
JBHT,ocf,5,ttm,65,2021-06-30,1151657000.0,2026-06-30,1595293000.0,4.999315537303217,6.735118512862415
JBHT,ocf,10,ttm,65,2016-06-30,893909000.0,2026-06-30,1595293000.0,9.998631074606434,5.9639548525197705
JBHT,revenue,3,ttm,66,2023-06-30,13850090000.0,2026-06-30,12701310000.0,3.0006844626967832,-2.8443266619955554
JBHT,revenue,5,ttm,66,2021-06-30,10736694000.0,2026-06-30,12701310000.0,4.999315537303217,3.4183456794633305
JBHT,revenue,10,ttm,66,2016-06-30,6351247000.0,2026-06-30,12701310000.0,9.998631074606434,7.17736417925916
JBL,eps,3,ttm,64,2023-05-31,7.098895859473023,2026-05-31,7.98,3.0006844626967832,3.9760940158926728
JBL,eps,5,ttm,64,2021-05-31,3.8748557089084064,2026-05-31,7.98,4.999315537303217,15.54683722980994
JBL,eps,10,ttm,64,2016-05-31,1.5619573400250941,2026-05-31,7.98,9.998631074606434,17.718052925973304
JBL,fcf,3,ttm,64,2023-05-31,777000000.0,2026-05-31,1306000000.0,3.0006844626967832,18.893169650181107
JBL,fcf,5,ttm,64,2021-05-31,145219000.0,2026-05-31,1306000000.0,4.999315537303217,55.17082440653904
JBL,net_income,3,ttm,64,2023-05-31,978000000.0,2026-05-31,862000000.0,3.0006844626967832,-4.120232387284284
JBL,net_income,5,ttm,64,2021-05-31,588819000.0,2026-05-31,862000000.0,4.999315537303217,7.921909921788517
JBL,net_income,10,ttm,64,2016-05-31,303730000.0,2026-05-31,862000000.0,9.998631074606434,10.996212555036866
JBL,ocf,3,ttm,64,2023-05-31,1954000000.0,2026-05-31,1857000000.0,3.0006844626967832,-1.682506962405672
JBL,ocf,5,ttm,64,2021-05-31,1357274000.0,2026-05-31,1857000000.0,4.999315537303217,6.471311265206836
JBL,ocf,10,ttm,64,2016-05-31,845816000.0,2026-05-31,1857000000.0,9.998631074606434,8.182814708466402
JBL,revenue,3,ttm,64,2023-05-31,35274000000.0,2026-05-31,33590000000.0,3.0006844626967832,-1.617003395205796
JBL,revenue,5,ttm,64,2021-05-31,29175577000.0,2026-05-31,33590000000.0,4.999315537303217,2.8584050026790653
JBL,revenue,10,ttm,64,2016-05-31,18603137000.0,2026-05-31,33590000000.0,9.998631074606434,6.087910440198452
JCI,eps,3,ttm,67,2023-03-31,1.99,2026-03-31,5.53,3.0006844626967832,40.58002047553184
JCI,eps,5,ttm,67,2021-03-31,1.45,2026-03-31,5.53,4.999315537303217,30.70353832311177
JCI,eps,10,ttm,67,2016-03-31,1.4337172774869107,2026-03-31,5.53,9.998631074606434,14.454846649867958
JCI,fcf,3,ttm,68,2023-03-31,449000000.0,2026-03-31,2666000000.0,3.0006844626967832,81.05580221717467
JCI,fcf,5,ttm,68,2021-03-31,2583000000.0,2026-03-31,2666000000.0,4.999315537303217,0.6346461550495786
JCI,fcf,10,ttm,68,2016-03-31,235000000.0,2026-03-31,2666000000.0,9.998631074606434,27.495151568429122
JCI,net_income,3,ttm,69,2023-03-31,1391000000.0,2026-03-31,3531000000.0,3.0006844626967832,36.40368445359323
JCI,net_income,5,ttm,69,2021-03-31,1053000000.0,2026-03-31,3531000000.0,4.999315537303217,27.382057029479647
JCI,net_income,10,ttm,69,2016-03-31,142000000.0,2026-03-31,3531000000.0,9.998631074606434,37.90501021723458
JCI,ocf,3,ttm,68,2023-03-31,931000000.0,2026-03-31,3038000000.0,3.0006844626967832,48.31109528176827
JCI,ocf,5,ttm,68,2021-03-31,2973000000.0,2026-03-31,3038000000.0,4.999315537303217,0.43355356088354835
JCI,ocf,10,ttm,68,2016-03-31,901000000.0,2026-03-31,3038000000.0,9.998631074606434,12.925890741910928
JCI,revenue,3,ttm,69,2023-03-31,21431000000.0,2026-03-31,24433000000.0,3.0006844626967832,4.46571729481533
JCI,revenue,5,ttm,69,2021-03-31,22232000000.0,2026-03-31,24433000000.0,4.999315537303217,1.9062392960877084
JCI,revenue,10,ttm,69,2016-03-31,14423000000.0,2026-03-31,24433000000.0,9.998631074606434,5.413262147945841
JKHY,eps,3,ttm,65,2023-06-30,5.012808022922635,2026-06-30,6.97,3.0006844626967832,11.610833328767045
JKHY,eps,5,ttm,65,2021-06-30,4.1140974212034385,2026-06-30,6.97,4.999315537303217,11.121452796134058
JKHY,eps,10,ttm,65,2016-06-30,3.115530085959885,2026-06-30,6.97,9.998631074606434,8.386419717400727
JKHY,fcf,3,ttm,65,2023-06-30,342380000.0,2026-06-30,694857000.0,3.0006844626967832,26.60153690018552
JKHY,fcf,5,ttm,65,2021-06-30,439141000.0,2026-06-30,694857000.0,4.999315537303217,9.613424782639779
JKHY,fcf,10,ttm,65,2016-06-30,310097000.0,2026-06-30,694857000.0,9.998631074606434,8.40381954073466
JKHY,net_income,3,ttm,65,2023-06-30,366646000.0,2026-06-30,502775000.0,3.0006844626967832,11.096015088978884
JKHY,net_income,5,ttm,65,2021-06-30,311469000.0,2026-06-30,502775000.0,4.999315537303217,10.051879409956754
JKHY,net_income,10,ttm,65,2016-06-30,248867000.0,2026-06-30,502775000.0,9.998631074606434,7.28643577184811
JKHY,ocf,3,ttm,65,2023-06-30,381559000.0,2026-06-30,761960000.0,3.0006844626967832,25.921721396194776
JKHY,ocf,5,ttm,65,2021-06-30,462129000.0,2026-06-30,761960000.0,4.999315537303217,10.519709998850168
JKHY,ocf,10,ttm,65,2016-06-30,366422000.0,2026-06-30,761960000.0,9.998631074606434,7.596815116256583
JKHY,revenue,3,ttm,65,2023-06-30,2077701000.0,2026-06-30,2544340000.0,3.0006844626967832,6.985275292777748
JKHY,revenue,5,ttm,65,2021-06-30,1758224000.0,2026-06-30,2544340000.0,4.999315537303217,7.672447030649532
JKHY,revenue,10,ttm,65,2016-06-30,1354646000.0,2026-06-30,2544340000.0,9.998631074606434,6.5071296317946725
JNJ,eps,3,ttm,67,2023-07-02,4.94,2026-06-28,8.61,2.9897330595482545,20.420821880849836
JNJ,eps,5,ttm,67,2021-07-04,6.6499999999999995,2026-06-28,8.61,4.982888432580425,5.320605916837229
JNJ,eps,10,ttm,67,2016-07-03,5.37,2026-06-28,8.61,9.984941820670773,4.841640219690713
JNJ,fcf,3,ttm,69,2023-07-02,14547000000.0,2026-06-28,22244000000.0,2.9897330595482545,15.263271410549839
JNJ,fcf,5,ttm,69,2021-07-04,22564000000.0,2026-06-28,22244000000.0,4.982888432580425,-0.28623868788867357
JNJ,fcf,10,ttm,69,2016-07-03,14427000000.0,2026-06-28,22244000000.0,9.984941820670773,4.431626738074734
JNJ,net_income,3,ttm,70,2023-07-02,13054000000.0,2026-06-28,21037000000.0,2.9897330595482545,17.30520740036694
JNJ,net_income,5,ttm,70,2021-07-04,17767000000.0,2026-06-28,21037000000.0,4.982888432580425,3.448532016408423
JNJ,net_income,10,ttm,70,2016-07-03,15027000000.0,2026-06-28,21037000000.0,9.984941820670773,3.426823586963468
JNJ,ocf,3,ttm,69,2023-07-02,19073000000.0,2026-06-28,27608000000.0,2.9897330595482545,13.167703028252076
JNJ,ocf,5,ttm,69,2021-07-04,26114000000.0,2026-06-28,27608000000.0,4.982888432580425,1.1227574918098338
JNJ,ocf,10,ttm,69,2016-07-03,17978000000.0,2026-06-28,27608000000.0,9.984941820670773,4.389652468342331
JNJ,revenue,3,ttm,70,2023-07-02,82348000000.0,2026-06-28,97929000000.0,2.9897330595482545,5.967389400836254
JNJ,revenue,5,ttm,70,2021-07-04,89190000000.0,2026-06-28,97929000000.0,4.982888432580425,1.893601382627974
JNJ,revenue,10,ttm,70,2016-07-03,70877000000.0,2026-06-28,97929000000.0,9.984941820670773,3.290831548484263
JPM,eps,3,ttm,67,2023-06-30,15.55,2026-06-30,23.35,3.0006844626967832,14.508767319751259
JPM,eps,5,ttm,67,2021-06-30,15.0,2026-06-30,23.35,4.999315537303217,9.255771452413741
JPM,eps,10,ttm,67,2016-06-30,5.91,2026-06-30,23.35,9.998631074606434,14.730294900997887
JPM,net_income,3,ttm,70,2023-06-30,47863000000.0,2026-06-30,65019000000.0,3.0006844626967832,10.748199464536757
JPM,net_income,5,ttm,70,2021-06-30,47827000000.0,2026-06-30,65019000000.0,4.999315537303217,6.335207041491997
JPM,net_income,10,ttm,70,2016-06-30,23958000000.0,2026-06-30,65019000000.0,9.998631074606434,10.500669377602057
JPM,revenue,3,ttm,70,2023-06-30,146919000000.0,2026-06-30,199408000000.0,3.0006844626967832,10.716271242188702
JPM,revenue,5,ttm,70,2021-06-30,121335000000.0,2026-06-30,199408000000.0,4.999315537303217,10.447834312338866
JPM,revenue,10,ttm,70,2016-06-30,93284000000.0,2026-06-30,199408000000.0,9.998631074606434,7.894189990613065
KDP,eps,3,ttm,67,2023-06-30,1.1400000000000001,2026-06-30,0.99,3.0006844626967832,-4.5927364547117655
KDP,eps,5,ttm,67,2021-06-30,1.15,2026-06-30,0.99,4.999315537303217,-2.9522012117834007
KDP,eps,10,ttm,67,2016-06-30,4.37,2026-06-30,0.99,9.998631074606434,-13.80014265635121
KDP,fcf,3,ttm,67,2023-06-30,1634000000.0,2026-06-30,1970000000.0,3.0006844626967832,6.430282835517853
KDP,fcf,5,ttm,67,2021-06-30,2144000000.0,2026-06-30,1970000000.0,4.999315537303217,-1.6787746289643524
KDP,fcf,10,ttm,67,2016-06-30,888000000.0,2026-06-30,1970000000.0,9.998631074606434,8.295413503301475
KDP,net_income,3,ttm,67,2023-06-30,1603000000.0,2026-06-30,1427000000.0,3.0006844626967832,-3.8017162350342804
KDP,net_income,5,ttm,67,2021-06-30,1644000000.0,2026-06-30,1427000000.0,4.999315537303217,-2.7918342040681443
KDP,net_income,10,ttm,67,2016-06-30,829000000.0,2026-06-30,1427000000.0,9.998631074606434,5.582070297132846
KDP,ocf,3,ttm,67,2023-06-30,1950000000.0,2026-06-30,2527000000.0,3.0006844626967832,9.022210730352388
KDP,ocf,5,ttm,67,2021-06-30,2533000000.0,2026-06-30,2527000000.0,4.999315537303217,-0.04742609635829398
KDP,ocf,10,ttm,67,2016-06-30,1093000000.0,2026-06-30,2527000000.0,9.998631074606434,8.743546158019244
KDP,revenue,3,ttm,67,2023-06-30,14567000000.0,2026-06-30,20090000000.0,3.0006844626967832,11.307900315628338
KDP,revenue,5,ttm,67,2021-06-30,12183000000.0,2026-06-30,20090000000.0,4.999315537303217,10.5225983887135
KDP,revenue,10,ttm,67,2016-06-30,6358000000.0,2026-06-30,20090000000.0,9.998631074606434,12.194813819613959
KEY,eps,3,ttm,67,2023-06-30,1.5012209302325579,2026-06-30,1.71,3.0006844626967832,4.435031010113222
KEY,eps,5,ttm,67,2021-06-30,2.306511627906976,2026-06-30,1.71,4.999315537303217,-5.810057056785367
KEY,eps,10,ttm,67,2016-06-30,0.9643604651162789,2026-06-30,1.71,9.998631074606434,5.895883245478539
KEY,fcf,3,ttm,63,2023-06-30,4838000000.0,2026-06-30,1199000000.0,3.0006844626967832,-37.180110036825255
KEY,fcf,5,ttm,63,2021-06-30,1748000000.0,2026-06-30,1199000000.0,4.999315537303217,-7.263421662300784
KEY,fcf,10,ttm,63,2016-06-30,1708000000.0,2026-06-30,1199000000.0,9.998631074606434,-3.476951956847929
KEY,net_income,3,ttm,66,2023-06-30,1535000000.0,2026-06-30,2030000000.0,3.0006844626967832,9.762331409463831
KEY,net_income,5,ttm,66,2021-06-30,2361000000.0,2026-06-30,2030000000.0,4.999315537303217,-2.976214779546138
KEY,net_income,10,ttm,66,2016-06-30,835000000.0,2026-06-30,2030000000.0,9.998631074606434,9.291462709953692
KEY,ocf,3,ttm,63,2023-06-30,4966000000.0,2026-06-30,1311000000.0,3.0006844626967832,-35.84320841026071
KEY,ocf,5,ttm,63,2021-06-30,1816000000.0,2026-06-30,1311000000.0,4.999315537303217,-6.3099448592274126
KEY,ocf,10,ttm,63,2016-06-30,1796000000.0,2026-06-30,1311000000.0,9.998631074606434,-3.0991103569237843
KEY,revenue,3,ttm,41,2023-06-30,1557000000.0,2026-06-30,1821000000.0,3.0006844626967832,5.35826392974339
KEY,revenue,5,ttm,41,2021-06-30,1614000000.0,2026-06-30,1821000000.0,4.999315537303217,2.443101424042804
KEY,revenue,10,ttm,41,2016-06-30,4284000000.0,2026-06-30,1821000000.0,9.998631074606434,-8.200363490651807
KEYS,eps,3,ttm,48,2023-07-31,6.377671232876713,2026-07-31,7.39,3.0006844626967832,5.032226545013585
KEYS,eps,5,ttm,48,2021-07-31,4.474493150684931,2026-07-31,7.39,4.999315537303217,10.556959089961794
KEYS,eps,10,ttm,48,2016-07-31,3.067356164383562,2026-07-31,7.39,9.998631074606434,9.192611156657126
KEYS,fcf,3,ttm,48,2023-07-31,1212000000.0,2026-07-31,1469000000.0,3.0006844626967832,6.618698070800311
KEYS,fcf,5,ttm,48,2021-07-31,1161000000.0,2026-07-31,1469000000.0,4.999315537303217,4.819169258618827
KEYS,fcf,10,ttm,48,2016-07-31,256000000.0,2026-07-31,1469000000.0,9.998631074606434,19.093640632826414
KEYS,net_income,3,ttm,48,2023-07-31,1130000000.0,2026-07-31,1260000000.0,3.0006844626967832,3.6956260786826567
KEYS,net_income,5,ttm,48,2021-07-31,829000000.0,2026-07-31,1260000000.0,4.999315537303217,8.734705222466532
KEYS,net_income,10,ttm,48,2016-07-31,520000000.0,2026-07-31,1260000000.0,9.998631074606434,9.255166338408083
KEYS,ocf,3,ttm,48,2023-07-31,1428000000.0,2026-07-31,1604000000.0,3.0006844626967832,3.9492948490734925
KEYS,ocf,5,ttm,48,2021-07-31,1292000000.0,2026-07-31,1604000000.0,4.999315537303217,4.4217440221374416
KEYS,ocf,10,ttm,48,2016-07-31,358000000.0,2026-07-31,1604000000.0,9.998631074606434,16.18258927713585
KEYS,revenue,3,ttm,48,2023-07-31,5596000000.0,2026-07-31,6582000000.0,3.0006844626967832,5.557241360895104
KEYS,revenue,5,ttm,48,2021-07-31,4867000000.0,2026-07-31,6582000000.0,4.999315537303217,6.224059865560627
KEYS,revenue,10,ttm,48,2016-07-31,2929000000.0,2026-07-31,6582000000.0,9.998631074606434,8.434795549775952
KHC,fcf,3,ttm,45,2023-07-01,2276000000.0,2026-06-27,3816000000.0,2.9897330595482545,18.869092075168716
KHC,fcf,5,ttm,45,2021-06-26,3973000000.0,2026-06-27,3816000000.0,5.002053388090349,-0.8028036214128509
KHC,fcf,10,ttm,45,2016-07-03,761000000.0,2026-06-27,3816000000.0,9.982203969883642,17.529585664005264
KHC,ocf,3,ttm,45,2023-07-01,3265000000.0,2026-06-27,4621000000.0,2.9897330595482545,12.3199600813102
KHC,ocf,5,ttm,45,2021-06-26,4742000000.0,2026-06-27,4621000000.0,5.002053388090349,-0.5154120698459552
KHC,ocf,10,ttm,45,2016-07-03,1760000000.0,2026-06-27,4621000000.0,9.982203969883642,10.153187333211754
KHC,revenue,3,ttm,51,2023-07-01,27096000000.0,2026-06-27,24900000000.0,2.9897330595482545,-2.7873673890952078
KHC,revenue,5,ttm,51,2021-06-26,26389000000.0,2026-06-27,24900000000.0,5.002053388090349,-1.1543973272342578
KHC,revenue,10,ttm,51,2016-07-03,26607000000.0,2026-06-27,24900000000.0,9.982203969883642,-0.6620462058981813
KIM,eps,3,ttm,67,2023-06-30,0.62,2026-06-30,0.86,3.0006844626967832,11.521375055819693
KIM,eps,5,ttm,67,2021-06-30,0.9,2026-06-30,0.86,4.999315537303217,-0.9052496859827563
KIM,eps,10,ttm,67,2016-06-30,1.79,2026-06-30,0.86,9.998631074606434,-7.069091387728655
KIM,fcf,3,ttm,24,2019-06-30,296120000.0,2025-12-31,1101615000.0,6.505133470225872,22.379736778504512
KIM,fcf,5,ttm,24,2019-06-30,296120000.0,2025-12-31,1101615000.0,6.505133470225872,22.379736778504512
KIM,fcf,10,ttm,24,2015-12-31,327031000.0,2025-12-31,1101615000.0,10.001368925393566,12.911160879321182
KIM,net_income,3,ttm,70,2023-06-30,379388000.0,2026-06-30,576789000.0,3.0006844626967832,14.982203360421664
KIM,net_income,5,ttm,70,2021-06-30,417479000.0,2026-06-30,576789000.0,4.999315537303217,6.679337739318281
KIM,net_income,10,ttm,70,2016-06-30,800895000.0,2026-06-30,576789000.0,9.998631074606434,-3.2296778319315766
KIM,ocf,3,ttm,69,2023-06-30,1019060000.0,2026-06-30,1179106000.0,3.0006844626967832,4.981525942034071
KIM,ocf,5,ttm,69,2021-06-30,646137000.0,2026-06-30,1179106000.0,4.999315537303217,12.785378331484697
KIM,ocf,10,ttm,69,2016-06-30,423553000.0,2026-06-30,1179106000.0,9.998631074606434,10.782355844778335
KIM,revenue,3,ttm,59,2023-06-30,894048000.0,2026-06-30,2187134000.0,3.0006844626967832,34.733413120565174
KIM,revenue,5,ttm,59,2021-06-30,279347000.0,2026-06-30,2187134000.0,4.999315537303217,50.92832366319773
KIM,revenue,10,ttm,59,2016-06-30,1177942000.0,2026-06-30,2187134000.0,9.998631074606434,6.384615434214225
KKR,eps,3,ttm,64,2023-06-30,1.3802624989094139,2026-06-30,3.13,3.0006844626967832,31.371304755804672
KKR,eps,5,ttm,64,2021-06-30,5.522403493048009,2026-06-30,3.13,4.999315537303217,-10.735970319096765
KKR,net_income,3,ttm,64,2023-06-30,1389953000.0,2026-06-30,3151975000.0,3.0006844626967832,31.371304755804672
KKR,net_income,5,ttm,64,2021-06-30,5561175000.0,2026-06-30,3151975000.0,4.999315537303217,-10.735970319096777
KKR,revenue,3,ttm,35,2023-06-30,11135424000.0,2026-06-30,21309155000.0,3.0006844626967832,24.14571263689036
KKR,revenue,5,ttm,35,2021-06-30,8931933000.0,2026-06-30,21309155000.0,4.999315537303217,18.996584012018893
KKR,revenue,10,ttm,35,2017-12-31,2528031000.0,2026-06-30,21309155000.0,8.49555099247091,28.520611370998395
KLAC,eps,3,ttm,65,2023-06-30,2.415,2026-06-30,3.66,3.0006844626967832,14.86143940841207
KLAC,eps,5,ttm,65,2021-06-30,1.339,2026-06-30,3.66,4.999315537303217,22.279050996246696
KLAC,eps,10,ttm,65,2016-06-30,0.449,2026-06-30,3.66,9.998631074606434,23.349090117266826
KLAC,fcf,3,ttm,65,2023-06-30,3328214000.0,2026-06-30,3767134000.0,3.0006844626967832,4.214748448230932
KLAC,fcf,5,ttm,65,2021-06-30,1953398000.0,2026-06-30,3767134000.0,4.999315537303217,14.038599719814982
KLAC,fcf,10,ttm,65,2016-06-30,727955000.0,2026-06-30,3767134000.0,9.998631074606434,17.869224918613224
KLAC,net_income,3,ttm,65,2023-06-30,3387277000.0,2026-06-30,4830771000.0,3.0006844626967832,12.558126880855024
KLAC,net_income,5,ttm,65,2021-06-30,2078292000.0,2026-06-30,4830771000.0,4.999315537303217,18.378275038213253
KLAC,net_income,10,ttm,65,2016-06-30,704422000.0,2026-06-30,4830771000.0,9.998631074606434,21.235498413152243
KLAC,ocf,3,ttm,65,2023-06-30,3669805000.0,2026-06-30,4143079000.0,3.0006844626967832,4.125253080584579
KLAC,ocf,5,ttm,65,2021-06-30,2185026000.0,2026-06-30,4143079000.0,4.999315537303217,13.653006748074127
KLAC,ocf,10,ttm,65,2016-06-30,759696000.0,2026-06-30,4143079000.0,9.998631074606434,18.489106208197637
KLAC,revenue,3,ttm,65,2023-06-30,10496056000.0,2026-06-30,13579476000.0,3.0006844626967832,8.962515132538096
KLAC,revenue,5,ttm,65,2021-06-30,6918734000.0,2026-06-30,13579476000.0,4.999315537303217,14.440380909184224
KLAC,revenue,10,ttm,65,2016-06-30,2984493000.0,2026-06-30,13579476000.0,9.998631074606434,16.36175255782817
KMB,eps,3,ttm,67,2023-06-30,4.85,2026-06-30,5.88,3.0006844626967832,6.628222612091439
KMB,eps,5,ttm,67,2021-06-30,5.87,2026-06-30,5.88,4.999315537303217,0.034053018945878755
KMB,eps,10,ttm,67,2016-06-30,5.39,2026-06-30,5.88,9.998631074606434,0.8740304325782322
KMB,fcf,3,ttm,69,2023-06-30,2394000000.0,2026-06-30,1820000000.0,3.0006844626967832,-8.73068325134928
KMB,fcf,5,ttm,69,2021-06-30,1252000000.0,2026-06-30,1820000000.0,4.999315537303217,7.769994461220531
KMB,fcf,10,ttm,69,2016-06-30,2001000000.0,2026-06-30,1820000000.0,9.998631074606434,-0.9437537765440429
KMB,net_income,3,ttm,70,2023-06-30,1642000000.0,2026-06-30,1955000000.0,3.0006844626967832,5.9868801272005
KMB,net_income,5,ttm,70,2021-06-30,1999000000.0,2026-06-30,1955000000.0,4.999315537303217,-0.4442086478183005
KMB,net_income,10,ttm,70,2016-06-30,1961000000.0,2026-06-30,1955000000.0,9.998631074606434,-0.030643037276811835
KMB,ocf,3,ttm,69,2023-06-30,3189000000.0,2026-06-30,3333000000.0,3.0006844626967832,1.4827295389126416
KMB,ocf,5,ttm,69,2021-06-30,2332000000.0,2026-06-30,3333000000.0,4.999315537303217,7.405272348005676
KMB,ocf,10,ttm,69,2016-06-30,2927000000.0,2026-06-30,3333000000.0,9.998631074606434,1.307601057278207
KMB,revenue,3,ttm,70,2023-06-30,17123000000.0,2026-06-30,16582000000.0,3.0006844626967832,-1.0642132889080447
KMB,revenue,5,ttm,70,2021-06-30,18984000000.0,2026-06-30,16582000000.0,4.999315537303217,-2.669662709657439
KMB,revenue,10,ttm,70,2016-06-30,18321000000.0,2026-06-30,16582000000.0,9.998631074606434,-0.9924803562056828
KMI,eps,3,ttm,47,2023-06-30,1.1028846153846155,2026-06-30,1.55,3.0006844626967832,12.009786276497604
KMI,eps,5,ttm,47,2021-06-30,0.7451923076923077,2026-06-30,1.55,4.999315537303217,15.776755885826743
KMI,eps,10,ttm,47,2016-06-30,0.019871794871794905,2026-06-30,1.55,9.998631074606434,54.60921146030546
KMI,fcf,3,ttm,61,2023-06-30,3318000000.0,2026-06-30,3158000000.0,3.0006844626967832,-1.63357676611795
KMI,fcf,5,ttm,61,2021-06-30,4340000000.0,2026-06-30,3158000000.0,4.999315537303217,-6.1615774936693235
KMI,fcf,10,ttm,61,2016-06-30,1663000000.0,2026-06-30,3158000000.0,9.998631074606434,6.624203735380618
KMI,net_income,3,ttm,62,2023-06-30,2511000000.0,2026-06-30,3467000000.0,3.0006844626967832,11.3503851104517
KMI,net_income,5,ttm,62,2021-06-30,1714000000.0,2026-06-30,3467000000.0,4.999315537303217,15.13224739500032
KMI,net_income,10,ttm,62,2016-06-30,178000000.0,2026-06-30,3467000000.0,9.998631074606434,34.57706084600745
KMI,ocf,3,ttm,61,2023-06-30,5202000000.0,2026-06-30,6557000000.0,3.0006844626967832,8.019948991019987
KMI,ocf,5,ttm,61,2021-06-30,5629000000.0,2026-06-30,6557000000.0,4.999315537303217,3.09951012100369
KMI,ocf,10,ttm,61,2016-06-30,5120000000.0,2026-06-30,6557000000.0,9.998631074606434,2.504986595280645
KMI,revenue,3,ttm,62,2023-06-30,15592000000.0,2026-06-30,16283000000.0,3.0006844626967832,1.4556179283484738
KMI,revenue,5,ttm,62,2021-06-30,13658000000.0,2026-06-30,16283000000.0,4.999315537303217,3.5789617542175023
KMI,revenue,10,ttm,62,2016-06-30,13682000000.0,2026-06-30,16283000000.0,9.998631074606434,1.7558809455837654
KO,eps,3,ttm,66,2023-03-31,2.377075471698113,2026-04-03,3.3299999999999996,3.0088980150581794,11.855181455185493
KO,eps,5,ttm,66,2021-04-02,1.7487735849056603,2026-04-03,3.3299999999999996,5.002053388090349,13.74155596158979
KO,eps,10,ttm,66,2016-04-01,1.7383018867924527,2026-04-03,3.3299999999999996,10.004106776180699,6.713733325789639
KO,fcf,3,ttm,68,2023-03-31,9012000000.0,2026-04-03,12562000000.0,3.0088980150581794,11.670129702388877
KO,fcf,5,ttm,68,2021-04-02,9858000000.0,2026-04-03,12562000000.0,5.002053388090349,4.9652035244213355
KO,fcf,10,ttm,68,2016-04-01,6985000000.0,2026-04-03,12562000000.0,10.004106776180699,6.042211005502773
KO,net_income,3,ttm,69,2023-03-31,9868000000.0,2026-04-03,13701000000.0,3.0088980150581794,11.523712224162885
KO,net_income,5,ttm,69,2021-04-02,7217000000.0,2026-04-03,13701000000.0,5.002053388090349,13.67272087955984
KO,net_income,10,ttm,69,2016-04-01,7277000000.0,2026-04-03,13701000000.0,10.004106776180699,6.5292104825865005
KO,ocf,3,ttm,68,2023-03-31,10555000000.0,2026-04-03,14631000000.0,3.0088980150581794,11.463359899611781
KO,ocf,5,ttm,68,2021-04-02,10924000000.0,2026-04-03,14631000000.0,5.002053388090349,6.0151777104473725
KO,ocf,10,ttm,68,2016-04-01,9558000000.0,2026-04-03,14631000000.0,10.004106776180699,4.347754515414026
KO,revenue,3,ttm,69,2023-03-31,43493000000.0,2026-04-03,49284000000.0,3.0088980150581794,4.24182720355315
KO,revenue,5,ttm,69,2021-04-02,33433000000.0,2026-04-03,49284000000.0,5.002053388090349,8.066797964777583
KO,revenue,10,ttm,69,2016-04-01,43865000000.0,2026-04-03,49284000000.0,10.004106776180699,1.1711542517199414
KR,eps,3,ttm,19,2023-01-28,3.06,2026-01-31,1.54,3.0088980150581794,-20.40354708949348
KR,eps,5,ttm,19,2021-01-30,3.27,2026-01-31,1.54,5.002053388090349,-13.975641409531136
KR,eps,10,ttm,19,2016-01-30,2.06,2026-01-31,1.54,10.004106776180699,-2.866164783979641
KR,fcf,3,annual,19,2023-01-28,1420000000.0,2026-01-31,3456000000.0,3.0088980150581794,34.39435203276633
KR,fcf,5,annual,19,2021-01-30,3950000000.0,2026-01-31,3456000000.0,5.002053388090349,-2.6356225159668623
KR,fcf,10,annual,19,2016-01-30,1568000000.0,2026-01-31,3456000000.0,10.004106776180699,8.220286101319463
KR,net_income,3,annual,19,2023-01-28,2244000000.0,2026-01-31,1016000000.0,3.0088980150581794,-23.152541589967324
KR,net_income,5,annual,19,2021-01-30,2585000000.0,2026-01-31,1016000000.0,5.002053388090349,-17.030221654052646
KR,net_income,10,annual,19,2016-01-30,2039000000.0,2026-01-31,1016000000.0,10.004106776180699,-6.726114804244043
KR,ocf,3,annual,19,2023-01-28,4498000000.0,2026-01-31,7311000000.0,3.0088980150581794,17.519831713465983
KR,ocf,5,annual,19,2021-01-30,6815000000.0,2026-01-31,7311000000.0,5.002053388090349,1.414412649602137
KR,ocf,10,annual,19,2016-01-30,4917000000.0,2026-01-31,7311000000.0,10.004106776180699,4.044849288709584
KR,revenue,3,annual,19,2023-01-28,148258000000.0,2026-01-31,147642000000.0,3.0088980150581794,-0.13827970950476276
KR,revenue,5,annual,19,2021-01-30,132498000000.0,2026-01-31,147642000000.0,5.002053388090349,2.1871438072318394
KR,revenue,10,annual,19,2016-01-30,109830000000.0,2026-01-31,147642000000.0,10.004106776180699,3.0015165261830123
KVUE,eps,3,ttm,15,2023-07-02,1.0377906976744187,2026-06-28,0.85,2.9897330595482545,-6.45861052224247
KVUE,fcf,3,ttm,15,2023-07-02,2530000000.0,2026-06-28,1914000000.0,2.9897330595482545,-8.910477457947108
KVUE,net_income,3,ttm,15,2023-07-02,1846000000.0,2026-06-28,1658000000.0,2.9897330595482545,-3.5288297735724283
KVUE,ocf,3,ttm,15,2023-07-02,2924000000.0,2026-06-28,2325000000.0,2.9897330595482545,-7.380754774926091
KVUE,revenue,3,ttm,15,2023-07-02,15419000000.0,2026-06-28,15408000000.0,2.9897330595482545,-0.023867514235487164
L,eps,3,ttm,63,2023-06-30,4.59,2026-06-30,8.15,3.0006844626967832,21.086580738435234
L,eps,5,ttm,63,2021-06-30,5.779999999999999,2026-06-30,8.15,4.999315537303217,7.1149378910903005
L,eps,10,ttm,63,2016-06-30,0.030000000000000027,2026-06-30,8.15,9.998631074606434,75.16081615606855
L,fcf,3,ttm,69,2023-06-30,3374000000.0,2026-06-30,1766000000.0,3.0006844626967832,-19.405899792468816
L,fcf,5,ttm,69,2021-06-30,1395000000.0,2026-06-30,1766000000.0,4.999315537303217,4.830124775297562
L,fcf,10,ttm,69,2016-06-30,2008000000.0,2026-06-30,1766000000.0,9.998631074606434,-1.276183645710216
L,net_income,3,ttm,70,2023-06-30,1068000000.0,2026-06-30,1687000000.0,3.0006844626967832,16.457156145161058
L,net_income,5,ttm,70,2021-06-30,1551000000.0,2026-06-30,1687000000.0,4.999315537303217,1.6954814004270569
L,net_income,10,ttm,70,2016-06-30,18000000.0,2026-06-30,1687000000.0,9.998631074606434,57.474868549034476
L,ocf,3,ttm,69,2023-06-30,4021000000.0,2026-06-30,2575000000.0,3.0006844626967832,-13.802281626643097
L,ocf,5,ttm,69,2021-06-30,1848000000.0,2026-06-30,2575000000.0,4.999315537303217,6.860942036997075
L,ocf,10,ttm,69,2016-06-30,3231000000.0,2026-06-30,2575000000.0,9.998631074606434,-2.2441675961224594
L,revenue,3,ttm,70,2023-06-30,2190000000.0,2026-06-30,3245000000.0,3.0006844626967832,14.001494404564774
L,revenue,5,ttm,70,2021-06-30,5371000000.0,2026-06-30,3245000000.0,4.999315537303217,-9.588033090941462
L,revenue,10,ttm,70,2016-06-30,12982000000.0,2026-06-30,3245000000.0,9.998631074606434,-12.947937370626072
LDOS,eps,3,ttm,65,2023-06-30,5.130419384902144,2026-07-03,10.71,3.0088980150581794,27.711631874488972
LDOS,eps,5,ttm,65,2021-07-02,5.09049394221808,2026-07-03,10.71,5.002053388090349,16.03243009278197
LDOS,eps,10,ttm,65,2016-07-01,3.653178005591799,2026-07-03,10.71,10.004106776180699,11.35063243198946
LDOS,fcf,3,ttm,57,2023-06-30,761000000.0,2026-07-03,2163000000.0,3.0088980150581794,41.50661739730492
LDOS,fcf,5,ttm,57,2021-07-02,656000000.0,2026-07-03,2163000000.0,5.002053388090349,26.936931213755177
LDOS,fcf,10,ttm,57,2016-12-30,420000000.0,2026-07-03,2163000000.0,9.505817932922655,18.81772109878859
LDOS,net_income,3,ttm,67,2023-06-30,708000000.0,2026-07-03,1376000000.0,3.0088980150581794,24.7126729361415
LDOS,net_income,5,ttm,67,2021-07-02,734000000.0,2026-07-03,1376000000.0,5.002053388090349,13.386687358308102
LDOS,net_income,10,ttm,67,2016-07-01,270000000.0,2026-07-03,1376000000.0,10.004106776180699,17.678312912957228
LDOS,ocf,3,ttm,57,2023-06-30,920000000.0,2026-07-03,2300000000.0,3.0088980150581794,35.598349186348386
LDOS,ocf,5,ttm,57,2021-07-02,796000000.0,2026-07-03,2300000000.0,5.002053388090349,23.63035603179997
LDOS,ocf,10,ttm,57,2016-12-30,449000000.0,2026-07-03,2300000000.0,9.505817932922655,18.750802762394404
LDOS,revenue,3,ttm,67,2023-06-30,14734000000.0,2026-07-03,17577000000.0,3.0088980150581794,6.039050578995808
LDOS,revenue,5,ttm,67,2021-07-02,13149000000.0,2026-07-03,17577000000.0,5.002053388090349,5.974177943796666
LDOS,revenue,10,ttm,67,2016-07-01,5183000000.0,2026-07-03,17577000000.0,10.004106776180699,12.983385093665145
LEN,eps,3,ttm,63,2023-05-31,14.645459825750242,2026-05-31,6.38,3.0006844626967832,-24.188807461262286
LEN,eps,5,ttm,63,2021-05-31,10.445304937076477,2026-05-31,6.38,4.999315537303217,-9.390434349660094
LEN,eps,10,ttm,63,2016-05-31,3.5660470929341566,2026-05-31,6.38,9.998631074606434,5.990470322234054
LEN,fcf,3,ttm,43,2023-05-31,4774118000.0,2026-05-31,716773000.0,3.0006844626967832,-46.84320625320283
LEN,fcf,5,ttm,43,2021-05-31,3526761000.0,2026-05-31,716773000.0,4.999315537303217,-27.292004237248346
LEN,fcf,10,ttm,43,2016-05-31,319663000.0,2026-05-31,716773000.0,9.998631074606434,8.411094248028594
LEN,net_income,3,ttm,65,2023-05-31,4258016000.0,2026-05-31,1615359000.0,3.0006844626967832,-27.60321820877685
LEN,net_income,5,ttm,65,2021-05-31,3381910000.0,2026-05-31,1615359000.0,4.999315537303217,-13.73937208167073
LEN,net_income,10,ttm,65,2016-05-31,867464000.0,2026-05-31,1615359000.0,9.998631074606434,6.415638793297274
LEN,ocf,3,ttm,64,2023-05-31,4851734000.0,2026-05-31,882991000.0,3.0006844626967832,-43.322673138596954
LEN,ocf,5,ttm,64,2021-05-31,3598136000.0,2026-05-31,882991000.0,4.999315537303217,-24.497899508601982
LEN,ocf,10,ttm,64,2016-05-31,399505000.0,2026-05-31,882991000.0,9.998631074606434,8.255039166724586
LEN,revenue,3,ttm,65,2023-05-31,33644378000.0,2026-05-31,32737235000.0,3.0006844626967832,-0.9067513068603206
LEN,revenue,5,ttm,65,2021-05-31,24451857000.0,2026-05-31,32737235000.0,4.999315537303217,6.010650613575552
LEN,revenue,10,ttm,65,2016-05-31,10176744000.0,2026-05-31,32737235000.0,9.998631074606434,12.395846351576335
LH,eps,3,ttm,67,2023-06-30,10.116872852233676,2026-06-30,12.09,3.0006844626967832,6.117608205238079
LH,eps,5,ttm,67,2021-06-30,25.223367697594504,2026-06-30,12.09,4.999315537303217,-13.679111729938775
LH,eps,10,ttm,67,2016-06-30,5.257731958762887,2026-06-30,12.09,9.998631074606434,8.684531342399925
LH,fcf,3,ttm,69,2023-06-30,1136600000.0,2026-06-30,1155200000.0,3.0006844626967832,0.5424136545469915
LH,fcf,5,ttm,69,2021-06-30,2836400000.0,2026-06-30,1155200000.0,4.999315537303217,-16.445997537973877
LH,fcf,10,ttm,69,2016-06-30,858400000.0,2026-06-30,1155200000.0,9.998631074606434,3.01453650295489
LH,net_income,3,ttm,70,2023-06-30,830600000.0,2026-06-30,1002800000.0,3.0006844626967832,6.479967901478423
LH,net_income,5,ttm,70,2021-06-30,2878700000.0,2026-06-30,1002800000.0,4.999315537303217,-19.017525503700995
LH,net_income,10,ttm,70,2016-06-30,632900000.0,2026-06-30,1002800000.0,9.998631074606434,4.710602746969528
LH,ocf,3,ttm,69,2023-06-30,1500000000.0,2026-06-30,1638400000.0,3.0006844626967832,2.9848432871645736
LH,ocf,5,ttm,69,2021-06-30,3205600000.0,2026-06-30,1638400000.0,4.999315537303217,-12.563223081681441
LH,ocf,10,ttm,69,2016-06-30,1149700000.0,2026-06-30,1638400000.0,9.998631074606434,3.6061765602821927
LH,revenue,3,ttm,70,2023-06-30,11868000000.0,2026-06-30,14348000000.0,3.0006844626967832,6.528303436506411
LH,revenue,5,ttm,70,2021-06-30,16388100000.0,2026-06-30,14348000000.0,4.999315537303217,-2.624215050979539
LH,revenue,10,ttm,70,2016-06-30,16634600000.0,2026-06-30,14348000000.0,9.998631074606434,-1.4680628116719996
LHX,eps,3,ttm,65,2023-06-30,4.220000000000001,2026-07-03,9.9,3.0088980150581794,32.762637272414885
LHX,eps,5,ttm,65,2021-07-02,7.16,2026-07-03,9.9,5.002053388090349,6.692251716096953
LHX,eps,10,ttm,65,2016-07-01,2.59,2026-07-03,9.9,10.004106776180699,14.343014509584373
LHX,fcf,3,ttm,69,2023-06-30,1835000000.0,2026-07-03,2808000000.0,3.0088980150581794,15.187375836984685
LHX,fcf,5,ttm,69,2021-07-02,2448000000.0,2026-07-03,2808000000.0,5.002053388090349,2.780859682938086
LHX,fcf,10,ttm,69,2016-07-01,772000000.0,2026-07-03,2808000000.0,10.004106776180699,13.77712612161126
LHX,net_income,3,ttm,69,2023-06-30,802000000.0,2026-07-03,1874000000.0,3.0088980150581794,32.587240544354245
LHX,net_income,5,ttm,69,2021-07-02,1500000000.0,2026-07-03,1874000000.0,5.002053388090349,4.550888528825725
LHX,net_income,10,ttm,69,2016-07-01,324000000.0,2026-07-03,1874000000.0,10.004106776180699,19.176648403482165
LHX,ocf,3,ttm,69,2023-06-30,2134000000.0,2026-07-03,3292000000.0,3.0088980150581794,15.496694653971632
LHX,ocf,5,ttm,69,2021-07-02,2836000000.0,2026-07-03,3292000000.0,5.002053388090349,3.0256595843919376
LHX,ocf,10,ttm,69,2016-07-01,924000000.0,2026-07-03,3292000000.0,10.004106776180699,13.541893920738701
LHX,revenue,3,ttm,69,2023-06-30,17988000000.0,2026-07-03,39149000000.0,3.0088980150581794,29.493014651288597
LHX,revenue,5,ttm,69,2021-07-02,18358000000.0,2026-07-03,39149000000.0,5.002053388090349,16.34616124323822
LHX,revenue,10,ttm,69,2016-07-01,6642000000.0,2026-07-03,39149000000.0,10.004106776180699,19.40171196166154
LII,eps,3,ttm,62,2023-03-31,14.327258996001774,2026-03-31,22.49,3.0006844626967832,16.214564321601177
LII,eps,5,ttm,62,2021-03-31,11.100128831630384,2026-03-31,22.49,4.999315537303217,15.170349375246218
LII,eps,10,ttm,62,2016-03-31,4.346135051088404,2026-03-31,22.49,9.998631074606434,17.868673968333226
LII,fcf,3,ttm,64,2023-03-31,210700000.0,2026-03-31,660700000.0,3.0006844626967832,46.355433923584584
LII,fcf,5,ttm,64,2021-03-31,615200000.0,2026-03-31,660700000.0,4.999315537303217,1.4374783606988073
LII,fcf,10,ttm,64,2016-03-31,73000000.0,2026-03-31,660700000.0,9.998631074606434,24.646831334812425
LII,net_income,3,ttm,65,2023-03-31,511500000.0,2026-03-31,793500000.0,3.0006844626967832,15.758421991256455
LII,net_income,5,ttm,65,2021-03-31,427600000.0,2026-03-31,793500000.0,4.999315537303217,13.16423692759261
LII,net_income,10,ttm,65,2016-03-31,197600000.0,2026-03-31,793500000.0,9.998631074606434,14.916996130265847
LII,ocf,3,ttm,64,2023-03-31,321400000.0,2026-03-31,809500000.0,3.0006844626967832,36.04831195567915
LII,ocf,5,ttm,64,2021-03-31,693700000.0,2026-03-31,809500000.0,4.999315537303217,3.1361386247714895
LII,ocf,10,ttm,64,2016-03-31,199700000.0,2026-03-31,809500000.0,9.998631074606434,15.024989110169852
LII,revenue,3,ttm,65,2023-03-31,4754400000.0,2026-03-31,5257800000.0,3.0006844626967832,3.4108540635680473
LII,revenue,5,ttm,65,2021-03-31,3840800000.0,2026-03-31,5257800000.0,4.999315537303217,6.482982846942531
LII,revenue,10,ttm,65,2016-03-31,3496800000.0,2026-03-31,5257800000.0,9.998631074606434,4.16354504447396
LIN,eps,3,ttm,35,2023-06-30,11.454761290322582,2026-06-30,15.52,3.0006844626967832,10.651811588745751
LIN,eps,5,ttm,35,2021-06-30,6.2380387096774195,2026-06-30,15.52,4.999315537303217,19.999536724527456
LIN,eps,10,ttm,35,2017-12-31,4.325574193548387,2026-06-30,15.52,8.49555099247091,16.227906103135602
LIN,fcf,3,ttm,31,2023-06-30,5403000000.0,2026-06-30,4975000000.0,3.0006844626967832,-2.7128611986823037
LIN,fcf,5,ttm,31,2021-06-30,4934000000.0,2026-06-30,4975000000.0,4.999315537303217,0.16566678589777784
LIN,fcf,10,ttm,31,2018-12-31,1771000000.0,2026-06-30,4975000000.0,7.496235455167693,14.773063144560084
LIN,net_income,3,ttm,35,2023-06-30,5692000000.0,2026-06-30,7244000000.0,3.0006844626967832,8.366876309027083
LIN,net_income,5,ttm,35,2021-06-30,3291000000.0,2026-06-30,7244000000.0,4.999315537303217,17.095308307504343
LIN,net_income,10,ttm,35,2017-12-31,1247000000.0,2026-06-30,7244000000.0,8.49555099247091,23.010619341392324
LIN,ocf,3,ttm,31,2023-06-30,8789000000.0,2026-06-30,10489000000.0,3.0006844626967832,6.0699509382948325
LIN,ocf,5,ttm,31,2021-06-30,8254000000.0,2026-06-30,10489000000.0,4.999315537303217,4.909972656421013
LIN,ocf,10,ttm,31,2018-12-31,3654000000.0,2026-06-30,10489000000.0,7.496235455167693,15.104615159190393
LIN,revenue,3,ttm,35,2023-06-30,33093000000.0,2026-06-30,35449000000.0,3.0006844626967832,2.3183855054764058
LIN,revenue,5,ttm,35,2021-06-30,28954000000.0,2026-06-30,35449000000.0,4.999315537303217,4.131347999791468
LIN,revenue,10,ttm,35,2017-12-31,11437000000.0,2026-06-30,35449000000.0,8.49555099247091,14.242924433730298
LITE,fcf,3,ttm,45,2023-07-01,51300000.0,2026-06-27,300100000.0,2.9897330595482545,80.54869613170688
LITE,fcf,5,ttm,45,2021-07-03,653900000.0,2026-06-27,300100000.0,4.982888432580425,-14.469970809124465
LITE,fcf,10,ttm,45,2016-07-02,4600000.0,2026-06-27,300100000.0,9.984941820670773,51.958311892823275
LITE,ocf,3,ttm,45,2023-07-01,179800000.0,2026-06-27,751400000.0,2.9897330595482545,61.338536342641994
LITE,ocf,5,ttm,45,2021-07-03,738700000.0,2026-06-27,751400000.0,4.982888432580425,0.34268154620780145
LITE,ocf,10,ttm,45,2016-07-02,86600000.0,2026-06-27,751400000.0,9.984941820670773,24.158610007249372
LITE,revenue,3,ttm,49,2023-07-01,1767000000.0,2026-06-27,3014000000.0,2.9897330595482545,19.554986235446336
LITE,revenue,5,ttm,49,2021-07-03,1742800000.0,2026-06-27,3014000000.0,4.982888432580425,11.620131350941687
LITE,revenue,10,ttm,49,2016-07-02,903000000.0,2026-06-27,3014000000.0,9.984941820670773,12.829974893874319
LLY,eps,3,ttm,63,2023-06-30,7.182761744966444,2026-06-30,29.77,3.0006844626967832,60.613547480242794
LLY,eps,5,ttm,63,2021-06-30,6.653295302013423,2026-06-30,29.77,4.999315537303217,34.947929556982494
LLY,eps,10,ttm,63,2016-06-30,2.3176644295302014,2026-06-30,29.77,9.998631074606434,29.088634738215056
LLY,net_income,3,ttm,70,2023-06-30,6497500000.0,2026-06-30,26711200000.0,3.0006844626967832,60.1778116711432
LLY,net_income,5,ttm,70,2021-06-30,6070700000.0,2026-06-30,26711200000.0,4.999315537303217,34.49574494875749
LLY,net_income,10,ttm,70,2016-06-30,2465900000.0,2026-06-30,26711200000.0,9.998631074606434,26.90711177762961
LLY,ocf,3,ttm,69,2023-06-30,6241900000.0,2026-06-30,28083000000.0,3.0006844626967832,65.0666121632237
LLY,ocf,5,ttm,69,2021-06-30,7094700000.0,2026-06-30,28083000000.0,4.999315537303217,31.679525813766674
LLY,ocf,10,ttm,69,2016-06-30,3283600000.0,2026-06-30,28083000000.0,9.998631074606434,23.943023632370487
LLY,revenue,3,ttm,70,2023-06-30,29515500000.0,2026-06-30,79665800000.0,3.0006844626967832,39.22197962356901
LLY,revenue,5,ttm,70,2021-06-30,26726300000.0,2026-06-30,79665800000.0,4.999315537303217,24.416965512197564
LLY,revenue,10,ttm,70,2016-06-30,20605200000.0,2026-06-30,79665800000.0,9.998631074606434,14.48209002914953
LMT,eps,3,ttm,67,2023-06-25,27.26981201621821,2026-06-28,27.1,3.0088980150581794,-0.20738808430860178
LMT,eps,5,ttm,67,2021-06-27,25.481791374861775,2026-06-28,27.1,5.002053388090349,1.238492976841088
LMT,eps,10,ttm,67,2016-06-26,11.996719498709915,2026-06-28,27.1,10.004106776180699,8.486612974517094
LMT,fcf,3,ttm,69,2023-06-25,6004000000.0,2026-06-28,8729000000.0,3.0088980150581794,13.24379015594519
LMT,fcf,5,ttm,69,2021-06-27,4974000000.0,2026-06-28,8729000000.0,5.002053388090349,11.900412745647593
LMT,fcf,10,ttm,69,2016-06-26,5005000000.0,2026-06-28,8729000000.0,10.004106776180699,5.717315114853938
LMT,net_income,3,ttm,70,2023-06-25,7060000000.0,2026-06-28,6287000000.0,3.0088980150581794,-3.7806180201979456
LMT,net_income,5,ttm,70,2021-06-27,7142000000.0,2026-06-28,6287000000.0,5.002053388090349,-2.516913930980136
LMT,net_income,10,ttm,70,2016-06-26,3717000000.0,2026-06-28,6287000000.0,10.004106776180699,5.393959349659427
LMT,ocf,3,ttm,69,2023-06-25,7725000000.0,2026-06-28,10402000000.0,3.0088980150581794,10.393985007567942
LMT,ocf,5,ttm,69,2021-06-27,6703000000.0,2026-06-28,10402000000.0,5.002053388090349,9.182706843003107
LMT,ocf,10,ttm,69,2016-06-26,6021000000.0,2026-06-28,10402000000.0,10.004106776180699,5.617303347853109
LMT,revenue,3,ttm,70,2023-06-25,67393000000.0,2026-06-28,77014000000.0,3.0088980150581794,4.534866355859046
LMT,revenue,5,ttm,70,2021-06-27,66814000000.0,2026-06-28,77014000000.0,5.002053388090349,2.8810470908223973
LMT,revenue,10,ttm,70,2016-06-26,43525000000.0,2026-06-28,77014000000.0,10.004106776180699,5.8700008098028
LNT,eps,3,ttm,62,2023-03-31,2.5935849056603777,2026-03-31,3.16,3.0006844626967832,6.804368088121349
LNT,eps,5,ttm,62,2021-03-31,2.434591194968554,2026-03-31,3.16,4.999315537303217,5.355038093413711
LNT,eps,10,ttm,62,2016-03-31,1.659496855345912,2026-03-31,3.16,9.998631074606434,6.653446555148612
LNT,net_income,3,ttm,65,2023-03-31,656000000.0,2026-03-31,821000000.0,3.0006844626967832,7.7636676607117705
LNT,net_income,5,ttm,65,2021-03-31,625000000.0,2026-03-31,821000000.0,4.999315537303217,5.607769885789815
LNT,net_income,10,ttm,65,2016-03-31,385800000.0,2026-03-31,821000000.0,9.998631074606434,7.845637948922368
LNT,ocf,3,ttm,64,2023-03-31,423000000.0,2026-03-31,1288000000.0,3.0006844626967832,44.92892259841794
LNT,ocf,5,ttm,64,2021-03-31,486000000.0,2026-03-31,1288000000.0,4.999315537303217,21.525525885652975
LNT,ocf,10,ttm,64,2016-03-31,784800000.0,2026-03-31,1288000000.0,9.998631074606434,5.07965363899352
LNT,revenue,3,ttm,65,2023-03-31,4213000000.0,2026-03-31,4419000000.0,3.0006844626967832,1.6036409499860182
LNT,revenue,5,ttm,65,2021-03-31,3401000000.0,2026-03-31,4419000000.0,4.999315537303217,5.377183768617422
LNT,revenue,10,ttm,65,2016-03-31,3200000000.0,2026-03-31,4419000000.0,9.998631074606434,3.2807353632759106
LOW,eps,3,ttm,67,2023-08-04,10.3287235841082,2026-07-31,11.84,2.9897330595482545,4.673376809591789
LOW,eps,5,ttm,67,2021-07-30,9.718207945900254,2026-07-31,11.84,5.002053388090349,4.026996944973771
LOW,eps,10,ttm,67,2016-07-29,3.122637362637363,2026-07-31,11.84,10.004106776180699,14.250801004299852
LOW,fcf,3,ttm,69,2023-08-04,6638000000.0,2026-07-31,7000000000.0,2.9897330595482545,1.7919251484698195
LOW,fcf,5,ttm,69,2021-07-30,4283000000.0,2026-07-31,7000000000.0,5.002053388090349,10.319548741988482
LOW,fcf,10,ttm,69,2016-07-29,4131000000.0,2026-07-31,7000000000.0,10.004106776180699,5.413172037326053
LOW,net_income,3,ttm,70,2023-08-04,6045000000.0,2026-07-31,6643000000.0,2.9897330595482545,3.205508494476872
LOW,net_income,5,ttm,70,2021-07-30,7009000000.0,2026-07-31,6643000000.0,5.002053388090349,-1.0664596159789541
LOW,net_income,10,ttm,70,2016-07-29,2798000000.0,2026-07-31,6643000000.0,10.004106776180699,9.027546469852687
LOW,ocf,3,ttm,69,2023-08-04,8545000000.0,2026-07-31,9263000000.0,2.9897330595482545,2.7353666219109174
LOW,ocf,5,ttm,69,2021-07-30,6210000000.0,2026-07-31,9263000000.0,5.002053388090349,8.322270614679672
LOW,ocf,10,ttm,69,2016-07-29,5248000000.0,2026-07-31,9263000000.0,10.004106776180699,5.843856213537868
LOW,revenue,3,ttm,70,2023-08-04,93227000000.0,2026-07-31,90432000000.0,2.9897330595482545,-1.0129587427778364
LOW,revenue,5,ttm,70,2021-07-30,94612000000.0,2026-07-31,90432000000.0,5.002053388090349,-0.899283668317552
LOW,revenue,10,ttm,70,2016-07-29,61090000000.0,2026-07-31,90432000000.0,10.004106776180699,3.9987712129384567
LRCX,eps,3,ttm,65,2023-06-25,3.314236111111111,2026-06-28,5.75,3.0088980150581794,20.0951843824696
LRCX,eps,5,ttm,65,2021-06-27,2.685329861111111,2026-06-28,5.75,5.002053388090349,16.441258876851972
LRCX,eps,10,ttm,65,2016-06-26,0.52109375,2026-06-28,5.75,10.004106776180699,27.12541747265471
LRCX,fcf,3,ttm,65,2023-06-25,4677370000.0,2026-06-28,4891252000.0,3.0088980150581794,1.497099002996105
LRCX,fcf,5,ttm,65,2021-06-27,3239067000.0,2026-06-28,4891252000.0,5.002053388090349,8.588872846763284
LRCX,fcf,10,ttm,65,2016-06-26,1174947000.0,2026-06-28,4891252000.0,10.004106776180699,15.322686030907207
LRCX,net_income,3,ttm,65,2023-06-25,4510931000.0,2026-06-28,7265396000.0,3.0088980150581794,17.16385691672182
LRCX,net_income,5,ttm,65,2021-06-27,3908458000.0,2026-06-28,7265396000.0,5.002053388090349,13.195369635033071
LRCX,net_income,10,ttm,65,2016-06-26,914049000.0,2026-06-28,7265396000.0,10.004106776180699,23.024617535002847
LRCX,ocf,3,ttm,65,2023-06-25,5178938000.0,2026-06-28,5857657000.0,3.0088980150581794,4.177761437310479
LRCX,ocf,5,ttm,65,2021-06-27,3588163000.0,2026-06-28,5857657000.0,5.002053388090349,10.294251892888306
LRCX,ocf,10,ttm,65,2016-06-26,1350277000.0,2026-06-28,5857657000.0,10.004106776180699,15.798769618117525
LRCX,revenue,3,ttm,65,2023-06-25,17428516000.0,2026-06-28,23232690000.0,3.0088980150581794,10.02464346510974
LRCX,revenue,5,ttm,65,2021-06-27,14626150000.0,2026-06-28,23232690000.0,5.002053388090349,9.692616272842525
LRCX,revenue,10,ttm,65,2016-06-26,5885893000.0,2026-06-28,23232690000.0,10.004106776180699,14.710780661335532
LULU,eps,3,ttm,63,2023-07-30,7.887017255546426,2026-08-02,12.15,3.0088980150581794,15.443505903771925
LULU,eps,5,ttm,63,2021-08-01,6.3096138044371415,2026-08-02,12.15,5.002053388090349,13.996452348686649
LULU,eps,10,ttm,63,2016-07-31,1.9467953985209532,2026-08-02,12.15,10.004106776180699,20.08615809666159
LULU,fcf,3,ttm,65,2023-07-30,969254000.0,2026-08-02,1354336000.0,3.0088980150581794,11.759999006962074
LULU,fcf,5,ttm,65,2021-08-01,974049000.0,2026-08-02,1354336000.0,5.002053388090349,6.811341852588781
LULU,fcf,10,ttm,65,2016-07-31,216939000.0,2026-08-02,1354336000.0,10.004106776180699,20.089829286335025
LULU,net_income,3,ttm,66,2023-07-30,1007289000.0,2026-08-02,1417977000.0,3.0088980150581794,12.036268004659822
LULU,net_income,5,ttm,66,2021-08-01,826510000.0,2026-08-02,1417977000.0,5.002053388090349,11.394812906995465
LULU,net_income,10,ttm,66,2016-07-31,269530000.0,2026-08-02,1417977000.0,10.004106776180699,18.052885639552695
LULU,ocf,3,ttm,65,2023-07-30,1634294000.0,2026-08-02,1982033000.0,3.0088980150581794,6.621383089285193
LULU,ocf,5,ttm,65,2021-08-01,1243046000.0,2026-08-02,1982033000.0,5.002053388090349,9.776176527617707
LULU,ocf,10,ttm,65,2016-07-31,366570000.0,2026-08-02,1982033000.0,10.004106776180699,18.37644890585459
LULU,revenue,3,ttm,66,2023-07-30,8838684000.0,2026-08-02,11093955000.0,3.0088980150581794,7.845568896862143
LULU,revenue,5,ttm,66,2021-08-01,5524058000.0,2026-08-02,11093955000.0,5.002053388090349,14.958416056748014
LULU,revenue,10,ttm,66,2016-07-31,2194005000.0,2026-08-02,11093955000.0,10.004106776180699,17.58609967180409
LUV,eps,3,ttm,71,2023-06-30,0.9620253164556964,2026-06-30,1.6,3.0006844626967832,18.4752668102538
LUV,eps,10,ttm,71,2016-06-30,3.817721518987342,2026-06-30,1.6,9.998631074606434,-8.33017489880512
LUV,net_income,3,ttm,71,2023-06-30,581000000.0,2026-06-30,837000000.0,3.0006844626967832,12.937383016470182
LUV,net_income,10,ttm,71,2016-06-30,2453000000.0,2026-06-30,837000000.0,9.998631074606434,-10.195851861365856
LUV,ocf,3,ttm,71,2023-06-30,2935000000.0,2026-06-30,2530000000.0,3.0006844626967832,-4.8280337788085825
LUV,ocf,5,ttm,71,2021-06-30,1004000000.0,2026-06-30,2530000000.0,4.999315537303217,20.30629507028592
LUV,ocf,10,ttm,71,2016-06-30,3888000000.0,2026-06-30,2530000000.0,9.998631074606434,-4.20631685504278
LUV,revenue,3,ttm,71,2023-06-30,25135000000.0,2026-06-30,30072000000.0,3.0006844626967832,6.158608984443936
LUV,revenue,5,ttm,71,2021-06-30,9866000000.0,2026-06-30,30072000000.0,4.999315537303217,24.97337369881678
LUV,revenue,10,ttm,71,2016-06-30,20505000000.0,2026-06-30,30072000000.0,9.998631074606434,3.9040631211714194
LVS,eps,3,ttm,63,2023-06-30,0.07027237354085601,2026-06-30,2.5799999999999996,3.0006844626967832,232.27121051847942
LVS,eps,10,ttm,63,2016-06-30,2.057976653696498,2026-06-30,2.5799999999999996,9.998631074606434,2.2867242351374717
LVS,fcf,3,ttm,65,2023-06-30,450000000.0,2026-06-30,2703000000.0,3.0006844626967832,81.75455681259561
LVS,fcf,10,ttm,65,2016-06-30,2148706000.0,2026-06-30,2703000000.0,9.998631074606434,2.3218230991679523
LVS,net_income,3,ttm,67,2023-06-30,51000000.0,2026-06-30,1727000000.0,3.0006844626967832,223.43802481432448
LVS,net_income,10,ttm,67,2016-06-30,1633000000.0,2026-06-30,1727000000.0,9.998631074606434,0.5613159845254012
LVS,ocf,3,ttm,65,2023-06-30,1128000000.0,2026-06-30,3732000000.0,3.0006844626967832,48.994876782363804
LVS,ocf,10,ttm,65,2016-06-30,3664467000.0,2026-06-30,3732000000.0,9.998631074606434,0.18280576792191194
LVS,revenue,3,ttm,67,2023-06-30,6784000000.0,2026-06-30,13719000000.0,3.0006844626967832,26.451004882116113
LVS,revenue,5,ttm,67,2021-06-30,3830000000.0,2026-06-30,13719000000.0,4.999315537303217,29.074338974679883
LVS,revenue,10,ttm,67,2016-06-30,11122000000.0,2026-06-30,13719000000.0,9.998631074606434,2.1210341996330317
LYB,fcf,3,ttm,59,2023-06-30,3225000000.0,2026-06-30,1578000000.0,3.0006844626967832,-21.19580034113596
LYB,fcf,5,ttm,59,2021-06-30,2573000000.0,2026-06-30,1578000000.0,4.999315537303217,-9.316634748656538
LYB,fcf,10,ttm,59,2016-06-30,3543000000.0,2026-06-30,1578000000.0,9.998631074606434,-7.770729094044104
LYB,ocf,3,ttm,59,2023-06-30,4790000000.0,2026-06-30,2973000000.0,3.0006844626967832,-14.696101063232359
LYB,ocf,5,ttm,59,2021-06-30,4043000000.0,2026-06-30,2973000000.0,4.999315537303217,-5.963906786276885
LYB,ocf,10,ttm,59,2016-06-30,5489000000.0,2026-06-30,2973000000.0,9.998631074606434,-5.948327716449531
LYB,revenue,3,ttm,59,2023-06-30,43605000000.0,2026-06-30,31192000000.0,3.0006844626967832,-10.56379291199746
LYB,revenue,5,ttm,59,2021-06-30,34709000000.0,2026-06-30,31192000000.0,4.999315537303217,-2.1143669968052503
LYB,revenue,10,ttm,59,2016-06-30,29476000000.0,2026-06-30,31192000000.0,9.998631074606434,0.5675346698650552
LYV,fcf,3,ttm,63,2023-06-30,1514999000.0,2026-06-30,1382702000.0,3.0006844626967832,-2.9992484959186494
LYV,fcf,5,ttm,63,2021-06-30,347658000.0,2026-06-30,1382702000.0,4.999315537303217,31.804940823364735
LYV,fcf,10,ttm,63,2016-06-30,302326000.0,2026-06-30,1382702000.0,9.998631074606434,16.421810526983748
LYV,net_income,3,ttm,63,2023-06-30,397169000.0,2026-06-30,134700000.0,3.0006844626967832,-30.257133989146123
LYV,net_income,10,ttm,63,2016-06-30,3938000.0,2026-06-30,134700000.0,9.998631074606434,42.3738377646268
LYV,ocf,3,ttm,63,2023-06-30,1934458000.0,2026-06-30,2608702000.0,3.0006844626967832,10.478689641501692
LYV,ocf,5,ttm,63,2021-06-30,476961000.0,2026-06-30,2608702000.0,4.999315537303217,40.47806837312577
LYV,ocf,10,ttm,63,2016-06-30,456353000.0,2026-06-30,2608702000.0,9.998631074606434,19.048169494409105
LYV,revenue,3,ttm,63,2023-06-30,19197345000.0,2026-06-30,26272535000.0,3.0006844626967832,11.022220546599337
LYV,revenue,5,ttm,63,2021-06-30,1287956000.0,2026-06-30,26272535000.0,4.999315537303217,82.79152258035253
LYV,revenue,10,ttm,63,2016-06-30,7746616000.0,2026-06-30,26272535000.0,9.998631074606434,12.991625566473687
MA,eps,3,ttm,67,2023-06-30,10.675869086908694,2026-06-30,18.19,3.0006844626967832,19.433334209285256
MA,eps,5,ttm,67,2021-06-30,7.19395489548955,2026-06-30,18.19,4.999315537303217,20.388229927504888
MA,eps,10,ttm,67,2016-06-30,3.401870187018702,2026-06-30,18.19,9.998631074606434,18.25553164489535
MA,fcf,3,ttm,69,2023-06-30,11142000000.0,2026-06-30,16702000000.0,3.0006844626967832,14.442782346840577
MA,fcf,5,ttm,69,2021-06-30,7354000000.0,2026-06-30,16702000000.0,4.999315537303217,17.830772668330198
MA,fcf,10,ttm,69,2016-06-30,4266000000.0,2026-06-30,16702000000.0,9.998631074606434,14.625931565890982
MA,net_income,3,ttm,70,2023-06-30,10230000000.0,2026-06-30,16257000000.0,3.0006844626967832,16.6916091308519
MA,net_income,5,ttm,70,2021-06-30,7192000000.0,2026-06-30,16257000000.0,4.999315537303217,17.71934688606196
MA,net_income,10,ttm,70,2016-06-30,3809000000.0,2026-06-30,16257000000.0,9.998631074606434,15.61962910139032
MA,ocf,3,ttm,69,2023-06-30,11573000000.0,2026-06-30,17437000000.0,3.0006844626967832,14.637947592415124
MA,ocf,5,ttm,69,2021-06-30,7638000000.0,2026-06-30,17437000000.0,4.999315537303217,17.952795726455296
MA,ocf,10,ttm,69,2016-06-30,4488000000.0,2026-06-30,17437000000.0,9.998631074606434,14.53809660819112
MA,revenue,3,ttm,70,2023-06-30,17525000000.0,2026-06-30,35083000000.0,3.0006844626967832,26.02498255601835
MA,revenue,5,ttm,70,2021-06-30,26008000000.0,2026-06-30,35083000000.0,4.999315537303217,6.169925547908761
MA,revenue,10,ttm,70,2016-06-30,10187000000.0,2026-06-30,35083000000.0,9.998631074606434,13.16506951948815
MAA,eps,3,ttm,38,2023-03-31,5.9141515151515165,2026-03-31,3.43,3.0006844626967832,-16.602721089390094
MAA,eps,5,ttm,38,2021-03-31,2.3698181818181823,2026-03-31,3.43,4.999315537303217,7.676322758562093
MAA,eps,10,ttm,38,2013-09-30,3.575515151515152,2026-03-31,3.43,12.498288843258042,-0.3318855697711065
MAA,fcf,3,ttm,38,2023-03-31,763580000.0,2026-03-31,685230000.0,3.0006844626967832,-3.54364426414151
MAA,fcf,5,ttm,38,2021-03-31,621342000.0,2026-03-31,685230000.0,4.999315537303217,1.9770149883170385
MAA,fcf,10,ttm,38,2013-09-30,178988000.0,2026-03-31,685230000.0,12.498288843258042,11.339016817396175
MAA,net_income,3,ttm,44,2023-03-31,662544000.0,2026-03-31,389595000.0,3.0006844626967832,-16.21805918046302
MAA,net_income,5,ttm,44,2021-03-31,265507000.0,2026-03-31,389595000.0,4.999315537303217,7.972222247744054
MAA,net_income,10,ttm,44,2013-09-30,146860000.0,2026-03-31,389595000.0,12.498288843258042,8.118852789855557
MAA,ocf,3,ttm,38,2023-03-31,1097166000.0,2026-03-31,1031201000.0,3.0006844626967832,-2.045202966373516
MAA,ocf,5,ttm,38,2021-03-31,811458000.0,2026-03-31,1031201000.0,4.999315537303217,4.910342706562876
MAA,ocf,10,ttm,38,2013-09-30,202575000.0,2026-03-31,1031201000.0,12.498288843258042,13.906455874725921
MAA,revenue,3,ttm,44,2023-03-31,2072821000.0,2026-03-31,2213556000.0,3.0006844626967832,2.2132981548650843
MAA,revenue,5,ttm,44,2021-03-31,1684891000.0,2026-03-31,2213556000.0,4.999315537303217,5.610472564410474
MAA,revenue,10,ttm,44,2013-09-30,516729000.0,2026-03-31,2213556000.0,12.498288843258042,12.34484116444281
MAR,eps,3,ttm,67,2023-06-30,8.840847983453983,2026-06-30,9.66,3.0006844626967832,2.997055319875641
MAR,eps,5,ttm,67,2021-06-30,1.0589038262668047,2026-06-30,9.66,4.999315537303217,55.614625545723825
MAR,eps,10,ttm,67,2016-06-30,3.356525336091003,2026-06-30,9.66,9.998631074606434,11.151417376616557
MAR,fcf,3,ttm,51,2023-06-30,2446000000.0,2026-06-30,3132000000.0,3.0006844626967832,8.58760891916961
MAR,fcf,5,ttm,51,2021-06-30,134000000.0,2026-06-30,3132000000.0,4.999315537303217,87.83688157201289
MAR,fcf,10,ttm,51,2016-06-30,1401000000.0,2026-06-30,3132000000.0,9.998631074606434,8.37850233332491
MAR,net_income,3,ttm,51,2023-06-30,2786000000.0,2026-06-30,2587000000.0,3.0006844626967832,-2.4394546394375882
MAR,net_income,5,ttm,51,2021-06-30,347000000.0,2026-06-30,2587000000.0,4.999315537303217,49.45735113695178
MAR,net_income,10,ttm,51,2016-06-30,878000000.0,2026-06-30,2587000000.0,9.998631074606434,11.413191887512797
MAR,ocf,3,ttm,51,2023-06-30,2853000000.0,2026-06-30,3728000000.0,3.0006844626967832,9.32409162728467
MAR,ocf,5,ttm,51,2021-06-30,260000000.0,2026-06-30,3728000000.0,4.999315537303217,70.34609362910247
MAR,ocf,10,ttm,51,2016-06-30,1625000000.0,2026-06-30,3728000000.0,9.998631074606434,8.659372119775055
MAR,revenue,3,ttm,51,2023-06-30,22926000000.0,2026-06-30,26904000000.0,3.0006844626967832,5.476952134131929
MAR,revenue,5,ttm,51,2021-06-30,9891000000.0,2026-06-30,26904000000.0,4.999315537303217,22.159495414386974
MAR,revenue,10,ttm,51,2016-06-30,14958000000.0,2026-06-30,26904000000.0,9.998631074606434,6.046862252744556
MAS,eps,3,ttm,66,2023-03-31,3.824356435643564,2026-03-31,4.340000000000001,3.0006844626967832,4.305276591975082
MAS,eps,5,ttm,66,2021-03-31,3.2012871287128712,2026-03-31,4.340000000000001,4.999315537303217,6.276352149754705
MAS,eps,10,ttm,66,2016-03-31,1.2461386138613861,2026-03-31,4.340000000000001,9.998631074606434,13.292133941005968
MAS,fcf,3,ttm,68,2023-03-31,842000000.0,2026-03-31,943000000.0,3.0006844626967832,3.847519210399941
MAS,fcf,5,ttm,68,2021-03-31,836000000.0,2026-03-31,943000000.0,4.999315537303217,2.438336021348708
MAS,fcf,10,ttm,68,2016-03-31,729000000.0,2026-03-31,943000000.0,9.998631074606434,2.6076986036496885
MAS,net_income,3,ttm,69,2023-03-31,816000000.0,2026-03-31,837000000.0,3.0006844626967832,0.8503927872176797
MAS,net_income,5,ttm,69,2021-03-31,788000000.0,2026-03-31,837000000.0,4.999315537303217,1.213994612342928
MAS,net_income,10,ttm,69,2016-03-31,400000000.0,2026-03-31,837000000.0,9.998631074606434,7.664105602838833
MAS,ocf,3,ttm,68,2023-03-31,1100000000.0,2026-03-31,1101000000.0,3.0006844626967832,0.03028694106117502
MAS,ocf,5,ttm,68,2021-03-31,956000000.0,2026-03-31,1101000000.0,4.999315537303217,2.864984427781425
MAS,ocf,10,ttm,68,2016-03-31,892000000.0,2026-03-31,1101000000.0,9.998631074606434,2.127687486828922
MAS,revenue,3,ttm,69,2023-03-31,8458000000.0,2026-03-31,7679000000.0,3.0006844626967832,-3.1687541641923778
MAS,revenue,5,ttm,69,2021-03-31,7577000000.0,2026-03-31,7679000000.0,4.999315537303217,0.26783440067761344
MAS,revenue,10,ttm,69,2016-03-31,7203000000.0,2026-03-31,7679000000.0,9.998631074606434,0.6420572635480459
MCD,eps,3,ttm,67,2023-06-30,10.841186027619823,2026-06-30,12.3,3.0006844626967832,4.297028708069628
MCD,eps,5,ttm,67,2021-06-30,9.182534524776605,2026-06-30,12.3,4.999315537303217,6.021021498956669
MCD,eps,10,ttm,67,2016-06-30,5.205767668562145,2026-06-30,12.3,9.998631074606434,8.980085805164585
MCD,fcf,3,ttm,70,2023-06-30,6639700000.0,2026-06-30,7761000000.0,3.0006844626967832,5.33788380576099
MCD,fcf,5,ttm,70,2021-06-30,7084900000.0,2026-06-30,7761000000.0,4.999315537303217,1.8398792318399693
MCD,fcf,10,ttm,70,2016-06-30,4570000000.0,2026-06-30,7761000000.0,9.998631074606434,5.439490169772276
MCD,net_income,3,ttm,70,2023-06-30,7996600000.0,2026-06-30,8787000000.0,3.0006844626967832,3.191035879627546
MCD,net_income,5,ttm,70,2021-06-30,6896300000.0,2026-06-30,8787000000.0,4.999315537303217,4.965789681573862
MCD,net_income,10,ttm,70,2016-06-30,4733100000.0,2026-06-30,8787000000.0,9.998631074606434,6.383230281487395
MCD,ocf,3,ttm,70,2023-06-30,8728600000.0,2026-06-30,11344000000.0,3.0006844626967832,9.126917448795947
MCD,ocf,5,ttm,70,2021-06-30,8789500000.0,2026-06-30,11344000000.0,4.999315537303217,5.235784631894691
MCD,ocf,10,ttm,70,2016-06-30,6319700000.0,2026-06-30,11344000000.0,9.998631074606434,6.025530474569019
MCD,revenue,3,ttm,70,2023-06-30,24195000000.0,2026-06-30,27703000000.0,3.0006844626967832,4.615472515409325
MCD,revenue,5,ttm,70,2021-06-30,21744400000.0,2026-06-30,27703000000.0,4.999315537303217,4.963608989998525
MCD,revenue,10,ttm,70,2016-06-30,25125300000.0,2026-06-30,27703000000.0,9.998631074606434,0.9815738970512466
MCHP,eps,3,ttm,70,2023-06-30,4.330000000000001,2026-06-30,0.68,3.0006844626967832,-46.04047285406274
MCHP,eps,5,ttm,70,2021-06-30,0.8600000000000003,2026-06-30,0.68,4.999315537303217,-4.5888128469167455
MCHP,eps,10,ttm,70,2016-06-30,0.18000000000000002,2026-06-30,0.68,9.998631074606434,14.217209051260093
MCHP,fcf,3,ttm,70,2023-06-30,3298400000.0,2026-06-30,1110900000.0,3.0006844626967832,-30.418601890086993
MCHP,fcf,5,ttm,70,2021-06-30,1875200000.0,2026-06-30,1110900000.0,4.999315537303217,-9.942632350743208
MCHP,fcf,10,ttm,70,2016-06-30,780740000.0,2026-06-30,1110900000.0,9.998631074606434,3.5902665814041335
MCHP,net_income,3,ttm,70,2023-06-30,2396900000.0,2026-06-30,478400000.0,3.0006844626967832,-41.552362010334086
MCHP,net_income,5,ttm,70,2021-06-30,478600000.0,2026-06-30,478400000.0,4.999315537303217,-0.008360251772432381
MCHP,net_income,10,ttm,70,2016-06-30,80102000.0,2026-06-30,478400000.0,9.998631074606434,19.57087503023558
MCHP,ocf,3,ttm,70,2023-06-30,3773800000.0,2026-06-30,1198000000.0,3.0006844626967832,-31.777043591064068
MCHP,ocf,5,ttm,70,2021-06-30,2044600000.0,2026-06-30,1198000000.0,4.999315537303217,-10.14063702715765
MCHP,ocf,10,ttm,70,2016-06-30,786839000.0,2026-06-30,1198000000.0,9.998631074606434,4.294064672818565
MCHP,revenue,3,ttm,70,2023-06-30,8763700000.0,2026-06-30,5122300000.0,3.0006844626967832,-16.386403900532454
MCHP,revenue,5,ttm,70,2021-06-30,5698100000.0,2026-06-30,5122300000.0,4.999315537303217,-2.108333515967631
MCHP,revenue,10,ttm,70,2016-06-30,2438782000.0,2026-06-30,5122300000.0,9.998631074606434,7.704442106671716
MCK,eps,3,ttm,70,2023-06-30,26.818744635193134,2026-06-30,37.32000000000001,3.0006844626967832,11.640940265831068
MCK,eps,10,ttm,70,2016-06-30,9.630321888412016,2026-06-30,37.32000000000001,9.998631074606434,14.508608626440832
MCK,fcf,3,ttm,70,2023-06-30,4651000000.0,2026-06-30,6416000000.0,3.0006844626967832,11.317142265274427
MCK,fcf,5,ttm,70,2021-06-30,3510000000.0,2026-06-30,6416000000.0,4.999315537303217,12.823253853674466
MCK,fcf,10,ttm,70,2016-06-30,4590000000.0,2026-06-30,6416000000.0,9.998631074606434,3.406337986085206
MCK,net_income,3,ttm,70,2023-06-30,3750000000.0,2026-06-30,4592000000.0,3.0006844626967832,6.983511474707371
MCK,net_income,10,ttm,70,2016-06-30,2224000000.0,2026-06-30,4592000000.0,9.998631074606434,7.520436925336926
MCK,ocf,3,ttm,70,2023-06-30,5048000000.0,2026-06-30,6853000000.0,3.0006844626967832,10.724493114736621
MCK,ocf,5,ttm,70,2021-06-30,3982000000.0,2026-06-30,6853000000.0,4.999315537303217,11.471116585980834
MCK,ocf,10,ttm,70,2016-06-30,5077000000.0,2026-06-30,6853000000.0,9.998631074606434,3.0455259946571944
MCK,revenue,3,ttm,70,2023-06-30,284040000000.0,2026-06-30,410983000000.0,3.0006844626967832,13.101731086278633
MCK,revenue,5,ttm,70,2021-06-30,245223000000.0,2026-06-30,410983000000.0,4.999315537303217,10.881392705360792
MCK,revenue,10,ttm,70,2016-06-30,193071000000.0,2026-06-30,410983000000.0,9.998631074606434,7.848764276538289
MCO,eps,3,ttm,67,2023-06-30,7.75015228426396,2026-06-30,15.74,3.0006844626967832,26.631407882849125
MCO,eps,5,ttm,67,2021-06-30,11.085913705583756,2026-06-30,15.74,4.999315537303217,7.263216341996626
MCO,eps,10,ttm,67,2016-06-30,4.454340101522843,2026-06-30,15.74,9.998631074606434,13.456567728166767
MCO,fcf,3,ttm,69,2023-06-30,1648000000.0,2026-06-30,2967000000.0,3.0006844626967832,21.6468022097946
MCO,fcf,5,ttm,69,2021-06-30,2354000000.0,2026-06-30,2967000000.0,4.999315537303217,4.738167155323292
MCO,fcf,10,ttm,69,2016-06-30,1047500000.0,2026-06-30,2967000000.0,9.998631074606434,10.974332661238329
MCO,net_income,3,ttm,70,2023-06-30,1427000000.0,2026-06-30,2795000000.0,3.0006844626967832,25.11145677346176
MCO,net_income,5,ttm,70,2021-06-30,2094000000.0,2026-06-30,2795000000.0,4.999315537303217,5.945974707115997
MCO,net_income,10,ttm,70,2016-06-30,889400000.0,2026-06-30,2795000000.0,9.998631074606434,12.13347397130098
MCO,ocf,3,ttm,69,2023-06-30,1925000000.0,2026-06-30,3319000000.0,3.0006844626967832,19.905982401094114
MCO,ocf,5,ttm,69,2021-06-30,2439000000.0,2026-06-30,3319000000.0,4.999315537303217,6.356185798199254
MCO,ocf,10,ttm,69,2016-06-30,1150100000.0,2026-06-30,3319000000.0,9.998631074606434,11.181740012071927
MCO,revenue,3,ttm,70,2023-06-30,5529000000.0,2026-06-30,8160000000.0,3.0006844626967832,13.850515976853494
MCO,revenue,5,ttm,70,2021-06-30,5799000000.0,2026-06-30,8160000000.0,4.999315537303217,7.070904582743287
MCO,revenue,10,ttm,70,2016-06-30,3445800000.0,2026-06-30,8160000000.0,9.998631074606434,9.00467770491562
MDLZ,eps,3,ttm,66,2023-03-31,2.87,2026-03-31,2.02,3.0006844626967832,-11.045466100848
MDLZ,eps,5,ttm,66,2021-03-31,2.64,2026-03-31,2.02,4.999315537303217,-5.213539709744719
MDLZ,eps,10,ttm,66,2016-03-31,4.6,2026-03-31,2.02,9.998631074606434,-7.9010963256859075
MDLZ,fcf,3,ttm,68,2023-03-31,2938000000.0,2026-03-31,2575000000.0,3.0006844626967832,-4.299802189035895
MDLZ,fcf,5,ttm,68,2021-03-31,3730000000.0,2026-03-31,2575000000.0,4.999315537303217,-7.144149193427829
MDLZ,fcf,10,ttm,68,2016-03-31,2146000000.0,2026-03-31,2575000000.0,9.998631074606434,1.839400760345633
MDLZ,net_income,3,ttm,69,2023-03-31,3943000000.0,2026-03-31,2609000000.0,3.0006844626967832,-12.857622566951733
MDLZ,net_income,5,ttm,69,2021-03-31,3780000000.0,2026-03-31,2609000000.0,4.999315537303217,-7.147832360742279
MDLZ,net_income,10,ttm,69,2016-03-31,7497000000.0,2026-03-31,2609000000.0,9.998631074606434,-10.018675695145928
MDLZ,ocf,3,ttm,68,2023-03-31,3900000000.0,2026-03-31,3889000000.0,3.0006844626967832,-0.09408416932591424
MDLZ,ocf,5,ttm,68,2021-03-31,4595000000.0,2026-03-31,3889000000.0,4.999315537303217,-3.2817340060443123
MDLZ,ocf,10,ttm,68,2016-03-31,3556000000.0,2026-03-31,3889000000.0,9.998631074606434,0.8992995498039225
MDLZ,revenue,3,ttm,69,2023-03-31,32898000000.0,2026-03-31,39304000000.0,3.0006844626967832,6.1084270671981855
MDLZ,revenue,5,ttm,69,2021-03-31,27112000000.0,2026-03-31,39304000000.0,4.999315537303217,7.710850496036037
MDLZ,revenue,10,ttm,69,2016-03-31,28329000000.0,2026-03-31,39304000000.0,9.998631074606434,3.329064535052373
MDT,eps,3,ttm,50,2023-07-28,2.71,2026-07-31,4.06,3.0088980150581794,14.378885401132301
MDT,eps,5,ttm,50,2021-07-30,2.8600000000000003,2026-07-31,4.06,5.002053388090349,7.255484115500965
MDT,eps,10,ttm,50,2016-07-29,2.5700000000000003,2026-07-31,4.06,10.004106776180699,4.6769689465423925
MDT,fcf,3,ttm,46,2023-07-28,4444000000.0,2026-07-31,6132000000.0,3.0088980150581794,11.293943342515966
MDT,fcf,5,ttm,46,2021-07-30,5855000000.0,2026-07-31,6132000000.0,5.002053388090349,0.9284029342922606
MDT,fcf,10,ttm,46,2016-07-29,4800000000.0,2026-07-31,6132000000.0,10.004106776180699,2.478255716700617
MDT,net_income,5,ttm,50,2021-07-30,3882000000.0,2026-07-31,430004801.0,5.002053388090349,-35.588708128104685
MDT,net_income,10,ttm,50,2016-07-29,3648000000.0,2026-07-31,430004801.0,10.004106776180699,-19.243039160218324
MDT,ocf,3,ttm,46,2023-07-28,5831000000.0,2026-07-31,8035000000.0,3.0088980150581794,11.244109020972836
MDT,ocf,5,ttm,46,2021-07-30,7254000000.0,2026-07-31,8035000000.0,5.002053388090349,2.065277330743931
MDT,ocf,10,ttm,46,2016-07-29,5952000000.0,2026-07-31,8035000000.0,10.004106776180699,3.045005315857474
MDT,revenue,3,ttm,50,2023-07-28,31559000000.0,2026-07-31,37541000000.0,3.0088980150581794,5.938355379883209
MDT,revenue,5,ttm,50,2021-07-30,31597000000.0,2026-07-31,37541000000.0,5.002053388090349,3.5060776164414387
MDT,revenue,10,ttm,50,2016-07-29,28725000000.0,2026-07-31,37541000000.0,10.004106776180699,2.711674126848096
MET,eps,3,ttm,67,2023-06-30,3.822676864244742,2026-06-30,5.22,3.0006844626967832,10.940644361143992
MET,eps,5,ttm,67,2021-06-30,4.9804588910133845,2026-06-30,5.22,4.999315537303217,0.9440644339782089
MET,eps,10,ttm,67,2016-06-30,4.102141491395794,2026-06-30,5.22,9.998631074606434,2.4394928223155476
MET,net_income,3,ttm,70,2023-06-30,3222000000.0,2026-06-30,3420000000.0,3.0006844626967832,2.0073708139149993
MET,net_income,5,ttm,70,2021-06-30,4629000000.0,2026-06-30,3420000000.0,4.999315537303217,-5.875174219979174
MET,net_income,10,ttm,70,2016-06-30,4688000000.0,2026-06-30,3420000000.0,9.998631074606434,-3.1048643294282474
MET,ocf,3,ttm,69,2023-06-30,11675000000.0,2026-06-30,15558000000.0,3.0006844626967832,10.041409553358726
MET,ocf,5,ttm,69,2021-06-30,12696000000.0,2026-06-30,15558000000.0,4.999315537303217,4.150123238384951
MET,ocf,10,ttm,69,2016-06-30,13368000000.0,2026-06-30,15558000000.0,9.998631074606434,1.5288892903519313
MET,revenue,3,ttm,70,2023-06-30,17227000000.0,2026-06-30,2679000000.0,3.0006844626967832,-46.21649017495535
MET,revenue,5,ttm,70,2021-06-30,20778000000.0,2026-06-30,2679000000.0,4.999315537303217,-33.61813737331516
MET,revenue,10,ttm,70,2016-06-30,63448000000.0,2026-06-30,2679000000.0,9.998631074606434,-27.132031826617997
META,eps,3,ttm,55,2023-06-30,8.583526752072343,2026-06-30,26.52,3.0006844626967832,45.63485750821834
META,eps,5,ttm,55,2021-06-30,13.47983421250942,2026-06-30,26.52,4.999315537303217,14.494820643564378
META,eps,10,ttm,55,2016-06-30,2.238311981914092,2026-06-30,26.52,9.998631074606434,28.05011992408184
META,fcf,3,ttm,57,2023-06-30,24380000000.0,2026-06-30,40976000000.0,3.0006844626967832,18.890770400232416
META,fcf,5,ttm,57,2021-06-30,32064000000.0,2026-06-30,40976000000.0,4.999315537303217,5.028046746114123
META,fcf,10,ttm,57,2016-06-30,10283000000.0,2026-06-30,40976000000.0,9.998631074606434,14.828368097028942
META,net_income,3,ttm,58,2023-06-30,22545000000.0,2026-06-30,68098000000.0,3.0006844626967832,44.54116020978696
META,net_income,5,ttm,58,2021-06-30,38956000000.0,2026-06-30,68098000000.0,4.999315537303217,11.8197821526548
META,net_income,10,ttm,58,2016-06-30,6478000000.0,2026-06-30,68098000000.0,9.998631074606434,26.52703455101857
META,ocf,3,ttm,57,2023-06-30,55510000000.0,2026-06-30,130301000000.0,3.0006844626967832,32.891538918849776
META,ocf,5,ttm,57,2021-06-30,49358000000.0,2026-06-30,130301000000.0,4.999315537303217,21.431003244942982
META,ocf,10,ttm,57,2016-06-30,13882000000.0,2026-06-30,130301000000.0,9.998631074606434,25.10160612022967
META,revenue,3,ttm,58,2023-06-30,120523000000.0,2026-06-30,228247000000.0,3.0006844626967832,23.715456304128878
META,revenue,5,ttm,58,2021-06-30,104790000000.0,2026-06-30,228247000000.0,4.999315537303217,16.84935112823962
META,revenue,10,ttm,58,2016-06-30,22160000000.0,2026-06-30,228247000000.0,9.998631074606434,26.26919131409091
MGM,eps,3,ttm,63,2023-06-30,1.1331325301204815,2026-06-30,1.65,3.0006844626967832,13.341425347510993
MGM,fcf,3,ttm,65,2023-06-30,1182988000.0,2026-06-30,1494547000.0,3.0006844626967832,8.102405900917864
MGM,net_income,3,ttm,66,2023-06-30,374775000.0,2026-06-30,425926000.0,3.0006844626967832,4.355887259606339
MGM,ocf,3,ttm,65,2023-06-30,2104508000.0,2026-06-30,2463036000.0,3.0006844626967832,5.382427453774863
MGM,ocf,10,ttm,65,2016-06-30,1171456000.0,2026-06-30,2463036000.0,9.998631074606434,7.7156723441189845
MGM,revenue,3,ttm,66,2023-06-30,14823791000.0,2026-06-30,17761442000.0,3.0006844626967832,6.210391445271468
MGM,revenue,5,ttm,66,2021-06-30,6535165000.0,2026-06-30,17761442000.0,4.999315537303217,22.139523944023985
MGM,revenue,10,ttm,66,2016-06-30,8964714000.0,2026-06-30,17761442000.0,9.998631074606434,7.077505145091556
MKC,eps,3,ttm,63,2023-05-31,2.59,2026-05-31,6.01,3.0006844626967832,32.38245778374576
MKC,eps,5,ttm,63,2021-05-31,2.78,2026-05-31,6.01,4.999315537303217,16.674273038129318
MKC,eps,10,ttm,63,2016-05-31,1.6899999999999997,2026-05-31,6.01,9.998631074606434,13.528871364756201
MKC,fcf,3,ttm,64,2023-05-31,612300000.0,2026-05-31,1019900000.0,3.0006844626967832,18.535270599882804
MKC,fcf,5,ttm,64,2021-05-31,663500000.0,2026-05-31,1019900000.0,4.999315537303217,8.980412055362773
MKC,fcf,10,ttm,64,2016-05-31,476300000.0,2026-05-31,1019900000.0,9.998631074606434,7.912617890160467
MKC,net_income,3,ttm,65,2023-05-31,699800000.0,2026-05-31,1618400000.0,3.0006844626967832,32.23394631325655
MKC,net_income,5,ttm,65,2021-05-31,752300000.0,2026-05-31,1618400000.0,4.999315537303217,16.55960620946475
MKC,net_income,10,ttm,65,2016-05-31,434000000.0,2026-05-31,1618400000.0,9.998631074606434,14.068948927910018
MKC,ocf,3,ttm,64,2023-05-31,891300000.0,2026-05-31,1231500000.0,3.0006844626967832,11.376310518250122
MKC,ocf,5,ttm,64,2021-05-31,914500000.0,2026-05-31,1231500000.0,4.999315537303217,6.133791818196177
MKC,ocf,10,ttm,64,2016-05-31,616800000.0,2026-05-31,1231500000.0,9.998631074606434,7.1601015323224715
MKC,revenue,3,ttm,65,2023-05-31,6516000000.0,2026-05-31,7385800000.0,3.0006844626967832,4.2640726885016855
MKC,revenue,5,ttm,65,2021-05-31,6026400000.0,2026-05-31,7385800000.0,4.999315537303217,4.152652957756309
MKC,revenue,10,ttm,65,2016-05-31,4355300000.0,2026-05-31,7385800000.0,9.998631074606434,5.424387682220022
MLM,eps,3,ttm,63,2023-06-30,15.229999999999999,2026-06-30,40.67,3.0006844626967832,38.726359280319
MLM,eps,5,ttm,63,2021-06-30,12.29,2026-06-30,40.67,4.999315537303217,27.045325150092392
MLM,eps,10,ttm,63,2016-06-30,5.59,2026-06-30,40.67,9.998631074606434,21.954557942244524
MLM,fcf,3,ttm,65,2023-06-30,669500000.0,2026-06-30,810000000.0,3.0006844626967832,6.554514643839693
MLM,fcf,5,ttm,65,2021-06-30,721100000.0,2026-06-30,810000000.0,4.999315537303217,2.352696138467425
MLM,fcf,10,ttm,65,2016-06-30,262574000.0,2026-06-30,810000000.0,9.998631074606434,11.925753816829987
MLM,net_income,3,ttm,66,2023-06-30,947840000.0,2026-06-30,2457000000.0,3.0006844626967832,37.35946426549208
MLM,net_income,5,ttm,66,2021-06-30,768500000.0,2026-06-30,2457000000.0,4.999315537303217,26.172898050106497
MLM,net_income,10,ttm,66,2016-06-30,367775000.0,2026-06-30,2457000000.0,9.998631074606434,20.91873301276095
MLM,ocf,3,ttm,65,2023-06-30,1223800000.0,2026-06-30,1519000000.0,3.0006844626967832,7.467044688683
MLM,ocf,5,ttm,65,2021-06-30,1118100000.0,2026-06-30,1519000000.0,4.999315537303217,6.321004046283996
MLM,ocf,10,ttm,65,2016-06-30,663375000.0,2026-06-30,1519000000.0,9.998631074606434,8.63875835740464
MLM,revenue,3,ttm,66,2023-06-30,6463500000.0,2026-06-30,6689000000.0,3.0006844626967832,1.1494087500833805
MLM,revenue,5,ttm,66,2021-06-30,4861300000.0,2026-06-30,6689000000.0,4.999315537303217,6.59223046416586
MLM,revenue,10,ttm,66,2016-06-30,3692837000.0,2026-06-30,6689000000.0,9.998631074606434,6.12156306131435
MMM,eps,5,ttm,67,2021-06-30,8.520066889632105,2026-06-30,5.63,4.999315537303217,-7.953315256782312
MMM,eps,10,ttm,67,2016-06-30,6.5551839464882935,2026-06-30,5.63,9.998631074606434,-1.5101566898044871
MMM,fcf,3,ttm,69,2023-06-30,4444000000.0,2026-06-30,3985000000.0,3.0006844626967832,-3.567885073847088
MMM,fcf,5,ttm,69,2021-06-30,7076000000.0,2026-06-30,3985000000.0,4.999315537303217,-10.850015444551298
MMM,fcf,10,ttm,69,2016-06-30,5110000000.0,2026-06-30,3985000000.0,9.998631074606434,-2.4562912592949737
MMM,net_income,5,ttm,70,2021-06-30,5967000000.0,2026-06-30,2997000000.0,4.999315537303217,-12.867946026128452
MMM,net_income,10,ttm,70,2016-06-30,4900000000.0,2026-06-30,2997000000.0,9.998631074606434,-4.797984439167269
MMM,ocf,3,ttm,69,2023-06-30,6237000000.0,2026-06-30,4899000000.0,3.0006844626967832,-7.731837454808632
MMM,ocf,5,ttm,69,2021-06-30,8570000000.0,2026-06-30,4899000000.0,4.999315537303217,-10.583292738693007
MMM,ocf,10,ttm,69,2016-06-30,6547000000.0,2026-06-30,4899000000.0,9.998631074606434,-2.8585043924839626
MMM,revenue,3,ttm,70,2023-06-30,20968000000.0,2026-06-30,25180000000.0,3.0006844626967832,6.290274343082447
MMM,revenue,5,ttm,70,2021-06-30,34734000000.0,2026-06-30,25180000000.0,4.999315537303217,-6.231631453311881
MMM,revenue,10,ttm,70,2016-06-30,30081000000.0,2026-06-30,25180000000.0,9.998631074606434,-1.7629554814999726
MNST,eps,3,ttm,63,2023-06-30,0.68,2026-06-30,1.08,3.0006844626967832,16.66923169039436
MNST,eps,5,ttm,63,2021-06-30,0.7175,2026-06-30,1.08,4.999315537303217,8.523860177848231
MNST,eps,10,ttm,63,2016-06-30,0.265,2026-06-30,1.08,9.998631074606434,15.086966298777327
MNST,fcf,3,ttm,65,2023-06-30,1348493000.0,2026-06-30,2097916000.0,3.0006844626967832,15.868452220175211
MNST,fcf,5,ttm,65,2021-06-30,1475163000.0,2026-06-30,2097916000.0,4.999315537303217,7.298538101152352
MNST,fcf,10,ttm,65,2016-06-30,571891000.0,2026-06-30,2097916000.0,9.998631074606434,13.882033034042784
MNST,net_income,3,ttm,66,2023-06-30,1435376000.0,2026-06-30,2127670000.0,3.0006844626967832,14.016192192911635
MNST,net_income,5,ttm,66,2021-06-30,1538346000.0,2026-06-30,2127670000.0,4.999315537303217,6.702330618440611
MNST,net_income,10,ttm,66,2016-06-30,661411000.0,2026-06-30,2127670000.0,9.998631074606434,12.39583885908726
MNST,ocf,3,ttm,65,2023-06-30,1520198000.0,2026-06-30,2238762000.0,3.0006844626967832,13.768790590974934
MNST,ocf,5,ttm,65,2021-06-30,1510291000.0,2026-06-30,2238762000.0,4.999315537303217,8.1917484635595
MNST,ocf,10,ttm,65,2016-06-30,609482000.0,2026-06-30,2238762000.0,9.998631074606434,13.89704073161262
MNST,revenue,3,ttm,66,2023-06-30,6691108000.0,2026-06-30,9218956000.0,3.0006844626967832,11.271510798507833
MNST,revenue,5,ttm,66,2021-06-30,5148395000.0,2026-06-30,9218956000.0,4.999315537303217,12.359268842831096
MNST,revenue,10,ttm,66,2016-06-30,2909725000.0,2026-06-30,9218956000.0,9.998631074606434,12.225057501699776
MO,eps,3,ttm,67,2023-06-30,3.81,2026-06-30,4.75,3.0006844626967832,7.625602650612584
MO,eps,5,ttm,67,2021-06-30,2.45,2026-06-30,4.75,4.999315537303217,14.159847039495265
MO,eps,10,ttm,67,2016-06-30,2.88,2026-06-30,4.75,9.998631074606434,5.131554800659721
MO,fcf,3,ttm,69,2023-06-30,8578000000.0,2026-06-30,9112000000.0,3.0006844626967832,2.0329779431786044
MO,fcf,5,ttm,69,2021-06-30,5940000000.0,2026-06-30,9112000000.0,4.999315537303217,8.935778546888118
MO,fcf,10,ttm,69,2016-06-30,5477000000.0,2026-06-30,9112000000.0,9.998631074606434,5.222865282659073
MO,net_income,3,ttm,70,2023-06-30,6818000000.0,2026-06-30,7973000000.0,3.0006844626967832,5.353690834876779
MO,net_income,5,ttm,70,2021-06-30,4545000000.0,2026-06-30,7973000000.0,4.999315537303217,11.898498489205899
MO,net_income,10,ttm,70,2016-06-30,5645000000.0,2026-06-30,7973000000.0,9.998631074606434,3.5137006110295355
MO,ocf,3,ttm,69,2023-06-30,8803000000.0,2026-06-30,9408000000.0,3.0006844626967832,2.239803811821961
MO,ocf,5,ttm,69,2021-06-30,6118000000.0,2026-06-30,9408000000.0,4.999315537303217,8.9890042115075
MO,ocf,10,ttm,69,2016-06-30,5684000000.0,2026-06-30,9408000000.0,9.998631074606434,5.168897254023563
MO,revenue,3,ttm,70,2023-06-30,24888000000.0,2026-06-30,23457000000.0,3.0006844626967832,-1.9540982169274246
MO,revenue,5,ttm,70,2021-06-30,26399000000.0,2026-06-30,23457000000.0,4.999315537303217,-2.3357558603149364
MO,revenue,10,ttm,70,2016-06-30,25604000000.0,2026-06-30,23457000000.0,9.998631074606434,-0.8720912509482592
MOS,ocf,3,ttm,60,2023-06-30,3066200000.0,2026-06-30,444000000.0,3.0006844626967832,-47.48000943640013
MOS,ocf,5,ttm,60,2021-06-30,1912900000.0,2026-06-30,444000000.0,4.999315537303217,-25.334363482032675
MOS,ocf,10,ttm,60,2016-06-30,1555500000.0,2026-06-30,444000000.0,9.998631074606434,-11.784715147114778
MOS,revenue,3,ttm,60,2023-06-30,16828100000.0,2026-06-30,12247900000.0,3.0006844626967832,-10.046236132121855
MOS,revenue,5,ttm,60,2021-06-30,9936700000.0,2026-06-30,12247900000.0,4.999315537303217,4.271681615116796
MOS,revenue,10,ttm,60,2016-06-30,7617300000.0,2026-06-30,12247900000.0,9.998631074606434,4.8645943274254755
MPC,eps,3,ttm,63,2023-06-30,26.996457182320444,2026-06-30,28.86,3.0006844626967832,2.2494498483198733
MPC,eps,5,ttm,63,2021-06-30,11.171291436464086,2026-06-30,28.86,4.999315537303217,20.90656301809424
MPC,eps,10,ttm,63,2016-06-30,3.6104896408839773,2026-06-30,28.86,9.998631074606434,23.107746547241213
MPC,fcf,3,ttm,61,2023-06-30,12572000000.0,2026-06-30,12899000000.0,3.0006844626967832,0.8593989075736941
MPC,fcf,5,ttm,61,2021-06-30,2786000000.0,2026-06-30,12899000000.0,4.999315537303217,35.87301457566794
MPC,fcf,10,ttm,61,2016-06-30,1821000000.0,2026-06-30,12899000000.0,9.998631074606434,21.628751982762573
MPC,net_income,3,ttm,63,2023-06-30,12748000000.0,2026-06-30,8554000000.0,3.0006844626967832,-12.450116669702904
MPC,net_income,5,ttm,63,2021-06-30,7669000000.0,2026-06-30,8554000000.0,4.999315537303217,2.20859077338158
MPC,net_income,10,ttm,63,2016-06-30,1937000000.0,2026-06-30,8554000000.0,9.998631074606434,16.014639228822336
MPC,ocf,3,ttm,61,2023-06-30,14937000000.0,2026-06-30,17126000000.0,3.0006844626967832,4.662957767198783
MPC,ocf,5,ttm,61,2021-06-30,4483000000.0,2026-06-30,17126000000.0,4.999315537303217,30.747495627077104
MPC,ocf,10,ttm,61,2016-06-30,4486000000.0,2026-06-30,17126000000.0,9.998631074606434,14.33722103845212
MPC,revenue,3,ttm,63,2023-06-30,156807000000.0,2026-06-30,153577000000.0,3.0006844626967832,-0.6912310058421745
MPC,revenue,5,ttm,63,2021-06-30,87706000000.0,2026-06-30,153577000000.0,4.999315537303217,11.857739111030208
MPC,revenue,10,ttm,63,2016-06-30,63889000000.0,2026-06-30,153577000000.0,9.998631074606434,9.167967306199243
MPWR,eps,3,ttm,59,2023-06-30,9.341391941391942,2026-06-30,16.4,3.0006844626967832,20.63097352584593
MPWR,eps,5,ttm,59,2021-06-30,4.205128205128205,2026-06-30,16.4,4.999315537303217,31.289231467086154
MPWR,eps,10,ttm,59,2016-06-30,1.0412698412698413,2026-06-30,16.4,9.998631074606434,31.748126442487965
MPWR,fcf,3,ttm,61,2023-06-30,306207000.0,2026-06-30,585537000.0,3.0006844626967832,24.11520901583797
MPWR,fcf,5,ttm,61,2021-06-30,241714000.0,2026-06-30,585537000.0,4.999315537303217,19.36060990832582
MPWR,fcf,10,ttm,61,2016-06-30,62208000.0,2026-06-30,585537000.0,9.998631074606434,25.136539696487993
MPWR,net_income,3,ttm,62,2023-06-30,452733000.0,2026-06-30,801946000.0,3.0006844626967832,20.98980547383715
MPWR,net_income,5,ttm,62,2021-06-30,199035000.0,2026-06-30,801946000.0,4.999315537303217,32.14772979157239
MPWR,net_income,10,ttm,62,2016-06-30,43084000.0,2026-06-30,801946000.0,9.998631074606434,33.96776011938003
MPWR,ocf,3,ttm,61,2023-06-30,343010000.0,2026-06-30,822337000.0,3.0006844626967832,33.82958867669939
MPWR,ocf,5,ttm,61,2021-06-30,331057000.0,2026-06-30,822337000.0,4.999315537303217,19.961042488491152
MPWR,ocf,10,ttm,61,2016-06-30,90255000.0,2026-06-30,822337000.0,9.998631074606434,24.73002051677231
MPWR,revenue,3,ttm,62,2023-06-30,1847623000.0,2026-06-30,3273158000.0,3.0006844626967832,20.99450671475285
MPWR,revenue,5,ttm,62,2021-06-30,1040237000.0,2026-06-30,3273158000.0,4.999315537303217,25.771015175916602
MPWR,revenue,10,ttm,62,2016-06-30,356703000.0,2026-06-30,3273158000.0,9.998631074606434,24.81856941703937
MRK,eps,3,ttm,67,2023-06-30,1.2199999999999995,2026-06-30,1.25,3.0006844626967832,0.8128576047728542
MRK,eps,5,ttm,67,2021-06-30,2.257709923664122,2026-06-30,1.25,4.999315537303217,-11.153291407615018
MRK,eps,10,ttm,67,2016-06-30,1.7366412213740452,2026-06-30,1.25,9.998631074606434,-3.2350591062622946
MRK,fcf,3,ttm,69,2023-06-30,10828000000.0,2026-06-30,16063000000.0,3.0006844626967832,14.04592738309045
MRK,fcf,5,ttm,69,2021-06-30,4465000000.0,2026-06-30,16063000000.0,4.999315537303217,29.18624170816646
MRK,fcf,10,ttm,69,2016-06-30,9867000000.0,2026-06-30,16063000000.0,9.998631074606434,4.994621123990894
MRK,net_income,3,ttm,70,2023-06-30,3111000000.0,2026-06-30,3173000000.0,3.0006844626967832,0.6597935598878557
MRK,net_income,5,ttm,70,2021-06-30,5571000000.0,2026-06-30,3173000000.0,4.999315537303217,-10.648738431316518
MRK,net_income,10,ttm,70,2016-06-30,5133000000.0,2026-06-30,3173000000.0,9.998631074606434,-4.696901496683347
MRK,ocf,3,ttm,69,2023-06-30,15075000000.0,2026-06-30,19967000000.0,3.0006844626967832,9.818595559126987
MRK,ocf,5,ttm,69,2021-06-30,9409000000.0,2026-06-30,19967000000.0,4.999315537303217,16.241931469354952
MRK,ocf,10,ttm,69,2016-06-30,11330000000.0,2026-06-30,19967000000.0,9.998631074606434,5.8306978685573885
MRK,revenue,3,ttm,70,2023-06-30,58311000000.0,2026-06-30,66569000000.0,3.0006844626967832,4.512797885933817
MRK,revenue,5,ttm,70,2021-06-30,43906000000.0,2026-06-30,66569000000.0,4.999315537303217,8.68123910472045
MRK,revenue,10,ttm,70,2016-06-30,39444000000.0,2026-06-30,66569000000.0,9.998631074606434,5.373697672042277
MRNA,revenue,3,ttm,35,2023-06-30,10654000000.0,2026-06-30,2228000000.0,3.0006844626967832,-40.63654482384328
MRNA,revenue,5,ttm,35,2021-06-30,7019000000.0,2026-06-30,2228000000.0,4.999315537303217,-20.509662192435798
MRNA,revenue,10,ttm,35,2017-12-31,205825000.0,2026-06-30,2228000000.0,8.49555099247091,32.360943922676746
MRSH,eps,3,ttm,67,2023-06-30,6.578031784841076,2026-06-30,8.19,3.0006844626967832,7.577655157826779
MRSH,eps,5,ttm,67,2021-06-30,4.865941320293398,2026-06-30,8.19,4.999315537303217,10.976135777434969
MRSH,eps,10,ttm,67,2016-06-30,3.1338264058679703,2026-06-30,8.19,9.998631074606434,10.084610127693526
MRSH,fcf,3,ttm,69,2023-06-30,3134000000.0,2026-06-30,4767000000.0,3.0006844626967832,15.000978941701447
MRSH,fcf,5,ttm,69,2021-06-30,3255000000.0,2026-06-30,4767000000.0,4.999315537303217,7.930296190102015
MRSH,fcf,10,ttm,69,2016-06-30,1742000000.0,2026-06-30,4767000000.0,9.998631074606434,10.592502603719511
MRSH,net_income,3,ttm,70,2023-06-30,3282000000.0,2026-06-30,3980000000.0,3.0006844626967832,6.637133992670896
MRSH,net_income,5,ttm,70,2021-06-30,2493000000.0,2026-06-30,3980000000.0,4.999315537303217,9.808945676693902
MRSH,net_income,10,ttm,70,2016-06-30,1651000000.0,2026-06-30,3980000000.0,9.998631074606434,9.199042860269447
MRSH,ocf,3,ttm,69,2023-06-30,3550000000.0,2026-06-30,5078000000.0,3.0006844626967832,12.670345804205851
MRSH,ocf,5,ttm,69,2021-06-30,3554000000.0,2026-06-30,5078000000.0,4.999315537303217,7.398767679112339
MRSH,ocf,10,ttm,69,2016-06-30,2005000000.0,2026-06-30,5078000000.0,9.998631074606434,9.739596092925185
MRSH,revenue,3,ttm,35,2023-06-30,21592000000.0,2026-06-30,27947000000.0,3.0006844626967832,8.978022274415242
MRSH,revenue,5,ttm,35,2021-06-30,18484000000.0,2026-06-30,27947000000.0,4.999315537303217,8.62074150640899
MRSH,revenue,10,ttm,35,2017-12-31,14024000000.0,2026-06-30,27947000000.0,8.49555099247091,8.45496174678686
MRVL,fcf,3,ttm,23,2023-07-29,775800000.0,2026-08-01,1730100000.0,3.0088980150581794,30.54606562006448
MRVL,fcf,5,ttm,23,2021-07-31,516725000.0,2026-08-01,1730100000.0,5.002053388090349,27.326634060017717
MRVL,ocf,3,ttm,23,2023-07-29,1083400000.0,2026-08-01,2200300000.0,3.0088980150581794,26.54967933998005
MRVL,ocf,5,ttm,23,2021-07-31,624242000.0,2026-08-01,2200300000.0,5.002053388090349,28.64143097436593
MRVL,revenue,3,ttm,23,2023-07-29,5618400000.0,2026-08-01,9450300000.0,3.0088980150581794,18.865284197864128
MRVL,revenue,5,ttm,23,2021-07-31,3456162000.0,2026-08-01,9450300000.0,5.002053388090349,22.274088663192405
MS,eps,3,ttm,67,2023-06-30,5.689183508488279,2026-06-30,12.390000000000002,3.0006844626967832,29.612857938907023
MS,eps,5,ttm,67,2021-06-30,7.522142279708974,2026-06-30,12.390000000000002,4.999315537303217,10.497356204440544
MS,eps,10,ttm,67,2016-06-30,2.173508488278092,2026-06-30,12.390000000000002,9.998631074606434,19.01490268594541
MS,net_income,3,ttm,67,2023-06-30,10030000000.0,2026-06-30,20155000000.0,3.0006844626967832,26.18398691554036
MS,net_income,5,ttm,67,2021-06-30,13733000000.0,2026-06-30,20155000000.0,4.999315537303217,7.976199886126256
MS,net_income,10,ttm,67,2016-06-30,4642000000.0,2026-06-30,20155000000.0,9.998631074606434,15.818116300614115
MS,revenue,3,ttm,67,2023-06-30,53709000000.0,2026-06-30,78042000000.0,3.0006844626967832,13.261272287667314
MS,revenue,5,ttm,67,2021-06-30,55839000000.0,2026-06-30,78042000000.0,4.999315537303217,6.925707570392303
MS,revenue,10,ttm,67,2016-06-30,32206000000.0,2026-06-30,78042000000.0,9.998631074606434,9.255780267157787
MSCI,eps,3,ttm,63,2023-06-30,11.41,2026-06-30,18.28,3.0006844626967832,17.00774749696925
MSCI,eps,5,ttm,63,2021-06-30,8.38,2026-06-30,18.28,4.999315537303217,16.88417338093209
MSCI,eps,10,ttm,63,2016-06-30,2.4499999999999997,2026-06-30,18.28,9.998631074606434,22.26241231901529
MSCI,fcf,3,ttm,64,2023-06-30,1170183000.0,2026-06-30,1597927000.0,3.0006844626967832,10.940664417539558
MSCI,fcf,5,ttm,64,2021-06-30,859535000.0,2026-06-30,1597927000.0,4.999315537303217,13.20511434737963
MSCI,fcf,10,ttm,64,2016-06-30,347142000.0,2026-06-30,1597927000.0,9.998631074606434,16.496815879749494
MSCI,net_income,3,ttm,65,2023-06-30,917116000.0,2026-06-30,1358055000.0,3.0006844626967832,13.977221653056326
MSCI,net_income,5,ttm,65,2021-06-30,700816000.0,2026-06-30,1358055000.0,4.999315537303217,14.148586333661672
MSCI,net_income,10,ttm,65,2016-06-30,251128000.0,2026-06-30,1358055000.0,9.998631074606434,18.389246918145254
MSCI,ocf,3,ttm,64,2023-06-30,1194441000.0,2026-06-30,1628146000.0,3.0006844626967832,10.874749753360646
MSCI,ocf,5,ttm,64,2021-06-30,876237000.0,2026-06-30,1628146000.0,4.999315537303217,13.193560162162065
MSCI,ocf,10,ttm,64,2016-06-30,385521000.0,2026-06-30,1628146000.0,9.998631074606434,15.497636337140452
MSCI,revenue,3,ttm,65,2023-06-30,2350222000.0,2026-06-30,3333754000.0,3.0006844626967832,12.356105436828724
MSCI,revenue,5,ttm,65,2021-06-30,1845597000.0,2026-06-30,3333754000.0,4.999315537303217,12.555407983449761
MSCI,revenue,10,ttm,65,2016-06-30,1111088000.0,2026-06-30,3333754000.0,9.998631074606434,11.615637079819919
MSFT,eps,3,ttm,73,2023-06-30,9.674607242339833,2026-06-30,17.94,3.0006844626967832,22.85022994145649
MSFT,eps,5,ttm,73,2021-06-30,8.045515320334264,2026-06-30,17.94,4.999315537303217,17.398690013462392
MSFT,eps,10,ttm,73,2016-06-30,2.0888356545961004,2026-06-30,17.94,9.998631074606434,23.9951228085582
MSFT,fcf,3,ttm,69,2023-06-30,59475000000.0,2026-06-30,66987000000.0,3.0006844626967832,4.04345486855342
MSFT,fcf,5,ttm,69,2021-06-30,56118000000.0,2026-06-30,66987000000.0,4.999315537303217,3.6047755290193217
MSFT,fcf,10,ttm,69,2016-06-30,24982000000.0,2026-06-30,66987000000.0,9.998631074606434,10.36775210262213
MSFT,net_income,3,ttm,73,2023-06-30,72361000000.0,2026-06-30,133749000000.0,3.0006844626967832,22.71803041747731
MSFT,net_income,5,ttm,73,2021-06-30,61271000000.0,2026-06-30,133749000000.0,4.999315537303217,16.900508043368355
MSFT,net_income,10,ttm,73,2016-06-30,16798000000.0,2026-06-30,133749000000.0,9.998631074606434,23.059637892760797
MSFT,ocf,3,ttm,69,2023-06-30,87582000000.0,2026-06-30,182935000000.0,3.0006844626967832,27.821230337787917
MSFT,ocf,5,ttm,69,2021-06-30,76740000000.0,2026-06-30,182935000000.0,4.999315537303217,18.977635193966403
MSFT,ocf,10,ttm,69,2016-06-30,33325000000.0,2026-06-30,182935000000.0,9.998631074606434,18.566715576919467
MSFT,revenue,3,ttm,73,2023-06-30,211915000000.0,2026-06-30,331839000000.0,3.0006844626967832,16.120019561712297
MSFT,revenue,5,ttm,73,2021-06-30,168088000000.0,2026-06-30,331839000000.0,4.999315537303217,14.574041231257295
MSFT,revenue,10,ttm,73,2016-06-30,85320000000.0,2026-06-30,331839000000.0,9.998631074606434,14.550168930872132
MSI,eps,3,ttm,67,2023-07-01,8.813049645390072,2026-07-04,12.68,3.0088980150581794,12.851829713850549
MSI,eps,5,ttm,67,2021-07-03,6.644759653270292,2026-07-04,12.68,5.002053388090349,13.79022451414218
MSI,eps,10,ttm,67,2016-07-02,2.8477541371158392,2026-07-04,12.68,10.004106776180699,16.10075659115695
MSI,fcf,3,ttm,69,2023-07-01,1496000000.0,2026-07-04,2677000000.0,3.0088980150581794,21.336038534372936
MSI,fcf,5,ttm,69,2021-07-03,1625000000.0,2026-07-04,2677000000.0,5.002053388090349,10.494637616747937
MSI,fcf,10,ttm,69,2016-07-02,782000000.0,2026-07-04,2677000000.0,10.004106776180699,13.089484002233265
MSI,net_income,3,ttm,70,2023-07-01,1517000000.0,2026-07-04,2134000000.0,3.0088980150581794,12.01001327592306
MSI,net_income,5,ttm,70,2021-07-03,1154000000.0,2026-07-04,2134000000.0,5.002053388090349,13.077396576449885
MSI,net_income,10,ttm,70,2016-07-02,518000000.0,2026-07-04,2134000000.0,10.004106776180699,15.202319887921645
MSI,ocf,3,ttm,69,2023-07-01,1746000000.0,2026-07-04,2974000000.0,3.0088980150581794,19.36332519550026
MSI,ocf,5,ttm,69,2021-07-03,1854000000.0,2026-07-04,2974000000.0,5.002053388090349,9.908023271160516
MSI,ocf,10,ttm,69,2016-07-02,1019000000.0,2026-07-04,2974000000.0,10.004106776180699,11.300619724005267
MSI,revenue,3,ttm,70,2023-07-01,9654000000.0,2026-07-04,12236000000.0,3.0088980150581794,8.195515329883163
MSI,revenue,5,ttm,70,2021-07-03,7885000000.0,2026-07-04,12236000000.0,5.002053388090349,9.182211312254985
MSI,revenue,10,ttm,70,2016-07-02,5727000000.0,2026-07-04,12236000000.0,10.004106776180699,7.884162257343297
MTB,eps,3,ttm,67,2023-06-30,16.89894123875066,2026-06-30,18.9,3.0006844626967832,3.7999331988292973
MTB,eps,5,ttm,67,2021-06-30,13.016887241926945,2026-06-30,18.9,4.999315537303217,7.744563722888609
MTB,eps,10,ttm,67,2016-06-30,7.263843303335098,2026-06-30,18.9,9.998631074606434,10.036107665707771
MTB,fcf,3,annual,13,2020-12-31,617187000.0,2023-12-31,3649000000.0,2.9979466119096507,80.89583380032472
MTB,fcf,5,annual,13,2018-12-31,1991852000.0,2023-12-31,3649000000.0,4.999315537303217,12.873127509203531
MTB,fcf,10,annual,13,2013-12-31,802324000.0,2023-12-31,3649000000.0,9.998631074606434,16.35670499556059
MTB,net_income,3,ttm,70,2023-06-30,2981304000.0,2026-06-30,3033000000.0,3.0006844626967832,0.574561596543055
MTB,net_income,5,ttm,70,2021-06-30,1748594000.0,2026-06-30,3033000000.0,4.999315537303217,11.646017143060682
MTB,net_income,10,ttm,70,2016-06-30,1185925000.0,2026-06-30,3033000000.0,9.998631074606434,9.846722159683473
MTB,ocf,3,ttm,69,2023-06-30,3775861000.0,2026-06-30,3804000000.0,3.0006844626967832,0.24774020100075678
MTB,ocf,5,ttm,69,2021-06-30,2189821000.0,2026-06-30,3804000000.0,4.999315537303217,11.679367473060353
MTB,ocf,10,ttm,69,2016-06-30,1834356000.0,2026-06-30,3804000000.0,9.998631074606434,7.567239912526125
MTB,revenue,3,ttm,10,2024-03-31,1468000000.0,2026-06-30,1703000000.0,2.2477754962354553,6.8291963884589135
MTD,eps,3,ttm,63,2023-06-30,39.756868800721364,2026-06-30,44.39,3.0006844626967832,3.741856955098588
MTD,eps,5,ttm,63,2021-06-30,29.90020739404869,2026-06-30,44.39,4.999315537303217,8.224823936394522
MTD,eps,10,ttm,63,2016-06-30,12.938744364292154,2026-06-30,44.39,9.998631074606434,13.121884489439894
MTD,fcf,3,ttm,65,2023-06-30,858350000.0,2026-06-30,863969000.0,3.0006844626967832,0.21768520626306298
MTD,fcf,5,ttm,65,2021-06-30,777591000.0,2026-06-30,863969000.0,4.999315537303217,2.1293668619673856
MTD,fcf,10,ttm,65,2016-06-30,362948000.0,2026-06-30,863969000.0,9.998631074606434,9.06126532327427
MTD,net_income,3,ttm,66,2023-06-30,811376000.0,2026-06-30,905611000.0,3.0006844626967832,3.7296427664564646
MTD,net_income,5,ttm,66,2021-06-30,645856000.0,2026-06-30,905611000.0,4.999315537303217,6.995427420643474
MTD,net_income,10,ttm,66,2016-06-30,357474000.0,2026-06-30,905611000.0,9.998631074606434,9.742601207657486
MTD,ocf,3,ttm,65,2023-06-30,969147000.0,2026-06-30,975167000.0,3.0006844626967832,0.20658050753949997
MTD,ocf,5,ttm,65,2021-06-30,880359000.0,2026-06-30,975167000.0,4.999315537303217,2.0669304044502734
MTD,ocf,10,ttm,65,2016-06-30,438389000.0,2026-06-30,975167000.0,9.998631074606434,8.324498876508235
MTD,revenue,3,ttm,66,2023-06-30,3954386000.0,2026-06-30,4133875000.0,3.0006844626967832,1.4903213602262433
MTD,revenue,5,ttm,66,2021-06-30,3474083000.0,2026-06-30,4133875000.0,4.999315537303217,3.539365173084952
MTD,revenue,10,ttm,66,2016-06-30,2425649000.0,2026-06-30,4133875000.0,9.998631074606434,5.476596647078558
MU,eps,5,ttm,64,2021-06-03,3.63410912383971,2026-05-28,44.22,4.982888432580425,65.11612913767524
MU,eps,10,ttm,64,2016-06-02,0.3103509169119312,2026-05-28,44.22,9.984941820670773,64.32414359152898
MU,fcf,5,ttm,64,2021-06-03,560000000.0,2026-05-28,26172000000.0,4.982888432580425,116.30995840147582
MU,net_income,5,ttm,64,2021-06-03,4129000000.0,2026-05-28,50469000000.0,4.982888432580425,65.2656715852697
MU,net_income,10,ttm,64,2016-06-02,365000000.0,2026-05-28,50469000000.0,9.984941820670773,63.83097840930787
MU,ocf,3,ttm,64,2023-06-01,5087000000.0,2026-05-28,51432000000.0,2.9897330595482545,116.80737060426365
MU,ocf,5,ttm,64,2021-06-03,10855000000.0,2026-05-28,51432000000.0,4.982888432580425,36.64216372592837
MU,ocf,10,ttm,64,2016-06-02,3302000000.0,2026-05-28,51432000000.0,9.984941820670773,31.65139562759991
MU,revenue,3,ttm,64,2023-06-01,18173000000.0,2026-05-28,90274000000.0,2.9897330595482545,70.93941457415237
MU,revenue,5,ttm,64,2021-06-03,25487000000.0,2026-05-28,90274000000.0,4.982888432580425,28.892017461066043
MU,revenue,10,ttm,64,2016-06-02,12782000000.0,2026-05-28,90274000000.0,9.984941820670773,21.625438372871475
NCLH,eps,10,ttm,55,2016-06-30,2.2199999999999998,2026-06-30,1.65,9.998631074606434,-2.9241207898196953
NCLH,net_income,10,ttm,55,2016-06-30,508574000.0,2026-06-30,760722000.0,9.998631074606434,4.109311988140041
NCLH,ocf,3,ttm,55,2023-06-30,1855460000.0,2026-06-30,2109712000.0,3.0006844626967832,4.372547820563266
NCLH,ocf,10,ttm,55,2016-06-30,1078521000.0,2026-06-30,2109712000.0,9.998631074606434,6.940804340594964
NCLH,revenue,3,ttm,55,2023-06-30,7162070000.0,2026-06-30,10154307000.0,3.0006844626967832,12.337748412561123
NCLH,revenue,5,ttm,55,2021-06-30,23565000.0,2026-06-30,10154307000.0,4.999315537303217,236.47182552620512
NCLH,revenue,10,ttm,55,2016-06-30,4585900000.0,2026-06-30,10154307000.0,9.998631074606434,8.274776877845635
NDAQ,eps,3,ttm,63,2023-06-30,2.22,2026-06-30,3.4300000000000006,3.0006844626967832,15.602177846917598
NDAQ,eps,5,ttm,63,2021-06-30,2.246666666666667,2026-06-30,3.4300000000000006,4.999315537303217,8.83187897082902
NDAQ,eps,10,ttm,63,2016-06-30,0.9600000000000002,2026-06-30,3.4300000000000006,9.998631074606434,13.582091157469689
NDAQ,fcf,3,ttm,65,2023-06-30,1551000000.0,2026-06-30,1951000000.0,3.0006844626967832,7.946255217034204
NDAQ,fcf,5,ttm,65,2021-06-30,697000000.0,2026-06-30,1951000000.0,4.999315537303217,22.86187499402399
NDAQ,fcf,10,ttm,65,2016-06-30,625000000.0,2026-06-30,1951000000.0,9.998631074606434,12.058419760784567
NDAQ,net_income,3,ttm,66,2023-06-30,1104000000.0,2026-06-30,1967000000.0,3.0006844626967832,21.225138829109746
NDAQ,net_income,5,ttm,66,2021-06-30,1128000000.0,2026-06-30,1967000000.0,4.999315537303217,11.764959412621856
NDAQ,net_income,10,ttm,66,2016-06-30,488000000.0,2026-06-30,1967000000.0,9.998631074606434,14.959996575451239
NDAQ,ocf,3,ttm,65,2023-06-30,1705000000.0,2026-06-30,2246000000.0,3.0006844626967832,9.619047149797378
NDAQ,ocf,5,ttm,65,2021-06-30,898000000.0,2026-06-30,2246000000.0,4.999315537303217,20.126157337732952
NDAQ,ocf,10,ttm,65,2016-06-30,750000000.0,2026-06-30,2246000000.0,9.998631074606434,11.594135105156056
NDAQ,revenue,3,ttm,66,2023-06-30,6105000000.0,2026-06-30,8751000000.0,3.0006844626967832,12.748848616472186
NDAQ,revenue,5,ttm,66,2021-06-30,5938000000.0,2026-06-30,8751000000.0,4.999315537303217,8.065759420079432
NDAQ,revenue,10,ttm,66,2016-06-30,3538000000.0,2026-06-30,8751000000.0,9.998631074606434,9.480146590563997
NDSN,eps,3,ttm,64,2023-07-31,8.670000000000002,2026-07-31,9.87,3.0006844626967832,4.41472231291391
NDSN,eps,5,ttm,64,2021-07-31,6.17,2026-07-31,9.87,4.999315537303217,9.853015915468543
NDSN,eps,10,ttm,64,2016-07-31,4.25,2026-07-31,9.87,9.998631074606434,8.79221830387964
NDSN,fcf,3,ttm,65,2023-07-31,615213000.0,2026-07-31,724013000.0,3.0006844626967832,5.576738830329453
NDSN,fcf,5,ttm,65,2021-07-31,525407000.0,2026-07-31,724013000.0,4.999315537303217,6.623740707920311
NDSN,fcf,10,ttm,65,2016-07-31,230750000.0,2026-07-31,724013000.0,9.998631074606434,12.115914714412114
NDSN,net_income,3,ttm,66,2023-07-31,500964000.0,2026-07-31,555178000.0,3.0006844626967832,3.483676651304002
NDSN,net_income,5,ttm,66,2021-07-31,362383000.0,2026-07-31,555178000.0,4.999315537303217,8.907542768992528
NDSN,net_income,10,ttm,66,2016-07-31,245600000.0,2026-07-31,555178000.0,9.998631074606434,8.498875724278543
NDSN,ocf,3,ttm,65,2023-07-31,651512000.0,2026-07-31,773384000.0,3.0006844626967832,5.881135978906782
NDSN,ocf,5,ttm,65,2021-07-31,567919000.0,2026-07-31,773384000.0,4.999315537303217,6.371535665617389
NDSN,ocf,10,ttm,65,2016-07-31,289391000.0,2026-07-31,773384000.0,9.998631074606434,10.330823856309369
NDSN,revenue,3,ttm,66,2023-07-31,2592900000.0,2026-07-31,2979795000.0,3.0006844626967832,4.743949934153036
NDSN,revenue,5,ttm,66,2021-07-31,2321487000.0,2026-07-31,2979795000.0,4.999315537303217,5.1203976331739565
NDSN,revenue,10,ttm,66,2016-07-31,1745911000.0,2026-07-31,2979795000.0,9.998631074606434,5.492019693389416
NEE,eps,3,ttm,66,2023-03-31,3.8062182741116755,2026-03-31,4.45,3.0006844626967832,5.345732396254577
NEE,eps,5,ttm,66,2021-03-31,2.3831218274111676,2026-03-31,4.45,4.999315537303217,13.305288190140697
NEE,eps,10,ttm,66,2016-03-31,1.7026332487309648,2026-03-31,4.45,9.998631074606434,10.08536902130186
NEE,net_income,3,ttm,66,2023-03-31,6684000000.0,2026-03-31,8183000000.0,3.0006844626967832,6.97575371869763
NEE,net_income,5,ttm,66,2021-03-31,4165000000.0,2026-03-31,8183000000.0,4.999315537303217,14.463636749041143
NEE,net_income,10,ttm,66,2016-03-31,2755000000.0,2026-03-31,8183000000.0,9.998631074606434,11.502747250089351
NEE,ocf,3,ttm,68,2023-03-31,7973000000.0,2026-03-31,12330000000.0,3.0006844626967832,15.63768118843354
NEE,ocf,5,ttm,68,2021-03-31,7381000000.0,2026-03-31,12330000000.0,4.999315537303217,10.80916348409251
NEE,ocf,10,ttm,68,2016-03-31,6453000000.0,2026-03-31,12330000000.0,9.998631074606434,6.69006779916741
NEE,revenue,3,ttm,49,2023-03-31,23600000000.0,2026-03-31,26000000000.0,3.0006844626967832,3.280242800605415
NEE,revenue,5,ttm,49,2021-03-31,17100000000.0,2026-03-31,26000000000.0,4.999315537303217,8.74277973801101
NEE,revenue,10,ttm,49,2013-09-30,14881000000.0,2026-03-31,26000000000.0,12.498288843258042,4.565869435547709
NEM,eps,5,ttm,71,2021-06-30,3.5745075757575755,2026-06-30,7.930000000000001,4.999315537303217,17.27916599436754
NEM,eps,10,ttm,71,2016-06-30,0.050063131313131295,2026-06-30,7.930000000000001,9.998631074606434,65.96084402759075
NEM,fcf,3,ttm,67,2023-06-30,310000000.0,2026-06-30,9733000000.0,3.0006844626967832,215.38995869975105
NEM,fcf,5,ttm,67,2021-06-30,3610000000.0,2026-06-30,9733000000.0,4.999315537303217,21.94379286178012
NEM,fcf,10,ttm,67,2016-06-30,1084000000.0,2026-06-30,9733000000.0,9.998631074606434,24.54743697302448
NEM,net_income,5,ttm,71,2021-06-30,2872000000.0,2026-06-30,8597000000.0,4.999315537303217,24.521842069014443
NEM,net_income,10,ttm,71,2016-06-30,38000000.0,2026-06-30,8597000000.0,9.998631074606434,71.98420754730914
NEM,ocf,3,ttm,67,2023-06-30,2627000000.0,2026-06-30,12628000000.0,3.0006844626967832,68.74839639704109
NEM,ocf,5,ttm,67,2021-06-30,5118000000.0,2026-06-30,12628000000.0,4.999315537303217,19.80021531202778
NEM,ocf,10,ttm,67,2016-06-30,2385000000.0,2026-06-30,12628000000.0,9.998631074606434,18.139336998608236
NEM,revenue,3,ttm,35,2023-06-30,11196000000.0,2026-06-30,25767000000.0,3.0006844626967832,32.01991986965231
NEM,revenue,5,ttm,35,2021-06-30,12488000000.0,2026-06-30,25767000000.0,4.999315537303217,15.59067694573315
NEM,revenue,10,ttm,35,2017-12-31,7379000000.0,2026-06-30,25767000000.0,8.49555099247091,15.857356998925475
NFLX,eps,3,ttm,67,2023-06-30,0.9390000000000001,2026-06-30,3.1800000000000006,3.0006844626967832,50.15745400147398
NFLX,eps,5,ttm,67,2021-06-30,0.9650000000000003,2026-06-30,3.1800000000000006,4.999315537303217,26.93872813951628
NFLX,eps,10,ttm,67,2016-06-30,0.03200000000000001,2026-06-30,3.1800000000000006,9.998631074606434,58.39995692190687
NFLX,fcf,3,ttm,70,2023-06-30,4260096000.0,2026-06-30,11152005000.0,3.0006844626967832,37.80958112246282
NFLX,fcf,5,ttm,70,2021-06-30,1390148000.0,2026-06-30,11152005000.0,4.999315537303217,51.66422310927585
NFLX,net_income,3,ttm,70,2023-06-30,4246332000.0,2026-06-30,13649441000.0,3.0006844626967832,47.568982486591096
NFLX,net_income,5,ttm,70,2021-06-30,4391860000.0,2026-06-30,13649441000.0,4.999315537303217,25.460426750725105
NFLX,net_income,10,ttm,70,2016-06-30,141023000.0,2026-06-30,13649441000.0,9.998631074606434,57.98275382594484
NFLX,ocf,3,ttm,70,2023-06-30,4619640000.0,2026-06-30,11970833000.0,3.0006844626967832,37.34324525689754
NFLX,ocf,5,ttm,70,2021-06-30,1839594000.0,2026-06-30,11970833000.0,4.999315537303217,45.44632431922848
NFLX,revenue,3,ttm,70,2023-06-30,32126446000.0,2026-06-30,48370764000.0,3.0006844626967832,14.611072033153082
NFLX,revenue,5,ttm,70,2021-06-30,27585138000.0,2026-06-30,48370764000.0,4.999315537303217,11.889217330736734
NFLX,revenue,10,ttm,70,2016-06-30,7624628000.0,2026-06-30,48370764000.0,9.998631074606434,20.294954994737836
NI,eps,3,ttm,63,2023-06-30,1.4399999999999997,2026-06-30,1.88,3.0006844626967832,9.292320745714289
NI,eps,5,ttm,63,2021-06-30,0.5199999999999999,2026-06-30,1.88,4.999315537303217,29.31419024952944
NI,eps,10,ttm,63,2016-06-30,0.8399999999999999,2026-06-30,1.88,9.998631074606434,8.39085611924415
NI,net_income,3,ttm,66,2023-06-30,702100000.0,2026-06-30,905100000.0,3.0006844626967832,8.832217347880134
NI,net_income,5,ttm,66,2021-06-30,267300000.0,2026-06-30,905100000.0,4.999315537303217,27.630369202478633
NI,net_income,10,ttm,66,2016-06-30,270000000.0,2026-06-30,905100000.0,9.998631074606434,12.860110844441653
NI,ocf,3,ttm,65,2023-06-30,1693200000.0,2026-06-30,2303200000.0,3.0006844626967832,10.797757555145115
NI,ocf,5,ttm,65,2021-06-30,1099300000.0,2026-06-30,2303200000.0,4.999315537303217,15.94496141569266
NI,ocf,10,ttm,65,2016-06-30,828400000.0,2026-06-30,2303200000.0,9.998631074606434,10.768235161936701
NI,revenue,3,ttm,66,2023-06-30,5705100000.0,2026-06-30,11374800000.0,3.0006844626967832,25.855070356813094
NI,revenue,5,ttm,66,2021-06-30,4473500000.0,2026-06-30,11374800000.0,4.999315537303217,20.52311935121034
NI,revenue,10,ttm,66,2016-06-30,4249200000.0,2026-06-30,11374800000.0,9.998631074606434,10.34928270061053
NKE,eps,3,ttm,69,2023-05-31,3.2299999999999995,2026-05-31,2.1,3.0006844626967832,-13.366377463006152
NKE,eps,5,ttm,69,2021-05-31,3.56,2026-05-31,2.1,4.999315537303217,-10.019669812564736
NKE,eps,10,ttm,69,2016-05-31,2.16,2026-05-31,2.1,9.998631074606434,-0.2813508034577472
NKE,fcf,3,ttm,69,2023-05-31,4872000000.0,2026-05-31,2184000000.0,3.0006844626967832,-23.46238131538896
NKE,fcf,5,ttm,69,2021-05-31,5962000000.0,2026-05-31,2184000000.0,4.999315537303217,-18.198702941895085
NKE,fcf,10,ttm,69,2016-05-31,2256000000.0,2026-05-31,2184000000.0,9.998631074606434,-0.3238715659761304
NKE,net_income,3,ttm,69,2023-05-31,5070000000.0,2026-05-31,3108000000.0,3.0006844626967832,-15.047954013615595
NKE,net_income,5,ttm,69,2021-05-31,5727000000.0,2026-05-31,3108000000.0,4.999315537303217,-11.508104687348064
NKE,net_income,10,ttm,69,2016-05-31,3760000000.0,2026-05-31,3108000000.0,9.998631074606434,-1.8866320229746103
NKE,ocf,3,ttm,69,2023-05-31,5841000000.0,2026-05-31,2868000000.0,3.0006844626967832,-21.104154548131994
NKE,ocf,5,ttm,69,2021-05-31,6657000000.0,2026-05-31,2868000000.0,4.999315537303217,-15.501285040032931
NKE,ocf,10,ttm,69,2016-05-31,3399000000.0,2026-05-31,2868000000.0,9.998631074606434,-1.6845461850754861
NKE,revenue,3,ttm,69,2023-05-31,51217000000.0,2026-05-31,46398000000.0,3.0006844626967832,-3.239455324773177
NKE,revenue,5,ttm,69,2021-05-31,44538000000.0,2026-05-31,46398000000.0,4.999315537303217,0.8217418961527168
NKE,revenue,10,ttm,69,2016-05-31,32376000000.0,2026-05-31,46398000000.0,9.998631074606434,3.6644258121336426
NOC,eps,3,ttm,67,2023-06-30,30.188370983137137,2026-06-30,31.47,3.0006844626967832,1.3952589210591615
NOC,eps,5,ttm,67,2021-06-30,27.745265669742288,2026-06-30,31.47,4.999315537303217,2.551748408880883
NOC,eps,10,ttm,67,2016-06-30,11.134152083996185,2026-06-30,31.47,9.998631074606434,10.950723188967238
NOC,fcf,3,ttm,69,2023-06-30,2262000000.0,2026-06-30,3646000000.0,3.0006844626967832,17.244440247351257
NOC,fcf,5,ttm,69,2021-06-30,2609000000.0,2026-06-30,3646000000.0,4.999315537303217,6.923335163111877
NOC,fcf,10,ttm,69,2016-06-30,2024000000.0,2026-06-30,3646000000.0,9.998631074606434,6.063050832534489
NOC,net_income,3,ttm,70,2023-06-30,4649000000.0,2026-06-30,4496000000.0,3.0006844626967832,-1.109017779424637
NOC,net_income,5,ttm,70,2021-06-30,4548000000.0,2026-06-30,4496000000.0,4.999315537303217,-0.2297564090482651
NOC,net_income,10,ttm,70,2016-06-30,2048000000.0,2026-06-30,4496000000.0,9.998631074606434,8.181826716336339
NOC,ocf,3,ttm,69,2023-06-30,3803000000.0,2026-06-30,5078000000.0,3.0006844626967832,10.114854613361457
NOC,ocf,5,ttm,69,2021-06-30,3923000000.0,2026-06-30,5078000000.0,4.999315537303217,5.297472445630413
NOC,ocf,10,ttm,69,2016-06-30,2734000000.0,2026-06-30,5078000000.0,9.998631074606434,6.388111577639033
NOC,revenue,3,ttm,70,2023-06-30,37881000000.0,2026-06-30,42892000000.0,3.0006844626967832,4.227147386144514
NOC,revenue,5,ttm,70,2021-06-30,37603000000.0,2026-06-30,42892000000.0,4.999315537303217,2.6673436539900397
NOC,revenue,10,ttm,70,2016-06-30,23629000000.0,2026-06-30,42892000000.0,9.998631074606434,6.144291018868064
NOW,eps,3,ttm,55,2023-06-30,1.3880000000000003,2026-06-30,1.6000000000000003,3.0006844626967832,4.85089579642346
NOW,eps,5,ttm,55,2021-06-30,0.17,2026-06-30,1.6000000000000003,4.999315537303217,56.58886403801482
NOW,fcf,3,ttm,55,2023-06-30,2306000000.0,2026-06-30,4580000000.0,3.0006844626967832,25.693474967155616
NOW,fcf,5,ttm,55,2021-06-30,1530000000.0,2026-06-30,4580000000.0,4.999315537303217,24.52250483475751
NOW,fcf,10,ttm,55,2016-06-30,2129000.0,2026-06-30,4580000000.0,9.998631074606434,115.43418096006235
NOW,net_income,3,ttm,58,2023-06-30,1424000000.0,2026-06-30,1670000000.0,3.0006844626967832,5.454123234486374
NOW,net_income,5,ttm,58,2021-06-30,171443000.0,2026-06-30,1670000000.0,4.999315537303217,57.669036142580985
NOW,ocf,3,ttm,55,2023-06-30,2909000000.0,2026-06-30,5308000000.0,3.0006844626967832,22.191933955956223
NOW,ocf,5,ttm,55,2021-06-30,1953000000.0,2026-06-30,5308000000.0,4.999315537303217,22.13991807036011
NOW,ocf,10,ttm,55,2016-06-30,100719000.0,2026-06-30,5308000000.0,9.998631074606434,48.66390095760551
NOW,revenue,3,ttm,58,2023-06-30,8017000000.0,2026-06-30,14732000000.0,3.0006844626967832,22.47943760994073
NOW,revenue,5,ttm,58,2021-06-30,5171000000.0,2026-06-30,14732000000.0,4.999315537303217,23.296254802916174
NOW,revenue,10,ttm,58,2016-06-30,1193991000.0,2026-06-30,14732000000.0,9.998631074606434,28.570403325175153
NRG,eps,5,ttm,67,2021-06-30,4.368623376623376,2026-06-30,3.84,4.999315537303217,-2.546870520895661
NRG,fcf,5,ttm,69,2021-06-30,1265000000.0,2026-06-30,348000000.0,4.999315537303217,-22.75286239083738
NRG,fcf,10,ttm,69,2016-06-30,814000000.0,2026-06-30,348000000.0,9.998631074606434,-8.147616318280871
NRG,net_income,5,ttm,70,2021-06-30,1072000000.0,2026-06-30,849000000.0,4.999315537303217,-4.557939334077121
NRG,ocf,5,ttm,69,2021-06-30,1522000000.0,2026-06-30,1555000000.0,4.999315537303217,0.42998625900951826
NRG,ocf,10,ttm,69,2016-06-30,1702000000.0,2026-06-30,1555000000.0,9.998631074606434,-0.8993400412243169
NRG,revenue,3,ttm,70,2023-06-30,29753000000.0,2026-06-30,32640000000.0,3.0006844626967832,3.1343663284330026
NRG,revenue,5,ttm,70,2021-06-30,17838000000.0,2026-06-30,32640000000.0,4.999315537303217,12.846471310152129
NRG,revenue,10,ttm,70,2016-06-30,12352000000.0,2026-06-30,32640000000.0,9.998631074606434,10.20646307801034
NSC,eps,3,ttm,67,2023-06-30,11.109470989761093,2026-06-30,11.73,3.0006844626967832,1.8278129699276668
NSC,eps,5,ttm,67,2021-06-30,10.809215017064847,2026-06-30,11.73,4.999315537303217,1.648680025860183
NSC,eps,10,ttm,67,2016-06-30,5.344556313993174,2026-06-30,11.73,9.998631074606434,8.17908640894547
NSC,fcf,3,ttm,68,2023-06-30,1998000000.0,2026-06-30,1631000000.0,3.0006844626967832,-6.5399101641795525
NSC,fcf,5,ttm,68,2021-06-30,2590000000.0,2026-06-30,1631000000.0,4.999315537303217,-8.835587031468705
NSC,fcf,10,ttm,68,2016-06-30,408000000.0,2026-06-30,1631000000.0,9.998631074606434,14.864974110310602
NSC,net_income,3,ttm,69,2023-06-30,2570000000.0,2026-06-30,2636000000.0,3.0006844626967832,0.8486115932832661
NSC,net_income,5,ttm,69,2021-06-30,2732000000.0,2026-06-30,2636000000.0,4.999315537303217,-0.7129706697299398
NSC,net_income,10,ttm,69,2016-06-30,1601000000.0,2026-06-30,2636000000.0,9.998631074606434,5.11346976778797
NSC,ocf,3,ttm,68,2023-06-30,4057000000.0,2026-06-30,3732000000.0,3.0006844626967832,-2.744321871970923
NSC,ocf,5,ttm,68,2021-06-30,3976000000.0,2026-06-30,3732000000.0,4.999315537303217,-1.258823227212491
NSC,ocf,10,ttm,68,2016-06-30,2839000000.0,2026-06-30,3732000000.0,9.998631074606434,2.7730512167214894
NSC,revenue,3,ttm,69,2023-06-30,12692000000.0,2026-06-30,12540000000.0,3.0006844626967832,-0.40071466299850256
NSC,revenue,5,ttm,69,2021-06-30,10517000000.0,2026-06-30,12540000000.0,4.999315537303217,3.5817453688670398
NSC,revenue,10,ttm,69,2016-06-30,10105000000.0,2026-06-30,12540000000.0,9.998631074606434,2.182707432054265
NTAP,eps,3,ttm,66,2023-07-28,5.51220338983051,2026-07-31,7.07,3.0088980150581794,8.623762073391417
NTAP,eps,5,ttm,66,2021-07-30,3.7546892655367237,2026-07-31,7.07,5.002053388090349,13.487104929872151
NTAP,eps,10,ttm,66,2016-07-29,1.098446327683616,2026-07-31,7.07,10.004106776180699,20.456672443265656
NTAP,fcf,3,ttm,66,2023-07-28,1070000000.0,2026-07-31,1650000000.0,3.0088980150581794,15.482090431415529
NTAP,fcf,5,ttm,66,2021-07-30,1174000000.0,2026-07-31,1650000000.0,5.002053388090349,7.0412158588955664
NTAP,fcf,10,ttm,66,2016-07-29,915000000.0,2026-07-31,1650000000.0,10.004106776180699,6.070782667244368
NTAP,net_income,3,ttm,66,2023-07-28,1209000000.0,2026-07-31,1418000000.0,3.0088980150581794,5.4423428971090315
NTAP,net_income,5,ttm,66,2021-07-30,855000000.0,2026-07-31,1418000000.0,5.002053388090349,10.643010650203788
NTAP,net_income,10,ttm,66,2016-07-29,323000000.0,2026-07-31,1418000000.0,10.004106776180699,15.936716601828117
NTAP,ocf,3,ttm,66,2023-07-28,1279000000.0,2026-07-31,1897000000.0,3.0088980150581794,13.997896865396232
NTAP,ocf,5,ttm,66,2021-07-30,1335000000.0,2026-07-31,1897000000.0,5.002053388090349,7.276522144898823
NTAP,ocf,10,ttm,66,2016-07-29,1073000000.0,2026-07-31,1897000000.0,10.004106776180699,5.861148678164652
NTAP,revenue,3,ttm,66,2023-07-28,6202000000.0,2026-07-31,7391000000.0,3.0088980150581794,6.0023258736562335
NTAP,revenue,5,ttm,66,2021-07-30,5899000000.0,2026-07-31,7391000000.0,5.002053388090349,4.610895889859168
NTAP,revenue,10,ttm,66,2016-07-29,5505000000.0,2026-07-31,7391000000.0,10.004106776180699,2.9886429467453457
NTRS,eps,3,ttm,66,2023-03-31,5.88,2026-03-31,9.55,3.0006844626967832,17.541889313607783
NTRS,eps,5,ttm,66,2021-03-31,5.609999999999999,2026-03-31,9.55,4.999315537303217,11.228076902669848
NTRS,eps,10,ttm,66,2016-03-31,4.08,2026-03-31,9.55,9.998631074606434,8.877810204879054
NTRS,fcf,3,ttm,65,2023-06-30,2879000000.0,2026-06-30,445300000.0,3.0006844626967832,-46.31347313445069
NTRS,fcf,5,ttm,65,2021-06-30,132400000.0,2026-06-30,445300000.0,4.999315537303217,27.458078219612393
NTRS,net_income,3,ttm,66,2023-06-30,1216900000.0,2026-06-30,2241300000.0,3.0006844626967832,22.57301411235899
NTRS,net_income,5,ttm,66,2021-06-30,1278600000.0,2026-06-30,2241300000.0,4.999315537303217,11.881874242137581
NTRS,net_income,10,ttm,66,2016-06-30,982300000.0,2026-06-30,2241300000.0,9.998631074606434,8.600166136004272
NTRS,ocf,3,ttm,65,2023-06-30,2992000000.0,2026-06-30,529300000.0,3.0006844626967832,-43.85592052651332
NTRS,ocf,5,ttm,65,2021-06-30,230700000.0,2026-06-30,529300000.0,4.999315537303217,18.070318677327823
NTRS,revenue,3,ttm,30,2023-06-30,4280700000.0,2026-06-30,5263800000.0,3.0006844626967832,7.1325319337566695
NTRS,revenue,5,ttm,30,2021-06-30,4169000000.0,2026-06-30,5263800000.0,4.999315537303217,4.774662330172208
NTRS,revenue,10,ttm,30,2019-03-31,3744900000.0,2026-06-30,5263800000.0,7.2498288843258045,4.808099878743111
NUE,eps,3,ttm,67,2023-07-01,21.66729233226837,2026-07-04,12.530000000000001,3.0088980150581794,-16.64149081483084
NUE,eps,5,ttm,67,2021-07-03,10.078043130990416,2026-07-04,12.530000000000001,5.002053388090349,4.449702394984589
NUE,eps,10,ttm,67,2016-07-02,0.8807028753993612,2026-07-04,12.530000000000001,10.004106776180699,30.396168052470387
NUE,fcf,3,ttm,69,2023-07-01,6429565000.0,2026-07-04,1583000000.0,3.0088980150581794,-37.23756306869398
NUE,fcf,5,ttm,69,2021-07-03,1761815000.0,2026-07-04,1583000000.0,5.002053388090349,-2.1168496992400643
NUE,fcf,10,ttm,69,2016-07-02,1414217000.0,2026-07-04,1583000000.0,10.004106776180699,1.1333692773157544
NUE,net_income,3,ttm,70,2023-07-01,5548481000.0,2026-07-04,2884000000.0,3.0088980150581794,-19.544850645275446
NUE,net_income,5,ttm,70,2021-07-03,3041558000.0,2026-07-04,2884000000.0,5.002053388090349,-1.0577625081561237
NUE,net_income,10,ttm,70,2016-07-02,286064000.0,2026-07-04,2884000000.0,10.004106776180699,25.983018312327676
NUE,ocf,3,ttm,69,2023-07-01,8465856000.0,2026-07-04,4424000000.0,3.0088980150581794,-19.401693215911475
NUE,ocf,5,ttm,69,2021-07-03,3230095000.0,2026-07-04,4424000000.0,5.002053388090349,6.48998097954363
NUE,ocf,10,ttm,69,2016-07-02,1840429000.0,2026-07-04,4424000000.0,10.004106776180699,9.162624608596538
NUE,revenue,3,ttm,70,2023-07-01,37457711000.0,2026-07-04,36101000000.0,3.0088980150581794,-1.218611578547879
NUE,revenue,5,ttm,70,2021-07-03,25994319000.0,2026-07-04,36101000000.0,5.002053388090349,6.786523124323152
NUE,revenue,10,ttm,70,2016-07-02,15643575000.0,2026-07-04,36101000000.0,10.004106776180699,8.718490381999189
NVDA,eps,3,ttm,67,2023-07-30,0.41147914032869787,2026-07-26,7.9,2.9897330595482545,168.6758991913253
NVDA,eps,5,ttm,67,2021-08-01,0.28089443742098613,2026-07-26,7.9,4.982888432580425,95.34938145921797
NVDA,eps,10,ttm,67,2016-07-31,0.038701011378002526,2026-07-26,7.9,9.984941820670773,70.34870321161047
NVDA,fcf,3,ttm,17,2023-10-29,17515000000.0,2026-07-26,127006000000.0,2.7405886379192332,106.04035833447733
NVDA,fcf,5,ttm,17,2022-01-30,8132000000.0,2026-07-26,127006000000.0,4.484599589322382,84.5700809115373
NVDA,fcf,10,ttm,17,2012-10-28,602948000.0,2026-07-26,127006000000.0,13.741273100616016,47.602042050931395
NVDA,net_income,3,ttm,70,2023-07-30,10325000000.0,2026-07-26,192879000000.0,2.9897330595482545,166.22794901246135
NVDA,net_income,5,ttm,70,2021-08-01,7079000000.0,2026-07-26,192879000000.0,4.982888432580425,94.11021856427023
NVDA,net_income,10,ttm,70,2016-07-31,923000000.0,2026-07-26,192879000000.0,9.984941820670773,70.74901759089471
NVDA,ocf,3,ttm,68,2023-07-30,11899000000.0,2026-07-26,134360000000.0,2.9897330595482545,124.97016426651695
NVDA,ocf,5,ttm,68,2021-08-01,7902000000.0,2026-07-26,134360000000.0,4.982888432580425,76.58415855554661
NVDA,ocf,10,ttm,68,2016-07-31,1286000000.0,2026-07-26,134360000000.0,9.984941820670773,59.296924165950024
NVDA,revenue,3,ttm,70,2023-07-30,32681000000.0,2026-07-26,302969000000.0,2.9897330595482545,110.60789648343277
NVDA,revenue,5,ttm,70,2021-08-01,21897000000.0,2026-07-26,302969000000.0,4.982888432580425,69.42846577287322
NVDA,revenue,10,ttm,70,2016-07-31,5439000000.0,2026-07-26,302969000000.0,9.984941820670773,49.57231226685628
NVR,eps,3,ttm,63,2023-06-30,467.991359833723,2026-06-30,384.86,3.0006844626967832,-6.30966939847204
NVR,eps,5,ttm,63,2021-06-30,287.67010132501946,2026-06-30,384.86,4.999315537303217,5.994924825264669
NVR,eps,10,ttm,63,2016-06-30,96.81993712652637,2026-06-30,384.86,9.998631074606434,14.800030524360253
NVR,fcf,3,ttm,65,2023-06-30,1745974000.0,2026-06-30,1046421000.0,3.0006844626967832,-15.684685765783435
NVR,fcf,5,ttm,65,2021-06-30,1061098000.0,2026-06-30,1046421000.0,4.999315537303217,-0.27821940434030745
NVR,fcf,10,ttm,65,2016-06-30,258218000.0,2026-06-30,1046421000.0,9.998631074606434,15.02184080152964
NVR,net_income,3,ttm,66,2023-06-30,1614540000.0,2026-06-30,1141320000.0,3.0006844626967832,-10.916420328747368
NVR,net_income,5,ttm,66,2021-06-30,1131527000.0,2026-06-30,1141320000.0,4.999315537303217,0.17252103035267918
NVR,net_income,10,ttm,66,2016-06-30,407453000.0,2026-06-30,1141320000.0,9.998631074606434,10.850872366685604
NVR,ocf,3,ttm,65,2023-06-30,1767099000.0,2026-06-30,1066590000.0,3.0006844626967832,-15.485956565795744
NVR,ocf,5,ttm,65,2021-06-30,1075620000.0,2026-06-30,1066590000.0,4.999315537303217,-0.1684928951085296
NVR,ocf,10,ttm,65,2016-06-30,279683000.0,2026-06-30,1066590000.0,9.998631074606434,14.32497179243304
NVR,revenue,3,ttm,62,2023-06-30,10005689000.0,2026-06-30,9529532000.0,3.0006844626967832,-1.6117730263526697
NVR,revenue,5,ttm,62,2021-06-30,8659071000.0,2026-06-30,9529532000.0,4.999315537303217,1.9344991856637073
NVR,revenue,10,ttm,62,2016-06-30,5489835000.0,2026-06-30,9529532000.0,9.998631074606434,5.670681251655285
NWS,eps,3,ttm,53,2023-06-30,0.26,2026-06-30,1.03,3.0006844626967832,58.21312214236289
NWS,eps,5,ttm,53,2021-06-30,0.56,2026-06-30,1.03,4.999315537303217,12.96322594276418
NWS,eps,10,ttm,53,2016-06-30,0.3,2026-06-30,1.03,9.998631074606434,13.130298114433202
NWS,fcf,3,ttm,53,2023-06-30,745000000.0,2026-06-30,811000000.0,3.0006844626967832,2.8692067410275746
NWS,fcf,5,ttm,53,2021-06-30,847000000.0,2026-06-30,811000000.0,4.999315537303217,-0.8650088223660313
NWS,fcf,10,ttm,53,2016-06-30,622000000.0,2026-06-30,811000000.0,9.998631074606434,2.6891654987158953
NWS,net_income,3,ttm,53,2023-06-30,149000000.0,2026-06-30,573000000.0,3.0006844626967832,56.6552570904101
NWS,net_income,5,ttm,53,2021-06-30,330000000.0,2026-06-30,573000000.0,4.999315537303217,11.66953258612471
NWS,net_income,10,ttm,53,2016-06-30,179000000.0,2026-06-30,573000000.0,9.998631074606434,12.340687477696143
NWS,ocf,3,ttm,53,2023-06-30,1092000000.0,2026-06-30,1237000000.0,3.0006844626967832,4.242520422606999
NWS,ocf,5,ttm,53,2021-06-30,1237000000.0,2026-06-30,1237000000.0,4.999315537303217,0.0
NWS,ocf,10,ttm,53,2016-06-30,878000000.0,2026-06-30,1237000000.0,9.998631074606434,3.487895808075847
NWS,revenue,3,ttm,53,2023-06-30,8012000000.0,2026-06-30,9028000000.0,3.0006844626967832,4.058987095588984
NWS,revenue,5,ttm,53,2021-06-30,9358000000.0,2026-06-30,9028000000.0,4.999315537303217,-0.7155407038172856
NWS,revenue,10,ttm,53,2016-06-30,8292000000.0,2026-06-30,9028000000.0,9.998631074606434,0.8541402109486729
NWSA,eps,3,ttm,53,2023-06-30,0.26,2026-06-30,1.03,3.0006844626967832,58.21312214236289
NWSA,eps,5,ttm,53,2021-06-30,0.56,2026-06-30,1.03,4.999315537303217,12.96322594276418
NWSA,eps,10,ttm,53,2016-06-30,0.3,2026-06-30,1.03,9.998631074606434,13.130298114433202
NWSA,fcf,3,ttm,53,2023-06-30,745000000.0,2026-06-30,811000000.0,3.0006844626967832,2.8692067410275746
NWSA,fcf,5,ttm,53,2021-06-30,847000000.0,2026-06-30,811000000.0,4.999315537303217,-0.8650088223660313
NWSA,fcf,10,ttm,53,2016-06-30,622000000.0,2026-06-30,811000000.0,9.998631074606434,2.6891654987158953
NWSA,net_income,3,ttm,53,2023-06-30,149000000.0,2026-06-30,573000000.0,3.0006844626967832,56.6552570904101
NWSA,net_income,5,ttm,53,2021-06-30,330000000.0,2026-06-30,573000000.0,4.999315537303217,11.66953258612471
NWSA,net_income,10,ttm,53,2016-06-30,179000000.0,2026-06-30,573000000.0,9.998631074606434,12.340687477696143
NWSA,ocf,3,ttm,53,2023-06-30,1092000000.0,2026-06-30,1237000000.0,3.0006844626967832,4.242520422606999
NWSA,ocf,5,ttm,53,2021-06-30,1237000000.0,2026-06-30,1237000000.0,4.999315537303217,0.0
NWSA,ocf,10,ttm,53,2016-06-30,878000000.0,2026-06-30,1237000000.0,9.998631074606434,3.487895808075847
NWSA,revenue,3,ttm,53,2023-06-30,8012000000.0,2026-06-30,9028000000.0,3.0006844626967832,4.058987095588984
NWSA,revenue,5,ttm,53,2021-06-30,9358000000.0,2026-06-30,9028000000.0,4.999315537303217,-0.7155407038172856
NWSA,revenue,10,ttm,53,2016-06-30,8292000000.0,2026-06-30,9028000000.0,9.998631074606434,0.8541402109486729
NXPI,eps,3,ttm,26,2023-04-02,11.665219885277251,2026-03-29,11.710000000000003,2.9897330595482545,0.12823480621784178
NXPI,eps,5,ttm,26,2021-04-04,1.6904493307839392,2026-03-29,11.710000000000003,4.982888432580425,47.46476108133617
NXPI,fcf,3,ttm,27,2023-04-02,2637000000.0,2026-03-29,2711000000.0,2.9897330595482545,0.9299878685295804
NXPI,fcf,5,ttm,27,2021-04-04,2303000000.0,2026-03-29,2711000000.0,4.982888432580425,3.3274631068435756
NXPI,net_income,3,ttm,30,2023-04-02,2745000000.0,2026-03-29,2653000000.0,2.9897330595482545,-1.133759522089517
NXPI,net_income,5,ttm,30,2021-04-04,426000000.0,2026-03-29,2653000000.0,4.982888432580425,44.34810434828411
NXPI,net_income,10,ttm,30,2018-12-31,2232000000.0,2026-03-29,2653000000.0,7.241615331964408,2.4148071246768543
NXPI,ocf,3,ttm,27,2023-04-02,3671000000.0,2026-03-29,3048000000.0,2.9897330595482545,-6.031043632162469
NXPI,ocf,5,ttm,27,2021-04-04,2702000000.0,2026-03-29,3048000000.0,4.982888432580425,2.44761780039664
NXPI,revenue,3,ttm,28,2023-04-02,13190000000.0,2026-03-29,12615000000.0,2.9897330595482545,-1.4797901829351368
NXPI,revenue,5,ttm,28,2021-04-04,9158000000.0,2026-03-29,12615000000.0,4.982888432580425,6.638210770083353
O,eps,3,ttm,63,2023-06-30,1.34,2026-06-30,1.37,3.0006844626967832,0.7405981438358911
O,eps,5,ttm,63,2021-06-30,0.9775968992248065,2026-06-30,1.37,4.999315537303217,6.983342747541554
O,eps,10,ttm,63,2016-06-30,1.0562015503875972,2026-06-30,1.37,9.998631074606434,2.635812193110576
O,fcf,3,ttm,52,2023-06-30,2678090000.0,2026-06-30,4000024000.0,3.0006844626967832,14.305175582625251
O,fcf,5,ttm,52,2021-06-30,1174038000.0,2026-06-30,4000024000.0,4.999315537303217,27.78817458280429
O,fcf,10,ttm,52,2016-06-30,721279000.0,2026-06-30,4000024000.0,9.998631074606434,18.687810039850273
O,net_income,3,ttm,66,2023-06-30,867263000.0,2026-06-30,1267577000.0,3.0006844626967832,13.4824347860784
O,net_income,5,ttm,66,2021-06-30,361254000.0,2026-06-30,1267577000.0,4.999315537303217,28.54265472485158
O,net_income,10,ttm,66,2016-06-30,296474000.0,2026-06-30,1267577000.0,9.998631074606434,15.6398215150354
O,ocf,3,ttm,65,2023-06-30,2773408000.0,2026-06-30,4166154000.0,3.0006844626967832,14.52327218619962
O,ocf,5,ttm,65,2021-06-30,1182033000.0,2026-06-30,4166154000.0,4.999315537303217,28.657801109516345
O,ocf,10,ttm,65,2016-06-30,733284000.0,2026-06-30,4166154000.0,9.998631074606434,18.97525395925179
O,revenue,3,ttm,44,2023-06-30,3689523000.0,2026-06-30,6054932000.0,3.0006844626967832,17.949650444322774
O,revenue,5,ttm,44,2021-06-30,1728200000.0,2026-06-30,6054932000.0,4.999315537303217,28.50438986021331
O,revenue,10,ttm,44,2017-12-31,1215768000.0,2026-06-30,6054932000.0,8.49555099247091,20.801792151386287
ODFL,eps,3,ttm,63,2023-06-30,5.760000000000001,2026-06-30,5.2,3.0006844626967832,-3.3510817680695637
ODFL,eps,5,ttm,63,2021-06-30,3.6650000000000005,2026-06-30,5.2,4.999315537303217,7.24820522620595
ODFL,eps,10,ttm,63,2016-06-30,1.1800000000000002,2026-06-30,5.2,9.998631074606434,15.990107884949257
ODFL,fcf,3,ttm,65,2023-06-30,647255000.0,2026-06-30,1114770000.0,3.0006844626967832,19.86305259902823
ODFL,fcf,5,ttm,65,2021-06-30,614037000.0,2026-06-30,1114770000.0,4.999315537303217,12.669207110812962
ODFL,fcf,10,ttm,65,2016-06-30,65547000.0,2026-06-30,1114770000.0,9.998631074606434,32.76392829519534
ODFL,net_income,3,ttm,66,2023-06-30,1278730000.0,2026-06-30,1089276000.0,3.0006844626967832,-5.2036413626898925
ODFL,net_income,5,ttm,66,2021-06-30,860635000.0,2026-06-30,1089276000.0,4.999315537303217,4.8254143982876085
ODFL,net_income,10,ttm,66,2016-06-30,298265000.0,2026-06-30,1089276000.0,9.998631074606434,13.831187333422012
ODFL,ocf,3,ttm,65,2023-06-30,1578736000.0,2026-06-30,1394102000.0,3.0006844626967832,-4.060131333456618
ODFL,ocf,5,ttm,65,2021-06-30,925099000.0,2026-06-30,1394102000.0,4.999315537303217,8.549079432233109
ODFL,ocf,10,ttm,65,2016-06-30,591886000.0,2026-06-30,1394102000.0,9.998631074606434,8.945862673294824
ODFL,revenue,3,ttm,35,2023-06-30,5950674000.0,2026-06-30,5602507000.0,3.0006844626967832,-1.9891684418974709
ODFL,revenue,5,ttm,35,2021-06-30,4577479000.0,2026-06-30,5602507000.0,4.999315537303217,4.124663860548483
ODFL,revenue,10,ttm,35,2017-12-31,3358112000.0,2026-06-30,5602507000.0,8.49555099247091,6.209932816099761
OKE,eps,3,ttm,67,2023-06-30,5.4206379310344825,2026-06-30,5.79,3.0006844626967832,2.2210987118338466
OKE,eps,5,ttm,67,2021-06-30,3.0147931034482762,2026-06-30,5.79,4.999315537303217,13.94413368819527
OKE,eps,10,ttm,67,2016-06-30,1.307741379310345,2026-06-30,5.79,9.998631074606434,16.044487916459072
OKE,fcf,3,ttm,69,2023-06-30,2412000000.0,2026-06-30,2906000000.0,3.0006844626967832,6.406122192066843
OKE,fcf,5,ttm,69,2021-06-30,1265091000.0,2026-06-30,2906000000.0,4.999315537303217,18.098575314683774
OKE,fcf,10,ttm,69,2016-06-30,328396000.0,2026-06-30,2906000000.0,9.998631074606434,24.366307254776444
OKE,net_income,3,ttm,70,2023-06-30,2434000000.0,2026-06-30,3656000000.0,3.0006844626967832,14.52011362880825
OKE,net_income,5,ttm,70,2021-06-30,1347560000.0,2026-06-30,3656000000.0,4.999315537303217,22.09657577408406
OKE,net_income,10,ttm,70,2016-06-30,277062000.0,2026-06-30,3656000000.0,9.998631074606434,29.436947409366752
OKE,ocf,3,ttm,69,2023-06-30,3649000000.0,2026-06-30,6157000000.0,3.0006844626967832,19.0459126496048
OKE,ocf,5,ttm,69,2021-06-30,2240633000.0,2026-06-30,6157000000.0,4.999315537303217,22.40853658250255
OKE,ocf,10,ttm,69,2016-06-30,1220514000.0,2026-06-30,6157000000.0,9.998631074606434,17.568847601570493
OKE,revenue,3,ttm,70,2023-06-30,19199000000.0,2026-06-30,39366000000.0,3.0006844626967832,27.035133751311278
OKE,revenue,5,ttm,70,2021-06-30,11328484000.0,2026-06-30,39366000000.0,4.999315537303217,28.29351700201932
OKE,revenue,10,ttm,70,2016-06-30,7738414000.0,2026-06-30,39366000000.0,9.998631074606434,17.667521331526647
OMC,fcf,3,ttm,68,2023-03-31,870800000.0,2026-03-31,2990300000.0,3.0006844626967832,50.85442067953314
OMC,fcf,5,ttm,68,2021-03-31,2189500000.0,2026-03-31,2990300000.0,4.999315537303217,6.433334600992735
OMC,fcf,10,ttm,68,2016-03-31,1777600000.0,2026-03-31,2990300000.0,9.998631074606434,5.339478622135174
OMC,net_income,3,ttm,69,2023-03-31,1370200000.0,2026-03-31,63000000.0,3.0006844626967832,-64.1666658018121
OMC,net_income,5,ttm,69,2021-03-31,975000000.0,2026-03-31,63000000.0,4.999315537303217,-42.18578794392967
OMC,net_income,10,ttm,69,2016-03-31,1103200000.0,2026-03-31,63000000.0,9.998631074606434,-24.897981903695985
OMC,ocf,3,ttm,68,2023-03-31,948900000.0,2026-03-31,3171800000.0,3.0006844626967832,49.50484522332166
OMC,ocf,5,ttm,68,2021-03-31,2250900000.0,2026-03-31,3171800000.0,4.999315537303217,7.101116263225604
OMC,ocf,10,ttm,68,2016-03-31,1983500000.0,2026-03-31,3171800000.0,9.998631074606434,4.806966300576043
OMC,revenue,3,ttm,69,2023-03-31,14322100000.0,2026-03-31,19824400000.0,3.0006844626967832,11.443236068996598
OMC,revenue,5,ttm,69,2021-03-31,13191100000.0,2026-03-31,19824400000.0,4.999315537303217,8.489735978084223
OMC,revenue,10,ttm,69,2016-03-31,15164300000.0,2026-03-31,19824400000.0,9.998631074606434,2.716298752857127
ON,eps,3,ttm,63,2023-06-30,4.427880794701987,2026-07-03,1.53,3.0088980150581794,-29.75424321718596
ON,eps,5,ttm,63,2021-07-02,1.2260264900662252,2026-07-03,1.53,5.002053388090349,4.527464970877482
ON,eps,10,ttm,63,2016-07-01,0.3951655629139073,2026-07-03,1.53,10.004106776180699,14.489879873331146
ON,fcf,3,ttm,65,2023-06-30,1137200000.0,2026-07-03,1500400000.0,3.0088980150581794,9.649018164210666
ON,fcf,5,ttm,65,2021-07-02,910500000.0,2026-07-03,1500400000.0,5.002053388090349,10.501356898718782
ON,fcf,10,ttm,65,2016-07-01,249200000.0,2026-07-03,1500400000.0,10.004106776180699,19.655838930826476
ON,net_income,3,ttm,66,2023-06-30,1954500000.0,2026-07-03,630200000.0,3.0088980150581794,-31.35133047428721
ON,net_income,5,ttm,66,2021-07-02,523600000.0,2026-07-03,630200000.0,5.002053388090349,3.774140423490646
ON,net_income,10,ttm,66,2016-07-01,161500000.0,2026-07-03,630200000.0,10.004106776180699,14.57933928228421
ON,ocf,3,ttm,65,2023-06-30,2533400000.0,2026-07-03,1672000000.0,3.0088980150581794,-12.8992160633572
ON,ocf,5,ttm,65,2021-07-02,1270300000.0,2026-07-03,1672000000.0,5.002053388090349,5.64676370982764
ON,ocf,10,ttm,65,2016-07-01,504600000.0,2026-07-03,1672000000.0,10.004106776180699,12.721703748504275
ON,revenue,3,ttm,66,2023-06-30,8350300000.0,2026-07-03,6197800000.0,3.0088980150581794,-9.432416818523537
ON,revenue,5,ttm,66,2021-07-02,5915200000.0,2026-07-03,6197800000.0,5.002053388090349,0.9373644601514464
ON,revenue,10,ttm,66,2016-07-01,3439500000.0,2026-07-03,6197800000.0,10.004106776180699,6.062955778877122
ORCL,eps,3,ttm,69,2023-05-31,3.07,2026-05-31,5.83,3.0006844626967832,23.82895711292681
ORCL,eps,5,ttm,69,2021-05-31,4.55,2026-05-31,5.83,4.999315537303217,5.083463749420591
ORCL,eps,10,ttm,69,2016-05-31,2.07,2026-05-31,5.83,9.998631074606434,10.911346501092911
ORCL,net_income,3,ttm,69,2023-05-31,8504000000.0,2026-05-31,17087000000.0,3.0006844626967832,26.180181494093958
ORCL,net_income,5,ttm,69,2021-05-31,13746000000.0,2026-05-31,17087000000.0,4.999315537303217,4.448085354857656
ORCL,net_income,10,ttm,69,2016-05-31,8900000000.0,2026-05-31,17087000000.0,9.998631074606434,6.741047308299097
ORCL,ocf,3,ttm,69,2023-05-31,17165000000.0,2026-05-31,31977000000.0,3.0006844626967832,23.039368217566448
ORCL,ocf,5,ttm,69,2021-05-31,15887000000.0,2026-05-31,31977000000.0,4.999315537303217,15.018442633868334
ORCL,ocf,10,ttm,69,2016-05-31,13685000000.0,2026-05-31,31977000000.0,9.998631074606434,8.858999369722875
ORCL,revenue,3,ttm,69,2023-05-31,49954000000.0,2026-05-31,67358000000.0,3.0006844626967832,10.474768633440345
ORCL,revenue,5,ttm,69,2021-05-31,69731000000.0,2026-05-31,67358000000.0,4.999315537303217,-0.6901682078519378
ORCL,revenue,10,ttm,69,2016-05-31,37047000000.0,2026-05-31,67358000000.0,9.998631074606434,6.1615298974317945
ORLY,eps,3,ttm,67,2023-06-30,2.4026666666666663,2026-06-30,3.15,3.0006844626967832,9.445203710121962
ORLY,eps,5,ttm,67,2021-06-30,1.857333333333333,2026-06-30,3.15,4.999315537303217,11.145125919834209
ORLY,eps,10,ttm,67,2016-06-30,0.6713333333333332,2026-06-30,3.15,9.998631074606434,16.72030831619884
ORLY,fcf,3,ttm,67,2023-06-30,2612283000.0,2026-06-30,2156259000.0,3.0006844626967832,-6.193434541165588
ORLY,fcf,5,ttm,67,2021-06-30,2546642000.0,2026-06-30,2156259000.0,4.999315537303217,-3.2736885557227646
ORLY,fcf,10,ttm,67,2016-06-30,1027864000.0,2026-06-30,2156259000.0,9.998631074606434,7.691377537020805
ORLY,net_income,3,ttm,67,2023-06-30,2258260000.0,2026-06-30,2650374000.0,3.0006844626967832,5.480566422572308
ORLY,net_income,5,ttm,67,2021-06-30,2007257000.0,2026-06-30,2650374000.0,4.999315537303217,5.7168322939473715
ORLY,net_income,10,ttm,67,2016-06-30,998012000.0,2026-06-30,2650374000.0,9.998631074606434,10.261259055728278
ORLY,ocf,3,ttm,67,2023-06-30,3407646000.0,2026-06-30,3289439000.0,3.0006844626967832,-1.1696604502879349
ORLY,ocf,5,ttm,67,2021-06-30,2990357000.0,2026-06-30,3289439000.0,4.999315537303217,1.9250406198034309
ORLY,ocf,10,ttm,67,2016-06-30,1475769000.0,2026-06-30,3289439000.0,9.998631074606434,8.346556077204848
ORLY,revenue,3,ttm,67,2023-06-30,15219967000.0,2026-06-30,18572562000.0,3.0006844626967832,6.8594156383356975
ORLY,revenue,5,ttm,67,2021-06-30,12592911000.0,2026-06-30,18572562000.0,4.999315537303217,8.08209574476233
ORLY,revenue,10,ttm,67,2016-06-30,8302092000.0,2026-06-30,18572562000.0,9.998631074606434,8.386006537226232
OTIS,eps,3,ttm,27,2023-06-30,3.16,2026-06-30,3.89,3.0006844626967832,7.171829183046596
OTIS,eps,5,ttm,27,2021-06-30,2.66,2026-06-30,3.89,4.999315537303217,7.899172218375061
OTIS,fcf,3,ttm,27,2023-06-30,1307000000.0,2026-06-30,1712000000.0,3.0006844626967832,9.412551085947518
OTIS,fcf,5,ttm,27,2021-06-30,1583000000.0,2026-06-30,1712000000.0,4.999315537303217,1.5793666627309078
OTIS,net_income,3,ttm,27,2023-06-30,1328000000.0,2026-06-30,1516000000.0,3.0006844626967832,4.511160461064878
OTIS,net_income,5,ttm,27,2021-06-30,1151000000.0,2026-06-30,1516000000.0,4.999315537303217,5.664244239345995
OTIS,ocf,3,ttm,27,2023-06-30,1427000000.0,2026-06-30,1871000000.0,3.0006844626967832,9.447957035079767
OTIS,ocf,5,ttm,27,2021-06-30,1775000000.0,2026-06-30,1871000000.0,4.999315537303217,1.0591665911809267
OTIS,revenue,3,ttm,27,2023-06-30,13849000000.0,2026-06-30,14911000000.0,3.0006844626967832,2.492875690598262
OTIS,revenue,5,ttm,27,2021-06-30,13870000000.0,2026-06-30,14911000000.0,4.999315537303217,1.458146118121495
OXY,eps,3,ttm,67,2023-06-30,5.91,2026-06-30,6.46,3.0006844626967832,3.0098466637502375
OXY,fcf,3,ttm,69,2023-06-30,8408000000.0,2026-06-30,4793000000.0,3.0006844626967832,-17.08047591853632
OXY,fcf,5,ttm,69,2021-06-30,4343000000.0,2026-06-30,4793000000.0,4.999315537303217,1.9916675194550981
OXY,fcf,10,ttm,69,2016-06-30,349000000.0,2026-06-30,4793000000.0,9.998631074606434,29.955234642143736
OXY,net_income,3,ttm,70,2023-06-30,6796000000.0,2026-06-30,6532000000.0,3.0006844626967832,-1.3117206663857184
OXY,ocf,3,ttm,69,2023-06-30,14182000000.0,2026-06-30,10976000000.0,3.0006844626967832,-8.18562803735513
OXY,ocf,5,ttm,69,2021-06-30,6480000000.0,2026-06-30,10976000000.0,4.999315537303217,11.116892001116696
OXY,ocf,10,ttm,69,2016-06-30,3803000000.0,2026-06-30,10976000000.0,9.998631074606434,11.182920979185118
OXY,revenue,3,ttm,70,2023-06-30,31386000000.0,2026-06-30,20962000000.0,3.0006844626967832,-12.586419178403286
OXY,revenue,5,ttm,70,2021-06-30,19858000000.0,2026-06-30,20962000000.0,4.999315537303217,1.0881120150944668
OXY,revenue,10,ttm,70,2016-06-30,10709000000.0,2026-06-30,20962000000.0,9.998631074606434,6.947927577279778
PANW,eps,3,ttm,56,2023-04-30,0.3068852459016393,2026-04-30,1.17,3.0006844626967832,56.20409884120545
PANW,fcf,3,ttm,56,2023-04-30,2624700000.0,2026-04-30,3793800000.0,3.0006844626967832,13.062718090589897
PANW,fcf,5,ttm,56,2021-04-30,1390500000.0,2026-04-30,3793800000.0,4.999315537303217,22.23416885036096
PANW,fcf,10,ttm,56,2016-04-30,517000000.0,2026-04-30,3793800000.0,9.998631074606434,22.059121460629072
PANW,net_income,3,ttm,56,2023-04-30,215300000.0,2026-04-30,842900000.0,3.0006844626967832,57.5913128454641
PANW,ocf,3,ttm,56,2023-04-30,2887100000.0,2026-04-30,4217000000.0,3.0006844626967832,13.457901671843953
PANW,ocf,5,ttm,56,2021-04-30,1510900000.0,2026-04-30,4217000000.0,4.999315537303217,22.79078677570965
PANW,ocf,10,ttm,56,2016-04-30,585100000.0,2026-04-30,4217000000.0,9.998631074606434,21.83977664256227
PANW,revenue,3,ttm,56,2023-04-30,6489900000.0,2026-04-30,10606500000.0,3.0006844626967832,17.786398593264472
PANW,revenue,5,ttm,56,2021-04-30,3987200000.0,2026-04-30,10606500000.0,4.999315537303217,21.616485792152716
PANW,revenue,10,ttm,56,2016-04-30,1261600000.0,2026-04-30,10606500000.0,9.998631074606434,23.730765861553984
PAYX,eps,3,ttm,69,2023-05-31,4.3,2026-05-31,4.89,3.0006844626967832,4.378060336535872
PAYX,eps,5,ttm,69,2021-05-31,3.03,2026-05-31,4.89,4.999315537303217,10.047185041674789
PAYX,eps,10,ttm,69,2016-05-31,2.09,2026-05-31,4.89,9.998631074606434,8.873281139920564
PAYX,fcf,3,ttm,69,2023-05-31,1563200000.0,2026-05-31,2321800000.0,3.0006844626967832,14.092480790880435
PAYX,fcf,5,ttm,69,2021-05-31,1141900000.0,2026-05-31,2321800000.0,4.999315537303217,15.251818307487497
PAYX,fcf,10,ttm,69,2016-05-31,920500000.0,2026-05-31,2321800000.0,9.998631074606434,9.694689332366568
PAYX,net_income,3,ttm,69,2023-05-31,1557000000.0,2026-05-31,1760000000.0,3.0006844626967832,4.1687145357161
PAYX,net_income,5,ttm,69,2021-05-31,1598400000.0,2026-05-31,1760000000.0,4.999315537303217,1.9451536363752409
PAYX,net_income,10,ttm,69,2016-05-31,756800000.0,2026-05-31,1760000000.0,9.998631074606434,8.8073348358227
PAYX,ocf,3,ttm,69,2023-05-31,1706200000.0,2026-05-31,2556700000.0,3.0006844626967832,14.429128210243514
PAYX,ocf,5,ttm,69,2021-05-31,1260300000.0,2026-05-31,2556700000.0,4.999315537303217,15.199230738608582
PAYX,ocf,10,ttm,69,2016-05-31,1018200000.0,2026-05-31,2556700000.0,9.998631074606434,9.645330816528697
PAYX,revenue,3,ttm,69,2023-05-31,4907300000.0,2026-05-31,6301100000.0,3.0006844626967832,8.688350843101178
PAYX,revenue,5,ttm,69,2021-05-31,3997500000.0,2026-05-31,6301100000.0,4.999315537303217,9.529471322698857
PAYX,revenue,10,ttm,69,2016-05-31,2951900000.0,2026-05-31,6301100000.0,9.998631074606434,7.878768924681223
PCAR,eps,3,ttm,67,2023-06-30,6.945378151260504,2026-06-30,4.75,3.0006844626967832,-11.892722160386015
PCAR,eps,5,ttm,67,2021-06-30,3.359593837535014,2026-06-30,4.75,4.999315537303217,7.173024061036548
PCAR,eps,10,ttm,67,2016-06-30,1.244047619047619,2026-06-30,4.75,9.998631074606434,14.338799175955884
PCAR,fcf,3,ttm,69,2023-06-30,3024600000.0,2026-06-30,3696300000.0,3.0006844626967832,6.912002877291101
PCAR,fcf,5,ttm,69,2021-06-30,2013500000.0,2026-06-30,3696300000.0,4.999315537303217,12.919862211702338
PCAR,fcf,10,ttm,69,2016-06-30,2679000000.0,2026-06-30,3696300000.0,9.998631074606434,3.2717089467566574
PCAR,net_income,3,ttm,70,2023-06-30,3645700000.0,2026-06-30,2504200000.0,3.0006844626967832,-11.764822629204353
PCAR,net_income,5,ttm,70,2021-06-30,1757600000.0,2026-06-30,2504200000.0,4.999315537303217,7.338124694362369
PCAR,net_income,10,ttm,70,2016-06-30,665100000.0,2026-06-30,2504200000.0,9.998631074606434,14.17896171674904
PCAR,ocf,3,ttm,69,2023-06-30,3589800000.0,2026-06-30,4344700000.0,3.0006844626967832,6.567197403715874
PCAR,ocf,5,ttm,69,2021-06-30,2494100000.0,2026-06-30,4344700000.0,4.999315537303217,11.741831841576843
PCAR,ocf,10,ttm,69,2016-06-30,3018300000.0,2026-06-30,4344700000.0,9.998631074606434,3.710303435603768
PCAR,revenue,3,ttm,66,2023-06-30,32542800000.0,2026-06-30,27815800000.0,3.0006844626967832,-5.0960995063892405
PCAR,revenue,5,ttm,66,2021-06-30,22194000000.0,2026-06-30,27815800000.0,4.999315537303217,4.619798603690772
PCAR,revenue,10,ttm,66,2016-06-30,17915700000.0,2026-06-30,27815800000.0,9.998631074606434,4.4980997678460755
PCG,eps,3,ttm,67,2023-06-30,0.9165942028985508,2026-06-30,1.39,3.0006844626967832,14.885569528162158
PCG,eps,5,ttm,67,2021-06-30,2.3670289855072464,2026-06-30,1.39,4.999315537303217,-10.100781922836754
PCG,eps,10,ttm,67,2016-06-30,1.541086956521739,2026-06-30,1.39,9.998631074606434,-1.0266769524964747
PCG,net_income,3,ttm,70,2023-06-30,144001800.0,2026-06-30,463002593.0,3.0006844626967832,47.58195820120279
PCG,net_income,5,ttm,70,2021-06-30,800000000.0,2026-06-30,463002593.0,4.999315537303217,-10.361994679416519
PCG,net_income,10,ttm,70,2016-06-30,754000000.0,2026-06-30,463002593.0,9.998631074606434,-4.7602365370793205
PCG,ocf,3,ttm,69,2023-06-30,4542000000.0,2026-06-30,8147000000.0,3.0006844626967832,21.496630899967762
PCG,ocf,10,ttm,69,2016-06-30,3736000000.0,2026-06-30,8147000000.0,9.998631074606434,8.109465597580211
PCG,revenue,3,ttm,70,2023-06-30,22263000000.0,2026-06-30,25837000000.0,3.0006844626967832,5.086731247073861
PCG,revenue,5,ttm,70,2021-06-30,19561000000.0,2026-06-30,25837000000.0,4.999315537303217,5.723982855952281
PCG,revenue,10,ttm,70,2016-06-30,16860000000.0,2026-06-30,25837000000.0,9.998631074606434,4.361662678543277
PEG,eps,3,ttm,67,2023-06-30,5.5600000000000005,2026-06-30,4.02,3.0006844626967832,-10.244487760760723
PEG,eps,5,ttm,67,2021-06-30,2.9199999999999995,2026-06-30,4.02,4.999315537303217,6.603740189177576
PEG,eps,10,ttm,67,2016-06-30,2.77,2026-06-30,4.02,9.998631074606434,3.7950979063507084
PEG,fcf,3,ttm,69,2023-06-30,515000000.0,2026-06-30,276000000.0,3.0006844626967832,-18.769109329081502
PEG,net_income,3,ttm,70,2023-06-30,2780000000.0,2026-06-30,2012000000.0,3.0006844626967832,-10.214734762752432
PEG,net_income,5,ttm,70,2021-06-30,1477000000.0,2026-06-30,2012000000.0,4.999315537303217,6.3783309866266125
PEG,net_income,10,ttm,70,2016-06-30,1406000000.0,2026-06-30,2012000000.0,9.998631074606434,3.6493055083535397
PEG,ocf,3,ttm,69,2023-06-30,3556000000.0,2026-06-30,3592000000.0,3.0006844626967832,0.33624855650524754
PEG,ocf,5,ttm,69,2021-06-30,2487000000.0,2026-06-30,3592000000.0,4.999315537303217,7.630778213873235
PEG,ocf,10,ttm,69,2016-06-30,3407000000.0,2026-06-30,3592000000.0,9.998631074606434,0.5302433525436578
PEG,revenue,3,ttm,70,2023-06-30,10303000000.0,2026-06-30,13061000000.0,3.0006844626967832,8.225535671150253
PEG,revenue,5,ttm,70,2021-06-30,9643000000.0,2026-06-30,13061000000.0,4.999315537303217,6.256733417214355
PEG,revenue,10,ttm,70,2016-06-30,9487000000.0,2026-06-30,13061000000.0,9.998631074606434,3.249190144458969
PEP,eps,3,ttm,67,2023-06-17,5.712503276539973,2026-06-13,7.62,2.9897330595482545,10.116585482283735
PEP,eps,5,ttm,67,2021-06-12,5.9122411533420705,2026-06-13,7.62,5.002053388090349,5.20382214497721
PEP,eps,10,ttm,67,2016-06-11,3.545347313237221,2026-06-13,7.62,10.004106776180699,7.948342279658771
PEP,fcf,3,annual,19,2022-12-31,5604000000.0,2025-12-27,7672000000.0,2.9897330595482545,11.077552881370556
PEP,fcf,5,annual,19,2020-12-26,6373000000.0,2025-12-27,7672000000.0,5.002053388090349,3.7782446629859967
PEP,fcf,10,annual,19,2015-12-26,8106000000.0,2025-12-27,7672000000.0,10.004106776180699,-0.5485360313742915
PEP,net_income,3,annual,19,2022-12-31,8910000000.0,2025-12-27,8240000000.0,2.9897330595482545,-2.580856611943594
PEP,net_income,5,annual,19,2020-12-26,7120000000.0,2025-12-27,8240000000.0,5.002053388090349,2.963722270187774
PEP,net_income,10,annual,19,2015-12-26,5452000000.0,2025-12-27,8240000000.0,10.004106776180699,4.214889672664923
PEP,ocf,3,annual,19,2022-12-31,10811000000.0,2025-12-27,12087000000.0,2.9897330595482545,3.802149809315769
PEP,ocf,5,annual,19,2020-12-26,10613000000.0,2025-12-27,12087000000.0,5.002053388090349,2.6340423614590325
PEP,ocf,10,annual,19,2015-12-26,10864000000.0,2025-12-27,12087000000.0,10.004106776180699,1.0720267936672911
PEP,revenue,3,annual,19,2022-12-31,86392000000.0,2025-12-27,93925000000.0,2.9897330595482545,2.8357499302555933
PEP,revenue,5,annual,19,2020-12-26,70372000000.0,2025-12-27,93925000000.0,5.002053388090349,5.941463457188645
PEP,revenue,10,annual,19,2015-12-26,63056000000.0,2025-12-27,93925000000.0,10.004106776180699,4.06348706062869
PFE,eps,3,ttm,67,2023-07-02,3.749999999999999,2026-06-28,0.76,2.9897330595482545,-41.36810605574384
PFE,eps,5,ttm,67,2021-07-04,2.2499999999999996,2026-06-28,0.76,4.982888432580425,-19.572888327950764
PFE,eps,10,ttm,67,2016-07-03,1.0721062618595825,2026-06-28,0.76,9.984941820670773,-3.3871171128998734
PFE,fcf,3,ttm,69,2023-07-02,10665000000.0,2026-06-28,10985000000.0,2.9897330595482545,0.9937342843247876
PFE,fcf,5,ttm,69,2021-07-04,21141000000.0,2026-06-28,10985000000.0,4.982888432580425,-12.312108266080369
PFE,fcf,10,ttm,69,2016-07-03,13730000000.0,2026-06-28,10985000000.0,9.984941820670773,-2.2091224316463154
PFE,net_income,3,ttm,70,2023-07-02,21472000000.0,2026-06-28,4332000000.0,2.9897330595482545,-41.456832841431755
PFE,net_income,5,ttm,70,2021-07-04,12755000000.0,2026-06-28,4332000000.0,4.982888432580425,-19.484501322994607
PFE,net_income,10,ttm,70,2016-07-03,7043000000.0,2026-06-28,4332000000.0,9.984941820670773,-4.7508201499991465
PFE,ocf,3,ttm,69,2023-07-02,14560000000.0,2026-06-28,13401000000.0,2.9897330595482545,-2.7363176679363166
PFE,ocf,5,ttm,69,2021-07-04,23552000000.0,2026-06-28,13401000000.0,4.982888432580425,-10.699541477726516
PFE,ocf,10,ttm,69,2016-07-03,15332000000.0,2026-06-28,13401000000.0,9.984941820670773,-1.3391112937650274
PFE,revenue,3,ttm,70,2023-07-02,69884000000.0,2026-06-28,63696000000.0,2.9897330595482545,-3.053520343636973
PFE,revenue,5,ttm,70,2021-07-04,55119000000.0,2026-06-28,63696000000.0,4.982888432580425,2.945011249238516
PFE,revenue,10,ttm,70,2016-07-03,52286000000.0,2026-06-28,63696000000.0,9.984941820670773,1.9965782719799652
PFG,eps,3,ttm,66,2023-03-31,16.890301291248203,2026-03-31,7.02,3.0006844626967832,-25.36734407503153
PFG,eps,5,ttm,66,2021-03-31,5.912109038737446,2026-03-31,7.02,4.999315537303217,3.4953834504455994
PFG,eps,10,ttm,66,2016-03-31,3.9581922525107602,2026-03-31,7.02,9.998631074606434,5.897919927857265
PFG,net_income,3,ttm,69,2023-03-31,4373400000.0,2026-03-31,1632000000.0,3.0006844626967832,-27.99993839154533
PFG,net_income,5,ttm,69,2021-03-31,1624000000.0,2026-03-31,1632000000.0,4.999315537303217,0.09834207586991717
PFG,net_income,10,ttm,69,2016-03-31,1179600000.0,2026-03-31,1632000000.0,9.998631074606434,3.3000351512892045
PFG,ocf,3,ttm,55,2023-03-31,3836700000.0,2026-03-31,3746500000.0,3.0006844626967832,-0.7897028208720958
PFG,ocf,5,ttm,55,2021-03-31,2261000000.0,2026-03-31,3746500000.0,4.999315537303217,10.629523173930178
PFG,ocf,10,ttm,55,2016-03-31,4641700000.0,2026-03-31,3746500000.0,9.998631074606434,-2.1200828838690233
PFG,revenue,3,ttm,69,2023-03-31,17259600000.0,2026-03-31,15458700000.0,3.0006844626967832,-3.605766783015474
PFG,revenue,5,ttm,69,2021-03-31,13398900000.0,2026-03-31,15458700000.0,4.999315537303217,2.901679991684736
PFG,revenue,10,ttm,69,2016-03-31,12343700000.0,2026-03-31,15458700000.0,9.998631074606434,2.2760858649413684
PG,eps,3,ttm,69,2023-06-30,5.8999999999999995,2026-06-30,6.62,3.0006844626967832,3.9117974172343306
PG,eps,5,ttm,69,2021-06-30,5.499999999999999,2026-06-30,6.62,4.999315537303217,3.7770363778916405
PG,eps,10,ttm,69,2016-06-30,3.6899999999999995,2026-06-30,6.62,9.998631074606434,6.019716254479079
PG,fcf,3,ttm,69,2023-06-30,13786000000.0,2026-06-30,15147000000.0,3.0006844626967832,3.187322016594374
PG,fcf,5,ttm,69,2021-06-30,15584000000.0,2026-06-30,15147000000.0,4.999315537303217,-0.5673076664221455
PG,fcf,10,ttm,69,2016-06-30,12121000000.0,2026-06-30,15147000000.0,9.998631074606434,2.253961550210648
PG,net_income,3,ttm,69,2023-06-30,14653000000.0,2026-06-30,16045000000.0,3.0006844626967832,3.0705817270959335
PG,net_income,5,ttm,69,2021-06-30,14306000000.0,2026-06-30,16045000000.0,4.999315537303217,2.321209320781592
PG,net_income,10,ttm,69,2016-06-30,10508000000.0,2026-06-30,16045000000.0,9.998631074606434,4.324060525967743
PG,ocf,3,ttm,69,2023-06-30,16848000000.0,2026-06-30,19556000000.0,3.0006844626967832,5.092640278664851
PG,ocf,5,ttm,69,2021-06-30,18371000000.0,2026-06-30,19556000000.0,4.999315537303217,1.2581968950825528
PG,ocf,10,ttm,69,2016-06-30,15435000000.0,2026-06-30,19556000000.0,9.998631074606434,2.3949991097816925
PG,revenue,3,ttm,69,2023-06-30,82006000000.0,2026-06-30,87033000000.0,3.0006844626967832,2.002498654743312
PG,revenue,5,ttm,69,2021-06-30,76118000000.0,2026-06-30,87033000000.0,4.999315537303217,2.716665064417234
PG,revenue,10,ttm,69,2016-06-30,65299000000.0,2026-06-30,87033000000.0,9.998631074606434,2.915183010701039
PGR,eps,3,ttm,67,2023-06-30,2.9185348720521826,2026-06-30,19.92,3.0006844626967832,89.66101068679262
PGR,eps,5,ttm,67,2021-06-30,9.295333667837433,2026-06-30,19.92,4.999315537303217,16.46996211973255
PGR,eps,10,ttm,67,2016-06-30,1.7990968389362771,2026-06-30,19.92,9.998631074606434,27.185551091913386
PGR,fcf,3,ttm,69,2023-06-30,7454700000.0,2026-06-30,15951000000.0,3.0006844626967832,28.85287990928882
PGR,fcf,5,ttm,69,2021-06-30,7754100000.0,2026-06-30,15951000000.0,4.999315537303217,15.520718438472914
PGR,fcf,10,ttm,69,2016-06-30,2248000000.0,2026-06-30,15951000000.0,9.998631074606434,21.64963546103287
PGR,net_income,3,ttm,70,2023-06-30,1744300000.0,2026-06-30,11695000000.0,3.0006844626967832,88.53711136098954
PGR,net_income,5,ttm,70,2021-06-30,5485200000.0,2026-06-30,11695000000.0,4.999315537303217,16.35111653943877
PGR,net_income,10,ttm,70,2016-06-30,1057800000.0,2026-06-30,11695000000.0,9.998631074606434,27.166861911164485
PGR,ocf,3,ttm,69,2023-06-30,7743600000.0,2026-06-30,16339000000.0,3.0006844626967832,28.253590062761113
PGR,ocf,5,ttm,69,2021-06-30,7965400000.0,2026-06-30,16339000000.0,4.999315537303217,15.454833779643717
PGR,ocf,10,ttm,69,2016-06-30,2434200000.0,2026-06-30,16339000000.0,9.998631074606434,20.975727438105295
PGR,revenue,3,ttm,70,2023-06-30,55907000000.0,2026-06-30,91055000000.0,3.0006844626967832,17.651218613693253
PGR,revenue,5,ttm,70,2021-06-30,45713700000.0,2026-06-30,91055000000.0,4.999315537303217,14.778271260861953
PGR,revenue,10,ttm,70,2016-06-30,22052000000.0,2026-06-30,91055000000.0,9.998631074606434,15.23754915944413
PH,eps,3,ttm,69,2023-06-30,16.04563202247191,2026-06-30,28.49,3.0006844626967832,21.085716417871268
PH,eps,5,ttm,69,2021-06-30,13.354687499999999,2026-06-30,28.49,4.999315537303217,16.364566037910635
PH,eps,10,ttm,69,2016-06-30,5.882064606741573,2026-06-30,28.49,9.998631074606434,17.09157467614466
PH,fcf,3,ttm,69,2023-06-30,2599000000.0,2026-06-30,3905000000.0,3.0006844626967832,14.531463164026249
PH,fcf,5,ttm,69,2021-06-30,2365044000.0,2026-06-30,3905000000.0,4.999315537303217,10.550911068025881
PH,fcf,10,ttm,69,2016-06-30,1061371000.0,2026-06-30,3905000000.0,9.998631074606434,13.915580578962473
PH,net_income,3,ttm,69,2023-06-30,2082936000.0,2026-06-30,3648000000.0,3.0006844626967832,20.53350791087516
PH,net_income,5,ttm,69,2021-06-30,1746100000.0,2026-06-30,3648000000.0,4.999315537303217,15.879311293798338
PH,net_income,10,ttm,69,2016-06-30,806840000.0,2026-06-30,3648000000.0,9.998631074606434,16.288217143322736
PH,ocf,3,ttm,69,2023-06-30,2980000000.0,2026-06-30,4364000000.0,3.0006844626967832,13.556037484789352
PH,ocf,5,ttm,69,2021-06-30,2575001000.0,2026-06-30,4364000000.0,4.999315537303217,11.129085748781886
PH,ocf,10,ttm,69,2016-06-30,1210778000.0,2026-06-30,4364000000.0,9.998631074606434,13.681460789126243
PH,revenue,3,ttm,69,2023-06-30,19065000000.0,2026-06-30,21499000000.0,3.0006844626967832,4.085408049851025
PH,revenue,5,ttm,69,2021-06-30,14347640000.0,2026-06-30,21499000000.0,4.999315537303217,8.425733059523743
PH,revenue,10,ttm,69,2016-06-30,11360753000.0,2026-06-30,21499000000.0,9.998631074606434,6.587163962585851
PHM,eps,3,ttm,63,2023-06-30,12.009999999999996,2026-06-30,9.79,3.0006844626967832,-6.584277532144711
PHM,eps,5,ttm,63,2021-06-30,6.189999999999998,2026-06-30,9.79,4.999315537303217,9.603357997252848
PHM,eps,10,ttm,63,2016-06-30,1.5199999999999996,2026-06-30,9.79,9.998631074606434,20.477233317015585
PHM,fcf,3,ttm,65,2023-06-30,1921526000.0,2026-06-30,1512443000.0,3.0006844626967832,-7.668018607297078
PHM,fcf,5,ttm,65,2021-06-30,1355383000.0,2026-06-30,1512443000.0,4.999315537303217,2.2173694539012523
PHM,net_income,3,ttm,66,2023-06-30,2762763000.0,2026-06-30,1906448000.0,3.0006844626967832,-11.629761289382067
PHM,net_income,5,ttm,66,2021-06-30,1662015000.0,2026-06-30,1906448000.0,4.999315537303217,2.7826088163804608
PHM,net_income,10,ttm,66,2016-06-30,536856000.0,2026-06-30,1906448000.0,9.998631074606434,13.512646823840214
PHM,ocf,3,ttm,65,2023-06-30,2016706000.0,2026-06-30,1626318000.0,3.0006844626967832,-6.91892353011233
PHM,ocf,5,ttm,65,2021-06-30,1408538000.0,2026-06-30,1626318000.0,4.999315537303217,2.9174672323652784
PHM,revenue,3,ttm,66,2023-06-30,16738102000.0,2026-06-30,16407076000.0,3.0006844626967832,-0.6634697881603757
PHM,revenue,5,ttm,66,2021-06-30,12236595000.0,2026-06-30,16407076000.0,4.999315537303217,6.041926329231884
PHM,revenue,10,ttm,66,2016-06-30,6800867000.0,2026-06-30,16407076000.0,9.998631074606434,9.207364702392873
PKG,eps,3,ttm,63,2023-06-30,9.48,2026-06-30,7.71,3.0006844626967832,-6.655477607767257
PKG,eps,5,ttm,63,2021-06-30,6.68,2026-06-30,7.71,4.999315537303217,2.9099313350191114
PKG,eps,10,ttm,63,2016-06-30,4.7,2026-06-30,7.71,9.998631074606434,5.074805557259632
PKG,fcf,3,ttm,65,2023-06-30,825500000.0,2026-06-30,742400000.0,3.0006844626967832,-3.4741135259568234
PKG,fcf,5,ttm,65,2021-06-30,502600000.0,2026-06-30,742400000.0,4.999315537303217,8.11544364826917
PKG,fcf,10,ttm,65,2016-06-30,545900000.0,2026-06-30,742400000.0,9.998631074606434,3.122709410001212
PKG,net_income,3,ttm,66,2023-06-30,866900000.0,2026-06-30,691700000.0,3.0006844626967832,-7.24790821162623
PKG,net_income,5,ttm,66,2021-06-30,636400000.0,2026-06-30,691700000.0,4.999315537303217,1.68069636427568
PKG,net_income,10,ttm,66,2016-06-30,451700000.0,2026-06-30,691700000.0,9.998631074606434,4.354048442796099
PKG,ocf,3,ttm,65,2023-06-30,1491000000.0,2026-06-30,1624100000.0,3.0006844626967832,2.8905646938712115
PKG,ocf,5,ttm,65,2021-06-30,989100000.0,2026-06-30,1624100000.0,4.999315537303217,10.428306066579097
PKG,ocf,10,ttm,65,2016-06-30,840300000.0,2026-06-30,1624100000.0,9.998631074606434,6.812420884813242
PKG,revenue,3,ttm,66,2023-06-30,8032700000.0,2026-06-30,9534700000.0,3.0006844626967832,5.878919685748074
PKG,revenue,5,ttm,66,2021-06-30,7095000000.0,2026-06-30,9534700000.0,4.999315537303217,6.089998011474185
PKG,revenue,10,ttm,66,2016-06-30,5680100000.0,2026-06-30,9534700000.0,9.998631074606434,5.316928562928092
PLD,eps,3,ttm,62,2023-03-31,3.743551637279597,2026-03-31,4.49,3.0006844626967832,6.246549296815318
PLD,eps,5,ttm,62,2021-03-31,2.0470780856423176,2026-03-31,4.49,4.999315537303217,17.012356808771266
PLD,eps,10,ttm,62,2016-03-31,1.5607556675062975,2026-03-31,4.49,9.998631074606434,11.146918109729299
PLD,fcf,3,ttm,33,2016-06-30,1306740000.0,2019-06-30,1932057000.0,2.9979466119096507,13.932866461033932
PLD,fcf,5,ttm,33,2014-06-30,515120000.0,2019-06-30,1932057000.0,4.999315537303217,30.26808385161852
PLD,fcf,10,ttm,33,2011-06-30,91569000.0,2019-06-30,1932057000.0,8.0,46.39759186199621
PLD,net_income,3,ttm,62,2023-03-31,2677234000.0,2026-03-31,3715698000.0,3.0006844626967832,11.54254138118791
PLD,net_income,5,ttm,62,2021-03-31,1356684000.0,2026-03-31,3715698000.0,4.999315537303217,22.327562630057418
PLD,net_income,10,ttm,62,2016-03-31,730661000.0,2026-03-31,3715698000.0,9.998631074606434,17.66359641258777
PLD,ocf,3,ttm,60,2023-03-31,4399200000.0,2026-03-31,5135817000.0,3.0006844626967832,5.294777787370375
PLD,ocf,5,ttm,60,2021-03-31,3074606000.0,2026-03-31,5135817000.0,4.999315537303217,10.807744621536353
PLD,ocf,10,ttm,60,2016-03-31,1318671000.0,2026-03-31,5135817000.0,9.998631074606434,14.565905697322545
PLD,revenue,3,ttm,34,2023-03-31,6523151000.0,2026-03-31,8948185000.0,3.0006844626967832,11.108871448575863
PLD,revenue,5,ttm,34,2021-03-31,4608810000.0,2026-03-31,8948185000.0,4.999315537303217,14.192378799799465
PLD,revenue,10,ttm,34,2017-12-31,2618134000.0,2026-03-31,8948185000.0,8.24640657084189,16.071159574887584
PLTR,fcf,3,ttm,24,2023-06-30,375354000.0,2026-06-30,3358272000.0,3.0006844626967832,107.56426233070937
PLTR,fcf,5,ttm,24,2021-06-30,61657000.0,2026-06-30,3358272000.0,4.999315537303217,122.47142417365842
PLTR,ocf,3,ttm,24,2023-06-30,403397000.0,2026-06-30,3400291000.0,3.0006844626967832,103.48110288159856
PLTR,ocf,5,ttm,24,2021-06-30,69353000.0,2026-06-30,3400291000.0,4.999315537303217,117.83941152992155
PLTR,revenue,3,ttm,25,2023-06-30,2045007000.0,2026-06-30,6155941000.0,3.0006844626967832,44.37660551143341
PLTR,revenue,5,ttm,25,2021-06-30,1328333000.0,2026-06-30,6155941000.0,4.999315537303217,35.89883495548383
PM,eps,3,ttm,67,2023-06-30,5.415482014388489,2026-06-30,7.28,3.0006844626967832,10.36253067994597
PM,eps,5,ttm,67,2021-06-30,5.960172661870503,2026-06-30,7.28,4.999315537303217,4.082301378176445
PM,eps,10,ttm,67,2016-06-30,4.378474820143885,2026-06-30,7.28,9.998631074606434,5.216505909665048
PM,fcf,3,ttm,69,2023-06-30,7410000000.0,2026-06-30,12722000000.0,3.0006844626967832,19.736864076575156
PM,fcf,5,ttm,69,2021-06-30,10242000000.0,2026-06-30,12722000000.0,4.999315537303217,4.432747171203855
PM,fcf,10,ttm,69,2016-06-30,6374000000.0,2026-06-30,12722000000.0,9.998631074606434,7.156480875446847
PM,net_income,3,ttm,70,2023-06-30,8047000000.0,2026-06-30,10874000000.0,3.0006844626967832,10.554179889241233
PM,net_income,5,ttm,70,2021-06-30,8873000000.0,2026-06-30,10874000000.0,4.999315537303217,4.151657972498857
PM,net_income,10,ttm,70,2016-06-30,6509000000.0,2026-06-30,10874000000.0,9.998631074606434,5.266590599044485
PM,ocf,3,ttm,69,2023-06-30,8648000000.0,2026-06-30,14264000000.0,3.0006844626967832,18.147723763330003
PM,ocf,5,ttm,69,2021-06-30,10841000000.0,2026-06-30,14264000000.0,4.999315537303217,5.64225437386181
PM,ocf,10,ttm,69,2016-06-30,7401000000.0,2026-06-30,14264000000.0,9.998631074606434,6.782231877486611
PM,revenue,3,ttm,70,2023-06-30,33170000000.0,2026-06-30,42545000000.0,3.0006844626967832,8.649099867593634
PM,revenue,5,ttm,70,2021-06-30,30069000000.0,2026-06-30,42545000000.0,4.999315537303217,7.188954741461662
PM,revenue,10,ttm,70,2016-06-30,73622000000.0,2026-06-30,42545000000.0,9.998631074606434,-5.336876351466491
PNC,eps,3,ttm,67,2023-06-30,14.553962575674184,2026-06-30,18.15,3.0006844626967832,7.636070349503532
PNC,eps,5,ttm,67,2021-06-30,13.125536598789212,2026-06-30,18.15,4.999315537303217,6.6978741770689965
PNC,eps,10,ttm,67,2016-06-30,7.252008805723719,2026-06-30,18.15,9.998631074606434,9.609270027207483
PNC,net_income,3,ttm,66,2023-06-30,5897000000.0,2026-06-30,7360000000.0,3.0006844626967832,7.6650907571014
PNC,net_income,5,ttm,66,2021-06-30,5621000000.0,2026-06-30,7360000000.0,4.999315537303217,5.53974761737821
PNC,net_income,10,ttm,66,2016-06-30,3711000000.0,2026-06-30,7360000000.0,9.998631074606434,7.088480806185227
PNC,ocf,3,ttm,61,2023-06-30,12572000000.0,2026-06-30,7488000000.0,3.0006844626967832,-15.859659526368597
PNC,ocf,5,ttm,61,2021-06-30,4523000000.0,2026-06-30,7488000000.0,4.999315537303217,10.60986051247086
PNC,ocf,10,ttm,61,2016-06-30,4630000000.0,2026-06-30,7488000000.0,9.998631074606434,4.925571403777496
PNC,revenue,3,ttm,66,2023-06-30,22208000000.0,2026-06-30,25026000000.0,3.0006844626967832,4.061492952341728
PNC,revenue,5,ttm,66,2021-06-30,17376000000.0,2026-06-30,25026000000.0,4.999315537303217,7.570370624836609
PNC,revenue,10,ttm,66,2016-06-30,15087000000.0,2026-06-30,25026000000.0,9.998631074606434,5.191794548997719
PNR,eps,3,ttm,62,2023-03-31,2.8434313725490195,2026-03-31,3.88,3.0006844626967832,10.913921646692803
PNR,eps,5,ttm,62,2021-03-31,2.348921568627451,2026-03-31,3.88,4.999315537303217,10.560147719196934
PNR,fcf,3,ttm,64,2023-03-31,304100000.0,2026-03-31,715800000.0,3.0006844626967832,33.01383765810228
PNR,fcf,5,ttm,64,2021-03-31,660300000.0,2026-03-31,715800000.0,4.999315537303217,1.627452471839752
PNR,fcf,10,ttm,64,2016-03-31,768200000.0,2026-03-31,715800000.0,9.998631074606434,-0.7040994255043787
PNR,net_income,3,ttm,61,2023-03-31,493000000.0,2026-03-31,671300000.0,3.0006844626967832,10.835711984427965
PNR,net_income,5,ttm,61,2021-03-31,414500000.0,2026-03-31,671300000.0,4.999315537303217,10.124552361847305
PNR,ocf,3,ttm,64,2023-03-31,388200000.0,2026-03-31,786300000.0,3.0006844626967832,26.51857000924811
PNR,ocf,5,ttm,64,2021-03-31,717000000.0,2026-03-31,786300000.0,4.999315537303217,1.8626384697706833
PNR,ocf,10,ttm,64,2016-03-31,857500000.0,2026-03-31,786300000.0,9.998631074606434,-0.8631993343425792
PNR,revenue,3,ttm,65,2023-03-31,4150800000.0,2026-03-31,4202300000.0,3.0006844626967832,0.4117820015397289
PNR,revenue,5,ttm,65,2021-03-31,3173700000.0,2026-03-31,4202300000.0,4.999315537303217,5.77610593241713
PNR,revenue,10,ttm,65,2016-03-31,4758900000.0,2026-03-31,4202300000.0,9.998631074606434,-1.2363099531819577
PNW,eps,3,ttm,63,2023-06-30,3.570000000000001,2026-06-30,5.21,3.0006844626967832,13.425495872780612
PNW,eps,5,ttm,63,2021-06-30,5.120000000000001,2026-06-30,5.21,4.999315537303217,0.3491642119873184
PNW,eps,10,ttm,63,2016-06-30,3.790000000000001,2026-06-30,5.21,9.998631074606434,3.2337594866318486
PNW,net_income,3,ttm,66,2023-06-30,405700000.0,2026-06-30,640105000.0,3.0006844626967832,16.41269560587211
PNW,net_income,5,ttm,66,2021-06-30,578319000.0,2026-06-30,640105000.0,4.999315537303217,2.0511631095339267
PNW,net_income,10,ttm,66,2016-06-30,423994000.0,2026-06-30,640105000.0,9.998631074606434,4.2057299428026385
PNW,ocf,3,ttm,65,2023-06-30,1090768000.0,2026-06-30,1771041000.0,3.0006844626967832,17.530180750113388
PNW,ocf,5,ttm,65,2021-06-30,909683000.0,2026-06-30,1771041000.0,4.999315537303217,14.255109285348144
PNW,ocf,10,ttm,65,2016-06-30,1122508000.0,2026-06-30,1771041000.0,9.998631074606434,4.666241313090547
PNW,revenue,3,ttm,66,2023-06-30,4545843000.0,2026-06-30,5554254000.0,3.0006844626967832,6.904786912819172
PNW,revenue,5,ttm,66,2021-06-30,3692186000.0,2026-06-30,5554254000.0,4.999315537303217,8.510880886662742
PNW,revenue,10,ttm,66,2016-06-30,3526137000.0,2026-06-30,5554254000.0,9.998631074606434,4.649066121486745
PODD,eps,3,ttm,63,2023-06-30,0.901688555347092,2026-06-30,5.340000000000001,3.0006844626967832,80.89899941773618
PODD,fcf,3,ttm,61,2023-06-30,30200000.0,2026-06-30,293700000.0,3.0006844626967832,113.41448233295588
PODD,net_income,3,ttm,63,2023-06-30,62900000.0,2026-06-30,375300000.0,3.0006844626967832,81.34976253727062
PODD,ocf,3,ttm,61,2023-06-30,151900000.0,2026-06-30,511200000.0,3.0006844626967832,49.843399719900106
PODD,ocf,5,ttm,61,2021-06-30,44400000.0,2026-06-30,511200000.0,4.999315537303217,63.03116548798351
PODD,revenue,3,ttm,63,2023-06-30,1222300000.0,2026-06-30,3053500000.0,3.0006844626967832,35.67811613283911
PODD,revenue,5,ttm,63,2021-06-30,989500000.0,2026-06-30,3053500000.0,4.999315537303217,25.28233108166471
PODD,revenue,10,ttm,63,2016-06-30,323737000.0,2026-06-30,3053500000.0,9.998631074606434,25.162405736747438
PPG,eps,3,ttm,66,2023-03-31,5.319472182596291,2026-03-31,6.97,3.0006844626967832,9.423975286220433
PPG,eps,5,ttm,66,2021-03-31,4.9814122681883015,2026-03-31,6.97,4.999315537303217,6.949818762514104
PPG,eps,10,ttm,66,2016-03-31,5.239928673323822,2026-03-31,6.97,9.998631074606434,2.894565292410145
PPG,fcf,3,ttm,68,2023-03-31,940000000.0,2026-03-31,1227000000.0,3.0006844626967832,9.28572506213925
PPG,fcf,5,ttm,68,2021-03-31,1919000000.0,2026-03-31,1227000000.0,4.999315537303217,-8.55739300665207
PPG,fcf,10,ttm,68,2016-03-31,1975000000.0,2026-03-31,1227000000.0,9.998631074606434,-4.649073789075453
PPG,net_income,3,ttm,69,2023-03-31,1272000000.0,2026-03-31,1585000000.0,3.0006844626967832,7.606900110419201
PPG,net_income,5,ttm,69,2021-03-31,1194000000.0,2026-03-31,1585000000.0,4.999315537303217,5.829892907885537
PPG,net_income,10,ttm,69,2016-03-31,1431000000.0,2026-03-31,1585000000.0,9.998631074606434,1.027491820606019
PPG,ocf,3,ttm,68,2023-03-31,1352000000.0,2026-03-31,1992000000.0,3.0006844626967832,13.786677548978776
PPG,ocf,5,ttm,68,2021-03-31,2266000000.0,2026-03-31,1992000000.0,4.999315537303217,-2.5449489963601635
PPG,ocf,10,ttm,68,2016-03-31,2403000000.0,2026-03-31,1992000000.0,9.998631074606434,-1.8585566049744928
PPG,revenue,3,ttm,69,2023-03-31,15686000000.0,2026-03-31,16121000000.0,3.0006844626967832,0.9157655597078262
PPG,revenue,5,ttm,69,2021-03-31,14338000000.0,2026-03-31,16121000000.0,4.999315537303217,2.372208903013906
PPG,revenue,10,ttm,69,2016-03-31,14788000000.0,2026-03-31,16121000000.0,9.998631074606434,0.86692163980433
PPL,eps,3,ttm,66,2023-03-31,1.082012195121951,2026-03-31,1.6899999999999997,3.0006844626967832,16.021050115866544
PPL,eps,10,ttm,66,2016-03-31,0.7728658536585364,2026-03-31,1.6899999999999997,9.998631074606434,8.139139761052828
PPL,net_income,3,ttm,69,2023-03-31,768000000.0,2026-03-31,1219000000.0,3.0006844626967832,16.644851046778264
PPL,net_income,10,ttm,69,2016-03-31,516000000.0,2026-03-31,1219000000.0,9.998631074606434,8.978421241437328
PPL,ocf,3,ttm,68,2023-03-31,1658000000.0,2026-03-31,2673000000.0,3.0006844626967832,17.252570822186964
PPL,ocf,5,ttm,68,2021-03-31,2717000000.0,2026-03-31,2673000000.0,4.999315537303217,-0.32604987164350785
PPL,ocf,10,ttm,68,2016-03-31,2499000000.0,2026-03-31,2673000000.0,9.998631074606434,0.6754710938135178
PPL,revenue,3,ttm,60,2023-03-31,8485000000.0,2026-03-31,9409000000.0,3.0006844626967832,3.5047928853926935
PPL,revenue,5,ttm,60,2021-03-31,5516000000.0,2026-03-31,9409000000.0,4.999315537303217,11.273101353727188
PPL,revenue,10,ttm,60,2016-03-31,7450000000.0,2026-03-31,9409000000.0,9.998631074606434,2.362316994969982
PRU,eps,3,ttm,67,2023-06-30,4.889999999999999,2026-06-30,11.03,3.0006844626967832,31.138040733369742
PRU,eps,5,ttm,67,2021-06-30,18.109999999999996,2026-06-30,11.03,4.999315537303217,-9.442272444249777
PRU,eps,10,ttm,67,2016-06-30,9.729999999999999,2026-06-30,11.03,9.998631074606434,1.2621194029048155
PRU,net_income,3,ttm,70,2023-06-30,1829000000.0,2026-06-30,3918000000.0,3.0006844626967832,28.901633055978927
PRU,net_income,5,ttm,70,2021-06-30,7292000000.0,2026-06-30,3918000000.0,4.999315537303217,-11.684655556779555
PRU,net_income,10,ttm,70,2016-06-30,4457000000.0,2026-06-30,3918000000.0,9.998631074606434,-1.280848625589015
PRU,ocf,3,ttm,69,2023-06-30,6223000000.0,2026-06-30,10969000000.0,3.0006844626967832,20.791681804777994
PRU,ocf,10,ttm,69,2016-06-30,23991000000.0,2026-06-30,10969000000.0,9.998631074606434,-7.528646332352862
PRU,revenue,3,ttm,70,2023-06-30,64177000000.0,2026-06-30,64765000000.0,3.0006844626967832,0.3044078002240269
PRU,revenue,5,ttm,70,2021-06-30,64323000000.0,2026-06-30,64765000000.0,4.999315537303217,0.13707398033748763
PRU,revenue,10,ttm,70,2016-06-30,56623000000.0,2026-06-30,64765000000.0,9.998631074606434,1.3527526611406326
PSA,eps,3,ttm,67,2023-06-30,23.122063037249287,2026-06-30,10.48,3.0006844626967832,-23.180578757920355
PSA,eps,5,ttm,67,2021-06-30,7.276943648519581,2026-06-30,10.48,4.999315537303217,7.568915925901765
PSA,eps,10,ttm,67,2016-06-30,6.326036294173831,2026-06-30,10.48,9.998631074606434,5.178255152928202
PSA,fcf,3,ttm,44,2017-03-31,1869148000.0,2020-03-31,1848952000.0,3.0006844626967832,-0.36138681835936604
PSA,fcf,5,ttm,44,2015-03-31,1577638000.0,2020-03-31,1848952000.0,5.002053388090349,3.2233613700502373
PSA,fcf,10,ttm,44,2010-03-31,1027449000.0,2020-03-31,1848952000.0,10.001368925393566,6.050578948841667
PSA,net_income,3,ttm,70,2023-06-30,4277091000.0,2026-06-30,2044371000.0,3.0006844626967832,-21.808157045012067
PSA,net_income,5,ttm,70,2021-06-30,1519596000.0,2026-06-30,2044371000.0,4.999315537303217,6.113305108741751
PSA,net_income,10,ttm,70,2016-06-30,1377359000.0,2026-06-30,2044371000.0,9.998631074606434,4.0288036996152465
PSA,ocf,3,ttm,69,2023-06-30,3242661000.0,2026-06-30,3171916000.0,3.0006844626967832,-0.7324191662021251
PSA,ocf,5,ttm,69,2021-06-30,2171283000.0,2026-06-30,3171916000.0,4.999315537303217,7.876179281634665
PSA,ocf,10,ttm,69,2016-06-30,1873368000.0,2026-06-30,3171916000.0,9.998631074606434,5.407858256173537
PSA,revenue,3,ttm,70,2023-06-30,4390675000.0,2026-06-30,4890457000.0,3.0006844626967832,3.6579202893246343
PSA,revenue,5,ttm,70,2021-06-30,3079658000.0,2026-06-30,4890457000.0,4.999315537303217,9.691983719801778
PSA,revenue,10,ttm,70,2016-06-30,2474176000.0,2026-06-30,4890457000.0,9.998631074606434,7.05228384795118
PSX,eps,3,ttm,55,2023-06-30,23.37,2026-06-30,17.52,3.0006844626967832,-9.154941229479208
PSX,eps,10,ttm,55,2016-06-30,5.75,2026-06-30,17.52,9.998631074606434,11.787501706261615
PSX,net_income,3,ttm,59,2023-06-30,10933000000.0,2026-06-30,7093000000.0,3.0006844626967832,-13.427925449140755
PSX,net_income,10,ttm,59,2016-06-30,3109000000.0,2026-06-30,7093000000.0,9.998631074606434,8.599000465877626
PSX,ocf,3,ttm,59,2023-06-30,10048000000.0,2026-06-30,8925000000.0,3.0006844626967832,-3.8726921238873557
PSX,ocf,5,ttm,59,2021-06-30,3144000000.0,2026-06-30,8925000000.0,4.999315537303217,23.207613388073135
PSX,ocf,10,ttm,59,2016-06-30,4347000000.0,2026-06-30,8925000000.0,9.998631074606434,7.459826693521876
PSX,revenue,3,ttm,59,2023-06-30,154720000000.0,2026-06-30,152167000000.0,3.0006844626967832,-0.5529533703122702
PSX,revenue,5,ttm,59,2021-06-30,80967000000.0,2026-06-30,152167000000.0,4.999315537303217,13.4514338783984
PSX,revenue,10,ttm,59,2016-06-30,86943000000.0,2026-06-30,152167000000.0,9.998631074606434,5.757679672806759
PTC,eps,3,ttm,64,2023-06-30,2.5774999999999997,2026-06-30,10.31,3.0006844626967832,58.72337398367207
PTC,eps,5,ttm,64,2021-06-30,2.0058365758754864,2026-06-30,10.31,4.999315537303217,38.74332288101452
PTC,fcf,3,ttm,65,2023-06-30,572039000.0,2026-06-30,935484000.0,3.0006844626967832,17.81140446463816
PTC,fcf,5,ttm,65,2021-06-30,341016000.0,2026-06-30,935484000.0,4.999315537303217,22.367002639376942
PTC,fcf,10,ttm,65,2016-07-02,130413000.0,2026-06-30,935484000.0,9.99315537303217,21.795195959681955
PTC,net_income,3,ttm,66,2023-06-30,306774000.0,2026-06-30,1223814000.0,3.0006844626967832,58.58177236102004
PTC,net_income,5,ttm,66,2021-06-30,237386000.0,2026-06-30,1223814000.0,4.999315537303217,38.826241566968854
PTC,ocf,3,ttm,65,2023-06-30,599591000.0,2026-06-30,955321000.0,3.0006844626967832,16.792787838616906
PTC,ocf,5,ttm,65,2021-06-30,357462000.0,2026-06-30,955321000.0,4.999315537303217,21.72942728638281
PTC,ocf,10,ttm,65,2016-07-02,157036000.0,2026-06-30,955321000.0,9.99315537303217,19.80328289654214
PTC,revenue,3,ttm,66,2023-06-30,2058358000.0,2026-06-30,2953972000.0,3.0006844626967832,12.793279894411636
PTC,revenue,5,ttm,66,2021-06-30,1717484000.0,2026-06-30,2953972000.0,4.999315537303217,11.457470802374491
PTC,revenue,10,ttm,66,2016-07-02,1164864000.0,2026-06-30,2953972000.0,9.99315537303217,9.759165212666755
PWR,eps,3,ttm,67,2023-06-30,3.924490263459337,2026-06-30,8.74,3.0006844626967832,30.581890869111096
PWR,eps,5,ttm,67,2021-06-30,3.72426116838488,2026-06-30,8.74,4.999315537303217,18.605384318407104
PWR,eps,10,ttm,67,2016-06-30,1.3615578465063005,2026-06-30,8.74,9.998631074606434,20.4366283335903
PWR,fcf,3,ttm,70,2023-06-30,710597000.0,2026-06-30,2391158000.0,3.0006844626967832,49.83786143318321
PWR,fcf,5,ttm,70,2021-06-30,403331000.0,2026-06-30,2391158000.0,4.999315537303217,42.76130168599812
PWR,fcf,10,ttm,70,2016-06-30,418997000.0,2026-06-30,2391158000.0,9.998631074606434,19.02826192089
PWR,net_income,3,ttm,70,2023-06-30,599927000.0,2026-06-30,1340415000.0,3.0006844626967832,30.723523063092628
PWR,net_income,5,ttm,70,2021-06-30,539758000.0,2026-06-30,1340415000.0,4.999315537303217,19.95513817816308
PWR,net_income,10,ttm,70,2016-06-30,248372000.0,2026-06-30,1340415000.0,9.998631074606434,18.365105151456795
PWR,ocf,3,ttm,70,2023-06-30,1092313000.0,2026-06-30,3178249000.0,3.0006844626967832,42.750730007378365
PWR,ocf,5,ttm,70,2021-06-30,705510000.0,2026-06-30,3178249000.0,4.999315537303217,35.130955734087266
PWR,ocf,10,ttm,70,2016-06-30,616518000.0,2026-06-30,3178249000.0,9.998631074606434,17.824055541773664
PWR,revenue,3,ttm,35,2023-06-30,18353811000.0,2026-06-30,32905140000.0,3.0006844626967832,21.476765151779876
PWR,revenue,5,ttm,35,2021-06-30,11635743000.0,2026-06-30,32905140000.0,4.999315537303217,23.113672554001894
PWR,revenue,10,ttm,35,2017-12-31,9466478000.0,2026-06-30,32905140000.0,8.49555099247091,15.794852786755698
PYPL,eps,3,ttm,46,2023-03-31,2.3422889305816135,2026-03-31,5.29,3.0006844626967832,31.193252780034307
PYPL,eps,5,ttm,46,2021-03-31,4.357054409005629,2026-03-31,5.29,4.999315537303217,3.9572649724407327
PYPL,eps,10,ttm,46,2016-03-31,1.0917448405253285,2026-03-31,5.29,9.998631074606434,17.09620911094283
PYPL,fcf,3,ttm,44,2023-03-31,5081000000.0,2026-03-31,5503000000.0,3.0006844626967832,2.6945677732154616
PYPL,fcf,5,ttm,44,2021-03-31,5675000000.0,2026-03-31,5503000000.0,4.999315537303217,-0.6137364767387021
PYPL,fcf,10,ttm,44,2016-03-31,2079000000.0,2026-03-31,5503000000.0,9.998631074606434,10.225046371213153
PYPL,net_income,3,ttm,46,2023-03-31,2705000000.0,2026-03-31,5059000000.0,3.0006844626967832,23.20030883984241
PYPL,net_income,5,ttm,46,2021-03-31,5215000000.0,2026-03-31,5059000000.0,4.999315537303217,-0.6056467445654801
PYPL,net_income,10,ttm,46,2016-03-31,1338000000.0,2026-03-31,5059000000.0,9.998631074606434,14.2269983840845
PYPL,ocf,3,ttm,44,2023-03-31,5766000000.0,2026-03-31,6390000000.0,3.0006844626967832,3.4837155640799145
PYPL,ocf,5,ttm,44,2021-03-31,6556000000.0,2026-03-31,6390000000.0,4.999315537303217,-0.5116844875118209
PYPL,ocf,10,ttm,44,2016-03-31,2740000000.0,2026-03-31,6390000000.0,9.998631074606434,8.837877661969372
PYPL,revenue,3,ttm,46,2023-03-31,28075000000.0,2026-03-31,33734000000.0,3.0006844626967832,6.310614459925024
PYPL,revenue,5,ttm,46,2021-03-31,22869000000.0,2026-03-31,33734000000.0,4.999315537303217,8.085828512443216
PYPL,revenue,10,ttm,46,2016-03-31,9655000000.0,2026-03-31,33734000000.0,9.998631074606434,13.328461981255213
QCOM,eps,3,ttm,68,2023-06-25,7.629999999999999,2026-06-28,8.76,3.0088980150581794,4.696958375093141
QCOM,eps,5,ttm,68,2021-06-27,8.0,2026-06-28,8.76,5.002053388090349,1.830901338085944
QCOM,eps,10,ttm,68,2016-06-26,3.41,2026-06-28,8.76,10.004106776180699,9.889994619799669
QCOM,fcf,3,ttm,69,2023-06-25,6864000000.0,2026-06-28,10416000000.0,3.0088980150581794,14.867197066163618
QCOM,fcf,5,ttm,69,2021-06-27,9394000000.0,2026-06-28,10416000000.0,5.002053388090349,2.0860501704224266
QCOM,fcf,10,ttm,69,2016-06-26,6432000000.0,2026-06-28,10416000000.0,10.004106776180699,4.936578402138592
QCOM,net_income,3,ttm,70,2023-06-25,8615000000.0,2026-06-28,9259000000.0,3.0088980150581794,2.4248661193247756
QCOM,net_income,5,ttm,70,2021-06-27,9204000000.0,2026-06-28,9259000000.0,5.002053388090349,0.1191796331391215
QCOM,net_income,10,ttm,70,2016-06-26,5167000000.0,2026-06-28,9259000000.0,10.004106776180699,6.003977930728599
QCOM,ocf,3,ttm,69,2023-06-25,8655000000.0,2026-06-28,12401000000.0,3.0088980150581794,12.696193860593596
QCOM,ocf,5,ttm,69,2021-06-27,11200000000.0,2026-06-28,12401000000.0,5.002053388090349,2.0573071244861962
QCOM,ocf,10,ttm,69,2016-06-26,7000000000.0,2026-06-28,12401000000.0,10.004106776180699,5.882861924290195
QCOM,revenue,3,ttm,70,2023-06-25,38584000000.0,2026-06-28,44069000000.0,3.0088980150581794,4.516553279179458
QCOM,revenue,5,ttm,70,2021-06-27,32576000000.0,2026-06-28,44069000000.0,5.002053388090349,6.227341617791127
QCOM,revenue,10,ttm,70,2016-06-26,22826000000.0,2026-06-28,44069000000.0,10.004106776180699,6.79689097912064
RCL,eps,10,ttm,67,2016-06-30,3.504326328800989,2026-06-30,16.2,9.998631074606434,16.546745516552065
RCL,net_income,10,ttm,67,2016-06-30,764631000.0,2026-06-30,4398000000.0,9.998631074606434,19.121659479733076
RCL,ocf,3,ttm,67,2023-06-30,3233207000.0,2026-06-30,6786000000.0,3.0006844626967832,28.027215548845994
RCL,ocf,10,ttm,67,2016-06-30,2176933000.0,2026-06-30,6786000000.0,9.998631074606434,12.042718990505442
RCL,revenue,3,ttm,67,2023-06-30,12005527000.0,2026-06-30,18682000000.0,3.0006844626967832,15.877587417069794
RCL,revenue,5,ttm,67,2021-06-30,93378000.0,2026-06-30,18682000000.0,4.999315537303217,188.60162456597135
RCL,revenue,10,ttm,67,2016-06-30,8448210000.0,2026-06-30,18682000000.0,9.998631074606434,8.260638829375267
RDDT,revenue,3,ttm,11,2023-12-31,804029000.0,2026-06-30,2778834000.0,2.4969199178644765,64.3244201063769
REG,eps,3,ttm,62,2023-03-31,2.2706849315068496,2026-03-31,2.96,3.0006844626967832,9.236939389422716
REG,eps,5,ttm,62,2021-03-31,0.892054794520548,2026-03-31,2.96,4.999315537303217,27.11426753349251
REG,eps,10,ttm,62,2016-03-31,1.6016438356164384,2026-03-31,2.96,9.998631074606434,6.334998241596157
REG,net_income,3,ttm,62,2023-03-31,384918000.0,2026-03-31,546422000.0,3.0006844626967832,12.385017097721729
REG,net_income,5,ttm,62,2021-03-31,150877000.0,2026-03-31,546422000.0,4.999315537303217,29.358905205697106
REG,net_income,10,ttm,62,2016-03-31,151697000.0,2026-03-31,546422000.0,9.998631074606434,13.674417714554421
REG,ocf,3,ttm,28,2023-03-31,675022000.0,2026-03-31,819390000.0,3.0006844626967832,6.6721816551614355
REG,ocf,5,ttm,28,2021-03-31,512802000.0,2026-03-31,819390000.0,4.999315537303217,9.828174034972047
REG,revenue,3,ttm,48,2023-03-31,1238566000.0,2026-03-31,1585065000.0,3.0006844626967832,8.567831160612393
REG,revenue,5,ttm,48,2021-03-31,1007220000.0,2026-03-31,1585065000.0,4.999315537303217,9.493903623567789
REG,revenue,10,ttm,48,2017-12-31,984326000.0,2026-03-31,1585065000.0,8.24640657084189,5.947496942582986
REGN,eps,3,ttm,63,2023-06-30,37.819363546310065,2026-06-30,40.39000000000001,3.0006844626967832,2.2157236373423705
REGN,eps,5,ttm,63,2021-06-30,55.703791480931166,2026-06-30,40.39000000000001,4.999315537303217,-6.2278234652800695
REGN,eps,10,ttm,63,2016-06-30,6.441594848935118,2026-06-30,40.39000000000001,9.998631074606434,20.154201158886465
REGN,fcf,3,ttm,65,2023-06-30,4152900000.0,2026-06-30,3760400000.0,3.0006844626967832,-3.2544936778385436
REGN,fcf,5,ttm,65,2021-06-30,1693500000.0,2026-06-30,3760400000.0,4.999315537303217,17.300335737587268
REGN,fcf,10,ttm,65,2016-06-30,1052356000.0,2026-06-30,3760400000.0,9.998631074606434,13.583359129068118
REGN,net_income,3,ttm,66,2023-06-30,4299000000.0,2026-06-30,4328700000.0,3.0006844626967832,0.22970535378543655
REGN,net_income,5,ttm,66,2021-06-30,6205400000.0,2026-06-30,4328700000.0,4.999315537303217,-6.950668267595351
REGN,net_income,10,ttm,66,2016-06-30,742995000.0,2026-06-30,4328700000.0,9.998631074606434,19.274509290675223
REGN,ocf,3,ttm,65,2023-06-30,4738800000.0,2026-06-30,4681300000.0,3.0006844626967832,-0.40601702208454826
REGN,ocf,5,ttm,65,2021-06-30,2271900000.0,2026-06-30,4681300000.0,4.999315537303217,15.55907313328131
REGN,ocf,10,ttm,65,2016-06-30,1619164000.0,2026-06-30,4681300000.0,9.998631074606434,11.202327198208373
REGN,revenue,3,ttm,66,2023-06-30,12670800000.0,2026-06-30,15534700000.0,3.0006844626967832,7.026884295334823
REGN,revenue,5,ttm,66,2021-06-30,12384100000.0,2026-06-30,15534700000.0,4.999315537303217,4.638228748001971
REGN,revenue,10,ttm,66,2016-06-30,4648977000.0,2026-06-30,15534700000.0,9.998631074606434,12.82405918474434
RF,eps,3,ttm,67,2023-06-30,2.3499999999999996,2026-06-30,2.46,3.0006844626967832,1.5361996464521743
RF,eps,5,ttm,67,2021-06-30,2.54,2026-06-30,2.46,4.999315537303217,-0.6380977068981442
RF,eps,10,ttm,67,2016-06-30,0.79,2026-06-30,2.46,9.998631074606434,12.030830514300629
RF,net_income,3,ttm,66,2023-06-30,2307000000.0,2026-06-30,2232000000.0,3.0006844626967832,-1.095369849608252
RF,net_income,5,ttm,66,2021-06-30,2578000000.0,2026-06-30,2232000000.0,4.999315537303217,-2.8415580805245755
RF,net_income,10,ttm,66,2016-06-30,1091000000.0,2026-06-30,2232000000.0,9.998631074606434,7.4214969546234855
RF,ocf,3,ttm,64,2023-06-30,2190000000.0,2026-06-30,1778000000.0,3.0006844626967832,-6.709784573384847
RF,ocf,5,ttm,64,2021-06-30,2108000000.0,2026-06-30,1778000000.0,4.999315537303217,-3.348142391028208
RF,ocf,10,ttm,64,2016-06-30,2076000000.0,2026-06-30,1778000000.0,9.998631074606434,-1.5378035943995894
RF,revenue,3,annual,6,2018-12-31,71000000.0,2021-12-31,104000000.0,3.0006844626967832,13.565319128477782
RF,revenue,5,annual,6,2016-12-31,58000000.0,2021-12-31,104000000.0,4.999315537303217,12.390088561967595
RJF,eps,3,ttm,64,2023-06-30,7.906202090592335,2026-06-30,11.46,3.0006844626967832,13.16878264060033
RJF,eps,5,ttm,64,2021-06-30,5.600226480836237,2026-06-30,11.46,4.999315537303217,15.39960457165741
RJF,eps,10,ttm,64,2016-06-30,2.2294425087108016,2026-06-30,11.46,9.998631074606434,17.790039722593566
RJF,fcf,5,ttm,57,2021-06-30,3437000000.0,2026-06-30,1442000000.0,4.999315537303217,-15.948239051515056
RJF,fcf,10,ttm,57,2016-06-30,284511000.0,2026-06-30,1442000000.0,9.998631074606434,17.62408829815165
RJF,net_income,3,ttm,58,2023-06-30,1744000000.0,2026-06-30,2306000000.0,3.0006844626967832,9.756028439207821
RJF,net_income,5,ttm,58,2021-06-30,1183000000.0,2026-06-30,2306000000.0,4.999315537303217,14.283320176997272
RJF,net_income,10,ttm,58,2016-06-30,486866000.0,2026-06-30,2306000000.0,9.998631074606434,16.829961419070937
RJF,ocf,5,ttm,57,2021-06-30,3563000000.0,2026-06-30,1639000000.0,4.999315537303217,-14.386275277419713
RJF,ocf,10,ttm,57,2016-06-30,393475000.0,2026-06-30,1639000000.0,9.998631074606434,15.338597146830057
RJF,revenue,3,ttm,58,2023-06-30,12478000000.0,2026-06-30,16990000000.0,3.0006844626967832,10.833897851293361
RJF,revenue,5,ttm,58,2021-06-30,9301000000.0,2026-06-30,16990000000.0,4.999315537303217,12.80800318455022
RJF,revenue,10,ttm,58,2016-06-30,5397463000.0,2026-06-30,16990000000.0,9.998631074606434,12.152042866192758
RL,eps,3,ttm,66,2023-07-01,7.8100000000000005,2026-06-27,15.87,2.9897330595482545,26.763564741667633
RL,eps,5,ttm,66,2021-06-26,2.2800000000000002,2026-06-27,15.87,5.002053388090349,47.38701847876561
RL,eps,10,ttm,66,2016-07-02,3.62,2026-06-27,15.87,9.984941820670773,15.953439374787258
RL,fcf,3,ttm,64,2022-12-31,82000000.0,2025-12-27,694500000.0,2.9897330595482545,104.33757805821067
RL,fcf,5,ttm,64,2020-12-26,206100000.0,2025-12-27,694500000.0,5.002053388090349,27.489828003997307
RL,fcf,10,ttm,64,2015-12-26,439100000.0,2025-12-27,694500000.0,10.004106776180699,4.689399260963523
RL,net_income,3,ttm,66,2023-07-01,531400000.0,2026-06-27,982900000.0,2.9897330595482545,22.838638439971092
RL,net_income,5,ttm,66,2021-06-26,171300000.0,2026-06-27,982900000.0,5.002053388090349,41.80387525033575
RL,net_income,10,ttm,66,2016-07-02,310100000.0,2026-06-27,982900000.0,9.984941820670773,12.247405970080095
RL,ocf,3,ttm,66,2023-07-01,636400000.0,2026-06-27,1317400000.0,2.9897330595482545,27.553056533532462
RL,ocf,5,ttm,66,2021-06-26,698800000.0,2026-06-27,1317400000.0,5.002053388090349,13.514239688393781
RL,ocf,10,ttm,66,2016-07-02,927600000.0,2026-06-27,1317400000.0,9.984941820670773,3.575888790337678
RL,revenue,3,ttm,66,2023-07-01,6449500000.0,2026-06-27,8355200000.0,2.9897330595482545,9.044968811893895
RL,revenue,5,ttm,66,2021-06-26,5289600000.0,2026-06-27,8355200000.0,5.002053388090349,9.569707843592813
RL,revenue,10,ttm,66,2016-07-02,7339400000.0,2026-06-27,8355200000.0,9.984941820670773,1.3066884568542214
RMD,eps,3,ttm,65,2023-06-30,6.095838926174497,2026-06-30,10.44,3.0006844626967832,19.638576941757634
RMD,eps,5,ttm,65,2021-06-30,3.243106423777565,2026-06-30,10.44,4.999315537303217,26.346077265586622
RMD,eps,10,ttm,65,2016-06-30,2.492387344199425,2026-06-30,10.44,9.998631074606434,15.402977241663752
RMD,fcf,3,ttm,65,2023-06-30,573627000.0,2026-06-30,1649544000.0,3.0006844626967832,42.19245758100043
RMD,fcf,5,ttm,65,2021-06-30,634006000.0,2026-06-30,1649544000.0,4.999315537303217,21.07806685471654
RMD,fcf,10,ttm,65,2016-06-30,489399000.0,2026-06-30,1649544000.0,9.998631074606434,12.921673950036961
RMD,net_income,3,ttm,65,2023-06-30,897556000.0,2026-06-30,1523293000.0,3.0006844626967832,19.276942291187215
RMD,net_income,5,ttm,65,2021-06-30,474505000.0,2026-06-30,1523293000.0,4.999315537303217,26.276460710212255
RMD,net_income,10,ttm,65,2016-06-30,352410000.0,2026-06-30,1523293000.0,9.998631074606434,15.766319504410585
RMD,ocf,3,ttm,65,2023-06-30,693299000.0,2026-06-30,1805829000.0,3.0006844626967832,37.57950360592388
RMD,ocf,5,ttm,65,2021-06-30,736718000.0,2026-06-30,1805829000.0,4.999315537303217,19.642569179214565
RMD,ocf,10,ttm,65,2016-06-30,547933000.0,2026-06-30,1805829000.0,9.998631074606434,12.668369112872146
RMD,revenue,3,ttm,65,2023-06-30,4222993000.0,2026-06-30,5653443000.0,3.0006844626967832,10.210063461605646
RMD,revenue,5,ttm,65,2021-06-30,3196825000.0,2026-06-30,5653443000.0,4.999315537303217,12.07935182426738
RMD,revenue,10,ttm,65,2016-06-30,1838713000.0,2026-06-30,5653443000.0,9.998631074606434,11.88879215406251
ROK,eps,3,ttm,68,2023-06-30,12.248520599250936,2026-06-30,10.67,3.0006844626967832,-4.493818098252489
ROK,eps,5,ttm,68,2021-06-30,13.157668539325844,2026-06-30,10.67,4.999315537303217,-4.105300324133731
ROK,eps,10,ttm,68,2016-06-30,5.634719101123595,2026-06-30,10.67,9.998631074606434,6.594061766167703
ROK,fcf,3,ttm,69,2023-06-30,796400000.0,2026-06-30,1504000000.0,3.0006844626967832,23.599828276964452
ROK,fcf,5,ttm,69,2021-06-30,1284100000.0,2026-06-30,1504000000.0,4.999315537303217,3.212352705152921
ROK,fcf,10,ttm,69,2016-06-30,904200000.0,2026-06-30,1504000000.0,9.998631074606434,5.22074171388307
ROK,net_income,3,ttm,70,2023-06-30,1423400000.0,2026-06-30,1201000000.0,3.0006844626967832,-5.504536683788242
ROK,net_income,5,ttm,70,2021-06-30,1542300000.0,2026-06-30,1201000000.0,4.999315537303217,-4.879996992455016
ROK,net_income,10,ttm,70,2016-06-30,745800000.0,2026-06-30,1201000000.0,9.998631074606434,4.88053542807374
ROK,ocf,3,ttm,69,2023-06-30,934500000.0,2026-06-30,1732000000.0,3.0006844626967832,22.829443983399656
ROK,ocf,5,ttm,69,2021-06-30,1382700000.0,2026-06-30,1732000000.0,4.999315537303217,4.6084250373611635
ROK,ocf,10,ttm,69,2016-06-30,1023300000.0,2026-06-30,1732000000.0,9.998631074606434,5.404128162417354
ROK,revenue,3,ttm,70,2023-06-30,8621400000.0,2026-06-30,8973000000.0,3.0006844626967832,1.3410277219156885
ROK,revenue,5,ttm,70,2021-06-30,6759600000.0,2026-06-30,8973000000.0,4.999315537303217,5.8294898373807635
ROK,revenue,10,ttm,70,2016-06-30,5948400000.0,2026-06-30,8973000000.0,9.998631074606434,4.197235017760059
ROL,eps,3,ttm,63,2023-06-30,0.79,2026-06-30,1.1,3.0006844626967832,11.663422148636581
ROL,eps,5,ttm,63,2021-06-30,0.6900000000000001,2026-06-30,1.1,4.999315537303217,9.777734765104352
ROL,eps,10,ttm,63,2016-06-30,0.3244444444444444,2026-06-30,1.1,9.998631074606434,12.9880449567636
ROL,fcf,3,ttm,65,2023-06-30,470141000.0,2026-06-30,619169000.0,3.0006844626967832,9.61027490424151
ROL,fcf,5,ttm,65,2021-06-30,396201000.0,2026-06-30,619169000.0,4.999315537303217,9.341250544801749
ROL,fcf,10,ttm,65,2016-06-30,161869000.0,2026-06-30,619169000.0,9.998631074606434,14.35957406195052
ROL,net_income,3,ttm,66,2023-06-30,391590000.0,2026-06-30,531716000.0,3.0006844626967832,10.731864113068411
ROL,net_income,5,ttm,66,2021-06-30,339627000.0,2026-06-30,531716000.0,4.999315537303217,9.380734337103757
ROL,net_income,10,ttm,66,2016-06-30,156506000.0,2026-06-30,531716000.0,9.998631074606434,13.011371554697181
ROL,ocf,3,ttm,65,2023-06-30,499299000.0,2026-06-30,646966000.0,3.0006844626967832,9.018038840872045
ROL,ocf,5,ttm,65,2021-06-30,420218000.0,2026-06-30,646966000.0,4.999315537303217,9.01505867980854
ROL,ocf,10,ttm,65,2016-06-30,203623000.0,2026-06-30,646966000.0,9.998631074606434,12.256716840297344
ROL,revenue,3,ttm,35,2023-06-30,2869859000.0,2026-06-30,3924019000.0,3.0006844626967832,10.988977341089235
ROL,revenue,5,ttm,35,2021-06-30,2293748000.0,2026-06-30,3924019000.0,4.999315537303217,11.338012612882187
ROL,revenue,10,ttm,35,2017-12-31,1673957000.0,2026-06-30,3924019000.0,8.49555099247091,10.547940019603598
ROP,eps,3,ttm,67,2023-06-30,27.001172328086167,2026-06-30,23.99,3.0006844626967832,-3.863911718173696
ROP,eps,5,ttm,67,2021-06-30,9.97761391880696,2026-06-30,23.99,4.999315537303217,19.18213014879637
ROP,eps,10,ttm,67,2016-06-30,6.608678541839272,2026-06-30,23.99,9.998631074606434,13.762526338042381
ROP,fcf,3,ttm,42,2016-09-30,926941000.0,2019-09-30,1402600000.0,2.9979466119096507,14.815798289774772
ROP,fcf,5,ttm,42,2014-09-30,775998000.0,2019-09-30,1402600000.0,4.999315537303217,12.569745899494178
ROP,fcf,10,ttm,42,2009-09-30,307206000.0,2019-09-30,1402600000.0,9.998631074606434,16.401732269263626
ROP,net_income,3,ttm,70,2023-06-30,2903400000.0,2026-06-30,2504000000.0,3.0006844626967832,-4.812328258730048
ROP,net_income,5,ttm,70,2021-06-30,1065500000.0,2026-06-30,2504000000.0,4.999315537303217,18.638687959705823
ROP,net_income,10,ttm,70,2016-06-30,678499000.0,2026-06-30,2504000000.0,9.998631074606434,13.950510534300697
ROP,ocf,3,ttm,69,2023-06-30,1106800000.0,2026-06-30,2669100000.0,3.0006844626967832,34.09198838857055
ROP,ocf,5,ttm,69,2021-06-30,1697200000.0,2026-06-30,2669100000.0,4.999315537303217,9.479233638877972
ROP,ocf,10,ttm,69,2016-06-30,872709000.0,2026-06-30,2669100000.0,9.998631074606434,11.829449247798518
ROP,revenue,3,ttm,70,2023-06-30,5782100000.0,2026-06-30,8280300000.0,3.0006844626967832,12.71324835035459
ROP,revenue,5,ttm,70,2021-06-30,4878900000.0,2026-06-30,8280300000.0,4.999315537303217,11.160661205763734
ROP,revenue,10,ttm,70,2016-06-30,3661554000.0,2026-06-30,8280300000.0,9.998631074606434,8.50329194737549
ROST,eps,3,ttm,67,2023-07-29,4.71,2026-08-01,8.26,3.0088980150581794,20.52558052496338
ROST,eps,5,ttm,67,2021-07-31,3.77,2026-08-01,8.26,5.002053388090349,16.97680960937071
ROST,eps,10,ttm,67,2016-07-30,2.63,2026-08-01,8.26,10.004106776180699,12.119725698736028
ROST,fcf,3,ttm,67,2023-07-29,2087736000.0,2026-08-01,2790186000.0,3.0088980150581794,10.118857380676172
ROST,fcf,5,ttm,67,2021-07-31,3009084000.0,2026-08-01,2790186000.0,5.002053388090349,-1.498586701612803
ROST,fcf,10,ttm,67,2016-07-30,1194157000.0,2026-08-01,2790186000.0,10.004106776180699,8.853410982032495
ROST,net_income,3,ttm,67,2023-07-29,1606589000.0,2026-08-01,2659063000.0,3.0088980150581794,18.229424304587116
ROST,net_income,5,ttm,67,2021-07-31,1339914000.0,2026-08-01,2659063000.0,5.002053388090349,14.684810863997622
ROST,net_income,10,ttm,67,2016-07-30,1052357000.0,2026-08-01,2659063000.0,10.004106776180699,9.708436956424649
ROST,ocf,3,ttm,67,2023-07-29,2861919000.0,2026-08-01,3660573000.0,3.0088980150581794,8.523854418810428
ROST,ocf,5,ttm,67,2021-07-31,3418907000.0,2026-08-01,3660573000.0,5.002053388090349,1.374779280112115
ROST,ocf,10,ttm,67,2016-07-30,1515435000.0,2026-08-01,3660573000.0,10.004106776180699,9.215795370389458
ROST,revenue,3,ttm,67,2023-07-29,19209311000.0,2026-08-01,24511798000.0,3.0088980150581794,8.438484513070431
ROST,revenue,5,ttm,67,2021-07-31,17325234000.0,2026-08-01,24511798000.0,5.002053388090349,7.183229769127708
ROST,revenue,10,ttm,67,2016-07-30,12303493000.0,2026-08-01,24511798000.0,10.004106776180699,7.1327827580697445
RSG,eps,3,ttm,67,2023-06-30,4.970000000000001,2026-06-30,7.06,3.0006844626967832,12.409887414711097
RSG,eps,5,ttm,67,2021-06-30,3.5100000000000002,2026-06-30,7.06,4.999315537303217,15.002644564138023
RSG,eps,10,ttm,67,2016-06-30,2.07,2026-06-30,7.06,9.998631074606434,13.055248952333564
RSG,fcf,3,ttm,69,2023-06-30,1872000000.0,2026-06-30,2653000000.0,3.0006844626967832,12.322205189616199
RSG,fcf,5,ttm,69,2021-06-30,1472400000.0,2026-06-30,2653000000.0,4.999315537303217,12.499162718514212
RSG,fcf,10,ttm,69,2016-06-30,664400000.0,2026-06-30,2653000000.0,9.998631074606434,14.85211448931203
RSG,net_income,3,ttm,70,2023-06-30,1574924000.0,2026-06-30,2185684000.0,3.0006844626967832,11.540289889540102
RSG,net_income,5,ttm,70,2021-06-30,1122451000.0,2026-06-30,2185684000.0,4.999315537303217,14.259395314597922
RSG,net_income,10,ttm,70,2016-06-30,724800000.0,2026-06-30,2185684000.0,9.998631074606434,11.671791130503095
RSG,ocf,3,ttm,69,2023-06-30,3393000000.0,2026-06-30,4542000000.0,3.0006844626967832,10.207578310891808
RSG,ocf,5,ttm,69,2021-06-30,2620900000.0,2026-06-30,4542000000.0,4.999315537303217,11.626131615940704
RSG,ocf,10,ttm,69,2016-06-30,1622800000.0,2026-06-30,4542000000.0,9.998631074606434,10.841994720387715
RSG,revenue,3,ttm,70,2023-06-30,14434300000.0,2026-06-30,16890000000.0,3.0006844626967832,5.375452515749246
RSG,revenue,5,ttm,70,2021-06-30,10553600000.0,2026-06-30,16890000000.0,4.999315537303217,9.86298538538406
RSG,revenue,10,ttm,70,2016-06-30,10693500000.0,2026-06-30,16890000000.0,9.998631074606434,4.677585207011137
RTX,eps,3,ttm,67,2023-06-30,3.7699999999999996,2026-06-30,5.68,3.0006844626967832,14.636291265375402
RTX,eps,5,ttm,67,2021-06-30,1.4399999999999997,2026-06-30,5.68,4.999315537303217,31.587152232108238
RTX,eps,10,ttm,67,2016-06-30,5.330396475770924,2026-06-30,5.68,9.998631074606434,0.6373656753588808
RTX,fcf,3,ttm,67,2023-06-30,2846000000.0,2026-06-30,11407000000.0,3.0006844626967832,58.83017151709786
RTX,fcf,5,ttm,67,2021-06-30,3282000000.0,2026-06-30,11407000000.0,4.999315537303217,28.29844351884432
RTX,fcf,10,ttm,67,2016-06-30,4692000000.0,2026-06-30,11407000000.0,9.998631074606434,9.291560255812016
RTX,net_income,3,ttm,70,2023-06-30,5562000000.0,2026-06-30,7738000000.0,3.0006844626967832,11.631907003307651
RTX,net_income,5,ttm,70,2021-06-30,2184000000.0,2026-06-30,7738000000.0,4.999315537303217,28.79240748258123
RTX,net_income,10,ttm,70,2016-06-30,7202000000.0,2026-06-30,7738000000.0,9.998631074606434,0.7205265824403284
RTX,ocf,3,ttm,69,2023-06-30,5262000000.0,2026-06-30,14206000000.0,3.0006844626967832,39.232576694610685
RTX,ocf,5,ttm,69,2021-06-30,5041000000.0,2026-06-30,14206000000.0,4.999315537303217,23.02782419305709
RTX,ocf,10,ttm,69,2016-06-30,6339000000.0,2026-06-30,14206000000.0,9.998631074606434,8.40514730923343
RTX,revenue,3,ttm,70,2023-06-30,70573000000.0,2026-06-30,93500000000.0,3.0006844626967832,9.828500591778177
RTX,revenue,5,ttm,70,2021-06-30,62297000000.0,2026-06-30,93500000000.0,4.999315537303217,8.461029967175836
RTX,revenue,10,ttm,70,2016-06-30,56319000000.0,2026-06-30,93500000000.0,9.998631074606434,5.200712642929561
RVTY,eps,3,ttm,63,2023-07-02,6.42909090909091,2026-07-05,2.08,3.0088980150581794,-31.27400715407831
RVTY,eps,5,ttm,63,2021-07-04,10.459712918660287,2026-07-05,2.08,5.002053388090349,-27.595375619184402
RVTY,eps,10,ttm,63,2016-07-03,2.089952153110048,2026-07-05,2.08,10.004106776180699,-0.04770181185252964
RVTY,fcf,3,ttm,65,2023-07-02,153199000.0,2026-07-05,558113000.0,3.0088980150581794,53.67454658188178
RVTY,fcf,5,ttm,65,2021-07-04,1393722000.0,2026-07-05,558113000.0,5.002053388090349,-16.71978680006636
RVTY,fcf,10,ttm,65,2016-07-03,280253000.0,2026-07-05,558113000.0,10.004106776180699,7.128470778768103
RVTY,net_income,3,ttm,66,2023-07-02,818039000.0,2026-07-05,237554000.0,3.0088980150581794,-33.698177081562605
RVTY,net_income,5,ttm,66,2021-07-04,1182295000.0,2026-07-05,237554000.0,5.002053388090349,-27.445472046332654
RVTY,net_income,10,ttm,66,2016-07-03,234440000.0,2026-07-05,237554000.0,10.004106776180699,0.13198560106881807
RVTY,ocf,3,ttm,65,2023-07-02,227254000.0,2026-07-05,627633000.0,3.0088980150581794,40.161856023422146
RVTY,ocf,5,ttm,65,2021-07-04,1454893000.0,2026-07-05,627633000.0,5.002053388090349,-15.471157770976184
RVTY,ocf,10,ttm,65,2016-07-03,314242000.0,2026-07-05,627633000.0,10.004106776180699,7.159781792425313
RVTY,revenue,3,ttm,66,2023-07-02,2836948000.0,2026-07-05,2911811000.0,3.0088980150581794,0.8694033025434145
RVTY,revenue,5,ttm,66,2021-07-04,4854791000.0,2026-07-05,2911811000.0,5.002053388090349,-9.714760166214198
RVTY,revenue,10,ttm,66,2016-07-03,2129670000.0,2026-07-05,2911811000.0,10.004106776180699,3.1761955900559746
SBAC,eps,3,ttm,63,2023-06-30,4.644989224137931,2026-06-30,9.27,3.0006844626967832,25.895108657304423
SBAC,eps,5,ttm,63,2021-06-30,2.397413793103448,2026-06-30,9.27,4.999315537303217,31.064003397899075
SBAC,fcf,3,ttm,65,2023-06-30,1096113000.0,2026-06-30,1036052000.0,3.0006844626967832,-1.8604785805987345
SBAC,fcf,5,ttm,65,2021-06-30,896164000.0,2026-06-30,1036052000.0,4.999315537303217,2.943880918497932
SBAC,fcf,10,ttm,65,2016-06-30,397304000.0,2026-06-30,1036052000.0,9.998631074606434,10.060520066901123
SBAC,net_income,3,ttm,66,2023-06-30,508155000.0,2026-06-30,990713000.0,3.0006844626967832,24.91900221482719
SBAC,net_income,5,ttm,66,2021-06-30,269273000.0,2026-06-30,990713000.0,4.999315537303217,29.767668611397347
SBAC,ocf,3,ttm,65,2023-06-30,1419204000.0,2026-06-30,1284318000.0,3.0006844626967832,-3.273409715644471
SBAC,ocf,5,ttm,65,2021-06-30,1171897000.0,2026-06-30,1284318000.0,4.999315537303217,1.8492217268732736
SBAC,ocf,10,ttm,65,2016-06-30,702233000.0,2026-06-30,1284318000.0,9.998631074606434,6.224017582710406
SBAC,revenue,3,ttm,66,2023-06-30,884981000.0,2026-06-30,894161000.0,3.0006844626967832,0.34450267289245495
SBAC,revenue,5,ttm,66,2021-06-30,667149000.0,2026-06-30,894161000.0,4.999315537303217,6.0332467299494486
SBAC,revenue,10,ttm,66,2016-06-30,1622977000.0,2026-06-30,894161000.0,9.998631074606434,-5.78787681750369
SBUX,eps,3,ttm,68,2023-07-02,3.29,2026-06-28,1.73,2.9897330595482545,-19.345142395023462
SBUX,eps,5,ttm,68,2021-06-27,2.39,2026-06-28,1.73,5.002053388090349,-6.256500150996769
SBUX,eps,10,ttm,68,2016-06-26,1.79,2026-06-28,1.73,10.004106776180699,-0.3402220822259161
SBUX,fcf,3,ttm,69,2023-07-02,2983400000.0,2026-06-28,3642100000.0,2.9897330595482545,6.900393315572262
SBUX,fcf,5,ttm,69,2021-06-27,4628200000.0,2026-06-28,3642100000.0,5.002053388090349,-4.677265332433567
SBUX,fcf,10,ttm,69,2016-06-26,2846900000.0,2026-06-28,3642100000.0,10.004106776180699,2.4928509654460917
SBUX,net_income,3,ttm,70,2023-07-02,3783500000.0,2026-06-28,1982700000.0,2.9897330595482545,-19.43745429514522
SBUX,net_income,5,ttm,70,2021-06-27,2827600000.0,2026-06-28,1982700000.0,5.002053388090349,-6.85051382469426
SBUX,net_income,10,ttm,70,2016-06-26,2669300000.0,2026-06-28,1982700000.0,10.004106776180699,-2.928606679602863
SBUX,ocf,3,ttm,69,2023-07-02,5163400000.0,2026-06-28,4985900000.0,2.9897330595482545,-1.1632307679775744
SBUX,ocf,5,ttm,69,2021-06-27,5959100000.0,2026-06-28,4985900000.0,5.002053388090349,-3.5018614665119463
SBUX,ocf,10,ttm,69,2016-06-26,4236800000.0,2026-06-28,4985900000.0,10.004106776180699,1.6407023713098656
SBUX,revenue,3,ttm,70,2023-07-02,35016200000.0,2026-06-28,38338300000.0,2.9897330595482545,3.0780842574989364
SBUX,revenue,5,ttm,70,2021-06-27,27117000000.0,2026-06-28,38338300000.0,5.002053388090349,7.168189716161111
SBUX,revenue,10,ttm,70,2016-06-26,20519500000.0,2026-06-28,38338300000.0,10.004106776180699,6.447499423651881
SCHW,eps,3,ttm,63,2023-06-30,3.4299999999999997,2026-06-30,5.49,3.0006844626967832,16.970732443109405
SCHW,eps,5,ttm,63,2021-06-30,2.37,2026-06-30,5.49,4.999315537303217,18.297288266522326
SCHW,eps,10,ttm,63,2016-06-30,1.15,2026-06-30,5.49,9.998631074606434,16.92213714993469
SCHW,fcf,3,ttm,69,2023-06-30,10676000000.0,2026-06-30,10789000000.0,3.0006844626967832,0.3514984242409147
SCHW,fcf,5,ttm,69,2021-06-30,7120000000.0,2026-06-30,10789000000.0,4.999315537303217,8.668877850960733
SCHW,fcf,10,ttm,69,2016-06-30,3170000000.0,2026-06-30,10789000000.0,9.998631074606434,13.031496016851008
SCHW,net_income,5,ttm,70,2021-06-30,4582000000.0,2026-06-30,1252852000.0,4.999315537303217,-22.846875830235824
SCHW,net_income,10,ttm,70,2016-06-30,1656000000.0,2026-06-30,1252852000.0,9.998631074606434,-2.75164024845429
SCHW,ocf,3,ttm,69,2023-06-30,11508000000.0,2026-06-30,11417000000.0,3.0006844626967832,-0.26422238648816654
SCHW,ocf,5,ttm,69,2021-06-30,7841000000.0,2026-06-30,11417000000.0,4.999315537303217,7.805415483222444
SCHW,ocf,10,ttm,69,2016-06-30,3506000000.0,2026-06-30,11417000000.0,9.998631074606434,12.533293347868323
SCHW,revenue,3,ttm,70,2023-06-30,20769000000.0,2026-06-30,26025000000.0,3.0006844626967832,7.807986396750044
SCHW,revenue,5,ttm,70,2021-06-30,15866000000.0,2026-06-30,26025000000.0,4.999315537303217,10.405457756397695
SCHW,revenue,10,ttm,70,2016-06-30,6880000000.0,2026-06-30,26025000000.0,9.998631074606434,14.232094735607603
SHW,eps,3,ttm,67,2023-06-30,9.01831180811808,2026-06-30,10.85,3.0006844626967832,6.356015308893759
SHW,eps,5,ttm,67,2021-06-30,7.977352398523984,2026-06-30,10.85,4.999315537303217,6.345189539842888
SHW,eps,10,ttm,67,2016-06-30,3.9436346863468636,2026-06-30,10.85,9.998631074606434,10.652014184206692
SHW,fcf,3,ttm,69,2023-06-30,1750100000.0,2026-06-30,3213200000.0,3.0006844626967832,22.44420459150749
SHW,fcf,5,ttm,69,2021-06-30,3222400000.0,2026-06-30,3213200000.0,4.999315537303217,-0.057173443102476185
SHW,fcf,10,ttm,69,2016-06-30,1347547000.0,2026-06-30,3213200000.0,9.998631074606434,9.07985466393022
SHW,net_income,3,ttm,70,2023-06-30,2342500000.0,2026-06-30,2688200000.0,3.0006844626967832,4.694237990153072
SHW,net_income,5,ttm,70,2021-06-30,2171000000.0,2026-06-30,2688200000.0,4.999315537303217,4.366925937149424
SHW,net_income,10,ttm,70,2016-06-30,1115448000.0,2026-06-30,2688200000.0,9.998631074606434,9.195930877644543
SHW,ocf,3,ttm,69,2023-06-30,2574800000.0,2026-06-30,3886700000.0,3.0006844626967832,14.709373782694989
SHW,ocf,5,ttm,69,2021-06-30,3535300000.0,2026-06-30,3886700000.0,4.999315537303217,1.913584379104516
SHW,ocf,10,ttm,69,2016-06-30,1608426000.0,2026-06-30,3886700000.0,9.998631074606434,9.225298364184376
SHW,revenue,3,ttm,70,2023-06-30,22960900000.0,2026-06-30,24410300000.0,3.0006844626967832,2.060897228990921
SHW,revenue,5,ttm,70,2021-06-30,19646800000.0,2026-06-30,24410300000.0,4.999315537303217,4.438070638066671
SHW,revenue,10,ttm,70,2016-06-30,11550430000.0,2026-06-30,24410300000.0,9.998631074606434,7.7710082013972
SJM,eps,5,ttm,66,2021-07-31,7.13,2026-07-31,2.14,4.999315537303217,-21.394934005363442
SJM,eps,10,ttm,66,2016-07-31,6.08,2026-07-31,2.14,9.998631074606434,-9.916591430661114
SJM,fcf,3,ttm,66,2023-07-31,911900000.0,2026-07-31,1588400000.0,3.0006844626967832,20.314848644501105
SJM,fcf,5,ttm,66,2021-07-31,995700000.0,2026-07-31,1588400000.0,4.999315537303217,9.792286140018058
SJM,fcf,10,ttm,66,2016-07-31,1194300000.0,2026-07-31,1588400000.0,9.998631074606434,2.89312089820124
SJM,net_income,5,ttm,66,2021-07-31,793200000.0,2026-07-31,229500000.0,4.999315537303217,-21.96934566008647
SJM,net_income,10,ttm,66,2016-07-31,722300000.0,2026-07-31,229500000.0,9.998631074606434,-10.833916715737713
SJM,ocf,3,ttm,66,2023-07-31,1451300000.0,2026-07-31,1909900000.0,3.0006844626967832,9.582720282648527
SJM,ocf,5,ttm,66,2021-07-31,1293800000.0,2026-07-31,1909900000.0,4.999315537303217,8.101900181540422
SJM,ocf,10,ttm,66,2016-07-31,1392900000.0,2026-07-31,1909900000.0,9.998631074606434,3.2074257876938184
SJM,revenue,3,ttm,66,2023-07-31,8461400000.0,2026-07-31,9156900000.0,3.0006844626967832,2.6674573898503473
SJM,revenue,5,ttm,66,2021-07-31,7888900000.0,2026-07-31,9156900000.0,4.999315537303217,3.02631740725976
SJM,revenue,10,ttm,66,2016-07-31,7675000000.0,2026-07-31,9156900000.0,9.998631074606434,1.781315194339994
SLB,eps,3,ttm,67,2023-06-30,2.7299999999999995,2026-06-30,2.05,3.0006844626967832,-9.105027208651373
SLB,eps,5,ttm,67,2021-06-30,0.7300000000000001,2026-06-30,2.05,4.999315537303217,22.941491968409245
SLB,fcf,3,ttm,69,2023-06-30,3284000000.0,2026-06-30,4806000000.0,3.0006844626967832,13.53095684142842
SLB,fcf,5,ttm,69,2021-06-30,2127000000.0,2026-06-30,4806000000.0,4.999315537303217,17.709888705292663
SLB,fcf,10,ttm,69,2016-06-30,5348000000.0,2026-06-30,4806000000.0,9.998631074606434,-1.0630309808723704
SLB,net_income,3,ttm,70,2023-06-30,3938000000.0,2026-06-30,3101000000.0,3.0006844626967832,-7.654321799772356
SLB,net_income,5,ttm,70,2021-06-30,1022000000.0,2026-06-30,3101000000.0,4.999315537303217,24.860012400753973
SLB,ocf,3,ttm,69,2023-06-30,5119000000.0,2026-06-30,6533000000.0,3.0006844626967832,8.467872542219457
SLB,ocf,5,ttm,69,2021-06-30,3006000000.0,2026-06-30,6533000000.0,4.999315537303217,16.797613115859832
SLB,ocf,10,ttm,69,2016-06-30,7563000000.0,2026-06-30,6533000000.0,9.998631074606434,-1.4535497185344637
SLB,revenue,3,ttm,70,2023-06-30,31190000000.0,2026-06-30,36366000000.0,3.0006844626967832,5.249889830929733
SLB,revenue,5,ttm,70,2021-06-30,21647000000.0,2026-06-30,36366000000.0,4.999315537303217,10.934270704749594
SLB,revenue,10,ttm,70,2016-06-30,29900000000.0,2026-06-30,36366000000.0,9.998631074606434,1.9773210137144615
SMCI,eps,3,ttm,61,2023-06-30,1.14,2026-06-30,3.26,3.0006844626967832,41.92848084975766
SMCI,eps,5,ttm,61,2021-06-30,0.209,2026-06-30,3.26,4.999315537303217,73.23950405574615
SMCI,eps,10,ttm,61,2016-06-30,0.139,2026-06-30,3.26,9.998631074606434,37.100500301993414
SMCI,net_income,3,ttm,61,2023-06-30,639998000.0,2026-06-30,2230453000.0,3.0006844626967832,51.599205890985324
SMCI,net_income,5,ttm,61,2021-06-30,111865000.0,2026-06-30,2230453000.0,4.999315537303217,81.9597613430552
SMCI,net_income,10,ttm,61,2016-06-30,72081000.0,2026-06-30,2230453000.0,9.998631074606434,40.95407468608716
SMCI,revenue,3,ttm,61,2023-06-30,7123482000.0,2026-06-30,39063072000.0,3.0006844626967832,76.32010108319822
SMCI,revenue,5,ttm,61,2021-06-30,3557422000.0,2026-06-30,39063072000.0,4.999315537303217,61.49336961730965
SMCI,revenue,10,ttm,61,2016-06-30,2225022000.0,2026-06-30,39063072000.0,9.998631074606434,33.186512228323096
SNA,eps,3,ttm,63,2023-07-01,18.04,2026-07-04,19.61,3.0088980150581794,2.8121944772565133
SNA,eps,5,ttm,63,2021-07-03,14.36,2026-07-04,19.61,5.002053388090349,6.427416645147099
SNA,eps,10,ttm,63,2016-07-02,8.72,2026-07-04,19.61,10.004106776180699,8.438040842730455
SNA,fcf,3,ttm,65,2023-07-01,820900000.0,2026-07-04,1108500000.0,3.0088980150581794,10.497697385174298
SNA,fcf,5,ttm,65,2021-07-03,1024900000.0,2026-07-04,1108500000.0,5.002053388090349,1.5799617484528072
SNA,fcf,10,ttm,65,2016-07-02,497800000.0,2026-07-04,1108500000.0,10.004106776180699,8.331263356318107
SNA,net_income,3,ttm,66,2023-07-01,975500000.0,2026-07-04,1033700000.0,3.0088980150581794,1.9446108461816936
SNA,net_income,5,ttm,66,2021-07-03,789200000.0,2026-07-04,1033700000.0,5.002053388090349,5.543590642885965
SNA,net_income,10,ttm,66,2016-07-02,516600000.0,2026-07-04,1033700000.0,10.004106776180699,7.17947990321679
SNA,ocf,3,ttm,65,2023-07-01,912400000.0,2026-07-04,1186200000.0,3.0088980150581794,9.113511653650065
SNA,ocf,5,ttm,65,2021-07-03,1099100000.0,2026-07-04,1186200000.0,5.002053388090349,1.53632092555398
SNA,ocf,10,ttm,65,2016-07-02,572500000.0,2026-07-04,1186200000.0,10.004106776180699,7.553675174616403
SNA,revenue,3,ttm,66,2023-07-01,4607300000.0,2026-07-04,4828900000.0,3.0088980150581794,1.573510501250297
SNA,revenue,5,ttm,66,2021-07-03,4098400000.0,2026-07-04,4828900000.0,5.002053388090349,3.3334490288556617
SNA,revenue,10,ttm,66,2016-07-02,3576400000.0,2026-07-04,4828900000.0,10.004106776180699,3.0468829581190127
SNPS,eps,3,ttm,64,2023-07-31,6.660000000000002,2026-07-31,5.71,3.0006844626967832,-4.999539967389898
SNPS,eps,5,ttm,64,2021-07-31,4.8100000000000005,2026-07-31,5.71,4.999315537303217,3.490443028781609
SNPS,eps,10,ttm,64,2016-07-31,1.5700000000000005,2026-07-31,5.71,9.998631074606434,13.784032924627398
SNPS,fcf,3,ttm,65,2023-07-31,1600543000.0,2026-07-31,2747706000.0,3.0006844626967832,19.733715601826972
SNPS,fcf,5,ttm,65,2021-07-31,1222774000.0,2026-07-31,2747706000.0,4.999315537303217,17.580266862635074
SNPS,fcf,10,ttm,65,2016-07-31,523884000.0,2026-07-31,2747706000.0,9.998631074606434,18.0275430756933
SNPS,net_income,3,ttm,66,2023-07-31,1034198000.0,2026-07-31,1076559000.0,3.0006844626967832,1.346803433503152
SNPS,net_income,5,ttm,66,2021-07-31,753524000.0,2026-07-31,1076559000.0,4.999315537303217,7.397059820179064
SNPS,net_income,10,ttm,66,2016-07-31,243891000.0,2026-07-31,1076559000.0,9.998631074606434,16.00936103914179
SNPS,ocf,3,ttm,65,2023-07-31,1770718000.0,2026-07-31,2938341000.0,3.0006844626967832,18.38614360213007
SNPS,ocf,5,ttm,65,2021-07-31,1324214000.0,2026-07-31,2938341000.0,4.999315537303217,17.283868464883057
SNPS,ocf,10,ttm,65,2016-07-31,591390000.0,2026-07-31,2938341000.0,9.998631074606434,17.390338247321413
SNPS,revenue,3,ttm,66,2023-07-31,4796938000.0,2026-07-31,9416465000.0,3.0006844626967832,25.204227083330878
SNPS,revenue,5,ttm,66,2021-07-31,4077213000.0,2026-07-31,9416465000.0,4.999315537303217,18.226505589336227
SNPS,revenue,10,ttm,66,2016-07-31,2375972000.0,2026-07-31,9416465000.0,9.998631074606434,14.765894439636806
SO,eps,3,ttm,66,2023-03-31,3.2690537084398974,2026-03-31,4.15,3.0006844626967832,8.276481454582685
SO,eps,5,ttm,66,2021-03-31,3.3751918158567773,2026-03-31,4.15,4.999315537303217,4.220315855912848
SO,eps,10,ttm,66,2016-03-31,2.7277493606138106,2026-03-31,4.15,9.998631074606434,4.286203766283969
SO,net_income,3,ttm,69,2023-03-31,3354000000.0,2026-03-31,4363000000.0,3.0006844626967832,9.160462435020245
SO,net_income,5,ttm,69,2021-03-31,3385000000.0,2026-03-31,4363000000.0,4.999315537303217,5.207893769903382
SO,net_income,10,ttm,69,2016-03-31,2348000000.0,2026-03-31,4363000000.0,9.998631074606434,6.3928385917432
SO,ocf,3,ttm,58,2023-03-31,5554000000.0,2026-03-31,9778000000.0,3.0006844626967832,20.743207490717317
SO,ocf,5,ttm,58,2021-03-31,7044000000.0,2026-03-31,9778000000.0,4.999315537303217,6.780029671148702
SO,ocf,10,ttm,58,2016-03-31,6239000000.0,2026-03-31,9778000000.0,9.998631074606434,4.596264914701487
SO,revenue,3,ttm,69,2023-03-31,25925000000.0,2026-03-31,29396000000.0,3.0006844626967832,4.2763150213858125
SO,revenue,5,ttm,69,2021-03-31,22746000000.0,2026-03-31,29396000000.0,4.999315537303217,5.263956771617062
SO,revenue,10,ttm,69,2016-03-31,17298000000.0,2026-03-31,29396000000.0,9.998631074606434,5.44655303343875
SOLV,eps,3,ttm,11,2023-12-31,7.780488400488398,2026-06-30,8.18,2.4969199178644765,2.0256353096390844
SOLV,net_income,3,ttm,11,2023-12-31,1346000000.0,2026-06-30,1434000000.0,2.4969199178644765,2.5687842099277214
SOLV,ocf,3,ttm,11,2023-12-31,1915000000.0,2026-06-30,209000000.0,2.4969199178644765,-58.81715730890685
SOLV,revenue,3,ttm,11,2023-12-31,8197000000.0,2026-06-30,8310000000.0,2.4969199178644765,0.5498366527138199
SPG,eps,3,ttm,67,2023-06-30,6.58,2026-06-30,14.18,3.0006844626967832,29.159025263590088
SPG,eps,5,ttm,67,2021-06-30,4.58,2026-06-30,14.18,4.999315537303217,25.364793625090144
SPG,eps,10,ttm,67,2016-06-30,5.63,2026-06-30,14.18,9.998631074606434,9.678695412452921
SPG,fcf,3,ttm,43,2023-06-30,3103988000.0,2026-06-30,3217536000.0,3.0006844626967832,1.2045272841259225
SPG,fcf,5,ttm,43,2021-06-30,3014814000.0,2026-06-30,3217536000.0,4.999315537303217,1.3102418675481342
SPG,fcf,10,ttm,43,2016-06-30,2319896000.0,2026-06-30,3217536000.0,9.998631074606434,3.325480781039847
SPG,net_income,3,ttm,70,2023-06-30,2150994000.0,2026-06-30,4617151000.0,3.0006844626967832,28.989117023847587
SPG,net_income,5,ttm,70,2021-06-30,1480526000.0,2026-06-30,4617151000.0,4.999315537303217,25.546651382667562
SPG,net_income,10,ttm,70,2016-06-30,1748690000.0,2026-06-30,4617151000.0,9.998631074606434,10.197539629230757
SPG,ocf,3,ttm,69,2023-06-30,3831965000.0,2026-06-30,4122942000.0,3.0006844626967832,2.469074517100478
SPG,ocf,5,ttm,69,2021-06-30,3390135000.0,2026-06-30,4122942000.0,4.999315537303217,3.9921060752847737
SPG,ocf,10,ttm,69,2016-06-30,3235330000.0,2026-06-30,4122942000.0,9.998631074606434,2.454327163822856
SPG,revenue,3,ttm,70,2023-06-30,5436134000.0,2026-06-30,6940725000.0,3.0006844626967832,8.48345119395808
SPG,revenue,5,ttm,70,2021-06-30,4686200000.0,2026-06-30,6940725000.0,4.999315537303217,8.17364765648736
SPG,revenue,10,ttm,70,2016-06-30,5352853000.0,2026-06-30,6940725000.0,9.998631074606434,2.6321664987363658
SPGI,eps,3,ttm,66,2023-03-31,8.511195445920302,2026-03-31,16.41,3.0006844626967832,24.456522074733545
SPGI,eps,5,ttm,66,2021-03-31,10.545578747628083,2026-03-31,16.41,4.999315537303217,9.247847995898283
SPGI,eps,10,ttm,66,2016-03-31,4.369772296015181,2026-03-31,16.41,9.998631074606434,14.149192870118998
SPGI,fcf,3,ttm,68,2023-03-31,2874000000.0,2026-03-31,5556000000.0,3.0006844626967832,24.567110655422542
SPGI,fcf,5,ttm,68,2021-03-31,3572000000.0,2026-03-31,5556000000.0,4.999315537303217,9.238420176590424
SPGI,fcf,10,ttm,68,2016-03-31,1751000000.0,2026-03-31,5556000000.0,9.998631074606434,12.241761775547655
SPGI,net_income,3,ttm,69,2023-03-31,2808000000.0,2026-03-31,4777000000.0,3.0006844626967832,19.37182506242081
SPGI,net_income,5,ttm,69,2021-03-31,2456000000.0,2026-03-31,4777000000.0,4.999315537303217,14.233448415793259
SPGI,net_income,10,ttm,69,2016-03-31,1147000000.0,2026-03-31,4777000000.0,9.998631074606434,15.336738236852465
SPGI,ocf,3,ttm,68,2023-03-31,2975000000.0,2026-03-31,5735000000.0,3.0006844626967832,24.44968761717563
SPGI,ocf,5,ttm,68,2021-03-31,3655000000.0,2026-03-31,5735000000.0,4.999315537303217,9.429537934078747
SPGI,ocf,10,ttm,68,2016-03-31,1890000000.0,2026-03-31,5735000000.0,9.998631074606434,11.741310875424716
SPGI,revenue,3,ttm,69,2023-03-31,11951000000.0,2026-03-31,15730000000.0,3.0006844626967832,9.588694336494541
SPGI,revenue,5,ttm,69,2021-03-31,7672000000.0,2026-03-31,15730000000.0,4.999315537303217,15.444318422384784
SPGI,revenue,10,ttm,69,2016-03-31,5381000000.0,2026-03-31,15730000000.0,9.998631074606434,11.325063438345229
SRE,eps,3,ttm,62,2023-03-31,4.5471938775510194,2026-03-31,3.45,3.0006844626967832,-8.79170733859197
SRE,eps,5,ttm,62,2021-03-31,7.697959183673469,2026-03-31,3.45,4.999315537303217,-14.83146950753974
SRE,eps,10,ttm,62,2016-03-31,2.951275510204081,2026-03-31,3.45,9.998631074606434,1.5738379462724827
SRE,net_income,3,ttm,62,2023-03-31,2507000000.0,2026-03-31,1957000000.0,3.0006844626967832,-7.922466821685948
SRE,net_income,5,ttm,62,2021-03-31,3878000000.0,2026-03-31,1957000000.0,4.999315537303217,-12.785545011501032
SRE,net_income,10,ttm,62,2016-03-31,1265000000.0,2026-03-31,1957000000.0,9.998631074606434,4.460626093122633
SRE,ocf,3,ttm,62,2023-03-31,1515000000.0,2026-03-31,4892000000.0,3.0006844626967832,47.792557626875045
SRE,ocf,5,ttm,62,2021-03-31,2775000000.0,2026-03-31,4892000000.0,4.999315537303217,12.008616850013176
SRE,ocf,10,ttm,62,2016-03-31,2713000000.0,2026-03-31,4892000000.0,9.998631074606434,6.073566391941254
SRE,revenue,3,ttm,58,2023-03-31,15922000000.0,2026-03-31,12165000000.0,3.0006844626967832,-8.578771734252532
SRE,revenue,5,ttm,58,2021-03-31,10444000000.0,2026-03-31,12165000000.0,4.999315537303217,3.0981480113605464
SRE,revenue,10,ttm,58,2016-03-31,10171000000.0,2026-03-31,12165000000.0,9.998631074606434,1.8065945274626571
STE,eps,3,ttm,32,2023-06-30,5.69,2026-06-30,8.18,3.0006844626967832,12.858695566049306
STE,eps,5,ttm,32,2021-06-30,3.34,2026-06-30,8.18,4.999315537303217,19.622264424239823
STE,eps,10,ttm,32,2018-09-30,3.7,2026-06-30,8.18,7.748117727583847,10.781966151419331
STE,fcf,3,ttm,30,2023-06-30,493693000.0,2026-06-30,925600000.0,3.0006844626967832,23.301408428427163
STE,fcf,5,ttm,30,2021-06-30,424147000.0,2026-06-30,925600000.0,4.999315537303217,16.893582612654612
STE,fcf,10,ttm,30,2019-03-31,349790000.0,2026-06-30,925600000.0,7.2498288843258045,14.365025701835865
STE,net_income,3,ttm,34,2023-06-30,119322000.0,2026-06-30,805100000.0,3.0006844626967832,88.93542379643075
STE,net_income,5,ttm,34,2021-06-30,285995000.0,2026-06-30,805100000.0,4.999315537303217,23.001550310095187
STE,net_income,10,ttm,34,2018-03-31,232838000.0,2026-06-30,805100000.0,8.24914442162902,16.229233998289814
STE,ocf,3,ttm,30,2023-06-30,806330000.0,2026-06-30,1288500000.0,3.0006844626967832,16.907324941636336
STE,ocf,5,ttm,30,2021-06-30,652944000.0,2026-06-30,1288500000.0,4.999315537303217,14.564425328649321
STE,ocf,10,ttm,30,2019-03-31,539505000.0,2026-06-30,1288500000.0,7.2498288843258045,12.759055834598442
STE,revenue,3,ttm,34,2023-06-30,4668008000.0,2026-06-30,6037600000.0,3.0006844626967832,8.952136994009475
STE,revenue,5,ttm,34,2021-06-30,3407009000.0,2026-06-30,6037600000.0,4.999315537303217,12.125660788506632
STE,revenue,10,ttm,34,2018-03-31,2012032000.0,2026-06-30,6037600000.0,8.24914442162902,14.24889122542561
STLD,eps,3,ttm,63,2023-06-30,17.279999999999998,2026-06-30,11.01,3.0006844626967832,-13.947648122196188
STLD,eps,5,ttm,63,2021-06-30,6.709999999999999,2026-06-30,11.01,4.999315537303217,10.412653881706358
STLD,eps,10,ttm,63,2016-06-30,0.049999999999999926,2026-06-30,11.01,9.998631074606434,71.51962056752275
STLD,fcf,3,ttm,66,2023-06-30,3011143000.0,2026-06-30,955563000.0,3.0006844626967832,-31.784895461618913
STLD,fcf,10,ttm,66,2016-06-30,836983000.0,2026-06-30,955563000.0,9.998631074606434,1.333969797309753
STLD,net_income,3,ttm,66,2023-06-30,2998606000.0,2026-06-30,1607241000.0,3.0006844626967832,-18.76538524184387
STLD,net_income,5,ttm,66,2021-06-30,1420784000.0,2026-06-30,1607241000.0,4.999315537303217,2.4972126954061924
STLD,net_income,10,ttm,66,2016-06-30,12084000.0,2026-06-30,1607241000.0,9.998631074606434,63.085784388232604
STLD,ocf,3,ttm,66,2023-06-30,4181172000.0,2026-06-30,1571572000.0,3.0006844626967832,-27.826506395138107
STLD,ocf,5,ttm,66,2021-06-30,1139162000.0,2026-06-30,1571572000.0,4.999315537303217,6.64821360764416
STLD,ocf,10,ttm,66,2016-06-30,958706000.0,2026-06-30,1571572000.0,9.998631074606434,5.067360607951654
STLD,revenue,3,ttm,66,2023-06-30,20860306000.0,2026-06-30,20538678000.0,3.0006844626967832,-0.5164860723994469
STLD,revenue,5,ttm,66,2021-06-30,12919650000.0,2026-06-30,20538678000.0,4.999315537303217,9.715973311511195
STLD,revenue,10,ttm,66,2016-06-30,7307172000.0,2026-06-30,20538678000.0,9.998631074606434,10.888998338244992
STT,eps,3,ttm,67,2023-06-30,7.4,2026-06-30,11.33,3.0006844626967832,15.252935898396625
STT,eps,5,ttm,67,2021-06-30,6.28,2026-06-30,11.33,4.999315537303217,12.528121886829036
STT,eps,10,ttm,67,2016-06-30,4.91,2026-06-30,11.33,9.998631074606434,8.722596016484685
STT,fcf,3,ttm,59,2023-06-30,7023000000.0,2026-06-30,2019000000.0,3.0006844626967832,-33.99466382679199
STT,fcf,10,ttm,59,2016-06-30,7406000000.0,2026-06-30,2019000000.0,9.998631074606434,-12.189280999714958
STT,net_income,3,ttm,62,2023-06-30,2735105680.0,2026-06-30,3456159408.0,3.0006844626967832,8.10990640542164
STT,net_income,5,ttm,62,2021-06-30,2374000000.0,2026-06-30,3456159408.0,4.999315537303217,7.802064122967445
STT,net_income,10,ttm,62,2016-06-30,2144000000.0,2026-06-30,3456159408.0,9.998631074606434,4.891365098338651
STT,ocf,3,ttm,59,2023-06-30,7789000000.0,2026-06-30,3474000000.0,3.0006844626967832,-23.59131979557838
STT,ocf,10,ttm,59,2016-06-30,8136000000.0,2026-06-30,3474000000.0,9.998631074606434,-8.15895271645386
STT,revenue,3,ttm,62,2023-06-30,12325000000.0,2026-06-30,15056000000.0,3.0006844626967832,6.897516843318718
STT,revenue,5,ttm,62,2021-06-30,11685000000.0,2026-06-30,15056000000.0,4.999315537303217,5.2008362646618345
STT,revenue,10,ttm,62,2016-06-30,10209000000.0,2026-06-30,15056000000.0,9.998631074606434,3.962077679882081
STX,eps,5,ttm,65,2021-07-02,5.37156834532374,2026-07-03,13.929999999999998,5.002053388090349,20.986252343533064
STX,eps,10,ttm,65,2016-07-01,0.8217697841726617,2026-07-03,13.929999999999998,10.004106776180699,32.699606482969216
STX,fcf,3,ttm,65,2023-06-30,626000000.0,2026-07-03,3105000000.0,3.0088980150581794,70.27210991803574
STX,fcf,5,ttm,65,2021-07-02,1128000000.0,2026-07-03,3105000000.0,5.002053388090349,22.437483975312666
STX,fcf,10,ttm,65,2016-07-01,1093000000.0,2026-07-03,3105000000.0,10.004106776180699,11.000652078052697
STX,net_income,5,ttm,65,2021-07-02,1314000000.0,2026-07-03,3184000000.0,5.002053388090349,19.355924390990232
STX,net_income,10,ttm,65,2016-07-01,248000000.0,2026-07-03,3184000000.0,10.004106776180699,29.064449107224476
STX,ocf,3,ttm,65,2023-06-30,942000000.0,2026-07-03,3674000000.0,3.0088980150581794,57.19790518043495
STX,ocf,5,ttm,65,2021-07-02,1626000000.0,2026-07-03,3674000000.0,5.002053388090349,17.69951047649578
STX,ocf,10,ttm,65,2016-07-01,1680000000.0,2026-07-03,3674000000.0,10.004106776180699,8.135685253152424
STX,revenue,3,ttm,65,2023-06-30,7384000000.0,2026-07-03,12195000000.0,3.0088980150581794,18.144975036047196
STX,revenue,5,ttm,65,2021-07-02,10681000000.0,2026-07-03,12195000000.0,5.002053388090349,2.685530546835757
STX,revenue,10,ttm,65,2016-07-01,11160000000.0,2026-07-03,12195000000.0,10.004106776180699,0.89047804131972
STZ,eps,5,ttm,62,2021-05-31,7.296590659942995,2026-05-31,10.5,4.999315537303217,7.551925886947775
STZ,eps,10,ttm,62,2016-05-31,6.5299824599868455,2026-05-31,10.5,9.998631074606434,4.864997927801373
STZ,fcf,3,ttm,64,2023-05-31,1548300000.0,2026-05-31,1834200000.0,3.0006844626967832,5.809565171344588
STZ,fcf,5,ttm,64,2021-05-31,2001700000.0,2026-05-31,1834200000.0,4.999315537303217,-1.7328182795256941
STZ,fcf,10,ttm,64,2016-05-31,622900000.0,2026-05-31,1834200000.0,9.998631074606434,11.406173423722144
STZ,net_income,5,ttm,65,2021-05-31,1267800000.0,2026-05-31,1824400000.0,4.999315537303217,7.551925886947775
STZ,net_income,10,ttm,65,2016-05-31,1134600000.0,2026-05-31,1824400000.0,9.998631074606434,4.864997927801373
STZ,ocf,3,ttm,64,2023-05-31,2664100000.0,2026-05-31,2693600000.0,3.0006844626967832,0.3676671576837043
STZ,ocf,5,ttm,64,2021-05-31,2836000000.0,2026-05-31,2693600000.0,4.999315537303217,-1.0251703942227186
STZ,ocf,10,ttm,64,2016-05-31,1553900000.0,2026-05-31,2693600000.0,9.998631074606434,5.656026708566575
STZ,revenue,3,ttm,65,2023-05-31,9604300000.0,2026-05-31,9056700000.0,3.0006844626967832,-1.9374098507093596
STZ,revenue,5,ttm,65,2021-05-31,8678000000.0,2026-05-31,9056700000.0,4.999315537303217,0.8580518596228881
STZ,revenue,10,ttm,65,2016-05-31,7478800000.0,2026-05-31,9056700000.0,9.998631074606434,1.9330324761244855
SW,net_income,3,ttm,10,2024-03-31,468000000.0,2026-06-30,497000000.0,2.2477754962354553,2.7108130454688517
SW,ocf,3,ttm,11,2023-12-31,1559000000.0,2026-06-30,3297000000.0,2.4969199178644765,34.98006385121164
SWK,eps,3,ttm,63,2023-07-01,5.067609756097561,2026-07-04,4.09,3.0088980150581794,-6.875246873310625
SWK,eps,5,ttm,63,2021-07-03,10.803585365853658,2026-07-04,4.09,5.002053388090349,-17.64959976939363
SWK,eps,10,ttm,63,2016-07-02,6.494121951219512,2026-07-04,4.09,10.004106776180699,-4.5164560743564675
SWK,fcf,5,ttm,66,2021-07-03,1991600000.0,2026-07-04,1289100000.0,5.002053388090349,-8.328907218644288
SWK,fcf,10,ttm,66,2016-07-02,1127100000.0,2026-07-04,1289100000.0,10.004106776180699,1.3514628887768998
SWK,net_income,3,ttm,66,2023-07-01,727400000.0,2026-07-04,620500000.0,3.0088980150581794,-5.145586337829922
SWK,net_income,5,ttm,66,2021-07-03,1779100000.0,2026-07-04,620500000.0,5.002053388090349,-18.988654859843056
SWK,net_income,10,ttm,66,2016-07-02,965300000.0,2026-07-04,620500000.0,10.004106776180699,-4.321176492604528
SWK,ocf,3,ttm,66,2023-07-01,203600000.0,2026-07-04,1551200000.0,3.0088980150581794,96.37853799747924
SWK,ocf,5,ttm,66,2021-07-03,2385700000.0,2026-07-04,1551200000.0,5.002053388090349,-8.245844600739726
SWK,ocf,10,ttm,66,2016-07-02,1470500000.0,2026-07-04,1551200000.0,10.004106776180699,0.5354726969934109
SWK,revenue,3,ttm,66,2023-07-01,16197100000.0,2026-07-04,15247700000.0,3.0088980150581794,-1.9874810891213013
SWK,revenue,5,ttm,66,2021-07-03,15010500000.0,2026-07-04,15247700000.0,5.002053388090349,0.31393734507050297
SWK,revenue,10,ttm,66,2016-07-02,11406900000.0,2026-07-04,15247700000.0,10.004106776180699,2.94339728459585
SWKS,eps,3,ttm,64,2023-06-30,6.466494845360824,2026-07-03,1.93,3.0088980150581794,-33.09163505512993
SWKS,eps,5,ttm,64,2021-07-02,8.436288659793814,2026-07-03,1.93,5.002053388090349,-25.538159012759422
SWKS,eps,10,ttm,64,2016-07-01,5.023969072164948,2026-07-03,1.93,10.004106776180699,-9.12004749349805
SWKS,fcf,3,ttm,66,2023-06-30,1445300000.0,2026-07-03,434200000.0,3.0088980150581794,-32.94588598945114
SWKS,fcf,5,ttm,66,2021-07-02,1120000000.0,2026-07-03,434200000.0,5.002053388090349,-17.257593760938573
SWKS,fcf,10,ttm,66,2016-07-01,548500000.0,2026-07-03,434200000.0,10.004106776180699,-2.3087908878628327
SWKS,net_income,3,ttm,67,2023-06-30,1040200000.0,2026-07-03,290100000.0,3.0088980150581794,-34.58305026127648
SWKS,net_income,5,ttm,67,2021-07-02,1419000000.0,2026-07-03,290100000.0,5.002053388090349,-27.19358103440579
SWKS,net_income,10,ttm,67,2016-07-01,977600000.0,2026-07-03,290100000.0,10.004106776180699,-11.435370000217093
SWKS,ocf,3,ttm,66,2023-06-30,1727200000.0,2026-07-03,716200000.0,3.0088980150581794,-25.36530641573169
SWKS,ocf,5,ttm,66,2021-07-02,1640700000.0,2026-07-03,716200000.0,5.002053388090349,-15.271292019512073
SWKS,ocf,10,ttm,66,2016-07-01,873400000.0,2026-07-03,716200000.0,10.004106776180699,-1.963984766396465
SWKS,revenue,3,ttm,67,2023-06-30,4960500000.0,2026-07-03,4014100000.0,3.0088980150581794,-6.793785201965752
SWKS,revenue,5,ttm,67,2021-07-02,4755000000.0,2026-07-03,4014100000.0,5.002053388090349,-3.329587258827482
SWKS,revenue,10,ttm,67,2016-07-01,3334400000.0,2026-07-03,4014100000.0,10.004106776180699,1.8717440883090353
SYF,eps,3,ttm,51,2023-06-30,5.450000000000001,2026-06-30,9.75,3.0006844626967832,21.39016385834862
SYF,eps,5,ttm,51,2021-06-30,5.61,2026-06-30,9.75,4.999315537303217,11.69016274998862
SYF,eps,10,ttm,51,2016-06-30,2.62,2026-06-30,9.75,9.998631074606434,14.045498010338054
SYF,net_income,3,ttm,51,2023-06-30,2450000000.0,2026-06-30,3518000000.0,3.0006844626967832,12.814425564670984
SYF,net_income,5,ttm,51,2021-06-30,3318000000.0,2026-06-30,3518000000.0,4.999315537303217,1.1776496897222266
SYF,net_income,10,ttm,51,2016-06-30,2192000000.0,2026-06-30,3518000000.0,9.998631074606434,4.845149052754882
SYF,ocf,3,ttm,49,2023-06-30,7275000000.0,2026-06-30,9694000000.0,3.0006844626967832,10.039141485496717
SYF,ocf,5,ttm,49,2021-06-30,6849000000.0,2026-06-30,9694000000.0,4.999315537303217,7.1961779927185665
SYF,ocf,10,ttm,49,2016-06-30,6178000000.0,2026-06-30,9694000000.0,9.998631074606434,4.608792697732467
SYK,eps,3,ttm,67,2023-06-30,7.072663212435233,2026-06-30,9.64,3.0006844626967832,10.871806998246525
SYK,eps,5,ttm,67,2021-06-30,5.454341968911917,2026-06-30,9.64,4.999315537303217,12.06595765060432
SYK,eps,10,ttm,67,2016-06-30,4.2356062176165805,2026-06-30,9.64,9.998631074606434,8.572799390369145
SYK,fcf,3,ttm,70,2023-06-30,2417000000.0,2026-06-30,4702000000.0,3.0006844626967832,24.828384639314894
SYK,fcf,5,ttm,70,2021-06-30,2973000000.0,2026-06-30,4702000000.0,4.999315537303217,9.60313955560741
SYK,fcf,10,ttm,70,2016-06-30,614000000.0,2026-06-30,4702000000.0,9.998631074606434,22.58110441604344
SYK,net_income,3,ttm,70,2023-06-30,2709000000.0,2026-06-30,3729000000.0,3.0006844626967832,11.237334554755773
SYK,net_income,5,ttm,70,2021-06-30,2083000000.0,2026-06-30,3729000000.0,4.999315537303217,12.353743640244709
SYK,net_income,10,ttm,70,2016-06-30,1605000000.0,2026-06-30,3729000000.0,9.998631074606434,8.796956675095103
SYK,ocf,3,ttm,70,2023-06-30,3025000000.0,2026-06-30,5525000000.0,3.0006844626967832,22.23129418257086
SYK,ocf,5,ttm,70,2021-06-30,3396000000.0,2026-06-30,5525000000.0,4.999315537303217,10.224644752877698
SYK,ocf,10,ttm,70,2016-06-30,999000000.0,2026-06-30,5525000000.0,9.998631074606434,18.65521995475192
SYK,revenue,3,ttm,70,2023-06-30,19455000000.0,2026-06-30,25837000000.0,3.0006844626967832,9.915999931079146
SYK,revenue,5,ttm,70,2021-06-30,16246000000.0,2026-06-30,25837000000.0,4.999315537303217,9.724761282938243
SYK,revenue,10,ttm,70,2016-06-30,10470000000.0,2026-06-30,25837000000.0,9.998631074606434,9.45482509457376
SYY,eps,3,ttm,69,2023-07-01,3.4699999999999998,2026-06-27,3.66,2.9897330595482545,1.799045261535448
SYY,eps,5,ttm,69,2021-07-03,1.01,2026-06-27,3.66,4.982888432580425,29.483962281040398
SYY,eps,10,ttm,69,2016-07-02,1.65,2026-06-27,3.66,9.984941820670773,8.30584462549242
SYY,fcf,3,ttm,69,2023-07-01,2075000000.0,2026-06-27,1938000000.0,2.9897330595482545,-2.2587398109621626
SYY,fcf,5,ttm,69,2021-07-03,1433166000.0,2026-06-27,1938000000.0,4.982888432580425,6.2432792892254785
SYY,fcf,10,ttm,69,2016-07-02,1461001000.0,2026-06-27,1938000000.0,9.984941820670773,2.8700215215524905
SYY,net_income,3,ttm,69,2023-07-01,1770124000.0,2026-06-27,1756000000.0,2.9897330595482545,-0.2675951933980625
SYY,net_income,5,ttm,69,2021-07-03,524209000.0,2026-06-27,1756000000.0,4.982888432580425,27.457265977477242
SYY,net_income,10,ttm,69,2016-07-02,949622000.0,2026-06-27,1756000000.0,9.984941820670773,6.350034819346129
SYY,ocf,3,ttm,69,2023-07-01,2868000000.0,2026-06-27,2638000000.0,2.9897330595482545,-2.7573040055924425
SYY,ocf,5,ttm,69,2021-07-03,1903842000.0,2026-06-27,2638000000.0,4.982888432580425,6.764300859477612
SYY,ocf,10,ttm,69,2016-07-02,1988347000.0,2026-06-27,2638000000.0,9.984941820670773,2.8719039915119593
SYY,revenue,3,ttm,69,2023-07-01,76324675000.0,2026-06-27,84553000000.0,2.9897330595482545,3.4837719033942616
SYY,revenue,5,ttm,69,2021-07-03,51297843000.0,2026-06-27,84553000000.0,4.982888432580425,10.549057031405784
SYY,revenue,10,ttm,69,2016-07-02,50366919000.0,2026-06-27,84553000000.0,9.984941820670773,5.3252001567382745
T,eps,10,ttm,67,2016-06-30,1.7563057682849712,2026-06-30,3.03,9.998631074606434,5.605732371426875
T,fcf,3,ttm,69,2023-06-30,18287000000.0,2026-06-30,17623000000.0,3.0006844626967832,-1.225005671384627
T,fcf,5,ttm,69,2021-06-30,30203000000.0,2026-06-30,17623000000.0,4.999315537303217,-10.215876956907877
T,fcf,10,ttm,69,2016-06-30,16891000000.0,2026-06-30,17623000000.0,9.998631074606434,0.42519881283757943
T,net_income,10,ttm,70,2016-06-30,14211000000.0,2026-06-30,21558000000.0,9.998631074606434,4.2559525631572726
T,ocf,3,ttm,69,2023-06-30,37042000000.0,2026-06-30,39868000000.0,3.0006844626967832,2.480423853615088
T,ocf,5,ttm,69,2021-06-30,43042000000.0,2026-06-30,39868000000.0,4.999315537303217,-1.5205781397487184
T,ocf,10,ttm,69,2016-06-30,37483000000.0,2026-06-30,39868000000.0,9.998631074606434,0.6188565112701827
T,revenue,3,ttm,70,2023-06-30,121442000000.0,2026-06-30,127239000000.0,3.0006844626967832,1.566130214207595
T,revenue,5,ttm,70,2021-06-30,130938000000.0,2026-06-30,127239000000.0,4.999315537303217,-0.5715731588032846
T,revenue,10,ttm,70,2016-06-30,162265000000.0,2026-06-30,127239000000.0,9.998631074606434,-2.402634771072709
TAP,fcf,3,ttm,67,2022-12-31,840600000.0,2025-12-31,1067800000.0,3.0006844626967832,8.299290215431299
TAP,fcf,5,ttm,67,2020-12-31,1120900000.0,2025-12-31,1067800000.0,4.999315537303217,-0.9660657410638929
TAP,fcf,10,ttm,67,2015-12-31,440900000.0,2025-12-31,1067800000.0,10.001368925393566,9.247051314509358
TAP,ocf,3,ttm,67,2022-12-31,1502000000.0,2025-12-31,1784400000.0,3.0006844626967832,5.909537520877839
TAP,ocf,5,ttm,67,2020-12-31,1695700000.0,2025-12-31,1784400000.0,4.999315537303217,1.0250898132466935
TAP,ocf,10,ttm,67,2015-12-31,715900000.0,2025-12-31,1784400000.0,10.001368925393566,9.561648017744485
TAP,revenue,3,ttm,68,2022-12-31,12807500000.0,2025-12-31,13040300000.0,3.0006844626967832,0.6021227346250102
TAP,revenue,5,ttm,68,2020-12-31,11288800000.0,2025-12-31,13040300000.0,4.999315537303217,2.9270856410128943
TAP,revenue,10,ttm,68,2015-12-31,5127400000.0,2025-12-31,13040300000.0,10.001368925393566,9.782594336863859
TDG,eps,3,ttm,64,2023-07-01,18.752730582524276,2026-06-27,33.0,2.9897330595482545,20.808485083451323
TDG,eps,5,ttm,64,2021-07-03,8.239987864077671,2026-06-27,33.0,4.982888432580425,32.108675529067334
TDG,eps,10,ttm,64,2016-07-02,10.14229368932039,2026-06-27,33.0,9.984941820670773,12.54210834242675
TDG,fcf,3,ttm,65,2023-07-01,1051000000.0,2026-06-27,1927000000.0,2.9897330595482545,22.478832721919197
TDG,fcf,5,ttm,65,2021-07-03,723000000.0,2026-06-27,1927000000.0,4.982888432580425,21.74218431703514
TDG,fcf,10,ttm,65,2016-07-02,585108000.0,2026-06-27,1927000000.0,9.984941820670773,12.678909023403584
TDG,net_income,3,ttm,66,2023-07-01,1149000000.0,2026-06-27,2129000000.0,2.9897330595482545,22.911302859581696
TDG,net_income,5,ttm,66,2021-07-03,553000000.0,2026-06-27,2129000000.0,4.982888432580425,31.066650590384313
TDG,net_income,10,ttm,66,2016-07-02,573419000.0,2026-06-27,2129000000.0,9.984941820670773,14.039754735341937
TDG,ocf,3,ttm,65,2023-07-01,1186000000.0,2026-06-27,2198000000.0,2.9897330595482545,22.919573396365124
TDG,ocf,5,ttm,65,2021-07-03,846000000.0,2026-06-27,2198000000.0,4.982888432580425,21.120110153589987
TDG,ocf,10,ttm,65,2016-07-02,629687000.0,2026-06-27,2198000000.0,9.984941820670773,13.337119489121662
TDG,revenue,3,ttm,66,2023-07-01,6243000000.0,2026-06-27,10007000000.0,2.9897330595482545,17.094927062645105
TDG,revenue,5,ttm,66,2021-07-03,4693000000.0,2026-06-27,10007000000.0,4.982888432580425,16.411672792424437
TDG,revenue,10,ttm,66,2016-07-02,3105980000.0,2026-06-27,10007000000.0,9.984941820670773,12.431279030564891
TDY,eps,3,ttm,63,2023-07-02,16.04889748549323,2026-06-28,20.64,2.9897330595482545,8.77937782428544
TDY,eps,5,ttm,63,2021-07-04,9.651295938104449,2026-06-28,20.64,4.982888432580425,16.480049257687867
TDY,eps,10,ttm,63,2016-07-03,5.339651837524179,2026-06-28,20.64,9.984941820670773,14.500723196712029
TDY,fcf,3,ttm,65,2023-07-02,797600000.0,2026-06-28,1142100000.0,2.9897330595482545,12.759067094126175
TDY,fcf,5,ttm,65,2021-07-04,649900000.0,2026-06-28,1142100000.0,4.982888432580425,11.979800733390977
TDY,fcf,10,ttm,65,2016-07-03,230800000.0,2026-06-28,1142100000.0,9.984941820670773,17.368502831379516
TDY,net_income,3,ttm,66,2023-07-02,768700000.0,2026-06-28,974800000.0,2.9897330595482545,8.269042911149116
TDY,net_income,5,ttm,66,2021-07-04,375400000.0,2026-06-28,974800000.0,4.982888432580425,21.10689801610701
TDY,net_income,10,ttm,66,2016-07-03,189700000.0,2026-06-28,974800000.0,9.984941820670773,17.812676137535767
TDY,ocf,3,ttm,65,2023-07-02,900100000.0,2026-06-28,1271300000.0,2.9897330595482545,12.242521944175389
TDY,ocf,5,ttm,65,2021-07-04,722900000.0,2026-06-28,1271300000.0,4.982888432580425,11.995958336767764
TDY,ocf,10,ttm,65,2016-07-03,287200000.0,2026-06-28,1271300000.0,9.984941820670773,16.065672812435118
TDY,revenue,3,ttm,66,2023-07-02,5589800000.0,2026-06-28,6374400000.0,2.9897330595482545,4.491182549579231
TDY,revenue,5,ttm,66,2021-07-04,3485000000.0,2026-06-28,6374400000.0,4.982888432580425,12.882706472116778
TDY,revenue,10,ttm,66,2016-07-03,2225600000.0,2026-06-28,6374400000.0,9.984941820670773,11.113835332657928
TECH,eps,3,ttm,65,2023-06-30,1.76,2026-06-30,1.16,3.0006844626967832,-12.97135800500836
TECH,eps,5,ttm,65,2021-06-30,0.87,2026-06-30,1.16,4.999315537303217,5.923218499486871
TECH,eps,10,ttm,65,2016-06-30,0.7,2026-06-30,1.16,9.998631074606434,5.1814123720203
TECH,fcf,3,ttm,65,2023-06-30,216149000.0,2026-06-30,263223000.0,3.0006844626967832,6.786666195829838
TECH,fcf,5,ttm,65,2021-06-30,307863000.0,2026-06-30,263223000.0,4.999315537303217,-3.0849097377178225
TECH,fcf,10,ttm,65,2016-06-30,127259000.0,2026-06-30,263223000.0,9.998631074606434,7.539460708362111
TECH,net_income,3,ttm,65,2023-06-30,285262000.0,2026-06-30,181840000.0,3.0006844626967832,-13.934313853412906
TECH,net_income,5,ttm,65,2021-06-30,140411000.0,2026-06-30,181840000.0,4.999315537303217,5.307846754567547
TECH,net_income,10,ttm,65,2016-06-30,104475000.0,2026-06-30,181840000.0,9.998631074606434,5.699029421998247
TECH,ocf,3,ttm,65,2023-06-30,254393000.0,2026-06-30,292073000.0,3.0006844626967832,4.7106504068873845
TECH,ocf,5,ttm,65,2021-06-30,352164000.0,2026-06-30,292073000.0,4.999315537303217,-3.673214945482617
TECH,ocf,10,ttm,65,2016-06-30,144157000.0,2026-06-30,292073000.0,9.998631074606434,7.317307000025797
TECH,revenue,3,ttm,65,2023-06-30,1136702000.0,2026-06-30,1215039000.0,3.0006844626967832,2.245843934158631
TECH,revenue,5,ttm,65,2021-06-30,931032000.0,2026-06-30,1215039000.0,4.999315537303217,5.4698402162806525
TECH,revenue,10,ttm,65,2016-06-30,499023000.0,2026-06-30,1215039000.0,9.998631074606434,9.308077674688864
TEL,eps,3,ttm,68,2023-06-30,6.473653281096964,2026-06-26,10.2,2.9897330595482545,16.424111345507452
TEL,eps,5,ttm,68,2021-06-25,5.075024485798237,2026-06-26,10.2,5.002053388090349,14.97608479314545
TEL,eps,10,ttm,68,2016-06-24,6.823310479921646,2026-06-26,10.2,10.004106776180699,4.100624810076359
TEL,fcf,3,ttm,69,2023-06-30,2188000000.0,2026-06-26,3315000000.0,2.9897330595482545,14.908445190555653
TEL,fcf,5,ttm,69,2021-06-25,2047000000.0,2026-06-26,3315000000.0,5.002053388090349,10.117400017815537
TEL,fcf,10,ttm,69,2016-06-24,1309000000.0,2026-06-26,3315000000.0,10.004106776180699,9.733144072664434
TEL,net_income,3,ttm,70,2023-06-30,2066000000.0,2026-06-26,3016000000.0,2.9897330595482545,13.489342564480356
TEL,net_income,5,ttm,70,2021-06-25,1697000000.0,2026-06-26,3016000000.0,5.002053388090349,12.183605573053802
TEL,net_income,10,ttm,70,2016-06-24,2612000000.0,2026-06-26,3016000000.0,10.004106776180699,1.4479446279937136
TEL,ocf,3,ttm,69,2023-06-30,2938000000.0,2026-06-26,4418000000.0,2.9897330595482545,14.620099818919673
TEL,ocf,5,ttm,69,2021-06-25,2622000000.0,2026-06-26,4418000000.0,5.002053388090349,10.994127368760264
TEL,ocf,10,ttm,69,2016-06-24,1904000000.0,2026-06-26,4418000000.0,10.004106776180699,8.777950068107065
TEL,revenue,3,ttm,70,2023-06-30,16358000000.0,2026-06-26,19322000000.0,2.9897330595482545,5.728014695920036
TEL,revenue,5,ttm,70,2021-06-25,14366000000.0,2026-06-26,19322000000.0,5.002053388090349,6.104224447122597
TEL,revenue,10,ttm,70,2016-06-24,11890000000.0,2026-06-26,19322000000.0,10.004106776180699,4.973182954042588
TER,eps,3,ttm,63,2023-07-02,3.3700000000000006,2026-06-28,7.280000000000001,2.9897330595482545,29.38483992727392
TER,eps,5,ttm,63,2021-07-04,5.110000000000001,2026-06-28,7.280000000000001,4.982888432580425,7.361276427364549
TER,fcf,3,ttm,61,2023-07-02,462902000.0,2026-06-28,799932000.0,2.9897330595482545,20.077031038276537
TER,fcf,5,ttm,61,2021-07-04,672439000.0,2026-06-28,799932000.0,4.982888432580425,3.5456410553356577
TER,fcf,10,ttm,61,2016-07-03,355840000.0,2026-06-28,799932000.0,9.984941820670773,8.450831166290772
TER,net_income,3,ttm,66,2023-07-02,559367000.0,2026-06-28,1150219000.0,2.9897330595482545,27.2681160445565
TER,net_income,5,ttm,66,2021-07-04,952879000.0,2026-06-28,1150219000.0,4.982888432580425,3.849568963393968
TER,ocf,3,ttm,61,2023-07-02,617110000.0,2026-06-28,1064951000.0,2.9897330595482545,20.021836384914504
TER,ocf,5,ttm,61,2021-07-04,847359000.0,2026-06-28,1064951000.0,4.982888432580425,4.693714907474922
TER,ocf,10,ttm,61,2016-07-03,446201000.0,2026-06-28,1064951000.0,9.984941820670773,9.103048127029423
TER,revenue,3,ttm,66,2023-07-02,2860875000.0,2026-06-28,4464031000.0,2.9897330595482545,16.046120427502196
TER,revenue,5,ttm,66,2021-07-04,3445786000.0,2026-06-28,4464031000.0,4.982888432580425,5.333133617027053
TER,revenue,10,ttm,66,2016-07-03,1747224000.0,2026-06-28,4464031000.0,9.984941820670773,9.849806903114944
TFC,eps,3,ttm,67,2023-06-30,4.3002288329519445,2026-06-30,4.35,3.0006844626967832,0.3842356979143924
TFC,eps,5,ttm,67,2021-06-30,3.802517162471396,2026-06-30,4.35,4.999315537303217,2.7271440754148113
TFC,eps,10,ttm,67,2016-06-30,2.588100686498856,2026-06-30,4.35,9.998631074606434,5.330439510075791
TFC,fcf,10,ttm,14,2011-06-30,4472000000.0,2021-12-31,7450000000.0,10.505133470225873,4.97832393530675
TFC,net_income,3,ttm,62,2023-06-30,5790000000.0,2026-06-30,5533000000.0,3.0006844626967832,-1.5016698206904877
TFC,net_income,5,ttm,62,2021-06-30,5189000000.0,2026-06-30,5533000000.0,4.999315537303217,1.2922371804295674
TFC,net_income,10,ttm,62,2016-06-30,2062000000.0,2026-06-30,5533000000.0,9.998631074606434,10.375598099005657
TFC,ocf,3,ttm,60,2023-06-30,11152000000.0,2026-06-30,5797000000.0,3.0006844626967832,-19.590915357057714
TFC,ocf,5,ttm,60,2021-06-30,6136000000.0,2026-06-30,5797000000.0,4.999315537303217,-1.1303688303962334
TFC,ocf,10,ttm,60,2016-06-30,3970000000.0,2026-06-30,5797000000.0,9.998631074606434,3.858854996449401
TGT,eps,3,ttm,67,2023-07-29,7.287559709241952,2026-08-01,9.64,3.0088980150581794,9.743432483631654
TGT,eps,5,ttm,67,2021-07-31,12.563032191069574,2026-08-01,9.64,5.002053388090349,-5.156853112065319
TGT,eps,10,ttm,67,2016-07-30,5.405607476635513,2026-08-01,9.64,10.004106776180699,5.952922268010297
TGT,fcf,3,ttm,69,2023-07-29,1633000000.0,2026-08-01,4456000000.0,3.0088980150581794,39.60144754831776
TGT,fcf,5,ttm,69,2021-07-31,6258000000.0,2026-08-01,4456000000.0,5.002053388090349,-6.56404391086075
TGT,fcf,10,ttm,69,2016-07-30,3171000000.0,2026-08-01,4456000000.0,10.004106776180699,3.459131603582377
TGT,net_income,3,ttm,70,2023-07-29,3373000000.0,2026-08-01,4393000000.0,3.0088980150581794,9.178011036104316
TGT,net_income,5,ttm,70,2021-07-31,6308000000.0,2026-08-01,4393000000.0,5.002053388090349,-6.977757602919543
TGT,net_income,10,ttm,70,2016-07-30,3287000000.0,2026-08-01,4393000000.0,10.004106776180699,2.9416153997534833
TGT,ocf,3,ttm,69,2023-07-29,7463000000.0,2026-08-01,8723000000.0,3.0088980150581794,5.321577913771125
TGT,ocf,5,ttm,69,2021-07-31,8831000000.0,2026-08-01,8723000000.0,5.002053388090349,-0.2456975024564989
TGT,ocf,10,ttm,69,2016-07-30,4583000000.0,2026-08-01,8723000000.0,10.004106776180699,6.644908790834303
TGT,revenue,3,ttm,70,2023-07-29,108008000000.0,2026-08-01,107705000000.0,3.0088980150581794,-0.09332250700641032
TGT,revenue,5,ttm,70,2021-07-31,100328000000.0,2026-08-01,107705000000.0,5.002053388090349,1.4285488861619289
TGT,revenue,10,ttm,70,2016-07-30,71604000000.0,2026-08-01,107705000000.0,10.004106776180699,4.165182682668456
TJX,eps,3,ttm,67,2023-07-29,3.4000000000000004,2026-08-01,5.4,3.0088980150581794,16.62014136653598
TJX,eps,5,ttm,67,2021-07-31,2.06,2026-08-01,5.4,5.002053388090349,21.246984476119792
TJX,eps,10,ttm,67,2016-07-30,1.725,2026-08-01,5.4,10.004106776180699,12.083096603675836
TJX,fcf,3,ttm,69,2023-07-29,4580000000.0,2026-08-01,5876000000.0,3.0088980150581794,8.633914566507727
TJX,fcf,5,ttm,69,2021-07-31,4609070000.0,2026-08-01,5876000000.0,5.002053388090349,4.97479554918423
TJX,fcf,10,ttm,69,2016-07-30,2218979000.0,2026-08-01,5876000000.0,10.004106776180699,10.22383007737362
TJX,net_income,3,ttm,70,2023-07-29,3981349000.0,2026-08-01,6066706000.0,3.0088980150581794,15.025443989847997
TJX,net_income,5,ttm,70,2021-07-31,2511790000.0,2026-08-01,6066706000.0,5.002053388090349,19.278585945186034
TJX,net_income,10,ttm,70,2016-07-30,2324242000.0,2026-08-01,6066706000.0,10.004106776180699,10.065207246393392
TJX,ocf,3,ttm,69,2023-07-29,6164000000.0,2026-08-01,8034000000.0,3.0088980150581794,9.205112420697393
TJX,ocf,5,ttm,69,2021-07-31,5312104000.0,2026-08-01,8034000000.0,5.002053388090349,8.622126522374174
TJX,ocf,10,ttm,69,2016-07-30,3211919000.0,2026-08-01,8034000000.0,10.004106776180699,9.597432238371129
TJX,revenue,3,ttm,70,2023-07-29,51228000000.0,2026-08-01,62363000000.0,3.0088980150581794,6.755189908601467
TJX,revenue,5,ttm,70,2021-07-31,43224223000.0,2026-08-01,62363000000.0,5.002053388090349,7.603621998579291
TJX,revenue,10,ttm,70,2016-07-30,32139979000.0,2026-08-01,62363000000.0,10.004106776180699,6.850442054229311
TKO,ocf,3,ttm,12,2023-09-30,265634000.0,2026-06-30,1795136000.0,2.74880219028063,100.39271263007402
TKO,revenue,3,ttm,13,2023-06-30,2758270000.0,2026-06-30,5301863000.0,3.0006844626967832,24.329922802120162
TMO,eps,3,ttm,67,2023-07-01,14.637869822485209,2026-06-27,18.6,2.9897330595482545,8.342148152564533
TMO,eps,5,ttm,67,2021-07-03,21.5916083916084,2026-06-27,18.6,4.982888432580425,-2.9487566586663405
TMO,eps,10,ttm,67,2016-07-02,4.992684238838087,2026-06-27,18.6,9.984941820670773,14.078558099213922
TMO,fcf,3,ttm,69,2023-07-01,5854000000.0,2026-06-27,7318000000.0,2.9897330595482545,7.751715883833787
TMO,fcf,5,ttm,69,2021-07-03,8132000000.0,2026-06-27,7318000000.0,4.982888432580425,-2.0943967731769986
TMO,fcf,10,ttm,69,2016-07-02,2885000000.0,2026-06-27,7318000000.0,9.984941820670773,9.770495030516258
TMO,net_income,3,ttm,70,2023-07-01,5731000000.0,2026-06-27,6984000000.0,2.9897330595482545,6.8373005500842465
TMO,net_income,5,ttm,70,2021-07-03,8596000000.0,2026-06-27,6984000000.0,4.982888432580425,-4.08210933610672
TMO,net_income,10,ttm,70,2016-07-02,1997700000.0,2026-06-27,6984000000.0,9.984941820670773,13.35465823920643
TMO,ocf,3,ttm,69,2023-07-01,7693000000.0,2026-06-27,9013000000.0,2.9897330595482545,5.439483686569679
TMO,ocf,5,ttm,69,2021-07-03,10252000000.0,2026-06-27,9013000000.0,4.982888432580425,-2.551819433571778
TMO,ocf,10,ttm,69,2016-07-02,3345400000.0,2026-06-27,9013000000.0,9.984941820670773,10.4350782429397
TMO,revenue,3,ttm,70,2023-07-01,43524000000.0,2026-06-27,46336000000.0,2.9897330595482545,2.1161352739537564
TMO,revenue,5,ttm,70,2021-07-03,38250000000.0,2026-06-27,46336000000.0,4.982888432580425,3.9237053294932434
TMO,revenue,10,ttm,70,2016-07-02,17605700000.0,2026-06-27,46336000000.0,9.984941820670773,10.176736464045156
TMUS,eps,3,ttm,63,2023-06-30,5.025251046025105,2026-06-30,9.57,3.0006844626967832,23.945316516971783
TMUS,eps,5,ttm,63,2021-06-30,3.1232635983263597,2026-06-30,9.57,4.999315537303217,25.104800801423053
TMUS,eps,10,ttm,63,2016-06-30,1.3013598326359832,2026-06-30,9.57,9.998631074606434,22.085283928613176
TMUS,fcf,3,ttm,65,2023-06-30,4326000000.0,2026-06-30,18399000000.0,3.0006844626967832,62.0023936881936
TMUS,fcf,5,ttm,65,2021-06-30,209000000.0,2026-06-30,18399000000.0,4.999315537303217,144.89664501536305
TMUS,net_income,3,ttm,66,2023-06-30,6146000000.0,2026-06-30,10560000000.0,3.0006844626967832,19.767572540998678
TMUS,net_income,5,ttm,66,2021-06-30,3914000000.0,2026-06-30,10560000000.0,4.999315537303217,21.960844330226447
TMUS,net_income,10,ttm,66,2016-06-30,1139000000.0,2026-06-30,10560000000.0,9.998631074606434,24.947410709351093
TMUS,ocf,3,ttm,65,2023-06-30,17133000000.0,2026-06-30,28833000000.0,3.0006844626967832,18.94192172407272
TMUS,ocf,5,ttm,65,2021-06-30,13686000000.0,2026-06-30,28833000000.0,4.999315537303217,16.07308318672871
TMUS,ocf,10,ttm,65,2016-06-30,3020000000.0,2026-06-30,28833000000.0,9.998631074606434,25.314609352358808
TMUS,revenue,3,ttm,66,2023-06-30,78578000000.0,2026-06-30,92189000000.0,3.0006844626967832,5.468014283674716
TMUS,revenue,5,ttm,66,2021-06-30,79322000000.0,2026-06-30,92189000000.0,4.999315537303217,3.0525819381477692
TMUS,revenue,10,ttm,66,2016-06-30,34239000000.0,2026-06-30,92189000000.0,9.998631074606434,10.413376886122538
TPL,eps,3,ttm,27,2023-06-30,6.000114795918369,2026-06-30,7.83,3.0006844626967832,9.276122875178828
TPL,eps,5,ttm,27,2021-06-30,2.8352678571428576,2026-06-30,7.83,4.999315537303217,22.53089724722073
TPL,fcf,3,ttm,12,2020-12-31,201951000.0,2023-09-30,422163000.0,2.746064339493498,30.80239007740948
TPL,net_income,3,ttm,27,2023-06-30,416529000.0,2026-06-30,541416000.0,3.0006844626967832,9.132294978988975
TPL,net_income,5,ttm,27,2021-06-30,198164000.0,2026-06-30,541416000.0,4.999315537303217,22.268115266330724
TPL,ocf,3,ttm,23,2023-06-30,451008000.0,2026-06-30,603151000.0,3.0006844626967832,10.171941684804754
TPL,ocf,5,ttm,23,2021-06-30,199398000.0,2026-06-30,603151000.0,4.999315537303217,24.782652635978852
TPL,revenue,3,ttm,27,2023-06-30,650788000.0,2026-06-30,897541000.0,3.0006844626967832,11.308322562331409
TPL,revenue,5,ttm,27,2021-06-30,328774000.0,2026-06-30,897541000.0,4.999315537303217,22.248435300307644
TPR,eps,3,ttm,69,2023-07-01,3.88,2026-06-27,7.27,2.9897330595482545,23.370991414078347
TPR,eps,5,ttm,69,2021-07-03,2.95,2026-06-27,7.27,4.982888432580425,19.842679937801933
TPR,eps,10,ttm,69,2016-07-02,1.65,2026-06-27,7.27,9.984941820670773,16.01180266720541
TPR,fcf,3,ttm,69,2023-07-01,791000000.0,2026-06-27,1812500000.0,2.9897330595482545,31.96113675800607
TPR,fcf,5,ttm,69,2021-07-03,1207700000.0,2026-06-27,1812500000.0,4.982888432580425,8.488795627243672
TPR,fcf,10,ttm,69,2016-07-02,362200000.0,2026-06-27,1812500000.0,9.984941820670773,17.500150273938587
TPR,net_income,3,ttm,69,2023-07-01,936000000.0,2026-06-27,1527700000.0,2.9897330595482545,17.805153583391252
TPR,net_income,5,ttm,69,2021-07-03,834200000.0,2026-06-27,1527700000.0,4.982888432580425,12.910427331268792
TPR,net_income,10,ttm,69,2016-07-02,460500000.0,2026-06-27,1527700000.0,9.984941820670773,12.76112158330669
TPR,ocf,3,ttm,69,2023-07-01,975200000.0,2026-06-27,1978500000.0,2.9897330595482545,26.696850039164953
TPR,ocf,5,ttm,69,2021-07-03,1323700000.0,2026-06-27,1978500000.0,4.982888432580425,8.399973985245524
TPR,ocf,10,ttm,69,2016-07-02,758600000.0,2026-06-27,1978500000.0,9.984941820670773,10.07662536405849
TPR,revenue,3,ttm,69,2023-07-01,6660900000.0,2026-06-27,8004200000.0,2.9897330595482545,6.337472877829087
TPR,revenue,5,ttm,69,2021-07-03,5746300000.0,2026-06-27,8004200000.0,4.982888432580425,6.877129243536961
TPR,revenue,10,ttm,69,2016-07-02,4491800000.0,2026-06-27,8004200000.0,9.984941820670773,5.956496488773388
TRGP,eps,3,ttm,63,2023-06-30,3.683518164435946,2026-06-30,10.47,3.0006844626967832,41.642459680970866
TRGP,eps,5,ttm,63,2021-06-30,0.8107743785850858,2026-06-30,10.47,4.999315537303217,66.8167885173339
TRGP,eps,10,ttm,63,2016-06-30,0.32030592734225616,2026-06-30,10.47,9.998631074606434,41.72905917901242
TRGP,fcf,3,ttm,61,2023-06-30,855200000.0,2026-06-30,740900000.0,3.0006844626967832,-4.6687315333937995
TRGP,fcf,5,ttm,61,2021-06-30,1774600000.0,2026-06-30,740900000.0,4.999315537303217,-16.030525300932673
TRGP,fcf,10,ttm,61,2016-06-30,319300000.0,2026-06-30,740900000.0,9.998631074606434,8.783010273523416
TRGP,net_income,3,ttm,63,2023-06-30,1337400000.0,2026-06-30,2267600000.0,3.0006844626967832,19.238803140336657
TRGP,net_income,5,ttm,63,2021-06-30,305500000.0,2026-06-30,2267600000.0,4.999315537303217,49.32581182597924
TRGP,net_income,10,ttm,63,2016-06-30,13800000.0,2026-06-30,2267600000.0,9.998631074606434,66.57087666760336
TRGP,ocf,3,ttm,61,2023-06-30,2843700000.0,2026-06-30,4285500000.0,3.0006844626967832,14.646032736750737
TRGP,ocf,5,ttm,61,2021-06-30,2309200000.0,2026-06-30,4285500000.0,4.999315537303217,13.165837896458399
TRGP,ocf,10,ttm,61,2016-06-30,1008000000.0,2026-06-30,4285500000.0,9.998631074606434,15.574680670270592
TRGP,revenue,3,ttm,35,2023-06-30,15652200000.0,2026-06-30,16741500000.0,3.0006844626967832,2.267452539775583
TRGP,revenue,5,ttm,35,2021-06-30,10746400000.0,2026-06-30,16741500000.0,4.999315537303217,9.272667521556798
TRGP,revenue,10,ttm,35,2017-12-31,8814900000.0,2026-06-30,16741500000.0,8.49555099247091,7.842742884391418
TRMB,fcf,3,ttm,65,2023-06-30,506800000.0,2026-07-03,773100000.0,3.0088980150581794,15.067383463207618
TRMB,fcf,5,ttm,65,2021-07-02,749000000.0,2026-07-03,773100000.0,5.002053388090349,0.6351369391852213
TRMB,fcf,10,ttm,65,2016-07-01,319000000.0,2026-07-03,773100000.0,10.004106776180699,9.251829231412234
TRMB,ocf,3,ttm,65,2023-06-30,540500000.0,2026-07-03,799100000.0,3.0088980150581794,13.876582697101503
TRMB,ocf,5,ttm,65,2021-07-02,797600000.0,2026-07-03,799100000.0,5.002053388090349,0.037569144182558745
TRMB,ocf,10,ttm,65,2016-07-01,348600000.0,2026-07-03,799100000.0,10.004106776180699,8.645710711793452
TRMB,revenue,3,ttm,66,2023-06-30,3650400000.0,2026-07-03,3782900000.0,3.0088980150581794,1.1920058644576903
TRMB,revenue,5,ttm,66,2021-07-02,3453500000.0,2026-07-03,3782900000.0,5.002053388090349,1.8379929961723773
TRMB,revenue,10,ttm,66,2016-07-01,2392500000.0,2026-07-03,3782900000.0,10.004106776180699,4.686124740185305
TROW,eps,3,ttm,67,2023-06-30,6.72,2026-06-30,9.96,3.0006844626967832,14.01194684397904
TROW,eps,5,ttm,67,2021-06-30,12.69,2026-06-30,9.96,4.999315537303217,-4.729890892725241
TROW,eps,10,ttm,67,2016-06-30,4.2,2026-06-30,9.96,9.998631074606434,9.019990315730087
TROW,fcf,3,ttm,69,2023-06-30,1291700000.0,2026-06-30,1673800000.0,3.0006844626967832,9.019807530037816
TROW,fcf,5,ttm,69,2021-06-30,1849100000.0,2026-06-30,1673800000.0,4.999315537303217,-1.9726079898123139
TROW,fcf,10,ttm,69,2016-06-30,479000000.0,2026-06-30,1673800000.0,9.998631074606434,13.329831833483574
TROW,net_income,3,ttm,71,2023-06-30,1548300000.0,2026-06-30,2221600000.0,3.0006844626967832,12.786813776291384
TROW,net_income,5,ttm,71,2021-06-30,2991700000.0,2026-06-30,2221600000.0,4.999315537303217,-5.7793652159762505
TROW,net_income,10,ttm,71,2016-06-30,1087700000.0,2026-06-30,2221600000.0,9.998631074606434,7.403867521071961
TROW,ocf,3,ttm,69,2023-06-30,1538900000.0,2026-06-30,1932200000.0,3.0006844626967832,7.879695191688851
TROW,ocf,5,ttm,69,2021-06-30,2080200000.0,2026-06-30,1932200000.0,4.999315537303217,-1.4654541007855681
TROW,ocf,10,ttm,69,2016-06-30,629600000.0,2026-06-30,1932200000.0,9.998631074606434,11.867878808035236
TROW,revenue,3,ttm,63,2023-06-30,6260200000.0,2026-06-30,7592000000.0,3.0006844626967832,6.639056636834018
TROW,revenue,5,ttm,63,2021-06-30,7084800000.0,2026-06-30,7592000000.0,4.999315537303217,1.392666163121281
TROW,revenue,10,ttm,63,2015-12-31,4200600000.0,2026-06-30,7592000000.0,10.496919917864476,5.80048222838998
TRV,eps,3,ttm,67,2023-06-30,9.397365735767988,2026-06-30,37.19,3.0006844626967832,58.15924823681884
TRV,eps,5,ttm,67,2021-06-30,14.84004833512352,2026-06-30,37.19,4.999315537303217,20.17360732353861
TRV,eps,10,ttm,67,2016-06-30,10.32611707841031,2026-06-30,37.19,9.998631074606434,13.672793353553537
TRV,net_income,3,ttm,67,2023-06-30,2234000000.0,2026-06-30,8303000000.0,3.0006844626967832,54.884255343445034
TRV,net_income,5,ttm,67,2021-06-30,3804000000.0,2026-06-30,8303000000.0,4.999315537303217,16.898298091719298
TRV,net_income,10,ttm,67,2016-06-30,3149000000.0,2026-06-30,8303000000.0,9.998631074606434,10.182342809334077
TRV,ocf,3,ttm,69,2023-06-30,6385000000.0,2026-06-30,11026000000.0,3.0006844626967832,19.96861798492069
TRV,ocf,5,ttm,69,2021-06-30,7266000000.0,2026-06-30,11026000000.0,4.999315537303217,8.69998357648738
TRV,ocf,10,ttm,69,2016-06-30,3852000000.0,2026-06-30,11026000000.0,9.998631074606434,11.091140175744062
TRV,revenue,3,ttm,70,2023-06-30,38741000000.0,2026-06-30,48979000000.0,3.0006844626967832,8.128111805301463
TRV,revenue,5,ttm,70,2021-06-30,33672000000.0,2026-06-30,48979000000.0,4.999315537303217,7.783592902841452
TRV,revenue,10,ttm,70,2016-06-30,26947000000.0,2026-06-30,48979000000.0,9.998631074606434,6.158189220313814
TSCO,eps,3,ttm,63,2023-07-01,2.0104712041884816,2026-06-27,1.92,2.9897330595482545,-1.528270137269494
TSCO,eps,5,ttm,63,2021-06-26,1.5098638743455497,2026-06-27,1.92,5.002053388090349,4.921410050511477
TSCO,eps,10,ttm,63,2016-06-25,0.6272670157068061,2026-06-27,1.92,10.004106776180699,11.831701644520255
TSCO,fcf,3,ttm,61,2023-07-01,656048000.0,2026-06-27,306981000.0,2.9897330595482545,-22.432270207263826
TSCO,fcf,5,ttm,61,2021-06-26,786877000.0,2026-06-27,306981000.0,5.002053388090349,-17.153437757204358
TSCO,fcf,10,ttm,61,2016-06-25,260557000.0,2026-06-27,306981000.0,10.004106776180699,1.6524737797338318
TSCO,net_income,3,ttm,66,2023-07-01,1109329000.0,2026-06-27,1880594000.0,2.9897330595482545,19.309207854479116
TSCO,net_income,5,ttm,66,2021-06-26,877879000.0,2026-06-27,1880594000.0,5.002053388090349,16.451453326333485
TSCO,net_income,10,ttm,66,2016-06-25,423117000.0,2026-06-27,1880594000.0,10.004106776180699,16.07985660636062
TSCO,ocf,3,ttm,61,2023-07-01,1513695000.0,2026-06-27,1285820000.0,2.9897330595482545,-5.311008838596642
TSCO,ocf,5,ttm,61,2021-06-26,1210284000.0,2026-06-27,1285820000.0,5.002053388090349,1.2176892233006997
TSCO,ocf,10,ttm,61,2016-06-25,500995000.0,2026-06-27,1285820000.0,10.004106776180699,9.879803590223135
TSCO,revenue,3,ttm,66,2023-07-01,14761099000.0,2026-06-27,15750724000.0,2.9897330595482545,2.1941891720441697
TSCO,revenue,5,ttm,66,2021-06-26,19620819000.0,2026-06-27,15750724000.0,5.002053388090349,-4.297229166198669
TSCO,revenue,10,ttm,66,2016-06-25,6442586000.0,2026-06-27,15750724000.0,10.004106776180699,9.34730708895717
TSLA,eps,3,ttm,51,2023-06-30,3.5953703703703708,2026-06-30,1.1,3.0006844626967832,-32.61103417910615
TSLA,eps,5,ttm,51,2021-06-30,0.6518518518518519,2026-06-30,1.1,4.999315537303217,11.033742594544215
TSLA,fcf,3,ttm,61,2023-06-30,6163000000.0,2026-06-30,5762000000.0,3.0006844626967832,-2.217174192449556
TSLA,fcf,5,ttm,61,2021-06-30,4175000000.0,2026-06-30,5762000000.0,4.999315537303217,6.656465158099256
TSLA,net_income,3,ttm,63,2023-06-30,12195000000.0,2026-06-30,3804000000.0,3.0006844626967832,-32.17475519175213
TSLA,net_income,5,ttm,63,2021-06-30,2181000000.0,2026-06-30,3804000000.0,4.999315537303217,11.769570915976146
TSLA,ocf,3,ttm,61,2023-06-30,13956000000.0,2026-06-30,18685000000.0,3.0006844626967832,10.213402772160162
TSLA,ocf,5,ttm,61,2021-06-30,9184000000.0,2026-06-30,18685000000.0,4.999315537303217,15.265859174828877
TSLA,revenue,3,ttm,63,2023-06-30,94028000000.0,2026-06-30,103619000000.0,3.0006844626967832,3.2898211436886315
TSLA,revenue,5,ttm,63,2021-06-30,41862000000.0,2026-06-30,103619000000.0,4.999315537303217,19.876667926103387
TSLA,revenue,10,ttm,63,2016-06-30,4568233000.0,2026-06-30,103619000000.0,9.998631074606434,36.64309047075061
TSN,eps,3,ttm,68,2023-07-01,0.92,2026-06-27,1.62,2.9897330595482545,20.834331437518937
TSN,eps,5,ttm,68,2021-07-03,6.42,2026-06-27,1.62,4.982888432580425,-24.14481545560141
TSN,eps,10,ttm,68,2016-07-02,4.13,2026-06-27,1.62,9.984941820670773,-8.946802326319947
TSN,fcf,3,ttm,65,2023-07-01,98000000.0,2026-06-27,1161000000.0,2.9897330595482545,128.6112821895238
TSN,fcf,5,ttm,65,2021-07-03,2671000000.0,2026-06-27,1161000000.0,4.982888432580425,-15.397509330463466
TSN,fcf,10,ttm,65,2016-07-02,2038000000.0,2026-06-27,1161000000.0,9.984941820670773,-5.4795130102128775
TSN,net_income,3,ttm,68,2023-07-01,340000000.0,2026-06-27,574000000.0,2.9897330595482545,19.14376824717938
TSN,net_income,5,ttm,68,2021-07-03,2346000000.0,2026-06-27,574000000.0,4.982888432580425,-24.612932784746167
TSN,net_income,10,ttm,68,2016-07-02,1635000000.0,2026-06-27,574000000.0,9.984941820670773,-9.952666913055875
TSN,ocf,3,ttm,65,2023-07-01,2226000000.0,2026-06-27,2004000000.0,2.9897330595482545,-3.4530356429487097
TSN,ocf,5,ttm,65,2021-07-03,3822000000.0,2026-06-27,2004000000.0,4.982888432580425,-12.152616787925496
TSN,ocf,10,ttm,65,2016-07-02,2771000000.0,2026-06-27,2004000000.0,9.984941820670773,-3.1934162292393986
TSN,revenue,3,ttm,68,2023-07-01,53270000000.0,2026-06-27,55694000000.0,2.9897330595482545,1.4995288934795292
TSN,revenue,5,ttm,68,2021-07-03,45698000000.0,2026-06-27,55694000000.0,4.982888432580425,4.049799669582255
TSN,revenue,10,ttm,68,2016-07-02,38231000000.0,2026-06-27,55694000000.0,9.984941820670773,3.839817537662893
TT,eps,3,ttm,67,2023-06-30,8.247272727272728,2026-06-30,13.44,3.0006844626967832,17.673908360794456
TT,eps,5,ttm,67,2021-06-30,5.630545454545454,2026-06-30,13.44,4.999315537303217,19.009082313002047
TT,eps,10,ttm,67,2016-06-30,4.29705903096128,2026-06-30,13.44,9.998631074606434,12.080374939881944
TT,fcf,3,ttm,69,2023-06-30,1521100000.0,2026-06-30,3546500000.0,3.0006844626967832,32.59264860650901
TT,fcf,5,ttm,69,2021-06-30,2143900000.0,2026-06-30,3546500000.0,4.999315537303217,10.592346700896682
TT,fcf,10,ttm,69,2016-06-30,929200000.0,2026-06-30,3546500000.0,9.998631074606434,14.334432454554257
TT,net_income,3,ttm,70,2023-06-30,1880300000.0,2026-06-30,2949000000.0,3.0006844626967832,16.180796130189812
TT,net_income,5,ttm,70,2021-06-30,1345200000.0,2026-06-30,2949000000.0,4.999315537303217,17.000284305042214
TT,net_income,10,ttm,70,2016-06-30,1434400000.0,2026-06-30,2949000000.0,9.998631074606434,7.474327178623819
TT,ocf,3,ttm,69,2023-06-30,1803000000.0,2026-06-30,3876800000.0,3.0006844626967832,29.06265960188459
TT,ocf,5,ttm,69,2021-06-30,2308000000.0,2026-06-30,3876800000.0,4.999315537303217,10.931193607561763
TT,ocf,10,ttm,69,2016-06-30,1146500000.0,2026-06-30,3876800000.0,9.998631074606434,12.958047714465515
TT,revenue,3,ttm,70,2023-06-30,16816200000.0,2026-06-30,22209900000.0,3.0006844626967832,9.714423830836072
TT,revenue,5,ttm,70,2021-06-30,13521900000.0,2026-06-30,22209900000.0,4.999315537303217,10.435239606582837
TT,revenue,10,ttm,70,2016-06-30,13395000000.0,2026-06-30,22209900000.0,9.998631074606434,5.187321211816598
TTD,eps,3,ttm,39,2023-06-30,0.26999999999999996,2026-06-30,0.84,3.0006844626967832,45.97137387453678
TTD,eps,5,ttm,39,2021-06-30,0.5399999999999999,2026-06-30,0.84,4.999315537303217,9.240168034851482
TTD,fcf,3,ttm,40,2023-06-30,538263000.0,2026-06-30,863049000.0,3.0006844626967832,17.039210962738128
TTD,fcf,5,ttm,40,2021-06-30,286543000.0,2026-06-30,863049000.0,4.999315537303217,24.675822478926147
TTD,fcf,10,ttm,40,2016-09-30,20771000.0,2026-06-30,863049000.0,9.74674880219028,46.576173470871126
TTD,net_income,3,ttm,41,2023-06-30,129321000.0,2026-06-30,406888000.0,3.0006844626967832,46.52017396960222
TTD,net_income,5,ttm,41,2021-06-30,263488000.0,2026-06-30,406888000.0,4.999315537303217,9.0807148969829
TTD,net_income,10,ttm,41,2016-06-30,16813000.0,2026-06-30,406888000.0,9.998631074606434,37.53141556708104
TTD,ocf,3,ttm,40,2023-06-30,626438000.0,2026-06-30,1081674000.0,3.0006844626967832,19.965047086160716
TTD,ocf,5,ttm,40,2021-06-30,341383000.0,2026-06-30,1081674000.0,4.999315537303217,25.946068310845227
TTD,ocf,10,ttm,40,2016-09-30,27952000.0,2026-06-30,1081674000.0,9.74674880219028,45.51027167035788
TTD,revenue,3,ttm,34,2023-06-30,1732567000.0,2026-06-30,2990138000.0,3.0006844626967832,19.945063264926798
TTD,revenue,5,ttm,34,2021-06-30,1035796000.0,2026-06-30,2990138000.0,4.999315537303217,23.622068974063517
TTD,revenue,10,ttm,34,2018-03-31,340533000.0,2026-06-30,2990138000.0,8.24914442162902,30.130584475108122
TTWO,fcf,5,ttm,63,2021-06-30,468682000.0,2026-06-30,337500000.0,4.999315537303217,-6.357026489601836
TTWO,fcf,10,ttm,63,2016-06-30,85834000.0,2026-06-30,337500000.0,9.998631074606434,14.675220395115907
TTWO,ocf,5,ttm,63,2021-06-30,615077000.0,2026-06-30,500200000.0,4.999315537303217,-4.051015761011456
TTWO,ocf,10,ttm,63,2016-06-30,108575000.0,2026-06-30,500200000.0,9.998631074606434,16.50658372893772
TTWO,revenue,3,ttm,64,2023-06-30,5532200000.0,2026-06-30,6686500000.0,3.0006844626967832,6.519078624197716
TTWO,revenue,5,ttm,64,2021-06-30,3354790000.0,2026-06-30,6686500000.0,4.999315537303217,14.792867271119814
TTWO,revenue,10,ttm,64,2016-06-30,1449953000.0,2026-06-30,6686500000.0,9.998631074606434,16.518150168974422
TXN,eps,3,ttm,67,2023-06-30,8.342659574468085,2026-06-30,6.590000000000001,3.0006844626967832,-7.558265687631794
TXN,eps,5,ttm,67,2021-06-30,7.180896656534955,2026-06-30,6.590000000000001,4.999315537303217,-1.7029857541576932
TXN,eps,10,ttm,67,2016-06-30,3.044620060790274,2026-06-30,6.590000000000001,9.998631074606434,8.028867271257134
TXN,fcf,3,ttm,69,2023-06-30,3182000000.0,2026-06-30,5355000000.0,3.0006844626967832,18.94218483624841
TXN,fcf,5,ttm,69,2021-06-30,6487000000.0,2026-06-30,5355000000.0,4.999315537303217,-3.7632750709056473
TXN,fcf,10,ttm,69,2016-06-30,4145000000.0,2026-06-30,5355000000.0,9.998631074606434,2.594721515867393
TXN,net_income,3,ttm,70,2023-06-30,7687000000.0,2026-06-30,6052000000.0,3.0006844626967832,-7.660275140352891
TXN,net_income,5,ttm,70,2021-06-30,6725000000.0,2026-06-30,6052000000.0,4.999315537303217,-2.087064277480688
TXN,net_income,10,ttm,70,2016-06-30,3164000000.0,2026-06-30,6052000000.0,9.998631074606434,6.701395825188228
TXN,ocf,3,ttm,69,2023-06-30,7367000000.0,2026-06-30,8667000000.0,3.0006844626967832,5.5651759495584985
TXN,ocf,5,ttm,69,2021-06-30,7539000000.0,2026-06-30,8667000000.0,4.999315537303217,2.828303044047553
TXN,ocf,10,ttm,69,2016-06-30,4730000000.0,2026-06-30,8667000000.0,9.998631074606434,6.243988572846937
TXN,revenue,3,ttm,70,2023-06-30,18821000000.0,2026-06-30,19453000000.0,3.0006844626967832,1.1067630824075803
TXN,revenue,5,ttm,70,2021-06-30,16762000000.0,2026-06-30,19453000000.0,4.999315537303217,3.022935569645835
TXN,revenue,10,ttm,70,2016-06-30,12899000000.0,2026-06-30,19453000000.0,9.998631074606434,4.194668511323374
TXT,eps,3,ttm,63,2023-07-01,4.35820754716981,2026-07-04,5.3100000000000005,3.0088980150581794,6.785177493300831
TXT,eps,5,ttm,63,2021-07-03,3.0858113207547166,2026-07-04,5.3100000000000005,5.002053388090349,11.461703742740292
TXT,eps,10,ttm,63,2016-07-02,2.655,2026-07-04,5.3100000000000005,10.004106776180699,7.174296638750222
TXT,fcf,3,ttm,63,2023-07-01,949000000.0,2026-07-04,759000000.0,3.0088980150581794,-7.155931682597505
TXT,fcf,5,ttm,63,2021-07-03,1343000000.0,2026-07-04,759000000.0,5.002053388090349,-10.78179110639812
TXT,fcf,10,ttm,63,2016-07-02,403000000.0,2026-07-04,759000000.0,10.004106776180699,6.532565700593418
TXT,net_income,3,ttm,63,2023-07-01,905000000.0,2026-07-04,937000000.0,3.0088980150581794,1.1615468202031964
TXT,net_income,5,ttm,63,2021-07-03,705000000.0,2026-07-04,937000000.0,5.002053388090349,5.852215201249367
TXT,net_income,10,ttm,63,2016-07-02,729000000.0,2026-07-04,937000000.0,10.004106776180699,2.5408070428907914
TXT,ocf,3,ttm,63,2023-07-01,1334000000.0,2026-07-04,1236000000.0,3.0088980150581794,-2.5039819117976703
TXT,ocf,5,ttm,63,2021-07-03,1692000000.0,2026-07-04,1236000000.0,5.002053388090349,-6.085030973417071
TXT,ocf,10,ttm,63,2016-07-02,857000000.0,2026-07-04,1236000000.0,10.004106776180699,3.728294250856057
TXT,revenue,3,ttm,63,2023-07-01,13162000000.0,2026-07-04,15299000000.0,3.0088980150581794,5.12741276650408
TXT,revenue,5,ttm,63,2021-07-03,12472000000.0,2026-07-04,15299000000.0,5.002053388090349,4.168906167518727
TXT,revenue,10,ttm,63,2016-07-02,13815000000.0,2026-07-04,15299000000.0,10.004106776180699,1.0251250021409364
TYL,eps,3,ttm,63,2023-06-30,3.905928381962865,2026-06-30,7.610000000000001,3.0006844626967832,24.891084321763167
TYL,eps,5,ttm,63,2021-06-30,3.754535809018568,2026-06-30,7.610000000000001,4.999315537303217,15.179206663613542
TYL,eps,10,ttm,63,2016-06-30,1.91763925729443,2026-06-30,7.610000000000001,9.998631074606434,14.780991050334036
TYL,fcf,3,ttm,61,2023-06-30,290618000.0,2026-06-30,714266000.0,3.0006844626967832,34.942720615344555
TYL,fcf,5,ttm,61,2021-06-30,289280000.0,2026-06-30,714266000.0,4.999315537303217,19.817171325672312
TYL,fcf,10,ttm,61,2016-06-30,152021000.0,2026-06-30,714266000.0,9.998631074606434,16.736008366633715
TYL,net_income,3,ttm,63,2023-06-30,164315000.0,2026-06-30,324616000.0,3.0006844626967832,25.470536274561017
TYL,net_income,5,ttm,63,2021-06-30,155884000.0,2026-06-30,324616000.0,4.999315537303217,15.803690310292385
TYL,net_income,10,ttm,63,2016-06-30,71991000.0,2026-06-30,324616000.0,9.998631074606434,16.256736320444908
TYL,ocf,3,ttm,61,2023-06-30,306760000.0,2026-06-30,730747000.0,3.0006844626967832,33.54494130826917
TYL,ocf,5,ttm,61,2021-06-30,309925000.0,2026-06-30,730747000.0,4.999315537303217,18.716828618009384
TYL,ocf,10,ttm,61,2016-06-30,180355000.0,2026-06-30,730747000.0,9.998631074606434,15.019693160110847
TYL,revenue,3,ttm,63,2023-06-30,1901544000.0,2026-06-30,2429657000.0,3.0006844626967832,8.51041802737198
TYL,revenue,5,ttm,63,2021-06-30,1267908000.0,2026-06-30,2429657000.0,4.999315537303217,13.893562991924103
TYL,revenue,10,ttm,63,2016-06-30,678026000.0,2026-06-30,2429657000.0,9.998631074606434,13.615465175243457
UAL,eps,3,ttm,63,2023-06-30,8.127610121836927,2026-06-30,10.68,3.0006844626967832,9.528492879066297
UAL,eps,10,ttm,63,2016-06-30,17.736607310215557,2026-06-30,10.68,9.998631074606434,-4.946731731809928
UAL,fcf,3,ttm,65,2023-06-30,1710000000.0,2026-06-30,2544000000.0,3.0006844626967832,14.154722167780886
UAL,fcf,10,ttm,65,2016-06-30,3071000000.0,2026-06-30,2544000000.0,9.998631074606434,-1.865297634802754
UAL,net_income,3,ttm,66,2023-06-30,2666000000.0,2026-06-30,3497000000.0,3.0006844626967832,9.463551926373048
UAL,net_income,10,ttm,66,2016-06-30,6540000000.0,2026-06-30,3497000000.0,9.998631074606434,-6.069190304641891
UAL,ocf,3,ttm,65,2023-06-30,8840000000.0,2026-06-30,8913000000.0,3.0006844626967832,0.2744470043065661
UAL,ocf,10,ttm,65,2016-06-30,6161000000.0,2026-06-30,8913000000.0,9.998631074606434,3.7622702976651823
UAL,revenue,3,ttm,66,2023-06-30,50884000000.0,2026-06-30,62902000000.0,3.0006844626967832,7.32166505855627
UAL,revenue,5,ttm,66,2021-06-30,14593000000.0,2026-06-30,62902000000.0,4.999315537303217,33.94340929480679
UAL,revenue,10,ttm,66,2016-06-30,36933000000.0,2026-06-30,62902000000.0,9.998631074606434,5.469807389360248
UBER,eps,10,ttm,31,2018-12-31,2.2155873051600494e-16,2026-06-30,4.56,7.496235455167693,14904.5322581578
UBER,fcf,3,ttm,31,2023-06-30,1744000000.0,2026-06-30,10116000000.0,3.0006844626967832,79.65090012820026
UBER,net_income,10,ttm,31,2018-12-31,997000000.0,2026-06-30,9579000000.0,7.496235455167693,35.23293199338444
UBER,ocf,3,ttm,31,2023-06-30,1984000000.0,2026-06-30,10424000000.0,3.0006844626967832,73.82388928422283
UBER,revenue,3,ttm,31,2023-06-30,35003000000.0,2026-06-30,55227000000.0,3.0006844626967832,16.412693155793747
UBER,revenue,5,ttm,31,2021-06-30,12810000000.0,2026-06-30,55227000000.0,4.999315537303217,33.948495924472866
UBER,revenue,10,ttm,31,2018-12-31,10433000000.0,2026-06-30,55227000000.0,7.496235455167693,24.89568289796673
UDR,eps,3,ttm,62,2023-03-31,0.33319727891156464,2026-03-31,1.58,3.0006844626967832,67.98370330356893
UDR,eps,5,ttm,62,2021-03-31,0.21496598639455786,2026-03-31,1.58,4.999315537303217,49.03256930941493
UDR,eps,10,ttm,62,2016-03-31,1.1070748299319728,2026-03-31,1.58,9.998631074606434,3.621559952805553
UDR,fcf,3,ttm,60,2023-03-31,592495000.0,2026-03-31,632086000.0,3.0006844626967832,2.17901017350719
UDR,fcf,5,ttm,60,2021-03-31,433919000.0,2026-03-31,632086000.0,4.999315537303217,7.814698869124337
UDR,fcf,10,ttm,60,2016-03-31,471094000.0,2026-03-31,632086000.0,9.998631074606434,2.9837276610323205
UDR,net_income,3,ttm,65,2023-03-31,104183000.0,2026-03-31,490815000.0,3.0006844626967832,67.61870300016217
UDR,net_income,5,ttm,65,2021-03-31,62149000.0,2026-03-31,490815000.0,4.999315537303217,51.1893888487223
UDR,net_income,10,ttm,65,2016-03-31,271809000.0,2026-03-31,490815000.0,9.998631074606434,6.0886476398625655
UDR,ocf,3,ttm,64,2023-03-31,827066000.0,2026-03-31,875414000.0,3.0006844626967832,1.911352196857119
UDR,ocf,5,ttm,64,2021-03-31,592465000.0,2026-03-31,875414000.0,4.999315537303217,8.122181700837672
UDR,ocf,10,ttm,64,2016-03-31,475370000.0,2026-03-31,875414000.0,9.998631074606434,6.297194504091852
UDR,revenue,3,ttm,58,2023-03-31,5179000.0,2026-03-31,11777000.0,3.0006844626967832,31.49294732936525
UDR,revenue,5,ttm,58,2021-03-31,5296000.0,2026-03-31,11777000.0,4.999315537303217,17.334801711785342
UDR,revenue,10,ttm,58,2015-12-31,871928000.0,2026-03-31,11777000.0,10.247775496235455,-34.29847672469246
UHS,eps,3,ttm,63,2023-06-30,9.619999999999997,2026-06-30,24.5,3.0006844626967832,36.55244110658775
UHS,eps,5,ttm,63,2021-06-30,12.639999999999999,2026-06-30,24.5,4.999315537303217,14.15414149878551
UHS,eps,10,ttm,63,2016-06-30,7.039999999999999,2026-06-30,24.5,9.998631074606434,13.283525838995413
UHS,fcf,3,ttm,65,2023-06-30,508974000.0,2026-06-30,845400000.0,3.0006844626967832,18.423745608224216
UHS,fcf,5,ttm,65,2021-06-30,169340000.0,2026-06-30,845400000.0,4.999315537303217,37.936645055263575
UHS,fcf,10,ttm,65,2016-06-30,916632000.0,2026-06-30,845400000.0,9.998631074606434,-0.8058085215704613
UHS,net_income,3,ttm,66,2023-06-30,692062000.0,2026-06-30,1526027000.0,3.0006844626967832,30.15063558744537
UHS,net_income,5,ttm,66,2021-06-30,1084102000.0,2026-06-30,1526027000.0,4.999315537303217,7.078549724231276
UHS,net_income,10,ttm,66,2016-06-30,700372000.0,2026-06-30,1526027000.0,9.998631074606434,8.100567786223834
UHS,ocf,3,ttm,65,2023-06-30,1171677000.0,2026-06-30,1800302000.0,3.0006844626967832,15.38914884683078
UHS,ocf,5,ttm,65,2021-06-30,1028248000.0,2026-06-30,1800302000.0,4.999315537303217,11.855194871598208
UHS,ocf,10,ttm,65,2016-06-30,1373088000.0,2026-06-30,1800302000.0,9.998631074606434,2.74632803713426
UHS,revenue,3,ttm,63,2023-06-30,13798663000.0,2026-06-30,18114487000.0,3.0006844626967832,9.493252666699936
UHS,revenue,5,ttm,63,2021-06-30,12210343000.0,2026-06-30,18114487000.0,4.999315537303217,8.209234723591807
UHS,revenue,10,ttm,63,2016-06-30,9423547000.0,2026-06-30,18114487000.0,9.998631074606434,6.754219465287448
ULTA,eps,3,ttm,63,2023-07-29,24.92814936247723,2026-08-01,27.47,3.0088980150581794,3.279621960521517
ULTA,eps,5,ttm,63,2021-07-31,13.019479052823316,2026-08-01,27.47,5.002053388090349,16.098440930418988
ULTA,eps,10,ttm,63,2016-07-30,5.684138433515482,2026-08-01,27.47,10.004106776180699,17.055362577508504
ULTA,fcf,3,ttm,63,2023-07-29,973682000.0,2026-08-01,1149452000.0,3.0088980150581794,5.670441026730266
ULTA,fcf,5,ttm,63,2021-07-31,1063698000.0,2026-08-01,1149452000.0,5.002053388090349,1.5621146729690283
ULTA,fcf,10,ttm,63,2016-07-30,158264000.0,2026-08-01,1149452000.0,10.004106776180699,21.920159158584806
ULTA,net_income,3,ttm,63,2023-07-29,1262081000.0,2026-08-01,1209548000.0,3.0088980150581794,-1.40304699652275
ULTA,net_income,5,ttm,63,2021-07-31,727474000.0,2026-08-01,1209548000.0,5.002053388090349,10.698821589982899
ULTA,net_income,10,ttm,63,2016-07-30,360873000.0,2026-08-01,1209548000.0,10.004106776180699,12.850973286450905
ULTA,ocf,3,ttm,63,2023-07-29,1370056000.0,2026-08-01,1567827000.0,3.0088980150581794,4.5832695918334165
ULTA,ocf,5,ttm,63,2021-07-31,1195779000.0,2026-08-01,1567827000.0,5.002053388090349,5.564959245414891
ULTA,ocf,10,ttm,63,2016-07-30,469808000.0,2026-08-01,1567827000.0,10.004106776180699,12.80186706370532
ULTA,revenue,3,ttm,63,2023-07-29,10729638000.0,2026-08-01,12955517000.0,3.0088980150581794,6.465571646684554
ULTA,revenue,5,ttm,63,2021-07-31,7656460000.0,2026-08-01,12955517000.0,5.002053388090349,11.08785776935246
ULTA,revenue,10,ttm,63,2016-07-30,4321926000.0,2026-08-01,12955517000.0,10.004106776180699,11.598451889941686
UNH,eps,3,ttm,67,2023-06-30,22.32566110397946,2026-06-30,15.57,3.0006844626967832,-11.317077755443272
UNH,eps,5,ttm,67,2021-06-30,15.130282413350448,2026-06-30,15.57,4.999315537303217,0.5746792748918539
UNH,eps,10,ttm,67,2016-06-30,6.385898587933247,2026-06-30,15.57,9.998631074606434,9.323105213452632
UNH,fcf,3,ttm,69,2023-06-30,38196000000.0,2026-06-30,23617000000.0,3.0006844626967832,-14.804205555977967
UNH,fcf,5,ttm,69,2021-06-30,18512000000.0,2026-06-30,23617000000.0,4.999315537303217,4.992233328340623
UNH,fcf,10,ttm,69,2016-06-30,8656000000.0,2026-06-30,23617000000.0,9.998631074606434,10.559665546088048
UNH,net_income,3,ttm,70,2023-06-30,21108000000.0,2026-06-30,14122000000.0,3.0006844626967832,-12.535937447138911
UNH,net_income,5,ttm,70,2021-06-30,14512000000.0,2026-06-30,14122000000.0,4.999315537303217,-0.5434331907800294
UNH,net_income,10,ttm,70,2016-06-30,6180000000.0,2026-06-30,14122000000.0,9.998631074606434,8.61647070087761
UNH,ocf,3,ttm,69,2023-06-30,41375000000.0,2026-06-30,27017000000.0,3.0006844626967832,-13.24115148704167
UNH,ocf,5,ttm,69,2021-06-30,20773000000.0,2026-06-30,27017000000.0,4.999315537303217,5.397596112936021
UNH,ocf,10,ttm,69,2016-06-30,10309000000.0,2026-06-30,27017000000.0,9.998631074606434,10.115330587698491
UNH,revenue,3,ttm,70,2023-06-30,348515000000.0,2026-06-30,450129000000.0,3.0006844626967832,8.900546134906584
UNH,revenue,5,ttm,70,2021-06-30,272099000000.0,2026-06-30,450129000000.0,4.999315537303217,10.59309078998487
UNH,revenue,10,ttm,70,2016-06-30,176100000000.0,2026-06-30,450129000000.0,9.998631074606434,9.84071315972821
UNP,eps,3,ttm,67,2023-06-30,10.932281553398056,2026-06-30,12.34,3.0006844626967832,4.119190791088956
UNP,eps,5,ttm,67,2021-06-30,8.765792880258898,2026-06-30,12.34,4.999315537303217,7.080122140240741
UNP,eps,10,ttm,67,2016-06-30,5.131682847896439,2026-06-30,12.34,9.998631074606434,9.171870722295793
UNP,fcf,3,ttm,69,2023-06-30,5471000000.0,2026-06-30,6504000000.0,3.0006844626967832,5.933233303782948
UNP,fcf,5,ttm,69,2021-06-30,5849000000.0,2026-06-30,6504000000.0,4.999315537303217,2.145924747447725
UNP,fcf,10,ttm,69,2016-06-30,3063000000.0,2026-06-30,6504000000.0,9.998631074606434,7.822111150523137
UNP,net_income,3,ttm,70,2023-06-30,6732000000.0,2026-06-30,7330000000.0,3.0006844626967832,2.8767285993927194
UNP,net_income,5,ttm,70,2021-06-30,5882000000.0,2026-06-30,7330000000.0,4.999315537303217,4.5005095419133
UNP,net_income,10,ttm,70,2016-06-30,4375000000.0,2026-06-30,7330000000.0,9.998631074606434,5.29691812720845
UNP,ocf,3,ttm,69,2023-06-30,9053000000.0,2026-06-30,10263000000.0,3.0006844626967832,4.269300577898738
UNP,ocf,5,ttm,69,2021-06-30,8367000000.0,2026-06-30,10263000000.0,4.999315537303217,4.170162326368354
UNP,ocf,10,ttm,69,2016-06-30,7096000000.0,2026-06-30,10263000000.0,9.998631074606434,3.7595946273646375
UNP,revenue,3,ttm,70,2023-06-30,24765000000.0,2026-06-30,25410000000.0,3.0006844626967832,0.8605337013162684
UNP,revenue,5,ttm,70,2021-06-30,20242000000.0,2026-06-30,25410000000.0,4.999315537303217,4.653306162628934
UNP,revenue,10,ttm,70,2016-06-30,20369000000.0,2026-06-30,25410000000.0,9.998631074606434,2.2362262756844054
UPS,eps,3,ttm,67,2023-06-30,11.53,2026-06-30,5.38,3.0006844626967832,-22.433149060180046
UPS,eps,5,ttm,67,2021-06-30,6.92,2026-06-30,5.38,4.999315537303217,-4.91057030232378
UPS,eps,10,ttm,67,2016-06-30,5.57,2026-06-30,5.38,9.998631074606434,-0.346512569725943
UPS,fcf,3,ttm,69,2023-06-30,6204000000.0,2026-06-30,5457000000.0,3.0006844626967832,-4.185414607338345
UPS,fcf,5,ttm,69,2021-06-30,7949000000.0,2026-06-30,5457000000.0,4.999315537303217,-7.2478856959592335
UPS,fcf,10,ttm,69,2016-06-30,5500000000.0,2026-06-30,5457000000.0,9.998631074606434,-0.07846898335671648
UPS,net_income,3,ttm,70,2023-06-30,10013000000.0,2026-06-30,4570000000.0,3.0006844626967832,-23.002511048755114
UPS,net_income,5,ttm,70,2021-06-30,6078000000.0,2026-06-30,4570000000.0,4.999315537303217,-5.544400296764785
UPS,net_income,10,ttm,70,2016-06-30,4988000000.0,2026-06-30,4570000000.0,9.998631074606434,-0.8715181266930494
UPS,ocf,3,ttm,69,2023-06-30,11405000000.0,2026-06-30,8867000000.0,3.0006844626967832,-8.046389779217112
UPS,ocf,5,ttm,69,2021-06-30,12966000000.0,2026-06-30,8867000000.0,4.999315537303217,-7.31923297166791
UPS,ocf,10,ttm,69,2016-06-30,7884000000.0,2026-06-30,8867000000.0,9.998631074606434,1.1821044604642061
UPS,revenue,3,ttm,70,2023-06-30,96174000000.0,2026-06-30,89930000000.0,3.0006844626967832,-2.21223473780805
UPS,revenue,5,ttm,70,2021-06-30,92466000000.0,2026-06-30,89930000000.0,4.999315537303217,-0.554720251149865
UPS,revenue,10,ttm,70,2016-06-30,59338000000.0,2026-06-30,89930000000.0,9.998631074606434,4.246057944228476
URI,eps,3,ttm,62,2023-03-31,33.09693367346939,2026-03-31,41.61,3.0006844626967832,7.926748551764873
URI,eps,5,ttm,62,2021-03-31,13.47017602040816,2026-03-31,41.61,4.999315537303217,25.30785662135784
URI,eps,10,ttm,62,2016-03-31,6.315803571428571,2026-03-31,41.61,9.998631074606434,20.750272637512325
URI,fcf,3,ttm,55,2021-12-31,491000000.0,2024-12-31,416000000.0,3.0006844626967832,-5.3742314804224645
URI,fcf,5,ttm,55,2019-12-31,2806000000.0,2024-12-31,416000000.0,5.002053388090349,-31.723823137851724
URI,fcf,10,ttm,55,2014-12-31,1681000000.0,2024-12-31,416000000.0,10.001368925393566,-13.031723646979653
URI,net_income,3,ttm,62,2023-03-31,2189000000.0,2026-03-31,2507000000.0,3.0006844626967832,4.624094367597453
URI,net_income,5,ttm,62,2021-03-31,920000000.0,2026-03-31,2507000000.0,4.999315537303217,22.203944034560365
URI,net_income,10,ttm,62,2016-03-31,562000000.0,2026-03-31,2507000000.0,9.998631074606434,16.131675820464796
URI,ocf,3,ttm,60,2023-03-31,4486000000.0,2026-03-31,5279000000.0,3.0006844626967832,5.574432566052345
URI,ocf,5,ttm,60,2021-03-31,2772000000.0,2026-03-31,5279000000.0,4.999315537303217,13.752080258801636
URI,ocf,10,ttm,60,2016-03-31,1924000000.0,2026-03-31,5279000000.0,9.998631074606434,10.62178471901416
URI,revenue,3,ttm,62,2023-03-31,5232000000.0,2026-03-31,6947000000.0,3.0006844626967832,9.90914408248238
URI,revenue,5,ttm,62,2021-03-31,5247000000.0,2026-03-31,6947000000.0,4.999315537303217,5.774403399718264
URI,revenue,10,ttm,62,2016-03-31,5812000000.0,2026-03-31,6947000000.0,9.998631074606434,1.8001059500448724
USB,eps,3,ttm,67,2023-06-30,3.5900000000000003,2026-06-30,5.01,3.0006844626967832,11.74722667264858
USB,eps,5,ttm,67,2021-06-30,4.66,2026-06-30,5.01,4.999315537303217,1.4591508114762952
USB,eps,10,ttm,67,2016-06-30,3.19,2026-06-30,5.01,9.998631074606434,4.618234893055839
USB,net_income,3,ttm,70,2023-06-30,5796000000.0,2026-06-30,8168000000.0,3.0006844626967832,12.111747660312865
USB,net_income,5,ttm,70,2021-06-30,7361000000.0,2026-06-30,8168000000.0,4.999315537303217,2.1026512553073307
USB,net_income,10,ttm,70,2016-06-30,5873000000.0,2026-06-30,8168000000.0,9.998631074606434,3.3540582649651984
USB,ocf,3,ttm,65,2023-06-30,14551000000.0,2026-06-30,12525000000.0,3.0006844626967832,-4.8738509885308146
USB,ocf,5,ttm,65,2021-06-30,8735000000.0,2026-06-30,12525000000.0,4.999315537303217,7.47494975959464
USB,ocf,10,ttm,65,2016-06-30,8069000000.0,2026-06-30,12525000000.0,9.998631074606434,4.495699217832549
USB,revenue,3,ttm,39,2023-06-30,27044000000.0,2026-06-30,29694000000.0,3.0006844626967832,3.1643165777012205
USB,revenue,5,ttm,39,2019-09-30,23148000000.0,2026-06-30,29694000000.0,6.74880219028063,3.759015161826751
USB,revenue,10,ttm,39,2016-06-30,20843000000.0,2026-06-30,29694000000.0,9.998631074606434,3.603148067920614
V,eps,3,ttm,67,2023-03-31,8.335104335312106,2026-03-31,11.74,3.0006844626967832,12.091937213147474
V,eps,5,ttm,67,2021-03-31,5.629244468429573,2026-03-31,11.74,4.999315537303217,15.838343473777993
V,eps,10,ttm,67,2016-03-31,3.620308508724591,2026-03-31,11.74,9.998631074606434,12.48620025189291
V,fcf,3,ttm,68,2023-03-31,18170000000.0,2026-03-31,21185000000.0,3.0006844626967832,5.249355288066382
V,fcf,5,ttm,68,2021-03-31,11293000000.0,2026-03-31,21185000000.0,4.999315537303217,13.409989281423385
V,fcf,10,ttm,68,2016-03-31,6202000000.0,2026-03-31,21185000000.0,9.998631074606434,13.072494901019871
V,net_income,3,ttm,69,2023-03-31,15787000000.0,2026-03-31,22236000000.0,3.0006844626967832,12.091937213147453
V,net_income,5,ttm,69,2021-03-31,10662000000.0,2026-03-31,22236000000.0,4.999315537303217,15.838343473777993
V,net_income,10,ttm,69,2016-03-31,6857000000.0,2026-03-31,22236000000.0,9.998631074606434,12.48620025189291
V,ocf,3,ttm,68,2023-03-31,19159000000.0,2026-03-31,22756000000.0,3.0006844626967832,5.901476309427056
V,ocf,5,ttm,68,2021-03-31,11940000000.0,2026-03-31,22756000000.0,4.999315537303217,13.769536614547274
V,ocf,10,ttm,68,2016-03-31,6664000000.0,2026-03-31,22756000000.0,9.998631074606434,13.068959584423489
V,revenue,3,ttm,69,2023-03-31,30983000000.0,2026-03-31,43027000000.0,3.0006844626967832,11.565099228510544
V,revenue,5,ttm,69,2021-03-31,21354000000.0,2026-03-31,43027000000.0,4.999315537303217,15.043132085862322
V,revenue,10,ttm,69,2016-03-31,14280000000.0,2026-03-31,43027000000.0,9.998631074606434,11.66262782073375
VEEV,eps,3,ttm,51,2023-07-31,3.31,2026-07-31,6.11,3.0006844626967832,22.664105883581453
VEEV,eps,5,ttm,51,2021-07-31,2.62,2026-07-31,6.11,4.999315537303217,18.456270015610254
VEEV,eps,10,ttm,51,2016-07-31,0.37,2026-07-31,6.11,9.998631074606434,32.37336903010739
VEEV,fcf,3,ttm,28,2017-04-30,167986000.0,2020-04-30,481606000.0,3.0006844626967832,42.04899122140415
VEEV,fcf,5,ttm,28,2015-04-30,60293000.0,2020-04-30,481606000.0,5.002053388090349,51.49939842080455
VEEV,net_income,3,ttm,55,2023-07-31,540139000.0,2026-07-31,1014772000.0,3.0006844626967832,23.38626658400562
VEEV,net_income,5,ttm,55,2021-07-31,424302000.0,2026-07-31,1014772000.0,4.999315537303217,19.055386376713933
VEEV,net_income,10,ttm,55,2016-07-31,53539000.0,2026-07-31,1014772000.0,9.998631074606434,34.21075366368957
VEEV,ocf,3,ttm,53,2023-07-31,977029000.0,2026-07-31,1665459000.0,3.0006844626967832,19.451393053464795
VEEV,ocf,5,ttm,53,2021-07-31,761204000.0,2026-07-31,1665459000.0,4.999315537303217,16.954217525628913
VEEV,ocf,10,ttm,53,2016-07-31,144287000.0,2026-07-31,1665459000.0,9.998631074606434,27.71597358766522
VEEV,revenue,3,ttm,55,2023-07-31,2232290000.0,2026-07-31,3458098000.0,3.0006844626967832,15.703840520449198
VEEV,revenue,5,ttm,55,2021-07-31,1663447000.0,2026-07-31,3458098000.0,4.999315537303217,15.764224973803675
VEEV,revenue,10,ttm,55,2016-07-31,472302000.0,2026-07-31,3458098000.0,9.998631074606434,22.031960591703402
VICI,eps,3,ttm,32,2023-06-30,2.1900000000000004,2026-06-30,2.58,3.0006844626967832,5.613585119581899
VICI,eps,5,ttm,32,2021-06-30,2.3700000000000006,2026-06-30,2.58,4.999315537303217,1.7127231026407674
VICI,eps,10,ttm,32,2018-09-30,1.2500000000000002,2026-06-30,2.58,7.748117727583847,9.803849853588286
VICI,net_income,3,ttm,32,2023-06-30,2144400000.0,2026-06-30,2765718000.0,3.0006844626967832,8.849297531081035
VICI,net_income,5,ttm,32,2021-06-30,1256794000.0,2026-06-30,2765718000.0,4.999315537303217,17.0895505948236
VICI,net_income,10,ttm,32,2018-09-30,425615000.0,2026-06-30,2765718000.0,7.748117727583847,27.32149580494143
VICI,ocf,3,ttm,32,2023-06-30,2044673000.0,2026-06-30,2638275000.0,3.0006844626967832,8.865511306240847
VICI,ocf,5,ttm,32,2021-06-30,975613000.0,2026-06-30,2638275000.0,4.999315537303217,22.016995532664563
VICI,ocf,10,ttm,32,2018-09-30,457957000.0,2026-06-30,2638275000.0,7.748117727583847,25.35806280337298
VICI,revenue,3,ttm,32,2023-06-30,3297254000.0,2026-06-30,4097604000.0,3.0006844626967832,7.510781271716449
VICI,revenue,5,ttm,32,2021-06-30,1463381000.0,2026-06-30,4097604000.0,4.999315537303217,22.87025489075385
VICI,revenue,10,ttm,32,2018-09-30,859547000.0,2026-06-30,4097604000.0,7.748117727583847,22.331619769991274
VLO,eps,3,ttm,67,2023-06-30,28.90181023720349,2026-06-30,23.99,3.0006844626967832,-6.018749725138006
VLO,eps,10,ttm,67,2016-06-30,6.1796962130669995,2026-06-30,23.99,9.998631074606434,14.528712127842237
VLO,fcf,5,ttm,45,2019-06-30,1461000000.0,2025-09-30,2817000000.0,6.253251197809719,11.070350203717517
VLO,fcf,10,ttm,45,2015-09-30,4235000000.0,2025-09-30,2817000000.0,10.001368925393566,-3.994576701931729
VLO,net_income,3,ttm,70,2023-06-30,10941000000.0,2026-06-30,7212000000.0,3.0006844626967832,-12.967793217287493
VLO,net_income,10,ttm,70,2016-06-30,2984000000.0,2026-06-30,7212000000.0,9.998631074606434,9.227234287895737
VLO,ocf,3,ttm,69,2023-06-30,10823000000.0,2026-06-30,10908000000.0,3.0006844626967832,0.2610461748760562
VLO,ocf,5,ttm,69,2021-06-30,2217000000.0,2026-06-30,10908000000.0,4.999315537303217,37.53550777661096
VLO,ocf,10,ttm,69,2016-06-30,4808000000.0,2026-06-30,10908000000.0,9.998631074606434,8.538280751856853
VLO,revenue,3,ttm,35,2023-06-30,157148000000.0,2026-06-30,139397000000.0,3.0006844626967832,-3.915762577743853
VLO,revenue,5,ttm,35,2021-06-30,80967000000.0,2026-06-30,139397000000.0,4.999315537303217,11.479634606227007
VLO,revenue,10,ttm,35,2017-12-31,93980000000.0,2026-06-30,139397000000.0,8.49555099247091,4.749954095464037
VLTO,eps,3,ttm,10,2023-12-31,3.478865979381444,2026-04-03,3.97,2.2559890485968515,6.0284634278211735
VLTO,fcf,3,ttm,11,2023-09-29,997000000.0,2026-04-03,1042000000.0,2.510609171800137,1.7739468414897042
VLTO,net_income,3,ttm,12,2023-06-30,868000000.0,2026-04-03,969000000.0,2.759753593429158,4.069113503142474
VLTO,ocf,3,ttm,11,2023-09-29,1037000000.0,2026-04-03,1102000000.0,2.510609171800137,2.451071921054737
VLTO,revenue,3,ttm,12,2023-06-30,4945000000.0,2026-04-03,5593000000.0,2.759753593429158,4.562993160734963
VMC,eps,3,ttm,66,2023-03-31,4.5630476190476195,2026-03-31,8.48,3.0006844626967832,22.93998426816639
VMC,eps,5,ttm,66,2021-03-31,5.188952380952381,2026-03-31,8.48,4.999315537303217,10.323764994436168
VMC,eps,10,ttm,66,2016-03-31,2.2411428571428575,2026-03-31,8.48,9.998631074606434,14.23535709664927
VMC,fcf,3,ttm,66,2023-03-31,548100000.0,2026-03-31,1116400000.0,3.0006844626967832,26.754440836843397
VMC,fcf,5,ttm,66,2021-03-31,836975000.0,2026-03-31,1116400000.0,4.999315537303217,5.931444411358777
VMC,fcf,10,ttm,66,2016-03-31,241177000.0,2026-03-31,1116400000.0,9.998631074606434,16.56213811054379
VMC,net_income,3,ttm,69,2023-03-31,604500000.0,2026-03-31,1113300000.0,3.0006844626967832,22.570268046208408
VMC,net_income,5,ttm,69,2021-03-31,684822000.0,2026-03-31,1113300000.0,4.999315537303217,10.207887984005737
VMC,net_income,10,ttm,69,2016-03-31,301013000.0,2026-03-31,1113300000.0,9.998631074606434,13.975228780687488
VMC,ocf,3,ttm,66,2023-03-31,1193900000.0,2026-03-31,1802600000.0,3.0006844626967832,14.717638933066212
VMC,ocf,5,ttm,66,2021-03-31,1157225000.0,2026-03-31,1802600000.0,4.999315537303217,9.270160871721277
VMC,ocf,10,ttm,66,2016-03-31,589112000.0,2026-03-31,1802600000.0,9.998631074606434,11.83475728858161
VMC,revenue,3,ttm,69,2023-03-31,7423500000.0,2026-03-31,8062400000.0,3.0006844626967832,2.7895937916645686
VMC,revenue,5,ttm,69,2021-03-31,4875884000.0,2026-03-31,8062400000.0,4.999315537303217,10.582951132613893
VMC,revenue,10,ttm,69,2016-03-31,3545616000.0,2026-03-31,8062400000.0,9.998631074606434,8.563078211788987
VMRK,eps,3,ttm,67,2023-06-30,2.485714285714286,2026-06-30,2.61,3.0006844626967832,1.6392586281616772
VMRK,eps,5,ttm,67,2021-06-30,2.1580519480519484,2026-06-30,2.61,4.999315537303217,3.876661586050134
VMRK,eps,10,ttm,67,2016-06-30,12.925714285714285,2026-06-30,2.61,9.998631074606434,-14.78636673836663
VMRK,fcf,3,ttm,41,2016-06-30,1231369000.0,2019-06-30,1357788000.0,2.9979466119096507,3.3136266721539576
VMRK,fcf,5,ttm,41,2014-06-30,915101000.0,2019-06-30,1357788000.0,4.999315537303217,8.212462378425878
VMRK,fcf,10,ttm,41,2009-06-30,588934000.0,2019-06-30,1357788000.0,9.998631074606434,8.713005007795216
VMRK,net_income,3,ttm,70,2023-06-30,833283000.0,2026-06-30,875355000.0,3.0006844626967832,1.655045363506602
VMRK,net_income,5,ttm,70,2021-06-30,718067000.0,2026-06-30,875355000.0,4.999315537303217,4.041404206168897
VMRK,net_income,10,ttm,70,2016-06-30,4207775000.0,2026-06-30,875355000.0,9.998631074606434,-14.531942162619538
VMRK,ocf,3,ttm,69,2023-06-30,1509862000.0,2026-06-30,1566091000.0,3.0006844626967832,1.2259913880240836
VMRK,ocf,5,ttm,69,2021-06-30,1206575000.0,2026-06-30,1566091000.0,4.999315537303217,5.355117458685932
VMRK,ocf,10,ttm,69,2016-06-30,1156657000.0,2026-06-30,1566091000.0,9.998631074606434,3.077301922911313
VMRK,revenue,5,ttm,45,2015-03-31,2647677000.0,2020-03-31,216000.0,5.002053388090349,-84.77163016123062
VMRK,revenue,10,ttm,45,2010-03-31,1849855000.0,2020-03-31,216000.0,10.001368925393566,-59.5623941826643
VRSK,eps,3,ttm,62,2023-03-31,3.21530487804878,2026-03-31,6.51,3.0006844626967832,26.501686652129862
VRSK,eps,5,ttm,62,2021-03-31,4.267225609756097,2026-03-31,6.51,4.999315537303217,8.815835165919793
VRSK,eps,10,ttm,62,2016-03-31,2.9175914634146336,2026-03-31,6.51,9.998631074606434,8.357860904921788
VRSK,fcf,3,ttm,62,2023-03-31,748800000.0,2026-03-31,1127300000.0,3.0006844626967832,14.606974516426984
VRSK,fcf,5,ttm,62,2021-03-31,901200000.0,2026-03-31,1127300000.0,4.999315537303217,4.579443587720733
VRSK,fcf,10,ttm,62,2016-03-31,524570000.0,2026-03-31,1127300000.0,9.998631074606434,7.951369034134781
VRSK,net_income,3,ttm,62,2023-03-31,504500000.0,2026-03-31,910200000.0,3.0006844626967832,21.73227390441386
VRSK,net_income,5,ttm,62,2021-03-31,709600000.0,2026-03-31,910200000.0,4.999315537303217,5.106023473489629
VRSK,net_income,10,ttm,62,2016-03-31,501514000.0,2026-03-31,910200000.0,9.998631074606434,6.142404329842455
VRSK,ocf,3,ttm,62,2023-03-31,1024700000.0,2026-03-31,1381700000.0,3.0006844626967832,10.474608185068579
VRSK,ocf,5,ttm,62,2021-03-31,1154300000.0,2026-03-31,1381700000.0,4.999315537303217,3.6623740699215146
VRSK,ocf,10,ttm,62,2016-03-31,696710000.0,2026-03-31,1381700000.0,9.998631074606434,7.087860660297518
VRSK,revenue,3,ttm,34,2023-03-31,2505000000.0,2026-03-31,3102300000.0,3.0006844626967832,7.386979193705834
VRSK,revenue,5,ttm,34,2021-03-31,2305800000.0,2026-03-31,3102300000.0,4.999315537303217,6.114800065562087
VRSK,revenue,10,ttm,34,2017-12-31,2145200000.0,2026-03-31,3102300000.0,8.24640657084189,4.575171195462957
VRSN,eps,3,ttm,67,2023-06-30,6.745336225596529,2026-06-30,9.2,3.0006844626967832,10.896496739286654
VRSN,eps,5,ttm,67,2021-06-30,5.518004338394793,2026-06-30,9.2,4.999315537303217,10.766194930385842
VRSN,eps,10,ttm,67,2016-06-30,3.143167028199565,2026-06-30,9.2,9.998631074606434,11.339283596443938
VRSN,fcf,3,ttm,69,2023-06-30,856600000.0,2026-06-30,1066100000.0,3.0006844626967832,7.563782620168968
VRSN,fcf,5,ttm,69,2021-06-30,629819000.0,2026-06-30,1066100000.0,4.999315537303217,11.102209571111077
VRSN,fcf,10,ttm,69,2016-06-30,647097000.0,2026-06-30,1066100000.0,9.998631074606434,5.120114272504495
VRSN,net_income,3,ttm,70,2023-06-30,713400000.0,2026-06-30,850000000.0,3.0006844626967832,6.012275158606006
VRSN,net_income,5,ttm,70,2021-06-30,626405000.0,2026-06-30,850000000.0,4.999315537303217,6.295865363618813
VRSN,net_income,10,ttm,70,2016-06-30,414653000.0,2026-06-30,850000000.0,9.998631074606434,7.442889481518122
VRSN,ocf,3,ttm,69,2023-06-30,883400000.0,2026-06-30,1101300000.0,3.0006844626967832,7.623918746778968
VRSN,ocf,5,ttm,69,2021-06-30,675628000.0,2026-06-30,1101300000.0,4.999315537303217,10.266962256282586
VRSN,ocf,10,ttm,69,2016-06-30,679320000.0,2026-06-30,1101300000.0,9.998631074606434,4.950858786491219
VRSN,revenue,3,ttm,70,2023-06-30,1462500000.0,2026-06-30,1707900000.0,3.0006844626967832,5.305341073608116
VRSN,revenue,5,ttm,70,2021-06-30,1291211000.0,2026-06-30,1707900000.0,4.999315537303217,5.753894635745582
VRSN,revenue,10,ttm,70,2016-06-30,1106747000.0,2026-06-30,1707900000.0,9.998631074606434,4.434499109854384
VRT,eps,3,ttm,27,2023-06-30,0.4810859728506787,2026-06-30,4.43,3.0006844626967832,109.565779312724
VRT,fcf,3,ttm,27,2023-06-30,365300000.0,2026-06-30,2929800000.0,3.0006844626967832,100.13698440927841
VRT,fcf,5,ttm,27,2021-06-30,389000000.0,2026-06-30,2929800000.0,4.999315537303217,49.76201883597731
VRT,net_income,3,ttm,32,2023-06-30,181300000.0,2026-06-30,1732000000.0,3.0006844626967832,112.14957678559831
VRT,net_income,10,ttm,32,2018-09-30,2680603.0,2026-06-30,1732000000.0,7.748117727583847,130.5204364003546
VRT,ocf,3,ttm,29,2023-06-30,480700000.0,2026-06-30,3354200000.0,3.0006844626967832,91.06191503995713
VRT,ocf,5,ttm,29,2021-06-30,450600000.0,2026-06-30,3354200000.0,4.999315537303217,49.411293378125734
VRT,revenue,3,ttm,34,2023-06-30,6390900000.0,2026-06-30,11479600000.0,3.0006844626967832,21.553901840850198
VRT,revenue,5,ttm,34,2021-06-30,4826200000.0,2026-06-30,11479600000.0,4.999315537303217,18.92539226720933
VRTX,eps,3,ttm,67,2023-06-30,12.924927198602212,2026-06-30,17.15,3.0006844626967832,9.884389559570138
VRTX,eps,5,ttm,67,2021-06-30,7.571170646476411,2026-06-30,17.15,4.999315537303217,17.768716349389212
VRTX,fcf,3,ttm,67,2023-06-30,3878700000.0,2026-06-30,3796100000.0,3.0006844626967832,-0.7147968193892518
VRTX,fcf,5,ttm,67,2021-06-30,1777289000.0,2026-06-30,3796100000.0,4.999315537303217,16.392485637768317
VRTX,net_income,3,ttm,67,2023-06-30,3364900000.0,2026-06-30,4405200000.0,3.0006844626967832,9.392847533335203
VRTX,net_income,5,ttm,67,2021-06-30,1991724000.0,2026-06-30,4405200000.0,4.999315537303217,17.2078594217149
VRTX,ocf,3,ttm,67,2023-06-30,4068200000.0,2026-06-30,4292900000.0,3.0006844626967832,1.8077994162846611
VRTX,ocf,5,ttm,67,2021-06-30,2120575000.0,2026-06-30,4292900000.0,4.999315537303217,15.151026581889738
VRTX,revenue,3,ttm,67,2023-06-30,9505000000.0,2026-06-30,12587200000.0,3.0006844626967832,9.81198181196563
VRTX,revenue,5,ttm,67,2021-06-30,6683791000.0,2026-06-30,12587200000.0,4.999315537303217,13.498149795990845
VRTX,revenue,10,ttm,67,2016-06-30,1557439000.0,2026-06-30,12587200000.0,9.998631074606434,23.243559673295564
VST,eps,3,ttm,35,2023-06-30,3.61,2026-06-30,5.93,3.0006844626967832,17.98662405653928
VST,fcf,3,ttm,36,2023-06-30,2606000000.0,2026-06-30,2255000000.0,3.0006844626967832,-4.706746398183936
VST,fcf,10,ttm,36,2017-09-30,792000000.0,2026-06-30,2255000000.0,8.747433264887064,12.706537809057682
VST,net_income,3,ttm,36,2023-06-30,1597000000.0,2026-06-30,2219000000.0,3.0006844626967832,11.585201081771057
VST,net_income,10,ttm,36,2017-09-30,162000000.0,2026-06-30,2219000000.0,8.747433264887064,34.87768166699639
VST,ocf,3,ttm,36,2023-06-30,4220000000.0,2026-06-30,5121000000.0,3.0006844626967832,6.661507677287215
VST,ocf,5,ttm,36,2021-06-30,971000000.0,2026-06-30,5121000000.0,4.999315537303217,39.45910794106495
VST,ocf,10,ttm,36,2017-09-30,926000000.0,2026-06-30,5121000000.0,8.747433264887064,21.593374704937183
VST,revenue,3,ttm,36,2023-06-30,14978000000.0,2026-06-30,18985000000.0,3.0006844626967832,8.220888913190173
VST,revenue,5,ttm,36,2021-06-30,16784000000.0,2026-06-30,18985000000.0,4.999315537303217,2.495427571172071
VST,revenue,10,ttm,36,2017-09-30,5677000000.0,2026-06-30,18985000000.0,8.747433264887064,14.798611203309786
VTR,eps,3,ttm,67,2023-06-30,0.19351851851851853,2026-06-30,0.55,3.0006844626967832,41.63770925657053
VTR,eps,5,ttm,67,2021-06-30,0.40740740740740744,2026-06-30,0.55,4.999315537303217,6.186748469853232
VTR,eps,10,ttm,67,2016-06-30,1.3240740740740742,2026-06-30,0.55,9.998631074606434,-8.411738193372887
VTR,fcf,3,ttm,60,2021-03-31,878095000.0,2024-03-31,436473000.0,3.0006844626967832,-20.781178765786823
VTR,fcf,5,ttm,60,2019-03-31,1095563000.0,2024-03-31,436473000.0,5.002053388090349,-16.805077816892677
VTR,net_income,3,ttm,70,2023-06-30,77207000.0,2026-06-30,262731000.0,3.0006844626967832,50.39882431702145
VTR,net_income,5,ttm,70,2021-06-30,152384000.0,2026-06-30,262731000.0,4.999315537303217,11.511810681209145
VTR,net_income,10,ttm,70,2016-06-30,439722000.0,2026-06-30,262731000.0,9.998631074606434,-5.020418825489347
VTR,ocf,3,ttm,69,2023-06-30,1122175000.0,2026-06-30,1801400000.0,3.0006844626967832,17.084901334109183
VTR,ocf,5,ttm,69,2021-06-30,1259021000.0,2026-06-30,1801400000.0,4.999315537303217,7.428545789576968
VTR,ocf,10,ttm,69,2016-06-30,1341843000.0,2026-06-30,1801400000.0,9.998631074606434,2.98941625286695
VTR,revenue,3,ttm,70,2023-06-30,4272304000.0,2026-06-30,6441571000.0,3.0006844626967832,14.664678478661175
VTR,revenue,5,ttm,70,2021-06-30,3669590000.0,2026-06-30,6441571000.0,4.999315537303217,11.913258866778364
VTR,revenue,10,ttm,70,2016-06-30,3369573000.0,2026-06-30,6441571000.0,9.998631074606434,6.695363108861474
VTRS,fcf,3,ttm,20,2023-06-30,2181100000.0,2026-06-30,1954800000.0,3.0006844626967832,-3.584719727215402
VTRS,fcf,5,ttm,20,2021-09-30,2153300000.0,2026-06-30,1954800000.0,4.747433264887063,-2.016567653738488
VTRS,ocf,3,ttm,26,2023-06-30,2554300000.0,2026-06-30,2330800000.0,3.0006844626967832,-3.0054366400735666
VTRS,ocf,5,ttm,26,2021-06-30,774800000.0,2026-06-30,2330800000.0,4.999315537303217,24.645377383085698
VTRS,revenue,3,ttm,26,2023-06-30,15563100000.0,2026-06-30,14693800000.0,3.0006844626967832,-1.8972375530709296
VTRS,revenue,5,ttm,26,2021-06-30,15497600000.0,2026-06-30,14693800000.0,4.999315537303217,-1.059681966907955
VZ,eps,3,ttm,67,2023-06-30,4.987012987012988,2026-06-30,3.84,3.0006844626967832,-8.341613982062201
VZ,eps,5,ttm,67,2021-06-30,4.827428571428571,2026-06-30,3.84,4.999315537303217,-4.474272863724693
VZ,eps,10,ttm,67,2016-06-30,3.530805194805195,2026-06-30,3.84,9.998631074606434,0.8431134936509599
VZ,fcf,3,ttm,42,2016-09-30,11656000000.0,2019-09-30,17879000000.0,2.9979466119096507,15.338326887424603
VZ,fcf,5,ttm,42,2014-09-30,16167000000.0,2019-09-30,17879000000.0,4.999315537303217,2.0337748619078555
VZ,fcf,10,ttm,42,2009-09-30,13628000000.0,2019-09-30,17879000000.0,9.998631074606434,2.7525773881299065
VZ,net_income,3,ttm,70,2023-06-30,21526000000.0,2026-06-30,16606000000.0,3.0006844626967832,-8.284556997280223
VZ,net_income,5,ttm,70,2021-06-30,19990000000.0,2026-06-30,16606000000.0,4.999315537303217,-3.641896811296519
VZ,net_income,10,ttm,70,2016-06-30,14441000000.0,2026-06-30,16606000000.0,9.998631074606434,1.4069234887758464
VZ,ocf,3,ttm,69,2023-06-30,37496000000.0,2026-06-30,38799000000.0,3.0006844626967832,1.144918607365053
VZ,ocf,5,ttm,69,2021-06-30,38654000000.0,2026-06-30,38799000000.0,4.999315537303217,0.07492251615812684
VZ,ocf,10,ttm,69,2016-06-30,32993000000.0,2026-06-30,38799000000.0,9.998631074606434,1.6344254417805404
VZ,revenue,3,ttm,70,2023-06-30,135000000000.0,2026-06-30,138895000000.0,3.0006844626967832,0.9524063140280203
VZ,revenue,5,ttm,70,2021-06-30,132866000000.0,2026-06-30,138895000000.0,4.999315537303217,0.8916159484415598
VZ,revenue,10,ttm,70,2016-06-30,130115000000.0,2026-06-30,138895000000.0,9.998631074606434,0.6552224258060679
WAB,eps,3,ttm,63,2023-06-30,3.740000000000001,2026-06-30,7.440000000000001,3.0006844626967832,25.760541776143665
WAB,eps,5,ttm,63,2021-06-30,2.3800000000000003,2026-06-30,7.440000000000001,4.999315537303217,25.60668381484419
WAB,eps,10,ttm,63,2016-06-30,4.090000000000001,2026-06-30,7.440000000000001,9.998631074606434,6.166749400183891
WAB,fcf,3,ttm,65,2023-06-30,535000000.0,2026-06-30,1714000000.0,3.0006844626967832,47.40557120593469
WAB,fcf,5,ttm,65,2021-06-30,947000000.0,2026-06-30,1714000000.0,4.999315537303217,12.60021585286475
WAB,fcf,10,ttm,65,2016-06-30,506222000.0,2026-06-30,1714000000.0,9.998631074606434,12.972888247602544
WAB,net_income,3,ttm,66,2023-06-30,678000000.0,2026-06-30,1269000000.0,3.0006844626967832,23.231937640821187
WAB,net_income,5,ttm,66,2021-06-30,452600000.0,2026-06-30,1269000000.0,4.999315537303217,22.902771028152323
WAB,net_income,10,ttm,66,2016-06-30,385608000.0,2026-06-30,1269000000.0,9.998631074606434,12.65193121017829
WAB,ocf,3,ttm,65,2023-06-30,704000000.0,2026-06-30,1999000000.0,3.0006844626967832,41.594238866935676
WAB,ocf,5,ttm,65,2021-06-30,1070400000.0,2026-06-30,1999000000.0,4.999315537303217,13.308050289247975
WAB,ocf,10,ttm,65,2016-06-30,553894000.0,2026-06-30,1999000000.0,9.998631074606434,13.696277182138994
WAB,revenue,3,ttm,66,2023-06-30,8988000000.0,2026-06-30,11980000000.0,3.0006844626967832,10.049590161675637
WAB,revenue,5,ttm,66,2021-06-30,7730700000.0,2026-06-30,11980000000.0,4.999315537303217,9.157305989739495
WAB,revenue,10,ttm,66,2016-06-30,3138008000.0,2026-06-30,11980000000.0,9.998631074606434,14.337381686963813
WAT,eps,3,ttm,67,2023-06-30,11.113765586034914,2026-07-04,3.93,3.0116358658453115,-29.190443173008607
WAT,eps,5,ttm,67,2021-06-30,10.368927680798006,2026-07-04,3.93,5.0102669404517455,-17.604323874236826
WAT,eps,10,ttm,67,2016-07-02,5.841097256857856,2026-07-04,3.93,10.004106776180699,-3.883737191690473
WAT,net_income,3,ttm,56,2023-06-30,674537000.0,2026-07-04,166137000.0,3.0116358658453115,-37.20323751501348
WAT,net_income,5,ttm,56,2021-06-30,660499000.0,2026-07-04,166137000.0,5.0102669404517455,-24.07854928810137
WAT,net_income,10,ttm,56,2016-07-02,489827000.0,2026-07-04,166137000.0,10.004106776180699,-10.244382134452579
WAT,ocf,3,ttm,69,2023-07-01,571667000.0,2026-07-04,549555000.0,3.0088980150581794,-1.302481260398447
WAT,ocf,5,ttm,69,2021-07-03,801505000.0,2026-07-04,549555000.0,5.002053388090349,-7.266971866572824
WAT,ocf,10,ttm,69,2016-07-02,626121000.0,2026-07-04,549555000.0,10.004106776180699,-1.2953495727011766
WAT,revenue,3,ttm,70,2023-06-30,2992315000.0,2026-07-04,4644249000.0,3.0116358658453115,15.715142791930003
WAT,revenue,5,ttm,70,2021-06-30,2670634000.0,2026-07-04,4644249000.0,5.0102669404517455,11.676486104678862
WAT,revenue,10,ttm,70,2016-07-02,2098994000.0,2026-07-04,4644249000.0,10.004106776180699,8.262056193689492
WBD,fcf,3,ttm,69,2023-06-30,3082000000.0,2026-06-30,2180000000.0,3.0006844626967832,-10.898287015221065
WBD,fcf,5,ttm,69,2021-06-30,2164000000.0,2026-06-30,2180000000.0,4.999315537303217,0.14745910168980636
WBD,fcf,10,ttm,69,2016-06-30,1196000000.0,2026-06-30,2180000000.0,9.998631074606434,6.188161342638954
WBD,ocf,3,ttm,69,2023-06-30,4353000000.0,2026-06-30,3423000000.0,3.0006844626967832,-7.697383125646484
WBD,ocf,5,ttm,69,2021-06-30,2516000000.0,2026-06-30,3423000000.0,4.999315537303217,6.351327046752675
WBD,ocf,10,ttm,69,2016-06-30,1290000000.0,2026-06-30,3423000000.0,9.998631074606434,10.252265287046235
WBD,revenue,3,ttm,70,2023-06-30,41889000000.0,2026-06-30,36115000000.0,3.0006844626967832,-4.822540931664876
WBD,revenue,5,ttm,70,2021-06-30,11301000000.0,2026-06-30,36115000000.0,4.999315537303217,26.16182571634973
WBD,revenue,10,ttm,70,2016-06-30,6472000000.0,2026-06-30,36115000000.0,9.998631074606434,18.761352134373112
WDAY,fcf,3,ttm,41,2024-01-31,1916000000.0,2026-07-31,2844000000.0,2.4969199178644765,17.138126442761315
WDAY,fcf,5,ttm,41,2019-10-31,576851000.0,2026-07-31,2844000000.0,6.74880219028063,26.66744907950447
WDAY,fcf,10,ttm,41,2016-07-31,179694000.0,2026-07-31,2844000000.0,9.998631074606434,31.812325659745145
WDAY,ocf,3,ttm,57,2023-07-31,1804925000.0,2026-07-31,3081000000.0,3.0006844626967832,19.506957075195697
WDAY,ocf,5,ttm,57,2021-07-31,1498449000.0,2026-07-31,3081000000.0,4.999315537303217,15.509716626129254
WDAY,ocf,10,ttm,57,2016-07-31,320589000.0,2026-07-31,3081000000.0,9.998631074606434,25.39717799509753
WDAY,revenue,3,ttm,57,2023-07-31,6716545000.0,2026-07-31,10155000000.0,3.0006844626967832,14.770696074939128
WDAY,revenue,5,ttm,57,2021-07-31,4673038000.0,2026-07-31,10155000000.0,4.999315537303217,16.7952963745861
WDAY,revenue,10,ttm,57,2016-07-31,1350027000.0,2026-07-31,10155000000.0,9.998631074606434,22.361768544454975
WDC,eps,5,ttm,69,2021-07-02,2.230023622115879,2026-07-03,26.929999999999996,5.002053388090349,64.54949350378105
WDC,eps,10,ttm,69,2016-07-01,1.0060256941876147,2026-07-03,26.929999999999996,10.004106776180699,38.9006002972758
WDC,fcf,5,ttm,69,2021-07-02,752000000.0,2026-07-03,3511000000.0,5.002053388090349,36.07791745320388
WDC,fcf,10,ttm,69,2016-07-01,1399000000.0,2026-07-03,3511000000.0,10.004106776180699,9.633910982151361
WDC,net_income,5,ttm,69,2021-07-02,821000000.0,2026-07-03,9424000000.0,5.002053388090349,62.88886793826811
WDC,net_income,10,ttm,69,2016-07-01,242000000.0,2026-07-03,9424000000.0,10.004106776180699,44.20379936462584
WDC,ocf,5,ttm,69,2021-07-02,1898000000.0,2026-07-03,3929000000.0,5.002053388090349,15.656813073714115
WDC,ocf,10,ttm,69,2016-07-01,1983000000.0,2026-07-03,3929000000.0,10.004106776180699,7.073929474486529
WDC,revenue,3,ttm,69,2023-06-30,6255000000.0,2026-07-03,12919000000.0,3.0088980150581794,27.259442679223554
WDC,revenue,5,ttm,69,2021-07-02,16922000000.0,2026-07-03,12919000000.0,5.002053388090349,-5.253087694232961
WDC,revenue,10,ttm,69,2016-07-01,12994000000.0,2026-07-03,12919000000.0,10.004106776180699,-0.05784566494879684
WEC,eps,3,ttm,67,2023-06-30,4.288326848249028,2026-06-30,5.15,3.0006844626967832,6.291957159678652
WEC,eps,5,ttm,67,2021-06-30,4.087937743190662,2026-06-30,5.15,4.999315537303217,4.728127288517436
WEC,eps,10,ttm,67,2016-06-30,2.8154669260700396,2026-06-30,5.15,9.998631074606434,6.22561900055234
WEC,net_income,3,ttm,70,2023-06-30,1351900000.0,2026-06-30,1691500000.0,3.0006844626967832,7.7544160838289855
WEC,net_income,5,ttm,70,2021-06-30,1291900000.0,2026-06-30,1691500000.0,4.999315537303217,5.538720739077041
WEC,net_income,10,ttm,70,2016-06-30,889400000.0,2026-06-30,1691500000.0,9.998631074606434,6.640288154102025
WEC,ocf,3,ttm,69,2023-06-30,2052400000.0,2026-06-30,3574200000.0,3.0006844626967832,20.30600265216458
WEC,ocf,5,ttm,69,2021-06-30,2042600000.0,2026-06-30,3574200000.0,4.999315537303217,11.842214689688134
WEC,ocf,10,ttm,69,2016-06-30,1802700000.0,2026-06-30,3574200000.0,9.998631074606434,7.085238663128579
WEC,revenue,3,ttm,54,2023-06-30,9279500000.0,2026-06-30,10137400000.0,3.0006844626967832,2.990638157544656
WEC,revenue,5,ttm,54,2021-06-30,7952000000.0,2026-06-30,10137400000.0,4.999315537303217,4.976703252696302
WEC,revenue,10,ttm,54,2016-06-30,7343800000.0,2026-06-30,10137400000.0,9.998631074606434,3.27673295914066
WELL,eps,3,ttm,66,2023-03-31,0.23194029850746273,2026-03-31,2.22,3.0006844626967832,112.28419760912635
WELL,eps,5,ttm,66,2021-03-31,1.932835820895523,2026-03-31,2.22,4.999315537303217,2.8095004701993664
WELL,eps,10,ttm,66,2016-03-31,2.4298507462686576,2026-03-31,2.22,9.998631074606434,-0.8992820967828052
WELL,fcf,3,ttm,50,2023-03-31,903120000.0,2026-03-31,1872985000.0,3.0006844626967832,27.51820565452587
WELL,fcf,5,ttm,50,2021-03-31,1052170000.0,2026-03-31,1872985000.0,4.999315537303217,12.226788366572606
WELL,fcf,10,ttm,50,2016-03-31,1344077000.0,2026-03-31,1872985000.0,9.998631074606434,3.3743967043312617
WELL,net_income,3,ttm,66,2023-03-31,104962000.0,2026-03-31,1407560000.0,3.0006844626967832,137.53405510511786
WELL,net_income,5,ttm,66,2021-03-31,740106000.0,2026-03-31,1407560000.0,4.999315537303217,13.721411819227036
WELL,net_income,10,ttm,66,2016-03-31,776514000.0,2026-03-31,1407560000.0,9.998631074606434,6.129299890045092
WELL,ocf,3,ttm,64,2023-03-31,1380246000.0,2026-03-31,2952730000.0,3.0006844626967832,28.84393148592701
WELL,ocf,5,ttm,64,2021-03-31,1256557000.0,2026-03-31,2952730000.0,4.999315537303217,18.636539004988073
WELL,ocf,10,ttm,64,2016-03-31,1537026000.0,2026-03-31,2952730000.0,9.998631074606434,6.747603608904318
WELL,revenue,3,ttm,65,2023-03-31,3909692000.0,2026-03-31,9369397000.0,3.0006844626967832,33.811725727013744
WELL,revenue,5,ttm,65,2021-03-31,4399427000.0,2026-03-31,9369397000.0,4.999315537303217,16.324741233034622
WELL,revenue,10,ttm,65,2016-03-31,4012700000.0,2026-03-31,9369397000.0,9.998631074606434,8.851028529748795
WFC,eps,3,ttm,67,2023-06-30,4.095953420669578,2026-06-30,6.88,3.0006844626967832,18.866830928642898
WFC,eps,5,ttm,67,2021-06-30,3.8355749636098984,2026-06-30,6.88,4.999315537303217,12.397989021270273
WFC,eps,10,ttm,67,2016-06-30,4.05589519650655,2026-06-30,6.88,9.998631074606434,5.427355632578279
WFC,net_income,3,ttm,70,2023-06-30,16676000000.0,2026-06-30,22610000000.0,3.0006844626967832,10.67754220143069
WFC,net_income,5,ttm,70,2021-06-30,16983000000.0,2026-06-30,22610000000.0,4.999315537303217,5.891386246621311
WFC,net_income,10,ttm,70,2016-06-30,22391000000.0,2026-06-30,22610000000.0,9.998631074606434,0.0973926605279507
WFC,ocf,3,ttm,69,2023-06-30,25912000000.0,2026-06-30,19170000000.0,3.0006844626967832,-9.555184493070234
WFC,ocf,10,ttm,69,2016-06-30,13619000000.0,2026-06-30,19170000000.0,9.998631074606434,3.4784040867853916
WFC,revenue,3,ttm,35,2023-06-30,80862000000.0,2026-06-30,86796000000.0,3.0006844626967832,2.3880815514372378
WFC,revenue,5,ttm,35,2021-06-30,77513000000.0,2026-06-30,86796000000.0,4.999315537303217,2.28839830919072
WFC,revenue,10,ttm,35,2017-12-31,88389000000.0,2026-06-30,86796000000.0,8.49555099247091,-0.21384765636417447
WM,eps,3,ttm,67,2023-06-30,5.56787535410765,2026-06-30,7.070000000000001,3.0006844626967832,8.28511185551941
WM,eps,5,ttm,67,2021-06-30,3.775339943342776,2026-06-30,7.070000000000001,4.999315537303217,13.37051796322022
WM,eps,10,ttm,67,2016-06-30,2.5736402266288954,2026-06-30,7.070000000000001,9.998631074606434,10.63515952981482
WM,fcf,3,ttm,69,2023-06-30,1284000000.0,2026-06-30,3573000000.0,3.0006844626967832,40.64432166911709
WM,fcf,5,ttm,69,2021-06-30,2589000000.0,2026-06-30,3573000000.0,4.999315537303217,6.655688593684128
WM,fcf,10,ttm,69,2016-06-30,1378000000.0,2026-06-30,3573000000.0,9.998631074606434,9.997811612443265
WM,net_income,3,ttm,70,2023-06-30,2286000000.0,2026-06-30,2853000000.0,3.0006844626967832,7.663344165005714
WM,net_income,5,ttm,70,2021-06-30,1600000000.0,2026-06-30,2853000000.0,4.999315537303217,12.264704025686314
WM,net_income,10,ttm,70,2016-06-30,1153000000.0,2026-06-30,2853000000.0,9.998631074606434,9.484498529781993
WM,ocf,3,ttm,69,2023-06-30,4305000000.0,2026-06-30,6517000000.0,3.0006844626967832,14.818313444620568
WM,ocf,5,ttm,69,2021-06-30,3945000000.0,2026-06-30,6517000000.0,4.999315537303217,10.562057487540866
WM,ocf,10,ttm,69,2016-06-30,2707000000.0,2026-06-30,6517000000.0,9.998631074606434,9.184545472413564
WM,revenue,3,ttm,70,2023-06-30,20021000000.0,2026-06-30,25667000000.0,3.0006844626967832,8.631283720989646
WM,revenue,5,ttm,70,2021-06-30,16516000000.0,2026-06-30,25667000000.0,4.999315537303217,9.219275204920985
WM,revenue,10,ttm,70,2016-06-30,13207000000.0,2026-06-30,25667000000.0,9.998631074606434,6.871288160137379
WMB,eps,3,ttm,67,2023-06-30,2.1699999999999995,2026-06-30,2.51,3.0006844626967832,4.970320399183814
WMB,eps,5,ttm,67,2021-06-30,0.9499999999999997,2026-06-30,2.51,4.999315537303217,21.45113483294876
WMB,net_income,3,ttm,70,2023-06-30,2656000000.0,2026-06-30,3073000000.0,3.0006844626967832,4.980027196387415
WMB,net_income,5,ttm,70,2021-06-30,1155000000.0,2026-06-30,3073000000.0,4.999315537303217,21.620770969357018
WMB,ocf,3,ttm,69,2023-06-30,5600000000.0,2026-06-30,5994000000.0,3.0006844626967832,2.291761807060344
WMB,ocf,5,ttm,69,2021-06-30,3538000000.0,2026-06-30,5994000000.0,4.999315537303217,11.121488798730361
WMB,ocf,10,ttm,69,2016-06-30,3100000000.0,2026-06-30,5994000000.0,9.998631074606434,6.816765983304185
WMB,revenue,3,ttm,70,2023-06-30,15006000000.0,2026-06-30,15431000000.0,3.0006844626967832,0.9350775008293954
WMB,revenue,5,ttm,70,2021-06-30,8888000000.0,2026-06-30,15431000000.0,4.999315537303217,11.666927199444155
WMB,revenue,10,ttm,70,2016-06-30,7201000000.0,2026-06-30,15431000000.0,9.998631074606434,7.92067619446013
WMT,eps,3,ttm,67,2023-07-31,1.7266666666666663,2026-07-31,2.76,3.0006844626967832,16.918895531585697
WMT,eps,5,ttm,67,2021-07-31,1.1899999999999997,2026-07-31,2.76,4.999315537303217,18.326611690898332
WMT,eps,10,ttm,67,2016-07-31,1.5499999999999996,2026-07-31,2.76,9.998631074606434,5.94029283979689
WMT,fcf,3,ttm,69,2023-07-31,19221000000.0,2026-07-31,13509000000.0,3.0006844626967832,-11.087930451945871
WMT,fcf,5,ttm,69,2021-07-31,17827000000.0,2026-07-31,13509000000.0,4.999315537303217,-5.39683001014204
WMT,fcf,10,ttm,69,2016-07-31,21329000000.0,2026-07-31,13509000000.0,9.998631074606434,-4.464989615957915
WMT,net_income,3,ttm,70,2023-07-31,14041000000.0,2026-07-31,22076000000.0,3.0006844626967832,16.276648740335496
WMT,net_income,5,ttm,70,2021-07-31,10050000000.0,2026-07-31,22076000000.0,4.999315537303217,17.04698270844871
WMT,net_income,10,ttm,70,2016-07-31,14730000000.0,2026-07-31,22076000000.0,9.998631074606434,4.1295926914003855
WMT,ocf,3,ttm,69,2023-07-31,37802000000.0,2026-07-31,42923000000.0,3.0006844626967832,4.324801804617495
WMT,ocf,5,ttm,69,2021-07-31,29541000000.0,2026-07-31,42923000000.0,4.999315537303217,7.7599592081391
WMT,ocf,10,ttm,69,2016-07-31,32381000000.0,2026-07-31,42923000000.0,9.998631074606434,2.8588482285974326
WMT,revenue,3,ttm,70,2023-07-31,625496000000.0,2026-07-31,728466000000.0,3.0006844626967832,5.209886230863825
WMT,revenue,5,ttm,70,2021-07-31,561767000000.0,2026-07-31,728466000000.0,4.999315537303217,5.335243304882398
WMT,revenue,10,ttm,70,2016-07-31,483833000000.0,2026-07-31,728466000000.0,9.998631074606434,4.17747166973661
WRB,eps,3,ttm,63,2023-06-30,3.0204517453798765,2026-06-30,4.86,3.0006844626967832,17.176111878033183
WRB,eps,5,ttm,63,2021-06-30,2.1954825462012324,2026-06-30,4.86,4.999315537303217,17.22782460567711
WRB,eps,10,ttm,63,2016-06-30,1.126570841889117,2026-06-30,4.86,9.998631074606434,15.74346201851171
WRB,fcf,3,ttm,39,2016-12-31,797547000.0,2019-12-31,1083336000.0,2.9979466119096507,10.75567716070369
WRB,fcf,5,ttm,39,2014-12-31,692889000.0,2019-12-31,1083336000.0,4.999315537303217,9.351618811077355
WRB,fcf,10,ttm,39,2010-06-30,473051000.0,2019-12-31,1083336000.0,9.503080082135524,9.11066898545856
WRB,net_income,3,ttm,66,2023-06-30,1261474000.0,2026-06-30,1927617000.0,3.0006844626967832,15.177278792099358
WRB,net_income,5,ttm,66,2021-06-30,930591000.0,2026-06-30,1927617000.0,4.999315537303217,15.680735153670833
WRB,net_income,10,ttm,66,2016-06-30,490830000.0,2026-06-30,1927617000.0,9.998631074606434,14.661362628542673
WRB,ocf,3,ttm,65,2023-06-30,2717020000.0,2026-06-30,3602896000.0,3.0006844626967832,9.861024570172749
WRB,ocf,5,ttm,65,2021-06-30,1732644000.0,2026-06-30,3602896000.0,4.999315537303217,15.770306586081162
WRB,ocf,10,ttm,65,2016-06-30,880739000.0,2026-06-30,3602896000.0,9.998631074606434,15.130085219559831
WRB,revenue,3,ttm,66,2023-06-30,478942000.0,2026-06-30,4149307000.0,3.0006844626967832,105.34915425140228
WRB,revenue,5,ttm,66,2021-06-30,400129000.0,2026-06-30,4149307000.0,4.999315537303217,59.655146351593345
WRB,revenue,10,ttm,66,2016-06-30,7335138000.0,2026-06-30,4149307000.0,9.998631074606434,-5.538825674578596
WSM,eps,3,ttm,63,2023-07-30,7.210000000000001,2026-08-02,9.76,3.0088980150581794,10.588137682904208
WSM,eps,5,ttm,63,2021-08-01,6.284999999999999,2026-08-02,9.76,5.002053388090349,9.197630294904657
WSM,eps,10,ttm,63,2016-07-31,1.665,2026-08-02,9.76,10.004106776180699,19.336151873876027
WSM,fcf,3,ttm,65,2023-07-30,1085766000.0,2026-08-02,1343494000.0,3.0088980150581794,7.335153957590279
WSM,fcf,5,ttm,65,2021-08-01,1362445000.0,2026-08-02,1343494000.0,5.002053388090349,-0.27963721613197823
WSM,fcf,10,ttm,65,2016-07-31,346706000.0,2026-08-02,1343494000.0,10.004106776180699,14.499420376341842
WSM,net_income,3,ttm,66,2023-07-30,964850000.0,2026-08-02,1178646000.0,3.0088980150581794,6.878129384789622
WSM,net_income,5,ttm,66,2021-08-01,984599000.0,2026-08-02,1178646000.0,5.002053388090349,3.661713931710553
WSM,net_income,10,ttm,66,2016-07-31,302992000.0,2026-08-02,1178646000.0,10.004106776180699,14.543646404523924
WSM,ocf,3,ttm,65,2023-07-30,1384215000.0,2026-08-02,1609073000.0,3.0088980150581794,5.129909807895117
WSM,ocf,5,ttm,65,2021-08-01,1534116000.0,2026-08-02,1609073000.0,5.002053388090349,0.9582487727401334
WSM,ocf,10,ttm,65,2016-07-31,540669000.0,2026-08-02,1609073000.0,10.004106776180699,11.518003142346833
WSM,revenue,3,ttm,66,2023-07-30,8263718000.0,2026-08-02,8005156000.0,3.0088980150581794,-1.0509309366958375
WSM,revenue,5,ttm,66,2021-08-01,7754577000.0,2026-08-02,8005156000.0,5.002053388090349,0.6378160214570494
WSM,revenue,10,ttm,66,2016-07-31,5075232000.0,2026-08-02,8005156000.0,10.004106776180699,4.660610921080988
WST,eps,3,ttm,63,2023-06-30,6.8787964148527525,2026-06-30,7.82,3.0006844626967832,4.366358596495967
WST,eps,5,ttm,63,2021-06-30,6.848758002560818,2026-06-30,7.82,4.999315537303217,2.6882052594606076
WST,eps,10,ttm,63,2016-06-30,1.3717541613316262,2026-06-30,7.82,9.998631074606434,19.015464575936967
WST,fcf,3,ttm,65,2023-06-30,396800000.0,2026-06-30,436900000.0,3.0006844626967832,3.2603552257301605
WST,fcf,5,ttm,65,2021-06-30,283600000.0,2026-06-30,436900000.0,4.999315537303217,9.028566644930724
WST,fcf,10,ttm,65,2016-06-30,67500000.0,2026-06-30,436900000.0,9.998631074606434,20.536598526543017
WST,net_income,3,ttm,66,2023-06-30,518700000.0,2026-06-30,564900000.0,3.0006844626967832,2.884264707779449
WST,net_income,5,ttm,66,2021-06-30,519200000.0,2026-06-30,564900000.0,4.999315537303217,1.7017395605188668
WST,net_income,10,ttm,66,2016-06-30,101700000.0,2026-06-30,564900000.0,9.998631074606434,18.70670692960146
WST,ocf,3,ttm,65,2023-06-30,707000000.0,2026-06-30,662200000.0,3.0006844626967832,-2.157978757774992
WST,ocf,5,ttm,65,2021-06-30,500400000.0,2026-06-30,662200000.0,4.999315537303217,5.763960849360816
WST,ocf,10,ttm,65,2016-06-30,216000000.0,2026-06-30,662200000.0,9.998631074606434,11.856236685823806
WST,revenue,3,ttm,66,2023-06-30,2866000000.0,2026-06-30,3326800000.0,3.0006844626967832,5.094158962034934
WST,revenue,5,ttm,66,2021-06-30,2522500000.0,2026-06-30,3326800000.0,4.999315537303217,5.692067828654901
WST,revenue,10,ttm,66,2016-06-30,1454300000.0,2026-06-30,3326800000.0,9.998631074606434,8.628101418718792
WTW,eps,3,ttm,63,2023-06-30,9.74,2026-06-30,16.14,3.0006844626967832,18.330903404641163
WTW,eps,5,ttm,63,2021-06-30,11.59,2026-06-30,16.14,4.999315537303217,6.848383710903416
WTW,eps,10,ttm,63,2016-06-30,3.61,2026-06-30,16.14,9.998631074606434,16.157842661373344
WTW,fcf,5,ttm,44,2019-06-30,949000000.0,2026-06-30,1689000000.0,7.000684462696783,8.583218010548531
WTW,fcf,10,ttm,44,2016-06-30,482000000.0,2026-06-30,1689000000.0,9.998631074606434,13.36153477345583
WTW,net_income,3,ttm,66,2023-06-30,1075000000.0,2026-06-30,1565000000.0,3.0006844626967832,13.332958061392075
WTW,net_income,5,ttm,66,2021-06-30,1514000000.0,2026-06-30,1565000000.0,4.999315537303217,0.6649048411809133
WTW,net_income,10,ttm,66,2016-06-30,403000000.0,2026-06-30,1565000000.0,9.998631074606434,14.532567504704662
WTW,ocf,3,ttm,65,2023-06-30,984000000.0,2026-06-30,1923000000.0,3.0006844626967832,25.018016402890765
WTW,ocf,5,ttm,65,2021-06-30,1455000000.0,2026-06-30,1923000000.0,4.999315537303217,5.736900251593702
WTW,ocf,10,ttm,65,2016-06-30,673000000.0,2026-06-30,1923000000.0,9.998631074606434,11.071507082383846
WTW,revenue,3,ttm,66,2023-06-30,8923000000.0,2026-06-30,9912000000.0,3.0006844626967832,3.565076221545138
WTW,revenue,5,ttm,66,2021-06-30,8810000000.0,2026-06-30,9912000000.0,4.999315537303217,2.385505435096791
WTW,revenue,10,ttm,66,2016-06-30,6003000000.0,2026-06-30,9912000000.0,9.998631074606434,5.143463003009963
WY,eps,3,ttm,64,2023-06-30,0.9456716417910442,2026-06-30,0.66,3.0006844626967832,-11.295347380721743
WY,eps,5,ttm,64,2021-06-30,3.0044776119402985,2026-06-30,0.66,4.999315537303217,-26.152300798187987
WY,eps,10,ttm,64,2016-06-30,0.7683582089552239,2026-06-30,0.66,9.998631074606434,-1.5088709235468567
WY,fcf,3,ttm,69,2023-06-30,1295000000.0,2026-06-30,495000000.0,3.0006844626967832,-27.421124768539585
WY,fcf,5,ttm,69,2021-06-30,3002000000.0,2026-06-30,495000000.0,4.999315537303217,-30.270352905175802
WY,fcf,10,ttm,69,2016-06-30,747000000.0,2026-06-30,495000000.0,9.998631074606434,-4.032095280416503
WY,net_income,3,ttm,70,2023-06-30,702000000.0,2026-06-30,472000000.0,3.0006844626967832,-12.391131748561401
WY,net_income,5,ttm,70,2021-06-30,2284000000.0,2026-06-30,472000000.0,4.999315537303217,-27.049137707507963
WY,net_income,10,ttm,70,2016-06-30,510000000.0,2026-06-30,472000000.0,9.998631074606434,-0.7714324818010043
WY,ocf,3,ttm,69,2023-06-30,1351000000.0,2026-06-30,547000000.0,3.0006844626967832,-26.015538818271867
WY,ocf,5,ttm,69,2021-06-30,3058000000.0,2026-06-30,547000000.0,4.999315537303217,-29.125582560828956
WY,ocf,10,ttm,69,2016-06-30,1160000000.0,2026-06-30,547000000.0,9.998631074606434,-7.242621968183538
WY,revenue,3,ttm,70,2023-06-30,7977000000.0,2026-06-30,6852000000.0,3.0006844626967832,-4.940044347073236
WY,revenue,5,ttm,70,2021-06-30,9823000000.0,2026-06-30,6852000000.0,4.999315537303217,-6.9512895385909985
WY,revenue,10,ttm,70,2016-06-30,5681000000.0,2026-06-30,6852000000.0,9.998631074606434,1.8920666140722409
WYNN,eps,10,ttm,67,2016-06-30,3.239999999999999,2026-06-30,4.17,9.998631074606434,2.555889300431047
WYNN,fcf,3,ttm,65,2023-06-30,287530000.0,2026-06-30,791874000.0,3.0006844626967832,40.16003164738326
WYNN,net_income,3,ttm,67,2023-06-30,7035000.0,2026-06-30,448885000.0,3.0006844626967832,299.47208114115347
WYNN,net_income,10,ttm,67,2016-06-30,329043000.0,2026-06-30,448885000.0,9.998631074606434,3.1549541584990015
WYNN,ocf,3,ttm,65,2023-06-30,616918000.0,2026-06-30,1459197000.0,3.0006844626967832,33.22950079202756
WYNN,ocf,10,ttm,65,2016-06-30,756429000.0,2026-06-30,1459197000.0,9.998631074606434,6.791941578447336
WYNN,revenue,3,ttm,67,2023-06-30,4914160000.0,2026-06-30,7413425000.0,3.0006844626967832,14.685793699482574
WYNN,revenue,5,ttm,67,2021-06-30,2783242000.0,2026-06-30,7413425000.0,4.999315537303217,21.648073637997456
WYNN,revenue,10,ttm,67,2016-06-30,3999229000.0,2026-06-30,7413425000.0,9.998631074606434,6.367250273755842
XEL,eps,3,ttm,67,2023-06-30,3.1499999999999995,2026-06-30,3.65,3.0006844626967832,5.032226545013607
XEL,eps,5,ttm,67,2021-06-30,2.9299999999999993,2026-06-30,3.65,4.999315537303217,4.493111592852439
XEL,eps,10,ttm,67,2016-06-30,2.1099999999999994,2026-06-30,3.65,9.998631074606434,5.63413966154136
XEL,net_income,3,ttm,70,2023-06-30,1734000000.0,2026-06-30,2233000000.0,3.0006844626967832,8.793978402578805
XEL,net_income,5,ttm,70,2021-06-30,1564000000.0,2026-06-30,2233000000.0,4.999315537303217,7.38277666190339
XEL,net_income,10,ttm,70,2016-06-30,1073488000.0,2026-06-30,2233000000.0,9.998631074606434,7.600306379507149
XEL,ocf,3,ttm,69,2023-06-30,4399000000.0,2026-06-30,4771000000.0,3.0006844626967832,2.74226544124605
XEL,ocf,5,ttm,69,2021-06-30,2189000000.0,2026-06-30,4771000000.0,4.999315537303217,16.86433608666158
XEL,ocf,10,ttm,69,2016-06-30,2953981000.0,2026-06-30,4771000000.0,9.998631074606434,4.911482099376352
XEL,revenue,3,ttm,43,2016-09-30,10957821000.0,2019-09-30,11611000000.0,2.9979466119096507,1.9500747918542283
XEL,revenue,5,ttm,43,2014-09-30,11488329000.0,2019-09-30,11611000000.0,4.999315537303217,0.21268041146456085
XEL,revenue,10,ttm,43,2009-09-30,9733760000.0,2019-09-30,11611000000.0,9.998631074606434,1.7794143832496
XOM,eps,3,ttm,66,2023-03-31,14.77,2026-03-31,5.9399999999999995,3.0006844626967832,-26.181469550695414
XOM,eps,10,ttm,66,2016-03-31,3.1100000000000003,2026-03-31,5.9399999999999995,9.998631074606434,6.685759460413565
XOM,fcf,3,ttm,68,2023-03-31,58442000000.0,2026-03-31,18792000000.0,3.0006844626967832,-31.484824070344143
XOM,fcf,5,ttm,68,2021-03-31,3921000000.0,2026-03-31,18792000000.0,4.999315537303217,36.815048269328486
XOM,fcf,10,ttm,68,2016-03-31,2911000000.0,2026-03-31,18792000000.0,9.998631074606434,20.504750730840684
XOM,net_income,3,ttm,69,2023-03-31,61690000000.0,2026-03-31,25314000000.0,3.0006844626967832,-25.68472613424566
XOM,net_income,10,ttm,69,2016-03-31,13020000000.0,2026-03-31,25314000000.0,9.998631074606434,6.875690214203756
XOM,ocf,3,ttm,68,2023-03-31,78350000000.0,2026-03-31,47722000000.0,3.0006844626967832,-15.229856784486584
XOM,ocf,5,ttm,68,2021-03-31,17658000000.0,2026-03-31,47722000000.0,4.999315537303217,22.002083606487723
XOM,ocf,10,ttm,68,2016-03-31,27158000000.0,2026-03-31,47722000000.0,9.998631074606434,5.799943826620835
XOM,revenue,3,ttm,34,2023-03-31,409590000000.0,2026-03-31,334246000000.0,3.0006844626967832,-6.550064972852487
XOM,revenue,5,ttm,34,2021-03-31,180992000000.0,2026-03-31,334246000000.0,4.999315537303217,13.05471063093746
XOM,revenue,10,ttm,34,2017-12-31,237162000000.0,2026-03-31,334246000000.0,8.24640657084189,4.248793280204177
XYL,eps,3,ttm,59,2023-06-30,1.88,2026-06-30,4.2,3.0006844626967832,30.718564773241063
XYL,eps,5,ttm,59,2021-06-30,2.12,2026-06-30,4.2,4.999315537303217,14.654423785613012
XYL,eps,10,ttm,59,2016-06-30,1.87,2026-06-30,4.2,9.998631074606434,8.429031731921599
XYL,fcf,3,ttm,60,2023-06-30,358000000.0,2026-06-30,960000000.0,3.0006844626967832,38.91959122062223
XYL,fcf,5,ttm,60,2021-06-30,683000000.0,2026-06-30,960000000.0,4.999315537303217,7.046914638960589
XYL,fcf,10,ttm,60,2016-06-30,345000000.0,2026-06-30,960000000.0,9.998631074606434,10.777433420456761
XYL,net_income,3,ttm,61,2023-06-30,352000000.0,2026-06-30,1018000000.0,3.0006844626967832,42.46230632769614
XYL,net_income,5,ttm,61,2021-06-30,385000000.0,2026-06-30,1018000000.0,4.999315537303217,21.46998360499699
XYL,net_income,10,ttm,61,2016-06-30,339000000.0,2026-06-30,1018000000.0,9.998631074606434,11.624967680293663
XYL,ocf,3,ttm,60,2023-06-30,573000000.0,2026-06-30,1301000000.0,3.0006844626967832,31.425755048427884
XYL,ocf,5,ttm,60,2021-06-30,851000000.0,2026-06-30,1301000000.0,4.999315537303217,8.861570435492627
XYL,ocf,10,ttm,60,2016-06-30,466000000.0,2026-06-30,1301000000.0,9.998631074606434,10.814155918195922
XYL,revenue,3,ttm,61,2023-06-30,6056000000.0,2026-06-30,9126000000.0,3.0006844626967832,14.643998487183163
XYL,revenue,5,ttm,61,2021-06-30,5056000000.0,2026-06-30,9126000000.0,4.999315537303217,12.53865040101303
XYL,revenue,10,ttm,61,2016-06-30,3675000000.0,2026-06-30,9126000000.0,9.998631074606434,9.523602510566498
XYZ,eps,5,ttm,43,2021-06-30,1.1899999999999997,2026-06-30,0.56,4.999315537303217,-13.99588142273318
XYZ,fcf,3,ttm,43,2023-06-30,321655000.0,2026-06-30,3881840000.0,3.0006844626967832,129.33316566807002
XYZ,fcf,5,ttm,43,2021-06-30,422628000.0,2026-06-30,3881840000.0,4.999315537303217,55.82683296881474
XYZ,net_income,5,ttm,43,2021-06-30,573503000.0,2026-06-30,357142000.0,4.999315537303217,-9.038960654467676
XYZ,ocf,3,ttm,43,2023-06-30,468825000.0,2026-06-30,4057472000.0,3.0006844626967832,105.27859214913668
XYZ,ocf,5,ttm,43,2021-06-30,571097000.0,2026-06-30,4057472000.0,4.999315537303217,48.02410632958727
XYZ,revenue,3,ttm,43,2023-06-30,19691531000.0,2026-06-30,25041964000.0,3.0006844626967832,8.339883443241991
XYZ,revenue,5,ttm,43,2021-06-30,15930786000.0,2026-06-30,25041964000.0,4.999315537303217,9.4691170919742
XYZ,revenue,10,ttm,43,2016-06-30,1524350000.0,2026-06-30,25041964000.0,9.998631074606434,32.304620648278146
YUM,eps,3,ttm,64,2023-06-30,4.943773584905661,2026-06-30,7.94,3.0006844626967832,17.10398252125762
YUM,eps,5,ttm,64,2021-06-30,4.354515723270441,2026-06-30,7.94,4.999315537303217,12.76732315646576
YUM,eps,10,ttm,64,2016-06-11,3.235924528301887,2026-06-30,7.94,10.050650239561945,9.34168469128711
YUM,fcf,3,ttm,35,2023-06-30,1279000000.0,2026-06-30,1679000000.0,3.0006844626967832,9.492506607789618
YUM,fcf,5,ttm,35,2021-06-30,1539000000.0,2026-06-30,1679000000.0,4.999315537303217,1.7568022518593907
YUM,fcf,10,ttm,35,2017-12-31,712000000.0,2026-06-30,1679000000.0,8.49555099247091,10.62538662126511
YUM,net_income,3,ttm,38,2023-06-30,1420000000.0,2026-06-30,2217000000.0,3.0006844626967832,16.005275203834344
YUM,net_income,5,ttm,38,2021-06-30,1332000000.0,2026-06-30,2217000000.0,4.999315537303217,10.728228612250668
YUM,net_income,10,ttm,38,2016-06-30,1460000000.0,2026-06-30,2217000000.0,9.998631074606434,4.266253199467229
YUM,ocf,3,ttm,35,2023-06-30,1583000000.0,2026-06-30,2083000000.0,3.0006844626967832,9.578929768073019
YUM,ocf,5,ttm,35,2021-06-30,1716000000.0,2026-06-30,2083000000.0,4.999315537303217,3.9529221762309996
YUM,ocf,10,ttm,35,2017-12-31,1030000000.0,2026-06-30,2083000000.0,8.49555099247091,8.64292188184308
YUM,revenue,3,ttm,38,2023-06-30,6991000000.0,2026-06-30,8722000000.0,3.0006844626967832,7.651054491659792
YUM,revenue,5,ttm,38,2021-06-30,6279000000.0,2026-06-30,8722000000.0,4.999315537303217,6.794534731565793
YUM,revenue,10,ttm,38,2016-06-30,9387000000.0,2026-06-30,8722000000.0,9.998631074606434,-0.7321788525744166
ZBH,eps,3,ttm,67,2023-06-30,2.41,2026-06-30,4.12,3.0006844626967832,19.56636264062883
ZBH,eps,5,ttm,67,2021-06-30,4.279902912621359,2026-06-30,4.12,4.999315537303217,-0.7587543193685709
ZBH,eps,10,ttm,67,2016-06-30,1.0776699029126213,2026-06-30,4.12,9.998631074606434,14.353410089203411
ZBH,fcf,3,ttm,69,2023-06-30,1096000000.0,2026-06-30,1523000000.0,3.0006844626967832,11.588366101615556
ZBH,fcf,5,ttm,69,2021-06-30,1403700000.0,2026-06-30,1523000000.0,4.999315537303217,1.6450165040447162
ZBH,fcf,10,ttm,69,2016-06-30,1036900000.0,2026-06-30,1523000000.0,9.998631074606434,3.9198685689519897
ZBH,net_income,3,ttm,70,2023-06-30,505600000.0,2026-06-30,806600000.0,3.0006844626967832,16.842711598733608
ZBH,net_income,5,ttm,70,2021-06-30,916200000.0,2026-06-30,806600000.0,4.999315537303217,-2.5162850889683286
ZBH,net_income,10,ttm,70,2016-06-30,226700000.0,2026-06-30,806600000.0,9.998631074606434,13.534595343330125
ZBH,ocf,3,ttm,69,2023-06-30,1350600000.0,2026-06-30,1743300000.0,3.0006844626967832,8.877974662435072
ZBH,ocf,5,ttm,69,2021-06-30,1506800000.0,2026-06-30,1743300000.0,4.999315537303217,2.9591710920836345
ZBH,ocf,10,ttm,69,2016-06-30,1213500000.0,2026-06-30,1743300000.0,9.998631074606434,3.689645336895886
ZBH,revenue,3,ttm,70,2023-06-30,7195500000.0,2026-06-30,8508900000.0,3.0006844626967832,5.746323672198561
ZBH,revenue,5,ttm,70,2021-06-30,7379300000.0,2026-06-30,8508900000.0,4.999315537303217,2.890041982817637
ZBH,revenue,10,ttm,70,2016-06-30,7533800000.0,2026-06-30,8508900000.0,9.998631074606434,1.224736982754604
ZBRA,eps,3,ttm,63,2023-07-01,12.485667276051188,2026-07-04,10.91,3.0088980150581794,-4.384401122288384
ZBRA,eps,5,ttm,63,2021-07-03,14.111197440585011,2026-07-04,10.91,5.002053388090349,-5.013617003637005
ZBRA,fcf,3,ttm,65,2023-07-01,146000000.0,2026-07-04,904000000.0,3.0088980150581794,83.29811422627304
ZBRA,fcf,5,ttm,65,2021-07-03,1087000000.0,2026-07-04,904000000.0,5.002053388090349,-3.618351435395073
ZBRA,fcf,10,ttm,65,2016-07-02,118000000.0,2026-07-04,904000000.0,10.004106776180699,22.57230172042044
ZBRA,net_income,3,ttm,66,2023-07-01,650000000.0,2026-07-04,539000000.0,3.0088980150581794,-6.033734264708879
ZBRA,net_income,5,ttm,66,2021-07-03,762000000.0,2026-07-04,539000000.0,5.002053388090349,-6.6876549058644486
ZBRA,ocf,3,ttm,65,2023-07-01,224000000.0,2026-07-04,979000000.0,3.0088980150581794,63.260136103281425
ZBRA,ocf,5,ttm,65,2021-07-03,1146000000.0,2026-07-04,979000000.0,5.002053388090349,-3.099675648021716
ZBRA,ocf,10,ttm,65,2016-07-02,226000000.0,2026-07-04,979000000.0,10.004106776180699,15.782064512065318
ZBRA,revenue,3,ttm,66,2023-07-01,5500000000.0,2026-07-04,5847000000.0,3.0088980150581794,2.054135890025921
ZBRA,revenue,5,ttm,66,2021-07-03,5164000000.0,2026-07-04,5847000000.0,5.002053388090349,2.5144162233773137
ZBRA,revenue,10,ttm,66,2016-07-02,3595000000.0,2026-07-04,5847000000.0,10.004106776180699,4.98197736248891
ZTS,eps,3,ttm,55,2023-06-30,4.757761437908497,2026-06-30,6.130000000000001,3.0006844626967832,8.812194555579023
ZTS,eps,5,ttm,55,2021-06-30,3.996519607843138,2026-06-30,6.130000000000001,4.999315537303217,8.93333312922766
ZTS,eps,10,ttm,55,2016-07-03,1.282091503267974,2026-06-30,6.130000000000001,9.990417522245037,16.955143089310674
ZTS,fcf,3,ttm,55,2023-06-30,1285000000.0,2026-06-30,2316000000.0,3.0006844626967832,21.691157934358095
ZTS,fcf,5,ttm,55,2021-06-30,1702000000.0,2026-06-30,2316000000.0,4.999315537303217,6.355379852556808
ZTS,fcf,10,ttm,55,2016-07-03,438000000.0,2026-06-30,2316000000.0,9.990417522245037,18.139687458480157
ZTS,net_income,3,ttm,55,2023-06-30,2213000000.0,2026-06-30,2616000000.0,3.0006844626967832,5.733656395525921
ZTS,net_income,5,ttm,55,2021-06-30,1909000000.0,2026-06-30,2616000000.0,4.999315537303217,6.50502754181459
ZTS,net_income,10,ttm,55,2016-07-03,639000000.0,2026-06-30,2616000000.0,9.990417522245037,15.152243126831412
ZTS,ocf,3,ttm,55,2023-06-30,1999000000.0,2026-06-30,2840000000.0,3.0006844626967832,12.414824385436706
ZTS,ocf,5,ttm,55,2021-06-30,2161000000.0,2026-06-30,2840000000.0,4.999315537303217,5.617519582961439
ZTS,ocf,10,ttm,55,2016-07-03,670000000.0,2026-06-30,2840000000.0,9.990417522245037,15.55387582649741
ZTS,revenue,3,ttm,55,2023-06-30,8222000000.0,2026-06-30,9517000000.0,3.0006844626967832,4.995181606982868
ZTS,revenue,5,ttm,55,2021-06-30,7412000000.0,2026-06-30,9517000000.0,4.999315537303217,5.127395366373477
ZTS,revenue,10,ttm,55,2016-07-03,4858000000.0,2026-06-30,9517000000.0,9.990417522245037,6.962677979912391
