ticker,form,filing_date,period_date,url
A,10-Q,2026-09-01,2026-07-31,https://www.sec.gov/Archives/edgar/data/1090872/000109087226000064/a-20260731.htm
A,10-Q,2026-06-01,2026-04-30,https://www.sec.gov/Archives/edgar/data/1090872/000109087226000055/a-20260430.htm
A,10-Q,2026-03-03,2026-01-31,https://www.sec.gov/Archives/edgar/data/1090872/000109087226000023/a-20260131.htm
A,10-K,2025-12-22,2025-10-31,https://www.sec.gov/Archives/edgar/data/1090872/000109087225000087/a-20251031.htm
A,10-Q,2025-08-29,2025-07-31,https://www.sec.gov/Archives/edgar/data/1090872/000109087225000036/a-20250731.htm
AAPL,10-Q,2026-07-31,2026-06-27,https://www.sec.gov/Archives/edgar/data/320193/000032019326000020/aapl-20260627.htm
AAPL,10-Q,2026-05-01,2026-03-28,https://www.sec.gov/Archives/edgar/data/320193/000032019326000013/aapl-20260328.htm
AAPL,10-Q,2026-01-30,2025-12-27,https://www.sec.gov/Archives/edgar/data/320193/000032019326000006/aapl-20251227.htm
AAPL,10-K,2025-10-31,2025-09-27,https://www.sec.gov/Archives/edgar/data/320193/000032019325000079/aapl-20250927.htm
AAPL,10-Q,2025-08-01,2025-06-28,https://www.sec.gov/Archives/edgar/data/320193/000032019325000073/aapl-20250628.htm
ABBV,10-Q,2026-08-03,2026-06-30,https://www.sec.gov/Archives/edgar/data/1551152/000155115226000026/abbv-20260630.htm
ABBV,10-Q,2026-05-08,2026-03-31,https://www.sec.gov/Archives/edgar/data/1551152/000155115226000017/abbv-20260331.htm
ABBV,10-K,2026-02-20,2025-12-31,https://www.sec.gov/Archives/edgar/data/1551152/000155115226000008/abbv-20251231.htm
ABBV,10-Q,2025-11-04,2025-09-30,https://www.sec.gov/Archives/edgar/data/1551152/000155115225000049/abbv-20250930.htm
ABBV,10-Q,2025-08-04,2025-06-30,https://www.sec.gov/Archives/edgar/data/1551152/000155115225000040/abbv-20250630.htm
ABNB,10-Q,2026-08-06,2026-06-30,https://www.sec.gov/Archives/edgar/data/1559720/000155972026000027/abnb-20260630.htm
ABNB,10-Q,2026-05-07,2026-03-31,https://www.sec.gov/Archives/edgar/data/1559720/000155972026000014/abnb-20260331.htm
ABNB,10-K,2026-02-12,2025-12-31,https://www.sec.gov/Archives/edgar/data/1559720/000155972026000004/abnb-20251231.htm
ABNB,10-Q,2025-11-06,2025-09-30,https://www.sec.gov/Archives/edgar/data/1559720/000155972025000030/abnb-20250930.htm
ABNB,10-Q,2025-08-06,2025-06-30,https://www.sec.gov/Archives/edgar/data/1559720/000155972025000025/abnb-20250630.htm
ABT,10-Q,2026-07-28,2026-06-30,https://www.sec.gov/Archives/edgar/data/1800/000162828026050134/abt-20260630.htm
ABT,10-Q,2026-04-29,2026-03-31,https://www.sec.gov/Archives/edgar/data/1800/000162828026028357/abt-20260331.htm
ABT,10-K,2026-02-20,2025-12-31,https://www.sec.gov/Archives/edgar/data/1800/000162828026010185/abt-20251231.htm
ABT,10-Q,2025-10-29,2025-09-30,https://www.sec.gov/Archives/edgar/data/1800/000162828025047131/abt-20250930.htm
ABT,10-Q,2025-07-30,2025-06-30,https://www.sec.gov/Archives/edgar/data/1800/000162828025036720/abt-20250630.htm
ACGL,10-Q,2026-08-04,2026-06-30,https://www.sec.gov/Archives/edgar/data/947484/000094748426000124/acgl-20260630.htm
ACGL,10-Q,2026-05-05,2026-03-31,https://www.sec.gov/Archives/edgar/data/947484/000094748426000058/acgl-20260331.htm
ACGL,10-K,2026-02-26,2025-12-31,https://www.sec.gov/Archives/edgar/data/947484/000094748426000017/acgl-20251231.htm
ACGL,10-Q,2025-11-06,2025-09-30,https://www.sec.gov/Archives/edgar/data/947484/000094748425000085/acgl-20250930.htm
ACGL,10-Q,2025-08-05,2025-06-30,https://www.sec.gov/Archives/edgar/data/947484/000094748425000066/acgl-20250630.htm
ACN,10-Q,2026-06-18,2026-05-31,https://www.sec.gov/Archives/edgar/data/1467373/000146737326000032/acn-20260531.htm
ACN,10-Q,2026-03-19,2026-02-28,https://www.sec.gov/Archives/edgar/data/1467373/000146737326000014/acn-20260228.htm
ACN,10-Q,2025-12-18,2025-11-30,https://www.sec.gov/Archives/edgar/data/1467373/000146737325000222/acn-20251130.htm
ACN,10-K,2025-10-10,2025-08-31,https://www.sec.gov/Archives/edgar/data/1467373/000146737325000217/acn-20250831.htm
ACN,10-Q,2025-06-20,2025-05-31,https://www.sec.gov/Archives/edgar/data/1467373/000146737325000169/acn-20250531.htm
ADBE,10-Q,2026-06-15,2026-05-29,https://www.sec.gov/Archives/edgar/data/796343/000079634326000112/adbe-20260529.htm
ADBE,10-Q,2026-03-25,2026-02-27,https://www.sec.gov/Archives/edgar/data/796343/000079634326000056/adbe-20260227.htm
ADBE,10-K,2026-01-15,2025-11-28,https://www.sec.gov/Archives/edgar/data/796343/000079634326000003/adbe-20251128.htm
ADBE,10-Q,2025-09-24,2025-08-29,https://www.sec.gov/Archives/edgar/data/796343/000079634325000107/adbe-20250829.htm
ADBE,10-Q,2025-06-25,2025-05-30,https://www.sec.gov/Archives/edgar/data/796343/000079634325000073/adbe-20250530.htm
ADI,10-Q,2026-08-19,2026-08-01,https://www.sec.gov/Archives/edgar/data/6281/000000628126000073/adi-20260801.htm
ADI,10-Q,2026-05-20,2026-05-02,https://www.sec.gov/Archives/edgar/data/6281/000000628126000052/adi-20260502.htm
ADI,10-Q,2026-02-18,2026-01-31,https://www.sec.gov/Archives/edgar/data/6281/000000628126000016/adi-20260131.htm
ADI,10-K,2025-11-25,2025-11-01,https://www.sec.gov/Archives/edgar/data/6281/000000628125000153/adi-20251101.htm
ADI,10-Q,2025-08-20,2025-08-02,https://www.sec.gov/Archives/edgar/data/6281/000000628125000144/adi-20250802.htm
ADM,10-Q,2026-08-04,2026-06-30,https://www.sec.gov/Archives/edgar/data/7084/000000708426000042/adm-20260630.htm
ADM,10-Q,2026-05-05,2026-03-31,https://www.sec.gov/Archives/edgar/data/7084/000000708426000023/adm-20260331.htm
ADM,10-K,2026-02-17,2025-12-31,https://www.sec.gov/Archives/edgar/data/7084/000000708426000011/adm-20251231.htm
ADM,10-Q,2025-11-04,2025-09-30,https://www.sec.gov/Archives/edgar/data/7084/000000708425000052/adm-20250930.htm
ADM,10-Q,2025-08-05,2025-06-30,https://www.sec.gov/Archives/edgar/data/7084/000000708425000042/adm-20250630.htm
ADP,10-K,2026-08-05,2026-06-30,https://www.sec.gov/Archives/edgar/data/8670/000000867026000030/adp-20260630.htm
ADP,10-Q,2026-04-30,2026-03-31,https://www.sec.gov/Archives/edgar/data/8670/000000867026000022/adp-20260331.htm
ADP,10-Q,2026-01-29,2025-12-31,https://www.sec.gov/Archives/edgar/data/8670/000000867026000011/adp-20251231.htm
ADP,10-Q,2025-10-31,2025-09-30,https://www.sec.gov/Archives/edgar/data/8670/000000867025000047/adp-20250930.htm
ADP,10-K,2025-08-06,2025-06-30,https://www.sec.gov/Archives/edgar/data/8670/000000867025000037/adp-20250630.htm
ADSK,10-Q,2026-08-28,2026-07-31,https://www.sec.gov/Archives/edgar/data/769397/000076939726000061/adsk-20260731.htm
ADSK,10-Q,2026-05-29,2026-04-30,https://www.sec.gov/Archives/edgar/data/769397/000076939726000044/adsk-20260430.htm
ADSK,10-K,2026-03-03,2026-01-31,https://www.sec.gov/Archives/edgar/data/769397/000076939726000015/adsk-20260131.htm
ADSK,10-Q,2025-11-26,2025-10-31,https://www.sec.gov/Archives/edgar/data/769397/000076939725000129/adsk-20251031.htm
ADSK,10-Q,2025-09-02,2025-07-31,https://www.sec.gov/Archives/edgar/data/769397/000076939725000117/adsk-20250731.htm
AEE,10-Q,2026-08-03,2026-06-30,https://www.sec.gov/Archives/edgar/data/1002910/000100291026000023/aee-20260630.htm
AEE,10-Q,2026-05-08,2026-03-31,https://www.sec.gov/Archives/edgar/data/1002910/000100291026000015/aee-20260331.htm
AEE,10-K,2026-02-18,2025-12-31,https://www.sec.gov/Archives/edgar/data/1002910/000100291026000009/aee-20251231.htm
AEE,10-Q,2025-11-06,2025-09-30,https://www.sec.gov/Archives/edgar/data/1002910/000100291025000129/aee-20250930.htm
AEE,10-Q,2025-08-04,2025-06-30,https://www.sec.gov/Archives/edgar/data/1002910/000100291025000112/aee-20250630.htm
AEP,10-Q,2026-07-30,2026-06-30,https://www.sec.gov/Archives/edgar/data/4904/000000490426000059/aep-20260630.htm
AEP,10-Q,2026-05-05,2026-03-31,https://www.sec.gov/Archives/edgar/data/4904/000000490426000034/aep-20260331.htm
AEP,10-K,2026-02-12,2025-12-31,https://www.sec.gov/Archives/edgar/data/4904/000000490426000013/aep-20251231.htm
AEP,10-Q,2025-10-29,2025-09-30,https://www.sec.gov/Archives/edgar/data/4904/000000490425000171/aep-20250930.htm
AEP,10-Q,2025-07-30,2025-06-30,https://www.sec.gov/Archives/edgar/data/4904/000000490425000141/aep-20250630.htm
AES,10-Q,2026-08-04,2026-06-30,https://www.sec.gov/Archives/edgar/data/874761/000087476126000144/aes-20260630.htm
AES,10-Q,2026-05-05,2026-03-31,https://www.sec.gov/Archives/edgar/data/874761/000087476126000120/aes-20260331.htm
AES,10-K,2026-03-02,2025-12-31,https://www.sec.gov/Archives/edgar/data/874761/000087476126000063/aes-20251231.htm
AES,10-Q,2025-11-04,2025-09-30,https://www.sec.gov/Archives/edgar/data/874761/000087476125000084/aes-20250930.htm
AES,10-Q,2025-08-01,2025-06-30,https://www.sec.gov/Archives/edgar/data/874761/000087476125000075/aes-20250630.htm
AFL,10-Q,2026-08-07,2026-06-30,https://www.sec.gov/Archives/edgar/data/4977/000162828026054618/afl-20260630.htm
AFL,10-Q,2026-05-06,2026-03-31,https://www.sec.gov/Archives/edgar/data/4977/000162828026030923/afl-20260331.htm
AFL,10-K,2026-02-25,2025-12-31,https://www.sec.gov/Archives/edgar/data/4977/000162828026011402/afl-20251231.htm
AFL,10-Q,2025-11-05,2025-09-30,https://www.sec.gov/Archives/edgar/data/4977/000162828025049279/afl-20250930.htm
AFL,10-Q,2025-08-05,2025-06-30,https://www.sec.gov/Archives/edgar/data/4977/000000497725000132/afl-20250630.htm
AIG,10-Q,2026-08-07,2026-06-30,https://www.sec.gov/Archives/edgar/data/5272/000000527226000076/aig-20260630.htm
AIG,10-Q,2026-05-01,2026-03-31,https://www.sec.gov/Archives/edgar/data/5272/000000527226000052/aig-20260331.htm
AIG,10-K,2026-02-12,2025-12-31,https://www.sec.gov/Archives/edgar/data/5272/000000527226000023/aig-20251231.htm
AIG,10-Q,2025-11-05,2025-09-30,https://www.sec.gov/Archives/edgar/data/5272/000000527225000160/aig-20250930.htm
AIG,10-Q,2025-08-07,2025-06-30,https://www.sec.gov/Archives/edgar/data/5272/000000527225000081/aig-20250630.htm
AIZ,10-Q,2026-08-06,2026-06-30,https://www.sec.gov/Archives/edgar/data/1267238/000126723826000041/aiz-20260630.htm
AIZ,10-Q,2026-05-07,2026-03-31,https://www.sec.gov/Archives/edgar/data/1267238/000126723826000027/aiz-20260331.htm
AIZ,10-K,2026-02-19,2025-12-31,https://www.sec.gov/Archives/edgar/data/1267238/000126723826000010/aiz-20251231.htm
AIZ,10-Q,2025-11-06,2025-09-30,https://www.sec.gov/Archives/edgar/data/1267238/000126723825000051/aiz-20250930.htm
AIZ,10-Q,2025-08-07,2025-06-30,https://www.sec.gov/Archives/edgar/data/1267238/000126723825000045/aiz-20250630.htm
AJG,10-Q,2026-08-05,2026-06-30,https://www.sec.gov/Archives/edgar/data/354190/000162828026053489/ajg-20260630.htm
AJG,10-Q,2026-05-07,2026-03-31,https://www.sec.gov/Archives/edgar/data/354190/000162828026031592/ajg-20260331.htm
AJG,10-K,2026-02-17,2025-12-31,https://www.sec.gov/Archives/edgar/data/354190/000162828026008662/ajg-20251231.htm
AJG,10-Q,2025-11-10,2025-09-30,https://www.sec.gov/Archives/edgar/data/354190/000162828025050734/ajg-20250930.htm
AJG,10-Q,2025-08-01,2025-06-30,https://www.sec.gov/Archives/edgar/data/354190/000035419025000011/ajg-20250630.htm
AKAM,10-Q,2026-08-07,2026-06-30,https://www.sec.gov/Archives/edgar/data/1086222/000108622226000086/akam-20260630.htm
AKAM,10-Q,2026-05-08,2026-03-31,https://www.sec.gov/Archives/edgar/data/1086222/000108622226000058/akam-20260331.htm
AKAM,10-K,2026-02-20,2025-12-31,https://www.sec.gov/Archives/edgar/data/1086222/000108622226000022/akam-20251231.htm
AKAM,10-Q,2025-11-07,2025-09-30,https://www.sec.gov/Archives/edgar/data/1086222/000108622225000256/akam-20250930.htm
AKAM,10-Q,2025-08-08,2025-06-30,https://www.sec.gov/Archives/edgar/data/1086222/000108622225000218/akam-20250630.htm
ALB,10-Q,2026-08-05,2026-06-30,https://www.sec.gov/Archives/edgar/data/915913/000091591326000102/alb-20260630.htm
ALB,10-Q,2026-05-06,2026-03-31,https://www.sec.gov/Archives/edgar/data/915913/000091591326000072/alb-20260331.htm
ALB,10-K,2026-02-11,2025-12-31,https://www.sec.gov/Archives/edgar/data/915913/000091591326000018/alb-20251231.htm
ALB,10-Q,2025-11-05,2025-09-30,https://www.sec.gov/Archives/edgar/data/915913/000091591325000162/alb-20250930.htm
ALB,10-Q,2025-08-04,2025-06-30,https://www.sec.gov/Archives/edgar/data/915913/000091591325000133/alb-20250630.htm
ALGN,10-Q,2026-08-05,2026-06-30,https://www.sec.gov/Archives/edgar/data/1097149/000109714926000060/algn-20260630.htm
ALGN,10-Q,2026-05-06,2026-03-31,https://www.sec.gov/Archives/edgar/data/1097149/000109714926000040/algn-20260331.htm
ALGN,10-K,2026-02-27,2025-12-31,https://www.sec.gov/Archives/edgar/data/1097149/000109714926000014/algn-20251231.htm
ALGN,10-Q,2025-11-05,2025-09-30,https://www.sec.gov/Archives/edgar/data/1097149/000109714925000079/algn-20250930.htm
ALGN,10-Q,2025-08-06,2025-06-30,https://www.sec.gov/Archives/edgar/data/1097149/000109714925000064/algn-20250630.htm
ALL,10-Q,2026-08-05,2026-06-30,https://www.sec.gov/Archives/edgar/data/899051/000089905126000118/all-20260630.htm
ALL,10-Q,2026-04-29,2026-03-31,https://www.sec.gov/Archives/edgar/data/899051/000089905126000075/all-20260331.htm
ALL,10-K,2026-02-20,2025-12-31,https://www.sec.gov/Archives/edgar/data/899051/000089905126000031/all-20251231.htm
ALL,10-Q,2025-11-05,2025-09-30,https://www.sec.gov/Archives/edgar/data/899051/000089905125000102/all-20250930.htm
ALL,10-Q,2025-07-30,2025-06-30,https://www.sec.gov/Archives/edgar/data/899051/000089905125000070/all-20250630.htm
ALLE,10-Q,2026-07-23,2026-06-30,https://www.sec.gov/Archives/edgar/data/1579241/000157924126000028/alle-20260630.htm
ALLE,10-Q,2026-04-28,2026-03-31,https://www.sec.gov/Archives/edgar/data/1579241/000157924126000015/alle-20260331.htm
ALLE,10-K,2026-02-17,2025-12-31,https://www.sec.gov/Archives/edgar/data/1579241/000157924126000007/alle-20251231.htm
ALLE,10-Q,2025-10-23,2025-09-30,https://www.sec.gov/Archives/edgar/data/1579241/000157924125000043/alle-20250930.htm
ALLE,10-Q,2025-07-24,2025-06-30,https://www.sec.gov/Archives/edgar/data/1579241/000157924125000030/alle-20250630.htm
AMAT,10-Q,2026-08-20,2026-07-26,https://www.sec.gov/Archives/edgar/data/6951/000162828026058235/amat-20260726.htm
AMAT,10-Q,2026-05-21,2026-04-26,https://www.sec.gov/Archives/edgar/data/6951/000162828026037227/amat-20260426.htm
AMAT,10-Q,2026-02-19,2026-01-25,https://www.sec.gov/Archives/edgar/data/6951/000162828026009694/amat-20260125.htm
AMAT,10-K,2025-12-12,2025-10-26,https://www.sec.gov/Archives/edgar/data/6951/000162828025056742/amat-20251026.htm
AMAT,10-Q,2025-08-21,2025-07-27,https://www.sec.gov/Archives/edgar/data/6951/000000695125000037/amat-20250727.htm
AMCR,10-K,2026-08-14,2026-06-30,https://www.sec.gov/Archives/edgar/data/1748790/000174879026000022/amcr-20260630.htm
AMCR,10-Q,2026-05-07,2026-03-31,https://www.sec.gov/Archives/edgar/data/1748790/000174879026000016/amcr-20260331.htm
AMCR,10-Q,2026-02-04,2025-12-31,https://www.sec.gov/Archives/edgar/data/1748790/000174879026000006/amcr-20251231.htm
AMCR,10-Q,2025-11-06,2025-09-30,https://www.sec.gov/Archives/edgar/data/1748790/000174879025000036/amcr-20250930.htm
AMCR,10-K,2025-08-15,2025-06-30,https://www.sec.gov/Archives/edgar/data/1748790/000174879025000023/amcr-20250630.htm
AMD,10-Q,2026-08-05,2026-06-27,https://www.sec.gov/Archives/edgar/data/2488/000000248826000123/amd-20260627.htm
AMD,10-Q,2026-05-06,2026-03-28,https://www.sec.gov/Archives/edgar/data/2488/000000248826000076/amd-20260328.htm
AMD,10-K,2026-02-04,2025-12-27,https://www.sec.gov/Archives/edgar/data/2488/000000248826000018/amd-20251227.htm
AMD,10-Q,2025-11-05,2025-09-27,https://www.sec.gov/Archives/edgar/data/2488/000000248825000166/amd-20250927.htm
AMD,10-Q,2025-08-06,2025-06-28,https://www.sec.gov/Archives/edgar/data/2488/000000248825000108/amd-20250628.htm
AME,10-Q,2026-08-04,2026-06-30,https://www.sec.gov/Archives/edgar/data/1037868/000103786826000175/ame-20260630.htm
AME,10-Q,2026-04-30,2026-03-31,https://www.sec.gov/Archives/edgar/data/1037868/000103786826000144/ame-20260331.htm
AME,10-K,2026-02-17,2025-12-31,https://www.sec.gov/Archives/edgar/data/1037868/000103786826000016/ame-20251231.htm
AME,10-Q,2025-10-30,2025-09-30,https://www.sec.gov/Archives/edgar/data/1037868/000103786825000077/ame-20250930.htm
AME,10-Q,2025-07-31,2025-06-30,https://www.sec.gov/Archives/edgar/data/1037868/000103786825000058/ame-20250630.htm
AMGN,10-Q,2026-08-05,2026-06-30,https://www.sec.gov/Archives/edgar/data/318154/000031815426000126/amgn-20260630.htm
AMGN,10-Q,2026-05-01,2026-03-31,https://www.sec.gov/Archives/edgar/data/318154/000031815426000057/amgn-20260331.htm
AMGN,10-K,2026-02-13,2025-12-31,https://www.sec.gov/Archives/edgar/data/318154/000031815426000010/amgn-20251231.htm
AMGN,10-Q,2025-11-05,2025-09-30,https://www.sec.gov/Archives/edgar/data/318154/000031815425000072/amgn-20250930.htm
AMGN,10-Q,2025-08-06,2025-06-30,https://www.sec.gov/Archives/edgar/data/318154/000031815425000056/amgn-20250630.htm
AMP,10-Q,2026-08-04,2026-06-30,https://www.sec.gov/Archives/edgar/data/820027/000082002726000043/amp-20260630.htm
AMP,10-Q,2026-05-07,2026-03-31,https://www.sec.gov/Archives/edgar/data/820027/000082002726000027/amp-20260331.htm
AMP,10-K,2026-02-19,2025-12-31,https://www.sec.gov/Archives/edgar/data/820027/000082002726000011/amp-20251231.htm
AMP,10-Q,2025-10-31,2025-09-30,https://www.sec.gov/Archives/edgar/data/820027/000082002725000080/amp-20250930.htm
AMP,10-Q,2025-08-05,2025-06-30,https://www.sec.gov/Archives/edgar/data/820027/000082002725000066/amp-20250630.htm
AMT,10-Q,2026-07-28,2026-06-30,https://www.sec.gov/Archives/edgar/data/1053507/000105350726000133/amt-20260630.htm
AMT,10-Q,2026-04-28,2026-03-31,https://www.sec.gov/Archives/edgar/data/1053507/000105350726000099/amt-20260331.htm
AMT,10-K,2026-02-24,2025-12-31,https://www.sec.gov/Archives/edgar/data/1053507/000105350726000035/amt-20251231.htm
AMT,10-Q,2025-10-28,2025-09-30,https://www.sec.gov/Archives/edgar/data/1053507/000105350725000149/amt-20250930.htm
AMT,10-Q,2025-07-29,2025-06-30,https://www.sec.gov/Archives/edgar/data/1053507/000105350725000120/amt-20250630.htm
AMZN,10-Q,2026-07-31,2026-06-30,https://www.sec.gov/Archives/edgar/data/1018724/000101872426000026/amzn-20260630.htm
AMZN,10-Q,2026-04-30,2026-03-31,https://www.sec.gov/Archives/edgar/data/1018724/000101872426000014/amzn-20260331.htm
AMZN,10-K,2026-02-06,2025-12-31,https://www.sec.gov/Archives/edgar/data/1018724/000101872426000004/amzn-20251231.htm
AMZN,10-Q,2025-10-31,2025-09-30,https://www.sec.gov/Archives/edgar/data/1018724/000101872425000123/amzn-20250930.htm
AMZN,10-Q,2025-08-01,2025-06-30,https://www.sec.gov/Archives/edgar/data/1018724/000101872425000086/amzn-20250630.htm
ANET,10-Q,2026-08-05,2026-06-30,https://www.sec.gov/Archives/edgar/data/1596532/000159653226000175/anet-20260630.htm
ANET,10-Q,2026-05-06,2026-03-31,https://www.sec.gov/Archives/edgar/data/1596532/000159653226000078/anet-20260331.htm
ANET,10-K,2026-02-17,2025-12-31,https://www.sec.gov/Archives/edgar/data/1596532/000159653226000013/anet-20251231.htm
ANET,10-Q,2025-11-05,2025-09-30,https://www.sec.gov/Archives/edgar/data/1596532/000159653225000286/anet-20250930.htm
ANET,10-Q,2025-08-06,2025-06-30,https://www.sec.gov/Archives/edgar/data/1596532/000159653225000216/anet-20250630.htm
AON,10-Q,2026-07-29,2026-06-30,https://www.sec.gov/Archives/edgar/data/315293/000162828026050610/aon-20260630.htm
AON,10-Q,2026-05-01,2026-03-31,https://www.sec.gov/Archives/edgar/data/315293/000162828026029322/aon-20260331.htm
AON,10-K,2026-02-13,2025-12-31,https://www.sec.gov/Archives/edgar/data/315293/000162828026008116/aon-20251231.htm
AON,10-Q,2025-10-31,2025-09-30,https://www.sec.gov/Archives/edgar/data/315293/000162828025047805/aon-20250930.htm
AON,10-Q,2025-07-25,2025-06-30,https://www.sec.gov/Archives/edgar/data/315293/000162828025036060/aon-20250630.htm
AOS,10-Q,2026-07-30,2026-06-30,https://www.sec.gov/Archives/edgar/data/91142/000009114226000098/aos-20260630.htm
AOS,10-Q,2026-04-30,2026-03-31,https://www.sec.gov/Archives/edgar/data/91142/000009114226000084/aos-20260331.htm
AOS,10-K,2026-02-10,2025-12-31,https://www.sec.gov/Archives/edgar/data/91142/000009114226000008/aos-20251231.htm
AOS,10-Q,2025-10-28,2025-09-30,https://www.sec.gov/Archives/edgar/data/91142/000009114225000150/aos-20250930.htm
AOS,10-Q,2025-07-24,2025-06-30,https://www.sec.gov/Archives/edgar/data/91142/000009114225000100/aos-20250630.htm
APA,10-Q,2026-08-06,2026-06-30,https://www.sec.gov/Archives/edgar/data/1841666/000184166626000053/apa-20260630.htm
APA,10-Q,2026-05-07,2026-03-31,https://www.sec.gov/Archives/edgar/data/1841666/000184166626000034/apa-20260331.htm
APA,10-K,2026-02-26,2025-12-31,https://www.sec.gov/Archives/edgar/data/1841666/000184166626000015/apa-20251231.htm
APA,10-Q,2025-11-06,2025-09-30,https://www.sec.gov/Archives/edgar/data/1841666/000184166625000031/apa-20250930.htm
APA,10-Q,2025-08-07,2025-06-30,https://www.sec.gov/Archives/edgar/data/1841666/000184166625000014/apa-20250630.htm
APD,10-Q,2026-07-30,2026-06-30,https://www.sec.gov/Archives/edgar/data/2969/000000296926000036/apd-20260630.htm
APD,10-Q,2026-04-30,2026-03-31,https://www.sec.gov/Archives/edgar/data/2969/000000296926000020/apd-20260331.htm
APD,10-Q,2026-01-30,2025-12-31,https://www.sec.gov/Archives/edgar/data/2969/000000296926000008/apd-20251231.htm
APD,10-K,2025-11-20,2025-09-30,https://www.sec.gov/Archives/edgar/data/2969/000000296925000055/apd-20250930.htm
APD,10-Q,2025-07-31,2025-06-30,https://www.sec.gov/Archives/edgar/data/2969/000000296925000044/apd-20250630.htm
APH,10-Q,2026-07-31,2026-06-30,https://www.sec.gov/Archives/edgar/data/820313/000110465926089194/aph-20260630x10q.htm
APH,10-Q,2026-05-01,2026-03-31,https://www.sec.gov/Archives/edgar/data/820313/000110465926054128/aph-20260331x10q.htm
APH,10-K,2026-02-11,2025-12-31,https://www.sec.gov/Archives/edgar/data/820313/000110465926013549/aph-20251231x10k.htm
APH,10-Q,2025-10-24,2025-09-30,https://www.sec.gov/Archives/edgar/data/820313/000110465925102142/aph-20250930x10q.htm
APH,10-Q,2025-07-25,2025-06-30,https://www.sec.gov/Archives/edgar/data/820313/000155837025009610/aph-20250630x10q.htm
APO,10-Q,2026-08-10,2026-06-30,https://www.sec.gov/Archives/edgar/data/1858681/000185868126000040/apo-20260630.htm
APO,10-Q,2026-05-07,2026-03-31,https://www.sec.gov/Archives/edgar/data/1858681/000185868126000026/apo-20260331.htm
APO,10-K,2026-02-25,2025-12-31,https://www.sec.gov/Archives/edgar/data/1858681/000185868126000013/apo-20251231.htm
APO,10-Q,2025-11-10,2025-09-30,https://www.sec.gov/Archives/edgar/data/1858681/000185868125000139/apo-20250930.htm
APO,10-Q,2025-08-07,2025-06-30,https://www.sec.gov/Archives/edgar/data/1858681/000185868125000117/apo-20250630.htm
APP,10-Q,2026-08-05,2026-06-30,https://www.sec.gov/Archives/edgar/data/1751008/000175100826000059/app-20260630.htm
APP,10-Q,2026-05-06,2026-03-31,https://www.sec.gov/Archives/edgar/data/1751008/000175100826000044/app-20260331.htm
APP,10-K,2026-02-19,2025-12-31,https://www.sec.gov/Archives/edgar/data/1751008/000175100826000010/app-20251231.htm
APP,10-Q,2025-11-05,2025-09-30,https://www.sec.gov/Archives/edgar/data/1751008/000175100825000081/app-20250930.htm
APP,10-Q,2025-08-06,2025-06-30,https://www.sec.gov/Archives/edgar/data/1751008/000175100825000072/app-20250630.htm
APTV,10-Q,2026-08-04,2026-06-30,https://www.sec.gov/Archives/edgar/data/1521332/000152133226000061/aptv-20260630.htm
APTV,10-Q,2026-05-05,2026-03-31,https://www.sec.gov/Archives/edgar/data/1521332/000152133226000048/aptv-20260331.htm
APTV,10-K,2026-02-06,2025-12-31,https://www.sec.gov/Archives/edgar/data/1521332/000152133226000009/aptv-20251231.htm
APTV,10-Q,2025-10-30,2025-09-30,https://www.sec.gov/Archives/edgar/data/1521332/000152133225000051/aptv-20250930.htm
APTV,10-Q,2025-07-31,2025-06-30,https://www.sec.gov/Archives/edgar/data/1521332/000152133225000040/aptv-20250630.htm
ARE,10-Q,2026-08-03,2026-06-30,https://www.sec.gov/Archives/edgar/data/1035443/000103544326000066/are-20260630.htm
ARE,10-Q,2026-04-27,2026-03-31,https://www.sec.gov/Archives/edgar/data/1035443/000103544326000042/are-20260331.htm
ARE,10-K,2026-01-26,2025-12-31,https://www.sec.gov/Archives/edgar/data/1035443/000103544326000013/are-20251231.htm
ARE,10-Q,2025-10-27,2025-09-30,https://www.sec.gov/Archives/edgar/data/1035443/000103544325000198/are-20250930.htm
ARE,10-Q,2025-07-21,2025-06-30,https://www.sec.gov/Archives/edgar/data/1035443/000103544325000179/are-20250630.htm
ARES,10-Q,2026-08-07,2026-06-30,https://www.sec.gov/Archives/edgar/data/1176948/000162828026054538/ares-20260630.htm
ARES,10-Q,2026-05-08,2026-03-31,https://www.sec.gov/Archives/edgar/data/1176948/000162828026032990/ares-20260331.htm
ARES,10-K,2026-02-25,2025-12-31,https://www.sec.gov/Archives/edgar/data/1176948/000162828026011413/ares-20251231.htm
ARES,10-Q,2025-11-06,2025-09-30,https://www.sec.gov/Archives/edgar/data/1176948/000162828025049899/ares-20250930.htm
ARES,10-Q,2025-08-08,2025-06-30,https://www.sec.gov/Archives/edgar/data/1176948/000162828025039330/ares-20250630.htm
ATO,10-Q,2026-08-05,2026-06-30,https://www.sec.gov/Archives/edgar/data/731802/000073180226000102/ato-20260630.htm
ATO,10-Q,2026-05-06,2026-03-31,https://www.sec.gov/Archives/edgar/data/731802/000073180226000089/ato-20260331.htm
ATO,10-Q,2026-02-03,2025-12-31,https://www.sec.gov/Archives/edgar/data/731802/000073180226000013/ato-20251231.htm
ATO,10-K,2025-11-14,2025-09-30,https://www.sec.gov/Archives/edgar/data/731802/000073180225000056/ato-20250930.htm
ATO,10-Q,2025-08-06,2025-06-30,https://www.sec.gov/Archives/edgar/data/731802/000073180225000026/ato-20250630.htm
AVGO,10-Q,2026-06-09,2026-05-03,https://www.sec.gov/Archives/edgar/data/1730168/000173016826000054/avgo-20260503.htm
AVGO,10-Q,2026-03-11,2026-02-01,https://www.sec.gov/Archives/edgar/data/1730168/000173016826000016/avgo-20260201.htm
AVGO,10-K,2025-12-18,2025-11-02,https://www.sec.gov/Archives/edgar/data/1730168/000173016825000121/avgo-20251102.htm
AVGO,10-Q,2025-09-10,2025-08-03,https://www.sec.gov/Archives/edgar/data/1730168/000173016825000098/avgo-20250803.htm
AVGO,10-Q,2025-06-11,2025-05-04,https://www.sec.gov/Archives/edgar/data/1730168/000173016825000064/avgo-20250504.htm
AVY,10-Q,2026-08-04,2026-06-30,https://www.sec.gov/Archives/edgar/data/8818/000000881826000131/avy-20260630.htm
AVY,10-Q,2026-05-05,2026-03-31,https://www.sec.gov/Archives/edgar/data/8818/000000881826000109/avy-20260331.htm
AVY,10-K,2026-02-25,2025-12-31,https://www.sec.gov/Archives/edgar/data/8818/000000881826000015/avy-20251231.htm
AVY,10-Q,2025-10-28,2025-09-27,https://www.sec.gov/Archives/edgar/data/8818/000000881825000049/avy-20250927.htm
AVY,10-Q,2025-07-29,2025-06-28,https://www.sec.gov/Archives/edgar/data/8818/000000881825000040/avy-20250628.htm
AWK,10-Q,2026-07-29,2026-06-30,https://www.sec.gov/Archives/edgar/data/1410636/000141063626000120/awk-20260630.htm
AWK,10-Q,2026-04-29,2026-03-31,https://www.sec.gov/Archives/edgar/data/1410636/000141063626000063/awk-20260331.htm
AWK,10-K,2026-02-18,2025-12-31,https://www.sec.gov/Archives/edgar/data/1410636/000141063626000034/awk-20251231.htm
AWK,10-Q,2025-10-29,2025-09-30,https://www.sec.gov/Archives/edgar/data/1410636/000141063625000173/awk-20250930.htm
AWK,10-Q,2025-07-30,2025-06-30,https://www.sec.gov/Archives/edgar/data/1410636/000141063625000150/awk-20250630.htm
AXON,10-Q,2026-08-06,2026-06-30,https://www.sec.gov/Archives/edgar/data/1069183/000162828026053646/axon-20260630.htm
AXON,10-Q,2026-05-07,2026-03-31,https://www.sec.gov/Archives/edgar/data/1069183/000162828026031542/axon-20260331.htm
AXON,10-K,2026-02-25,2025-12-31,https://www.sec.gov/Archives/edgar/data/1069183/000162828026011360/axon-20251231.htm
AXON,10-Q,2025-11-05,2025-09-30,https://www.sec.gov/Archives/edgar/data/1069183/000162828025049143/axon-20250930.htm
AXON,10-Q,2025-08-05,2025-06-30,https://www.sec.gov/Archives/edgar/data/1069183/000106918325000181/axon-20250630.htm
AXP,10-Q,2026-07-24,2026-06-30,https://www.sec.gov/Archives/edgar/data/4962/000000496226000322/axp-20260630.htm
AXP,10-Q,2026-04-23,2026-03-31,https://www.sec.gov/Archives/edgar/data/4962/000000496226000192/axp-20260331.htm
AXP,10-K,2026-02-06,2025-12-31,https://www.sec.gov/Archives/edgar/data/4962/000000496226000080/axp-20251231.htm
AXP,10-Q,2025-10-17,2025-09-30,https://www.sec.gov/Archives/edgar/data/4962/000000496225000222/axp-20250930.htm
AXP,10-Q,2025-07-18,2025-06-30,https://www.sec.gov/Archives/edgar/data/4962/000000496225000083/axp-20250630.htm
AZO,10-Q,2026-06-12,2026-05-09,https://www.sec.gov/Archives/edgar/data/866787/000110465926073525/azo-20260509x10q.htm
AZO,10-Q,2026-03-20,2026-02-14,https://www.sec.gov/Archives/edgar/data/866787/000110465926032757/azo-20260214x10q.htm
AZO,10-Q,2025-12-19,2025-11-22,https://www.sec.gov/Archives/edgar/data/866787/000110465925123222/azo-20251122x10q.htm
AZO,10-K,2025-10-27,2025-08-30,https://www.sec.gov/Archives/edgar/data/866787/000110465925102611/azo-20250830x10k.htm
AZO,10-Q,2025-06-13,2025-05-10,https://www.sec.gov/Archives/edgar/data/866787/000155837025008618/azo-20250510x10q.htm
BA,10-Q,2026-07-28,2026-06-30,https://www.sec.gov/Archives/edgar/data/12927/000162828026050038/ba-20260630.htm
BA,10-Q,2026-04-22,2026-03-31,https://www.sec.gov/Archives/edgar/data/12927/000162828026026458/ba-20260331.htm
BA,10-K,2026-01-30,2025-12-31,https://www.sec.gov/Archives/edgar/data/12927/000162828026004357/ba-20251231.htm
BA,10-Q,2025-10-29,2025-09-30,https://www.sec.gov/Archives/edgar/data/12927/000162828025047023/ba-20250930.htm
BA,10-Q,2025-07-29,2025-06-30,https://www.sec.gov/Archives/edgar/data/12927/000001292725000062/ba-20250630.htm
BAC,10-Q,2026-07-31,2026-06-30,https://www.sec.gov/Archives/edgar/data/70858/000007085826000394/bac-20260630.htm
BAC,10-Q,2026-05-01,2026-03-31,https://www.sec.gov/Archives/edgar/data/70858/000007085826000249/bac-20260331.htm
BAC,10-K,2026-02-25,2025-12-31,https://www.sec.gov/Archives/edgar/data/70858/000007085826000157/bac-20251231.htm
BAC,10-Q,2025-10-31,2025-09-30,https://www.sec.gov/Archives/edgar/data/70858/000007085825000405/bac-20250930.htm
BALL,10-Q,2026-08-04,2026-06-30,https://www.sec.gov/Archives/edgar/data/9389/000110465926090226/ball-20260630x10q.htm
BALL,10-Q,2026-05-05,2026-03-31,https://www.sec.gov/Archives/edgar/data/9389/000110465926055460/ball-20260331x10q.htm
BALL,10-K,2026-02-19,2025-12-31,https://www.sec.gov/Archives/edgar/data/9389/000110465926017410/ball-20251231x10k.htm
BALL,10-Q,2025-11-04,2025-09-30,https://www.sec.gov/Archives/edgar/data/9389/000110465925106108/ball-20250930x10q.htm
BALL,10-Q,2025-08-05,2025-06-30,https://www.sec.gov/Archives/edgar/data/9389/000155837025010234/ball-20250630x10q.htm
BAX,10-Q,2026-07-30,2026-06-30,https://www.sec.gov/Archives/edgar/data/10456/000162828026051118/bax-20260630.htm
BAX,10-Q,2026-04-30,2026-03-31,https://www.sec.gov/Archives/edgar/data/10456/000162828026028962/bax-20260331.htm
BAX,10-K,2026-02-12,2025-12-31,https://www.sec.gov/Archives/edgar/data/10456/000162828026007733/bax-20251231.htm
BAX,10-Q,2025-11-04,2025-09-30,https://www.sec.gov/Archives/edgar/data/10456/000162828025048897/bax-20250930.htm
BAX,10-Q,2025-08-05,2025-06-30,https://www.sec.gov/Archives/edgar/data/10456/000162828025037877/bax-20250630.htm
BBY,10-Q,2026-09-04,2026-08-01,https://www.sec.gov/Archives/edgar/data/764478/000076447826000042/bby-20260801.htm
BBY,10-Q,2026-06-05,2026-05-02,https://www.sec.gov/Archives/edgar/data/764478/000076447826000022/bby-20260502.htm
BBY,10-K,2026-03-18,2026-01-31,https://www.sec.gov/Archives/edgar/data/764478/000076447826000009/bby-20260131.htm
BBY,10-Q,2025-12-05,2025-11-01,https://www.sec.gov/Archives/edgar/data/764478/000076447825000057/bby-20251101.htm
BBY,10-Q,2025-09-05,2025-08-02,https://www.sec.gov/Archives/edgar/data/764478/000076447825000040/bby-20250802.htm
BDX,10-Q,2026-08-06,2026-06-30,https://www.sec.gov/Archives/edgar/data/10795/000001079526000035/bdx-20260630.htm
BDX,10-Q,2026-05-07,2026-03-31,https://www.sec.gov/Archives/edgar/data/10795/000001079526000026/bdx-20260331.htm
BDX,10-Q,2026-02-09,2025-12-31,https://www.sec.gov/Archives/edgar/data/10795/000001079526000005/bdx-20251231.htm
BDX,10-K,2025-11-25,2025-09-30,https://www.sec.gov/Archives/edgar/data/10795/000001079525000099/bdx-20250930.htm
BDX,10-Q,2025-08-07,2025-06-30,https://www.sec.gov/Archives/edgar/data/10795/000001079525000072/bdx-20250630.htm
BEN,10-Q,2026-07-31,2026-06-30,https://www.sec.gov/Archives/edgar/data/38777/000003877726000217/ben-20260630.htm
BEN,10-Q,2026-04-28,2026-03-31,https://www.sec.gov/Archives/edgar/data/38777/000003877726000101/ben-20260331.htm
BEN,10-Q,2026-01-30,2025-12-31,https://www.sec.gov/Archives/edgar/data/38777/000003877726000033/ben-20251231.htm
BEN,10-K,2025-11-10,2025-09-30,https://www.sec.gov/Archives/edgar/data/38777/000003877725000238/ben-20250930.htm
BEN,10-Q,2025-08-01,2025-06-30,https://www.sec.gov/Archives/edgar/data/38777/000003877725000135/ben-20250630.htm
BF-B,10-Q,2026-09-02,2026-07-31,https://www.sec.gov/Archives/edgar/data/14693/000001469326000052/bfb-20260731.htm
BF-B,10-K,2026-06-12,2026-04-30,https://www.sec.gov/Archives/edgar/data/14693/000001469326000024/bfb-20260430.htm
BF-B,10-Q,2026-03-04,2026-01-31,https://www.sec.gov/Archives/edgar/data/14693/000001469326000010/bfb-20260131.htm
BF-B,10-Q,2025-12-04,2025-10-31,https://www.sec.gov/Archives/edgar/data/14693/000001469325000112/bfb-20251031.htm
BF-B,10-Q,2025-08-28,2025-07-31,https://www.sec.gov/Archives/edgar/data/14693/000001469325000096/bfb-20250731.htm
BG,10-Q,2026-07-29,2026-06-30,https://www.sec.gov/Archives/edgar/data/1996862/000162828026050540/bg-20260630.htm
BG,10-Q,2026-04-29,2026-03-31,https://www.sec.gov/Archives/edgar/data/1996862/000162828026028235/bg-20260331.htm
BG,10-K,2026-02-19,2025-12-31,https://www.sec.gov/Archives/edgar/data/1996862/000162828026009842/bg-20251231.htm
BG,10-Q,2025-11-05,2025-09-30,https://www.sec.gov/Archives/edgar/data/1996862/000162828025049587/bg-20250930.htm
BG,10-Q,2025-08-05,2025-06-30,https://www.sec.gov/Archives/edgar/data/1996862/000199686225000204/bg-20250630.htm
BIIB,10-Q,2026-07-29,2026-06-30,https://www.sec.gov/Archives/edgar/data/875045/000087504526000075/biib-20260630.htm
BIIB,10-Q,2026-04-29,2026-03-31,https://www.sec.gov/Archives/edgar/data/875045/000087504526000045/biib-20260331.htm
BIIB,10-K,2026-02-06,2025-12-31,https://www.sec.gov/Archives/edgar/data/875045/000087504526000013/biib-20251231.htm
BIIB,10-Q,2025-10-30,2025-09-30,https://www.sec.gov/Archives/edgar/data/875045/000087504525000049/biib-20250930.htm
BIIB,10-Q,2025-07-31,2025-06-30,https://www.sec.gov/Archives/edgar/data/875045/000087504525000033/biib-20250630.htm
BKNG,10-Q,2026-08-04,2026-06-30,https://www.sec.gov/Archives/edgar/data/1075531/000107553126000037/bkng-20260630.htm
BKNG,10-Q,2026-04-28,2026-03-31,https://www.sec.gov/Archives/edgar/data/1075531/000107553126000025/bkng-20260331.htm
BKNG,10-K,2026-02-18,2025-12-31,https://www.sec.gov/Archives/edgar/data/1075531/000107553126000009/bkng-20251231.htm
BKNG,10-Q,2025-10-28,2025-09-30,https://www.sec.gov/Archives/edgar/data/1075531/000107553125000051/bkng-20250930.htm
BKNG,10-Q,2025-07-29,2025-06-30,https://www.sec.gov/Archives/edgar/data/1075531/000107553125000036/bkng-20250630.htm
BKR,10-Q,2026-07-27,2026-06-30,https://www.sec.gov/Archives/edgar/data/1701605/000170160526000023/bkr-20260630.htm
BKR,10-Q,2026-04-24,2026-03-31,https://www.sec.gov/Archives/edgar/data/1701605/000170160526000014/bkr-20260331.htm
BKR,10-K,2026-02-05,2025-12-31,https://www.sec.gov/Archives/edgar/data/1701605/000170160526000007/bkr-20251231.htm
BKR,10-Q,2025-10-24,2025-09-30,https://www.sec.gov/Archives/edgar/data/1701605/000170160525000117/bkr-20250930.htm
BKR,10-Q,2025-07-23,2025-06-30,https://www.sec.gov/Archives/edgar/data/1701605/000170160525000107/bkr-20250630.htm
BLDR,10-Q,2026-07-30,2026-06-30,https://www.sec.gov/Archives/edgar/data/1316835/000119312526325451/bldr-20260630.htm
BLDR,10-Q,2026-04-30,2026-03-31,https://www.sec.gov/Archives/edgar/data/1316835/000119312526195140/bldr-20260331.htm
BLDR,10-K,2026-02-17,2025-12-31,https://www.sec.gov/Archives/edgar/data/1316835/000119312526054643/bldr-20251231.htm
BLDR,10-Q,2025-10-30,2025-09-30,https://www.sec.gov/Archives/edgar/data/1316835/000119312525257970/bldr-20250930.htm
BLDR,10-Q,2025-07-31,2025-06-30,https://www.sec.gov/Archives/edgar/data/1316835/000095017025100705/bldr-20250630.htm
BLK,10-Q,2026-08-06,2026-06-30,https://www.sec.gov/Archives/edgar/data/2012383/000119312526337177/blk-20260630.htm
BLK,10-Q,2026-05-06,2026-03-31,https://www.sec.gov/Archives/edgar/data/2012383/000119312526208766/blk-20260331.htm
BLK,10-K,2026-02-25,2025-12-31,https://www.sec.gov/Archives/edgar/data/2012383/000119312526071966/blk-20251231.htm
BLK,10-Q,2025-11-05,2025-09-30,https://www.sec.gov/Archives/edgar/data/2012383/000119312525267043/blk-20250930.htm
BMY,10-Q,2026-07-30,2026-06-30,https://www.sec.gov/Archives/edgar/data/14272/000001427226000020/bmy-20260630.htm
BMY,10-Q,2026-04-30,2026-03-31,https://www.sec.gov/Archives/edgar/data/14272/000001427226000010/bmy-20260331.htm
BMY,10-K,2026-02-11,2025-12-31,https://www.sec.gov/Archives/edgar/data/14272/000001427226000004/bmy-20251231.htm
BMY,10-Q,2025-10-30,2025-09-30,https://www.sec.gov/Archives/edgar/data/14272/000001427225000149/bmy-20250930.htm
BMY,10-Q,2025-07-31,2025-06-30,https://www.sec.gov/Archives/edgar/data/14272/000001427225000131/bmy-20250630.htm
BNY,10-Q,2026-07-31,2026-06-30,https://www.sec.gov/Archives/edgar/data/1390777/000139077726000086/bk-20260630.htm
BNY,10-Q,2026-05-01,2026-03-31,https://www.sec.gov/Archives/edgar/data/1390777/000139077726000060/bk-20260331.htm
BNY,10-K,2026-02-25,2025-12-31,https://www.sec.gov/Archives/edgar/data/1390777/000139077726000033/bk-20251231.htm
BNY,10-Q,2025-10-31,2025-09-30,https://www.sec.gov/Archives/edgar/data/1390777/000139077725000159/bk-20250930.htm
BNY,10-Q,2025-08-01,2025-06-30,https://www.sec.gov/Archives/edgar/data/1390777/000139077725000118/bk-20250630.htm
BR,10-K,2026-08-04,2026-06-30,https://www.sec.gov/Archives/edgar/data/1383312/000162828026052243/br-20260630.htm
BR,10-Q,2026-04-30,2026-03-31,https://www.sec.gov/Archives/edgar/data/1383312/000162828026028675/br-20260331.htm
BR,10-Q,2026-02-03,2025-12-31,https://www.sec.gov/Archives/edgar/data/1383312/000162828026004859/br-20251231.htm
BR,10-Q,2025-11-04,2025-09-30,https://www.sec.gov/Archives/edgar/data/1383312/000162828025048668/br-20250930.htm
BR,10-K,2025-08-05,2025-06-30,https://www.sec.gov/Archives/edgar/data/1383312/000162828025037656/br-20250630.htm
BRK-B,10-Q,2026-08-10,2026-06-30,https://www.sec.gov/Archives/edgar/data/1067983/000119312526341032/brka-20260630.htm
BRK-B,10-Q,2026-05-04,2026-03-31,https://www.sec.gov/Archives/edgar/data/1067983/000119312526202243/brka-20260331.htm
BRK-B,10-K,2026-03-02,2025-12-31,https://www.sec.gov/Archives/edgar/data/1067983/000119312526083899/brka-20251231.htm
BRK-B,10-Q,2025-11-03,2025-09-30,https://www.sec.gov/Archives/edgar/data/1067983/000119312525261548/brka-20250930.htm
BRK-B,10-Q,2025-08-04,2025-06-30,https://www.sec.gov/Archives/edgar/data/1067983/000095017025101578/brka-20250630.htm
BRO,10-Q,2026-07-27,2026-06-30,https://www.sec.gov/Archives/edgar/data/79282/000119312526318251/bro-20260630.htm
BRO,10-Q,2026-04-27,2026-03-31,https://www.sec.gov/Archives/edgar/data/79282/000119312526182389/bro-20260331.htm
BRO,10-K,2026-02-12,2025-12-31,https://www.sec.gov/Archives/edgar/data/79282/000119312526046984/bro-20251231.htm
BRO,10-Q,2025-10-28,2025-09-30,https://www.sec.gov/Archives/edgar/data/79282/000119312525251811/bro-20250930.htm
BRO,10-Q,2025-07-28,2025-06-30,https://www.sec.gov/Archives/edgar/data/79282/000095017025099240/bro-20250630.htm
BSX,10-Q,2026-08-03,2026-06-30,https://www.sec.gov/Archives/edgar/data/885725/000088572526000053/bsx-20260630.htm
BSX,10-Q,2026-05-01,2026-03-31,https://www.sec.gov/Archives/edgar/data/885725/000088572526000033/bsx-20260331.htm
BSX,10-K,2026-02-17,2025-12-31,https://www.sec.gov/Archives/edgar/data/885725/000088572526000010/bsx-20251231.htm
BSX,10-Q,2025-11-03,2025-09-30,https://www.sec.gov/Archives/edgar/data/885725/000088572525000050/bsx-20250930.htm
BSX,10-Q,2025-08-01,2025-06-30,https://www.sec.gov/Archives/edgar/data/885725/000088572525000041/bsx-20250630.htm
BX,10-Q,2026-08-07,2026-06-30,https://www.sec.gov/Archives/edgar/data/1393818/000119312526340208/d158269d10q.htm
BX,10-Q,2026-05-08,2026-03-31,https://www.sec.gov/Archives/edgar/data/1393818/000119312526214609/d60424d10q.htm
BX,10-K,2026-02-27,2025-12-31,https://www.sec.gov/Archives/edgar/data/1393818/000119312526082531/d48618d10k.htm
BX,10-Q,2025-11-07,2025-09-30,https://www.sec.gov/Archives/edgar/data/1393818/000119312525272343/d48696d10q.htm
BX,10-Q,2025-08-08,2025-06-30,https://www.sec.gov/Archives/edgar/data/1393818/000119312525176984/d83467d10q.htm
BXP,10-Q,2026-08-06,2026-06-30,https://www.sec.gov/Archives/edgar/data/1037540/000103754026000034/bxp-20260630.htm
BXP,10-Q,2026-05-07,2026-03-31,https://www.sec.gov/Archives/edgar/data/1037540/000103754026000019/bxp-20260331.htm
BXP,10-K,2026-02-27,2025-12-31,https://www.sec.gov/Archives/edgar/data/1037540/000103754026000006/bxp-20251231.htm
BXP,10-Q,2025-11-07,2025-09-30,https://www.sec.gov/Archives/edgar/data/1037540/000103754025000013/bxp-20250930.htm
BXP,10-Q,2025-08-06,2025-06-30,https://www.sec.gov/Archives/edgar/data/1037540/000165642325000046/bxp-20250630.htm
C,10-Q,2026-08-06,2026-06-30,https://www.sec.gov/Archives/edgar/data/831001/000083100126000045/c-20260630.htm
C,10-Q,2026-05-07,2026-03-31,https://www.sec.gov/Archives/edgar/data/831001/000083100126000019/c-20260331.htm
C,10-K,2026-02-20,2025-12-31,https://www.sec.gov/Archives/edgar/data/831001/000083100126000011/c-20251231.htm
C,10-Q,2025-11-06,2025-09-30,https://www.sec.gov/Archives/edgar/data/831001/000083100125000154/c-20250930.htm
CAH,10-K,2026-08-11,2026-06-30,https://www.sec.gov/Archives/edgar/data/721371/000072137126000038/cah-20260630.htm
CAH,10-Q,2026-04-30,2026-03-31,https://www.sec.gov/Archives/edgar/data/721371/000072137126000018/cah-20260331.htm
CAH,10-Q,2026-02-05,2025-12-31,https://www.sec.gov/Archives/edgar/data/721371/000072137126000006/cah-20251231.htm
CAH,10-Q,2025-10-30,2025-09-30,https://www.sec.gov/Archives/edgar/data/721371/000072137125000130/cah-20250930.htm
CAH,10-K,2025-08-12,2025-06-30,https://www.sec.gov/Archives/edgar/data/721371/000072137125000079/cah-20250630.htm
CARR,10-Q,2026-07-28,2026-06-30,https://www.sec.gov/Archives/edgar/data/1783180/000178318026000032/carr-20260630.htm
CARR,10-Q,2026-04-30,2026-03-31,https://www.sec.gov/Archives/edgar/data/1783180/000178318026000026/carr-20260331.htm
CARR,10-K,2026-02-05,2025-12-31,https://www.sec.gov/Archives/edgar/data/1783180/000178318026000008/carr-20251231.htm
CARR,10-Q,2025-10-28,2025-09-30,https://www.sec.gov/Archives/edgar/data/1783180/000178318025000066/carr-20250930.htm
CARR,10-Q,2025-07-29,2025-06-30,https://www.sec.gov/Archives/edgar/data/1783180/000178318025000052/carr-20250630.htm
CASY,10-K,2026-06-22,2026-04-30,https://www.sec.gov/Archives/edgar/data/726958/000072695826000046/casy-20260430.htm
CASY,10-Q,2026-03-09,2026-01-31,https://www.sec.gov/Archives/edgar/data/726958/000072695826000010/casy-20260131.htm
CASY,10-Q,2025-12-09,2025-10-31,https://www.sec.gov/Archives/edgar/data/726958/000072695825000114/casy-20251031.htm
CASY,10-Q,2025-09-08,2025-07-31,https://www.sec.gov/Archives/edgar/data/726958/000072695825000101/casy-20250731.htm
CASY,10-K,2025-06-23,2025-04-30,https://www.sec.gov/Archives/edgar/data/726958/000072695825000065/casy-20250430.htm
CAT,10-Q,2026-08-05,2026-06-30,https://www.sec.gov/Archives/edgar/data/18230/000001823026000046/cat-20260630.htm
CAT,10-Q,2026-05-06,2026-03-31,https://www.sec.gov/Archives/edgar/data/18230/000001823026000021/cat-20260331.htm
CAT,10-K,2026-02-13,2025-12-31,https://www.sec.gov/Archives/edgar/data/18230/000001823026000008/cat-20251231.htm
CAT,10-Q,2025-11-03,2025-09-30,https://www.sec.gov/Archives/edgar/data/18230/000001823025000048/cat-20250930.htm
CAT,10-Q,2025-08-06,2025-06-30,https://www.sec.gov/Archives/edgar/data/18230/000001823025000040/cat-20250630.htm
CB,10-Q,2026-07-28,2026-06-30,https://www.sec.gov/Archives/edgar/data/896159/000089615926000017/cb-20260630.htm
CB,10-Q,2026-04-28,2026-03-31,https://www.sec.gov/Archives/edgar/data/896159/000089615926000011/cb-20260331.htm
CB,10-K,2026-02-27,2025-12-31,https://www.sec.gov/Archives/edgar/data/896159/000089615926000005/cb-20251231.htm
CB,10-Q,2025-10-27,2025-09-30,https://www.sec.gov/Archives/edgar/data/896159/000089615925000017/cb-20250930.htm
CB,10-Q,2025-07-28,2025-06-30,https://www.sec.gov/Archives/edgar/data/896159/000089615925000012/cb-20250630.htm
CBOE,10-Q,2026-07-31,2026-06-30,https://www.sec.gov/Archives/edgar/data/1374310/000162828026051239/cboe-20260630.htm
CBOE,10-Q,2026-05-01,2026-03-31,https://www.sec.gov/Archives/edgar/data/1374310/000162828026029112/cboe-20260331.htm
CBOE,10-K,2026-02-20,2025-12-31,https://www.sec.gov/Archives/edgar/data/1374310/000162828026010013/cboe-20251231.htm
CBOE,10-Q,2025-10-31,2025-09-30,https://www.sec.gov/Archives/edgar/data/1374310/000162828025047680/cboe-20250930.htm
CBOE,10-Q,2025-08-01,2025-06-30,https://www.sec.gov/Archives/edgar/data/1374310/000162828025037149/cboe-20250630.htm
CBRE,10-Q,2026-07-29,2026-06-30,https://www.sec.gov/Archives/edgar/data/1138118/000113811826000024/cbre-20260630.htm
CBRE,10-Q,2026-04-23,2026-03-31,https://www.sec.gov/Archives/edgar/data/1138118/000113811826000015/cbre-20260331.htm
CBRE,10-K,2026-02-12,2025-12-31,https://www.sec.gov/Archives/edgar/data/1138118/000113811826000005/cbre-20251231.htm
CBRE,10-Q,2025-10-23,2025-09-30,https://www.sec.gov/Archives/edgar/data/1138118/000113811825000025/cbre-20250930.htm
CBRE,10-Q,2025-07-29,2025-06-30,https://www.sec.gov/Archives/edgar/data/1138118/000113811825000019/cbre-20250630.htm
CCI,10-Q,2026-08-05,2026-06-30,https://www.sec.gov/Archives/edgar/data/1051470/000105147026000074/cci-20260630.htm
CCI,10-Q,2026-05-07,2026-03-31,https://www.sec.gov/Archives/edgar/data/1051470/000105147026000059/cci-20260331.htm
CCI,10-K,2026-02-23,2025-12-31,https://www.sec.gov/Archives/edgar/data/1051470/000105147026000016/cci-20251231.htm
CCI,10-Q,2025-11-06,2025-09-30,https://www.sec.gov/Archives/edgar/data/1051470/000105147025000194/cci-20250930.htm
CCI,10-Q,2025-08-06,2025-06-30,https://www.sec.gov/Archives/edgar/data/1051470/000105147025000168/cci-20250630.htm
CCL,10-Q,2026-06-26,2026-05-31,https://www.sec.gov/Archives/edgar/data/815097/000081509726000096/ccl-20260531.htm
CCL,10-Q,2026-03-27,2026-02-28,https://www.sec.gov/Archives/edgar/data/815097/000081509726000037/ccl-20260228.htm
CCL,10-K,2026-01-27,2025-11-30,https://www.sec.gov/Archives/edgar/data/815097/000081509726000007/ccl-20251130.htm
CCL,10-Q,2025-09-29,2025-08-31,https://www.sec.gov/Archives/edgar/data/815097/000081509725000084/ccl-20250831.htm
CCL,10-Q,2025-06-26,2025-05-31,https://www.sec.gov/Archives/edgar/data/815097/000081509725000052/ccl-20250531.htm
CDNS,10-Q,2026-07-29,2026-06-30,https://www.sec.gov/Archives/edgar/data/813672/000081367226000092/cdns-20260630.htm
CDNS,10-Q,2026-05-01,2026-03-31,https://www.sec.gov/Archives/edgar/data/813672/000081367226000047/cdns-20260331.htm
CDNS,10-K,2026-02-19,2025-12-31,https://www.sec.gov/Archives/edgar/data/813672/000081367226000016/cdns-20251231.htm
CDNS,10-Q,2025-10-29,2025-09-30,https://www.sec.gov/Archives/edgar/data/813672/000081367225000148/cdns-20250930.htm
CDNS,10-Q,2025-07-30,2025-06-30,https://www.sec.gov/Archives/edgar/data/813672/000081367225000113/cdns-20250630.htm
CDW,10-Q,2026-08-05,2026-06-30,https://www.sec.gov/Archives/edgar/data/1402057/000140205726000065/cdw-20260630.htm
CDW,10-Q,2026-05-06,2026-03-31,https://www.sec.gov/Archives/edgar/data/1402057/000140205726000025/cdw-20260331.htm
CDW,10-K,2026-02-20,2025-12-31,https://www.sec.gov/Archives/edgar/data/1402057/000140205726000011/cdw-20251231.htm
CDW,10-Q,2025-11-04,2025-09-30,https://www.sec.gov/Archives/edgar/data/1402057/000140205725000193/cdw-20250930.htm
CDW,10-Q,2025-08-06,2025-06-30,https://www.sec.gov/Archives/edgar/data/1402057/000140205725000145/cdw-20250630.htm
CEG,10-Q,2026-08-06,2026-06-30,https://www.sec.gov/Archives/edgar/data/1868275/000186827526000104/ceg-20260630.htm
CEG,10-Q,2026-05-11,2026-03-31,https://www.sec.gov/Archives/edgar/data/1868275/000186827526000067/ceg-20260331.htm
CEG,10-K,2026-02-24,2025-12-31,https://www.sec.gov/Archives/edgar/data/1868275/000186827526000032/ceg-20251231.htm
CEG,10-Q,2025-11-07,2025-09-30,https://www.sec.gov/Archives/edgar/data/1868275/000186827525000092/ceg-20250930.htm
CEG,10-Q,2025-08-07,2025-06-30,https://www.sec.gov/Archives/edgar/data/1868275/000186827525000073/ceg-20250630.htm
CF,10-Q,2026-08-06,2026-06-30,https://www.sec.gov/Archives/edgar/data/1324404/000132440426000019/cf-20260630.htm
CF,10-Q,2026-05-07,2026-03-31,https://www.sec.gov/Archives/edgar/data/1324404/000132440426000013/cf-20260331.htm
CF,10-K,2026-02-25,2025-12-31,https://www.sec.gov/Archives/edgar/data/1324404/000132440426000007/cf-20251231.htm
CF,10-Q,2025-11-06,2025-09-30,https://www.sec.gov/Archives/edgar/data/1324404/000132440425000030/cf-20250930.htm
CF,10-Q,2025-08-07,2025-06-30,https://www.sec.gov/Archives/edgar/data/1324404/000132440425000024/cf-20250630.htm
CFG,10-Q,2026-08-03,2026-06-30,https://www.sec.gov/Archives/edgar/data/759944/000075994426000148/cfg-20260630.htm
CFG,10-Q,2026-05-04,2026-03-31,https://www.sec.gov/Archives/edgar/data/759944/000075994426000101/cfg-20260331.htm
CFG,10-K,2026-02-12,2025-12-31,https://www.sec.gov/Archives/edgar/data/759944/000075994426000028/cfg-20251231.htm
CFG,10-Q,2025-11-03,2025-09-30,https://www.sec.gov/Archives/edgar/data/759944/000075994425000153/cfg-20250930.htm
CFG,10-Q,2025-08-04,2025-06-30,https://www.sec.gov/Archives/edgar/data/759944/000075994425000108/cfg-20250630.htm
CHD,10-Q,2026-07-31,2026-06-30,https://www.sec.gov/Archives/edgar/data/313927/000119312526327567/chd-20260630.htm
CHD,10-Q,2026-05-01,2026-03-31,https://www.sec.gov/Archives/edgar/data/313927/000119312526200630/chd-20260331.htm
CHD,10-K,2026-02-12,2025-12-31,https://www.sec.gov/Archives/edgar/data/313927/000119312526048139/chd-20251231.htm
CHD,10-Q,2025-10-31,2025-09-30,https://www.sec.gov/Archives/edgar/data/313927/000119312525260515/chd-20250930.htm
CHD,10-Q,2025-08-01,2025-06-30,https://www.sec.gov/Archives/edgar/data/313927/000095017025101235/chd-20250630.htm
CHRW,10-Q,2026-07-31,2026-06-30,https://www.sec.gov/Archives/edgar/data/1043277/000104327726000031/chrw-20260630.htm
CHRW,10-Q,2026-05-01,2026-03-31,https://www.sec.gov/Archives/edgar/data/1043277/000104327726000016/chrw-20260331.htm
CHRW,10-K,2026-02-13,2025-12-31,https://www.sec.gov/Archives/edgar/data/1043277/000104327726000009/chrw-20251231.htm
CHRW,10-Q,2025-10-31,2025-09-30,https://www.sec.gov/Archives/edgar/data/1043277/000104327725000052/chrw-20250930.htm
CHRW,10-Q,2025-08-01,2025-06-30,https://www.sec.gov/Archives/edgar/data/1043277/000104327725000037/chrw-20250630.htm
CHTR,10-Q,2026-07-24,2026-06-30,https://www.sec.gov/Archives/edgar/data/1091667/000109166726000052/chtr-20260630.htm
CHTR,10-Q,2026-04-24,2026-03-31,https://www.sec.gov/Archives/edgar/data/1091667/000109166726000028/chtr-20260331.htm
CHTR,10-K,2026-01-30,2025-12-31,https://www.sec.gov/Archives/edgar/data/1091667/000109166726000017/chtr-20251231.htm
CHTR,10-Q,2025-10-31,2025-09-30,https://www.sec.gov/Archives/edgar/data/1091667/000109166725000168/chtr-20250930.htm
CHTR,10-Q,2025-07-25,2025-06-30,https://www.sec.gov/Archives/edgar/data/1091667/000109166725000127/chtr-20250630.htm
CI,10-Q,2026-07-30,2026-06-30,https://www.sec.gov/Archives/edgar/data/1739940/000173994026000065/ci-20260630.htm
CI,10-Q,2026-04-30,2026-03-31,https://www.sec.gov/Archives/edgar/data/1739940/000173994026000043/ci-20260331.htm
CI,10-K,2026-02-26,2025-12-31,https://www.sec.gov/Archives/edgar/data/1739940/000173994026000006/ci-20251231.htm
CI,10-Q,2025-10-30,2025-09-30,https://www.sec.gov/Archives/edgar/data/1739940/000173994025000037/ci-20250930.htm
CI,10-Q,2025-07-31,2025-06-30,https://www.sec.gov/Archives/edgar/data/1739940/000173994025000028/ci-20250630.htm
CIEN,10-Q,2026-09-03,2026-08-01,https://www.sec.gov/Archives/edgar/data/936395/000162828026060361/cien-20260801.htm
CIEN,10-Q,2026-06-04,2026-05-02,https://www.sec.gov/Archives/edgar/data/936395/000162828026040767/cien-20260502.htm
CIEN,10-Q,2026-03-05,2026-01-31,https://www.sec.gov/Archives/edgar/data/936395/000162828026015152/cien-20260131.htm
CIEN,10-K,2025-12-12,2025-11-01,https://www.sec.gov/Archives/edgar/data/936395/000162828025056698/cien-20251101.htm
CIEN,10-Q,2025-09-04,2025-08-02,https://www.sec.gov/Archives/edgar/data/936395/000093639525000041/cien-20250802.htm
CINF,10-Q,2026-07-27,2026-06-30,https://www.sec.gov/Archives/edgar/data/20286/000002028626000045/cinf-20260630.htm
CINF,10-Q,2026-04-27,2026-03-31,https://www.sec.gov/Archives/edgar/data/20286/000002028626000026/cinf-20260331.htm
CINF,10-K,2026-02-23,2025-12-31,https://www.sec.gov/Archives/edgar/data/20286/000002028626000008/cinf-20251231.htm
CINF,10-Q,2025-10-27,2025-09-30,https://www.sec.gov/Archives/edgar/data/20286/000002028625000062/cinf-20250930.htm
CINF,10-Q,2025-07-28,2025-06-30,https://www.sec.gov/Archives/edgar/data/20286/000002028625000045/cinf-20250630.htm
CL,10-Q,2026-07-31,2026-06-30,https://www.sec.gov/Archives/edgar/data/21665/000002166526000042/cl-20260630.htm
CL,10-Q,2026-05-01,2026-03-31,https://www.sec.gov/Archives/edgar/data/21665/000002166526000023/cl-20260331.htm
CL,10-K,2026-02-23,2025-12-31,https://www.sec.gov/Archives/edgar/data/21665/000002166526000006/cl-20251231.htm
CL,10-Q,2025-10-31,2025-09-30,https://www.sec.gov/Archives/edgar/data/21665/000002166525000053/cl-20250930.htm
CL,10-Q,2025-08-01,2025-06-30,https://www.sec.gov/Archives/edgar/data/21665/000002166525000041/cl-20250630.htm
CLX,10-K,2026-08-07,2026-06-30,https://www.sec.gov/Archives/edgar/data/21076/000002107626000034/clx-20260630.htm
CLX,10-Q,2026-04-30,2026-03-31,https://www.sec.gov/Archives/edgar/data/21076/000002107626000019/clx-20260331.htm
CLX,10-Q,2026-02-03,2025-12-31,https://www.sec.gov/Archives/edgar/data/21076/000002107626000010/clx-20251231.htm
CLX,10-Q,2025-11-03,2025-09-30,https://www.sec.gov/Archives/edgar/data/21076/000002107625000053/clx-20250930.htm
CLX,10-K,2025-08-08,2025-06-30,https://www.sec.gov/Archives/edgar/data/21076/000002107625000039/clx-20250630.htm
CMCSA,10-Q,2026-07-23,2026-06-30,https://www.sec.gov/Archives/edgar/data/1166691/000162828026049360/cmcsa-20260630.htm
CMCSA,10-Q,2026-04-23,2026-03-31,https://www.sec.gov/Archives/edgar/data/1166691/000162828026026805/cmcsa-20260331.htm
CMCSA,10-K,2026-02-03,2025-12-31,https://www.sec.gov/Archives/edgar/data/1166691/000162828026004994/cmcsa-20251231.htm
CMCSA,10-Q,2025-10-30,2025-09-30,https://www.sec.gov/Archives/edgar/data/1166691/000116669125000054/cmcsa-20250930.htm
CMCSA,10-Q,2025-07-31,2025-06-30,https://www.sec.gov/Archives/edgar/data/1166691/000116669125000036/cmcsa-20250630.htm
CME,10-Q,2026-07-24,2026-06-30,https://www.sec.gov/Archives/edgar/data/1156375/000115637526000047/cme-20260630.htm
CME,10-Q,2026-04-24,2026-03-31,https://www.sec.gov/Archives/edgar/data/1156375/000115637526000020/cme-20260331.htm
CME,10-K,2026-02-26,2025-12-31,https://www.sec.gov/Archives/edgar/data/1156375/000115637526000009/cme-20251231.htm
CME,10-Q,2025-10-24,2025-09-30,https://www.sec.gov/Archives/edgar/data/1156375/000115637525000206/cme-20250930.htm
CME,10-Q,2025-07-25,2025-06-30,https://www.sec.gov/Archives/edgar/data/1156375/000115637525000182/cme-20250630.htm
CMG,10-Q,2026-07-31,2026-06-30,https://www.sec.gov/Archives/edgar/data/1058090/000105809026000066/cmg-20260630.htm
CMG,10-Q,2026-04-30,2026-03-31,https://www.sec.gov/Archives/edgar/data/1058090/000105809026000028/cmg-20260331.htm
CMG,10-K,2026-02-04,2025-12-31,https://www.sec.gov/Archives/edgar/data/1058090/000105809026000009/cmg-20251231.htm
CMG,10-Q,2025-10-30,2025-09-30,https://www.sec.gov/Archives/edgar/data/1058090/000105809025000088/cmg-20250930.htm
CMG,10-Q,2025-07-24,2025-06-30,https://www.sec.gov/Archives/edgar/data/1058090/000105809025000056/cmg-20250630.htm
CMI,10-Q,2026-08-04,2026-06-30,https://www.sec.gov/Archives/edgar/data/26172/000002617226000029/cmi-20260630.htm
CMI,10-Q,2026-05-05,2026-03-31,https://www.sec.gov/Archives/edgar/data/26172/000002617226000016/cmi-20260331.htm
CMI,10-K,2026-02-10,2025-12-31,https://www.sec.gov/Archives/edgar/data/26172/000002617226000009/cmi-20251231.htm
CMI,10-Q,2025-11-06,2025-09-30,https://www.sec.gov/Archives/edgar/data/26172/000002617225000039/cmi-20250930.htm
CMI,10-Q,2025-08-05,2025-06-30,https://www.sec.gov/Archives/edgar/data/26172/000002617225000031/cmi-20250630.htm
CMS,10-Q,2026-07-28,2026-06-30,https://www.sec.gov/Archives/edgar/data/811156/000081115626000028/cms-20260630.htm
CMS,10-Q,2026-04-28,2026-03-31,https://www.sec.gov/Archives/edgar/data/811156/000081115626000024/cms-20260331.htm
CMS,10-K,2026-02-10,2025-12-31,https://www.sec.gov/Archives/edgar/data/811156/000081115626000004/cms-20251231.htm
CMS,10-Q,2025-10-30,2025-09-30,https://www.sec.gov/Archives/edgar/data/811156/000081115625000077/cms-20250930.htm
CMS,10-Q,2025-07-31,2025-06-30,https://www.sec.gov/Archives/edgar/data/811156/000081115625000071/cms-20250630.htm
CNC,10-Q,2026-07-28,2026-06-30,https://www.sec.gov/Archives/edgar/data/1071739/000107173926000153/cnc-20260630.htm
CNC,10-Q,2026-04-28,2026-03-31,https://www.sec.gov/Archives/edgar/data/1071739/000107173926000098/cnc-20260331.htm
CNC,10-K,2026-02-17,2025-12-31,https://www.sec.gov/Archives/edgar/data/1071739/000107173926000049/cnc-20251231.htm
CNC,10-Q,2025-10-29,2025-09-30,https://www.sec.gov/Archives/edgar/data/1071739/000107173925000183/cnc-20250930.htm
CNC,10-Q,2025-07-25,2025-06-30,https://www.sec.gov/Archives/edgar/data/1071739/000107173925000150/cnc-20250630.htm
CNP,10-Q,2026-07-28,2026-06-30,https://www.sec.gov/Archives/edgar/data/1130310/000113031026000041/cnp-20260630.htm
CNP,10-Q,2026-04-23,2026-03-31,https://www.sec.gov/Archives/edgar/data/1130310/000113031026000028/cnp-20260331.htm
CNP,10-K,2026-02-19,2025-12-31,https://www.sec.gov/Archives/edgar/data/1130310/000113031026000008/cnp-20251231.htm
CNP,10-Q,2025-10-23,2025-09-30,https://www.sec.gov/Archives/edgar/data/1130310/000113031025000137/cnp-20250930.htm
CNP,10-Q,2025-07-24,2025-06-30,https://www.sec.gov/Archives/edgar/data/1130310/000113031025000113/cnp-20250630.htm
COF,10-Q,2026-07-28,2026-06-30,https://www.sec.gov/Archives/edgar/data/927628/000092762826000089/cof-20260630.htm
COF,10-Q,2026-05-07,2026-03-31,https://www.sec.gov/Archives/edgar/data/927628/000092762826000048/cof-20260331.htm
COF,10-K,2026-02-19,2025-12-31,https://www.sec.gov/Archives/edgar/data/927628/000092762826000024/cof-20251231.htm
COF,10-Q,2025-11-03,2025-09-30,https://www.sec.gov/Archives/edgar/data/927628/000092762825000276/cof-20250930.htm
COF,10-Q,2025-07-31,2025-06-30,https://www.sec.gov/Archives/edgar/data/927628/000092762825000247/cof-20250630.htm
COHR,10-K,2026-08-14,2026-06-30,https://www.sec.gov/Archives/edgar/data/820318/000082031826000020/iivi-20260630.htm
COHR,10-Q,2026-05-06,2026-03-31,https://www.sec.gov/Archives/edgar/data/820318/000082031826000013/iivi-20260331.htm
COHR,10-Q,2026-02-04,2025-12-31,https://www.sec.gov/Archives/edgar/data/820318/000082031826000006/iivi-20251231.htm
COHR,10-Q,2025-11-05,2025-09-30,https://www.sec.gov/Archives/edgar/data/820318/000082031825000019/iivi-20250930.htm
COHR,10-K,2025-08-15,2025-06-30,https://www.sec.gov/Archives/edgar/data/820318/000082031825000014/iivi-20250630.htm
COIN,10-Q,2026-07-30,2026-06-30,https://www.sec.gov/Archives/edgar/data/1679788/000167978826000088/coin-20260630.htm
COIN,10-Q,2026-05-07,2026-03-31,https://www.sec.gov/Archives/edgar/data/1679788/000167978826000054/coin-20260331.htm
COIN,10-K,2026-02-12,2025-12-31,https://www.sec.gov/Archives/edgar/data/1679788/000167978826000015/coin-20251231.htm
COIN,10-Q,2025-10-30,2025-09-30,https://www.sec.gov/Archives/edgar/data/1679788/000167978825000208/coin-20250930.htm
COIN,10-Q,2025-07-31,2025-06-30,https://www.sec.gov/Archives/edgar/data/1679788/000167978825000154/coin-20250630.htm
COO,10-Q,2026-06-05,2026-04-30,https://www.sec.gov/Archives/edgar/data/711404/000162828026041305/coo-20260430.htm
COO,10-Q,2026-03-06,2026-01-31,https://www.sec.gov/Archives/edgar/data/711404/000162828026015620/coo-20260131.htm
COO,10-K,2025-12-05,2025-10-31,https://www.sec.gov/Archives/edgar/data/711404/000162828025055615/coo-20251031.htm
COO,10-Q,2025-08-28,2025-07-31,https://www.sec.gov/Archives/edgar/data/711404/000071140425000051/coo-20250731.htm
COO,10-Q,2025-05-30,2025-04-30,https://www.sec.gov/Archives/edgar/data/711404/000071140425000040/coo-20250430.htm
COP,10-Q,2026-08-06,2026-06-30,https://www.sec.gov/Archives/edgar/data/1163165/000116316526000032/cop-20260630.htm
COP,10-Q,2026-04-30,2026-03-31,https://www.sec.gov/Archives/edgar/data/1163165/000116316526000018/cop-20260331.htm
COP,10-K,2026-02-17,2025-12-31,https://www.sec.gov/Archives/edgar/data/1163165/000116316526000009/cop-20251231.htm
COP,10-Q,2025-11-06,2025-09-30,https://www.sec.gov/Archives/edgar/data/1163165/000116316525000058/cop-20250930.htm
COP,10-Q,2025-08-07,2025-06-30,https://www.sec.gov/Archives/edgar/data/1163165/000116316525000042/cop-20250630.htm
COR,10-Q,2026-08-05,2026-06-30,https://www.sec.gov/Archives/edgar/data/1140859/000114085926000034/cor-20260630.htm
COR,10-Q,2026-05-06,2026-03-31,https://www.sec.gov/Archives/edgar/data/1140859/000114085926000020/cor-20260331.htm
COR,10-Q,2026-02-04,2025-12-31,https://www.sec.gov/Archives/edgar/data/1140859/000114085926000006/cor-20251231.htm
COR,10-K,2025-11-25,2025-09-30,https://www.sec.gov/Archives/edgar/data/1140859/000114085925000131/cor-20250930.htm
COR,10-Q,2025-08-06,2025-06-30,https://www.sec.gov/Archives/edgar/data/1140859/000114085925000122/cor-20250630.htm
COST,10-Q,2026-06-03,2026-05-10,https://www.sec.gov/Archives/edgar/data/909832/000090983226000051/cost-20260510.htm
COST,10-Q,2026-03-11,2026-02-15,https://www.sec.gov/Archives/edgar/data/909832/000090983226000029/cost-20260215.htm
COST,10-Q,2025-12-17,2025-11-23,https://www.sec.gov/Archives/edgar/data/909832/000090983225000169/cost-20251123.htm
COST,10-K,2025-10-08,2025-08-31,https://www.sec.gov/Archives/edgar/data/909832/000090983225000101/cost-20250831.htm
COST,10-Q,2025-06-05,2025-05-11,https://www.sec.gov/Archives/edgar/data/909832/000090983225000033/cost-20250511.htm
CPAY,10-Q,2026-08-10,2026-06-30,https://www.sec.gov/Archives/edgar/data/1175454/000117545426000050/cpay-20260630.htm
CPAY,10-Q,2026-05-08,2026-03-31,https://www.sec.gov/Archives/edgar/data/1175454/000117545426000032/cpay-20260331.htm
CPAY,10-K,2026-02-27,2025-12-31,https://www.sec.gov/Archives/edgar/data/1175454/000117545426000018/flt-20251231.htm
CPAY,10-Q,2025-11-10,2025-09-30,https://www.sec.gov/Archives/edgar/data/1175454/000117545425000029/cpay-20250930.htm
CPAY,10-Q,2025-08-07,2025-06-30,https://www.sec.gov/Archives/edgar/data/1175454/000117545425000018/cpay-20250630.htm
CPRT,10-Q,2026-05-29,2026-04-30,https://www.sec.gov/Archives/edgar/data/900075/000119312526245578/cprt-20260430.htm
CPRT,10-Q,2026-03-03,2026-01-31,https://www.sec.gov/Archives/edgar/data/900075/000119312526088593/cprt-20260131.htm
CPRT,10-Q,2025-11-24,2025-10-31,https://www.sec.gov/Archives/edgar/data/900075/000119312525291660/cprt-20251031.htm
CPRT,10-K,2025-09-26,2025-07-31,https://www.sec.gov/Archives/edgar/data/900075/000162828025042946/cprt-20250731.htm
CPRT,10-Q,2025-06-03,2025-04-30,https://www.sec.gov/Archives/edgar/data/900075/000162828025029093/cprt-20250430.htm
CPT,10-Q,2026-07-31,2026-06-30,https://www.sec.gov/Archives/edgar/data/906345/000162828026051327/cpt-20260630.htm
CPT,10-Q,2026-05-01,2026-03-31,https://www.sec.gov/Archives/edgar/data/906345/000162828026029188/cpt-20260331.htm
CPT,10-K,2026-02-12,2025-12-31,https://www.sec.gov/Archives/edgar/data/906345/000162828026007697/cpt-20251231.htm
CPT,10-Q,2025-11-07,2025-09-30,https://www.sec.gov/Archives/edgar/data/906345/000162828025050524/cpt-20250930.htm
CPT,10-Q,2025-08-01,2025-06-30,https://www.sec.gov/Archives/edgar/data/906345/000090634525000034/cpt-20250630.htm
CRH,10-Q,2026-07-30,2026-06-30,https://www.sec.gov/Archives/edgar/data/849395/000162828026050755/crh-20260630.htm
CRH,10-Q,2026-04-30,2026-03-31,https://www.sec.gov/Archives/edgar/data/849395/000162828026028556/crh-20260331.htm
CRH,10-K,2026-02-18,2025-12-31,https://www.sec.gov/Archives/edgar/data/849395/000162828026009043/crh-20251231.htm
CRH,10-Q,2025-11-05,2025-09-30,https://www.sec.gov/Archives/edgar/data/849395/000162828025049574/crh-20250930.htm
CRH,10-Q,2025-08-06,2025-06-30,https://www.sec.gov/Archives/edgar/data/849395/000162828025038362/crh-20250630.htm
CRL,10-Q,2026-08-05,2026-06-27,https://www.sec.gov/Archives/edgar/data/1100682/000110068226000118/crl-20260627.htm
CRL,10-Q,2026-05-07,2026-03-28,https://www.sec.gov/Archives/edgar/data/1100682/000110068226000038/crl-20260328.htm
CRL,10-K,2026-02-18,2025-12-27,https://www.sec.gov/Archives/edgar/data/1100682/000110068226000022/crl-20251227.htm
CRL,10-Q,2025-11-05,2025-09-27,https://www.sec.gov/Archives/edgar/data/1100682/000110068225000043/crl-20250927.htm
CRL,10-Q,2025-08-06,2025-06-28,https://www.sec.gov/Archives/edgar/data/1100682/000110068225000034/crl-20250628.htm
CRM,10-Q,2026-08-27,2026-07-31,https://www.sec.gov/Archives/edgar/data/1108524/000110852426000190/crm-20260731.htm
CRM,10-Q,2026-05-28,2026-04-30,https://www.sec.gov/Archives/edgar/data/1108524/000110852426000127/crm-20260430.htm
CRM,10-K,2026-03-02,2026-01-31,https://www.sec.gov/Archives/edgar/data/1108524/000110852426000060/crm-20260131.htm
CRM,10-Q,2025-12-04,2025-10-31,https://www.sec.gov/Archives/edgar/data/1108524/000110852425000238/crm-20251031.htm
CRM,10-Q,2025-09-04,2025-07-31,https://www.sec.gov/Archives/edgar/data/1108524/000110852425000088/crm-20250731.htm
CRWD,10-Q,2026-08-27,2026-07-31,https://www.sec.gov/Archives/edgar/data/1535527/000153552726000031/crwd-20260731.htm
CRWD,10-Q,2026-06-04,2026-04-30,https://www.sec.gov/Archives/edgar/data/1535527/000153552726000025/crwd-20260430.htm
CRWD,10-K,2026-03-05,2026-01-31,https://www.sec.gov/Archives/edgar/data/1535527/000153552726000010/crwd-20260131.htm
CRWD,10-Q,2025-12-03,2025-10-31,https://www.sec.gov/Archives/edgar/data/1535527/000153552725000033/crwd-20251031.htm
CRWD,10-Q,2025-08-28,2025-07-31,https://www.sec.gov/Archives/edgar/data/1535527/000153552725000025/crwd-20250731.htm
CSCO,10-K,2026-09-02,2026-07-25,https://www.sec.gov/Archives/edgar/data/858877/000085887726000132/csco-20260725.htm
CSCO,10-Q,2026-05-19,2026-04-25,https://www.sec.gov/Archives/edgar/data/858877/000085887726000078/csco-20260425.htm
CSCO,10-Q,2026-02-17,2026-01-24,https://www.sec.gov/Archives/edgar/data/858877/000085887726000021/csco-20260124.htm
CSCO,10-Q,2025-11-18,2025-10-25,https://www.sec.gov/Archives/edgar/data/858877/000085887725000171/csco-20251025.htm
CSCO,10-K,2025-09-03,2025-07-26,https://www.sec.gov/Archives/edgar/data/858877/000085887725000111/csco-20250726.htm
CSGP,10-Q,2026-07-29,2026-06-30,https://www.sec.gov/Archives/edgar/data/1057352/000105735226000066/csgp-20260630.htm
CSGP,10-Q,2026-04-29,2026-03-31,https://www.sec.gov/Archives/edgar/data/1057352/000105735226000035/csgp-20260331.htm
CSGP,10-K,2026-02-26,2025-12-31,https://www.sec.gov/Archives/edgar/data/1057352/000105735226000020/csgp-20251231.htm
CSGP,10-Q,2025-10-29,2025-09-30,https://www.sec.gov/Archives/edgar/data/1057352/000105735225000120/csgp-20250930.htm
CSGP,10-Q,2025-07-23,2025-06-30,https://www.sec.gov/Archives/edgar/data/1057352/000105735225000097/csgp-20250630.htm
CSX,10-Q,2026-07-22,2026-06-30,https://www.sec.gov/Archives/edgar/data/277948/000027794826000032/csx-20260630.htm
CSX,10-Q,2026-04-22,2026-03-31,https://www.sec.gov/Archives/edgar/data/277948/000027794826000014/csx-20260331.htm
CSX,10-K,2026-02-12,2025-12-31,https://www.sec.gov/Archives/edgar/data/277948/000027794826000006/csx-20251231.htm
CSX,10-Q,2025-10-16,2025-09-30,https://www.sec.gov/Archives/edgar/data/277948/000027794825000054/csx-20250930.htm
CSX,10-Q,2025-07-23,2025-06-30,https://www.sec.gov/Archives/edgar/data/277948/000027794825000044/csx-20250630.htm
CTAS,10-K,2026-07-29,2026-05-31,https://www.sec.gov/Archives/edgar/data/723254/000072325426000028/ctas-20260531.htm
CTAS,10-Q,2026-04-07,2026-02-28,https://www.sec.gov/Archives/edgar/data/723254/000072325426000012/ctas-20260228.htm
CTAS,10-Q,2026-01-07,2025-11-30,https://www.sec.gov/Archives/edgar/data/723254/000072325426000002/ctas-20251130.htm
CTAS,10-Q,2025-10-08,2025-08-31,https://www.sec.gov/Archives/edgar/data/723254/000072325425000033/ctas-20250831.htm
CTAS,10-K,2025-07-28,2025-05-31,https://www.sec.gov/Archives/edgar/data/723254/000072325425000017/ctas-20250531.htm
CTSH,10-Q,2026-07-29,2026-06-30,https://www.sec.gov/Archives/edgar/data/1058290/000105829026000031/ctsh-20260630.htm
CTSH,10-Q,2026-04-29,2026-03-31,https://www.sec.gov/Archives/edgar/data/1058290/000105829026000016/ctsh-20260331.htm
CTSH,10-K,2026-02-12,2025-12-31,https://www.sec.gov/Archives/edgar/data/1058290/000105829026000008/ctsh-20251231.htm
CTSH,10-Q,2025-10-29,2025-09-30,https://www.sec.gov/Archives/edgar/data/1058290/000105829025000341/ctsh-20250930.htm
CTSH,10-Q,2025-07-31,2025-06-30,https://www.sec.gov/Archives/edgar/data/1058290/000105829025000267/ctsh-20250630.htm
CTVA,10-Q,2026-07-31,2026-06-30,https://www.sec.gov/Archives/edgar/data/1755672/000175567226000025/ctva-20260630.htm
CTVA,10-Q,2026-05-06,2026-03-31,https://www.sec.gov/Archives/edgar/data/1755672/000175567226000010/ctva-20260331.htm
CTVA,10-K,2026-02-12,2025-12-31,https://www.sec.gov/Archives/edgar/data/1755672/000175567226000004/ctva-20251231.htm
CTVA,10-Q,2025-11-05,2025-09-30,https://www.sec.gov/Archives/edgar/data/1755672/000175567225000022/ctva-20250930.htm
CTVA,10-Q,2025-08-07,2025-06-30,https://www.sec.gov/Archives/edgar/data/1755672/000175567225000017/ctva-20250630.htm
CVNA,10-Q,2026-07-29,2026-06-30,https://www.sec.gov/Archives/edgar/data/1690820/000169082026000055/cvna-20260630.htm
CVNA,10-Q,2026-04-29,2026-03-31,https://www.sec.gov/Archives/edgar/data/1690820/000169082026000035/cvna-20260331.htm
CVNA,10-K,2026-02-18,2025-12-31,https://www.sec.gov/Archives/edgar/data/1690820/000169082026000009/cvna-20251231.htm
CVNA,10-Q,2025-10-29,2025-09-30,https://www.sec.gov/Archives/edgar/data/1690820/000169082025000353/cvna-20250930.htm
CVNA,10-Q,2025-07-30,2025-06-30,https://www.sec.gov/Archives/edgar/data/1690820/000169082025000312/cvna-20250630.htm
CVS,10-Q,2026-08-05,2026-06-30,https://www.sec.gov/Archives/edgar/data/64803/000006480326000098/cvs-20260630.htm
CVS,10-Q,2026-05-06,2026-03-31,https://www.sec.gov/Archives/edgar/data/64803/000006480326000052/cvs-20260331.htm
CVS,10-K,2026-02-10,2025-12-31,https://www.sec.gov/Archives/edgar/data/64803/000006480326000010/cvs-20251231.htm
CVS,10-Q,2025-10-29,2025-09-30,https://www.sec.gov/Archives/edgar/data/64803/000006480325000037/cvs-20250930.htm
CVS,10-Q,2025-07-31,2025-06-30,https://www.sec.gov/Archives/edgar/data/64803/000006480325000024/cvs-20250630.htm
CVX,10-Q,2026-08-06,2026-06-30,https://www.sec.gov/Archives/edgar/data/93410/000009341026000167/cvx-20260630.htm
CVX,10-Q,2026-05-07,2026-03-31,https://www.sec.gov/Archives/edgar/data/93410/000009341026000113/cvx-20260331.htm
CVX,10-K,2026-02-24,2025-12-31,https://www.sec.gov/Archives/edgar/data/93410/000009341026000078/cvx-20251231.htm
CVX,10-Q,2025-11-06,2025-09-30,https://www.sec.gov/Archives/edgar/data/93410/000009341025000108/cvx-20250930.htm
CVX,10-Q,2025-08-07,2025-06-30,https://www.sec.gov/Archives/edgar/data/93410/000009341025000062/cvx-20250630.htm
D,10-Q,2026-07-31,2026-06-30,https://www.sec.gov/Archives/edgar/data/715957/000119312526327487/d-20260630.htm
D,10-Q,2026-05-01,2026-03-31,https://www.sec.gov/Archives/edgar/data/715957/000119312526200275/d-20260331.htm
D,10-K,2026-02-23,2025-12-31,https://www.sec.gov/Archives/edgar/data/715957/000119312526063120/d-20251231.htm
D,10-Q,2025-10-31,2025-09-30,https://www.sec.gov/Archives/edgar/data/715957/000119312525260246/d-20250930.htm
D,10-Q,2025-08-01,2025-06-30,https://www.sec.gov/Archives/edgar/data/715957/000095017025101177/d-20250630.htm
DAL,10-Q,2026-07-10,2026-06-30,https://www.sec.gov/Archives/edgar/data/27904/000002790426000031/dal-20260630.htm
DAL,10-Q,2026-04-08,2026-03-31,https://www.sec.gov/Archives/edgar/data/27904/000002790426000022/dal-20260331.htm
DAL,10-K,2026-02-11,2025-12-31,https://www.sec.gov/Archives/edgar/data/27904/000002790426000013/dal-20251231.htm
DAL,10-Q,2025-10-09,2025-09-30,https://www.sec.gov/Archives/edgar/data/27904/000002790425000020/dal-20250930.htm
DAL,10-Q,2025-07-10,2025-06-30,https://www.sec.gov/Archives/edgar/data/27904/000002790425000012/dal-20250630.htm
DASH,10-Q,2026-08-05,2026-06-30,https://www.sec.gov/Archives/edgar/data/1792789/000179278926000050/dash-20260630.htm
DASH,10-Q,2026-05-06,2026-03-31,https://www.sec.gov/Archives/edgar/data/1792789/000179278926000037/dash-20260331.htm
DASH,10-K,2026-02-18,2025-12-31,https://www.sec.gov/Archives/edgar/data/1792789/000179278926000013/dash-20251231.htm
DASH,10-Q,2025-11-06,2025-09-30,https://www.sec.gov/Archives/edgar/data/1792789/000179278925000020/dash-20250930.htm
DASH,10-Q,2025-08-06,2025-06-30,https://www.sec.gov/Archives/edgar/data/1792789/000179278925000012/dash-20250630.htm
DD,10-Q,2026-08-04,2026-06-30,https://www.sec.gov/Archives/edgar/data/1666700/000166670026000053/dd-20260630.htm
DD,10-Q,2026-05-05,2026-03-31,https://www.sec.gov/Archives/edgar/data/1666700/000166670026000031/dd-20260331.htm
DD,10-K,2026-02-17,2025-12-31,https://www.sec.gov/Archives/edgar/data/1666700/000166670026000013/dd-20251231.htm
DD,10-Q,2025-11-06,2025-09-30,https://www.sec.gov/Archives/edgar/data/1666700/000166670025000061/dd-20250930.htm
DD,10-Q,2025-08-05,2025-06-30,https://www.sec.gov/Archives/edgar/data/1666700/000166670025000043/dd-20250630.htm
DDOG,10-Q,2026-08-06,2026-06-30,https://www.sec.gov/Archives/edgar/data/1561550/000162828026054458/ddog-20260630.htm
DDOG,10-Q,2026-05-07,2026-03-31,https://www.sec.gov/Archives/edgar/data/1561550/000162828026032328/ddog-20260331.htm
DDOG,10-K,2026-02-18,2025-12-31,https://www.sec.gov/Archives/edgar/data/1561550/000162828026008819/ddog-20251231.htm
DDOG,10-Q,2025-11-07,2025-09-30,https://www.sec.gov/Archives/edgar/data/1561550/000156155025000313/ddog-20250930.htm
DDOG,10-Q,2025-08-08,2025-06-30,https://www.sec.gov/Archives/edgar/data/1561550/000156155025000220/ddog-20250630.htm
DE,10-Q,2026-08-27,2026-08-02,https://www.sec.gov/Archives/edgar/data/315189/000110465926102213/de-20260802x10q.htm
DE,10-Q,2026-05-28,2026-05-03,https://www.sec.gov/Archives/edgar/data/315189/000110465926067311/de-20260503x10q.htm
DE,10-Q,2026-02-26,2026-02-01,https://www.sec.gov/Archives/edgar/data/315189/000110465926020158/de-20260201x10q.htm
DE,10-K,2025-12-18,2025-11-02,https://www.sec.gov/Archives/edgar/data/315189/000110465925122321/de-20251102x10k.htm
DE,10-Q,2025-08-28,2025-07-27,https://www.sec.gov/Archives/edgar/data/315189/000155837025011789/de-20250727x10q.htm
DECK,10-Q,2026-07-30,2026-06-30,https://www.sec.gov/Archives/edgar/data/910521/000091052126000022/deck-20260630.htm
DECK,10-K,2026-05-22,2026-03-31,https://www.sec.gov/Archives/edgar/data/910521/000162828026037664/deck-20260331.htm
DECK,10-Q,2026-02-03,2025-12-31,https://www.sec.gov/Archives/edgar/data/910521/000091052126000005/deck-20251231.htm
DECK,10-Q,2025-10-31,2025-09-30,https://www.sec.gov/Archives/edgar/data/910521/000091052125000044/deck-20250930.htm
DECK,10-Q,2025-07-31,2025-06-30,https://www.sec.gov/Archives/edgar/data/910521/000091052125000037/deck-20250630.htm
DELL,10-Q,2026-06-09,2026-05-01,https://www.sec.gov/Archives/edgar/data/1571996/000157199626000030/dell-20260501.htm
DELL,10-K,2026-03-16,2026-01-30,https://www.sec.gov/Archives/edgar/data/1571996/000157199626000008/dell-20260130.htm
DELL,10-Q,2025-12-09,2025-10-31,https://www.sec.gov/Archives/edgar/data/1571996/000157199625000127/dell-20251031.htm
DELL,10-Q,2025-09-08,2025-08-01,https://www.sec.gov/Archives/edgar/data/1571996/000157199625000102/dell-20250801.htm
DELL,10-Q,2025-06-10,2025-05-02,https://www.sec.gov/Archives/edgar/data/1571996/000157199625000063/dell-20250502.htm
DG,10-Q,2026-08-27,2026-07-31,https://www.sec.gov/Archives/edgar/data/29534/000110465926101932/dg-20260731x10q.htm
DG,10-Q,2026-06-02,2026-05-01,https://www.sec.gov/Archives/edgar/data/29534/000110465926069205/dg-20260501x10q.htm
DG,10-K,2026-03-20,2026-01-30,https://www.sec.gov/Archives/edgar/data/29534/000110465926032325/dg-20260130x10k.htm
DG,10-Q,2025-12-04,2025-10-31,https://www.sec.gov/Archives/edgar/data/29534/000110465925118289/dg-20251031x10q.htm
DG,10-Q,2025-08-28,2025-08-01,https://www.sec.gov/Archives/edgar/data/29534/000155837025011786/dg-20250801x10q.htm
DGX,10-Q,2026-07-23,2026-06-30,https://www.sec.gov/Archives/edgar/data/1022079/000102207926000070/dgx-20260630.htm
DGX,10-Q,2026-04-22,2026-03-31,https://www.sec.gov/Archives/edgar/data/1022079/000102207926000043/dgx-20260331.htm
DGX,10-K,2026-02-26,2025-12-31,https://www.sec.gov/Archives/edgar/data/1022079/000102207926000015/dgx-20251231.htm
DGX,10-Q,2025-10-21,2025-09-30,https://www.sec.gov/Archives/edgar/data/1022079/000102207925000218/dgx-20250930.htm
DGX,10-Q,2025-07-23,2025-06-30,https://www.sec.gov/Archives/edgar/data/1022079/000102207925000175/dgx-20250630.htm
DHI,10-Q,2026-07-23,2026-06-30,https://www.sec.gov/Archives/edgar/data/882184/000088218426000096/dhi-20260630.htm
DHI,10-Q,2026-04-23,2026-03-31,https://www.sec.gov/Archives/edgar/data/882184/000088218426000081/dhi-20260331.htm
DHI,10-Q,2026-01-22,2025-12-31,https://www.sec.gov/Archives/edgar/data/882184/000088218426000014/dhi-20251231.htm
DHI,10-K,2025-11-19,2025-09-30,https://www.sec.gov/Archives/edgar/data/882184/000088218425000081/dhi-20250930.htm
DHI,10-Q,2025-07-23,2025-06-30,https://www.sec.gov/Archives/edgar/data/882184/000088218425000040/dhi-20250630.htm
DHR,10-Q,2026-07-21,2026-06-26,https://www.sec.gov/Archives/edgar/data/313616/000031361626000161/dhr-20260626.htm
DHR,10-Q,2026-04-21,2026-03-27,https://www.sec.gov/Archives/edgar/data/313616/000031361626000107/dhr-20260327.htm
DHR,10-K,2026-02-24,2025-12-31,https://www.sec.gov/Archives/edgar/data/313616/000031361626000062/dhr-20251231.htm
DHR,10-Q,2025-10-21,2025-09-26,https://www.sec.gov/Archives/edgar/data/313616/000031361625000182/dhr-20250926.htm
DHR,10-Q,2025-07-22,2025-06-27,https://www.sec.gov/Archives/edgar/data/313616/000031361625000153/dhr-20250627.htm
DIS,10-Q,2026-08-05,2026-06-27,https://www.sec.gov/Archives/edgar/data/1744489/000174448926000057/dis-20260627.htm
DIS,10-Q,2026-05-06,2026-03-28,https://www.sec.gov/Archives/edgar/data/1744489/000174448926000037/dis-20260328.htm
DIS,10-Q,2026-02-02,2025-12-27,https://www.sec.gov/Archives/edgar/data/1744489/000174448926000019/dis-20251227.htm
DIS,10-K,2025-11-13,2025-09-27,https://www.sec.gov/Archives/edgar/data/1744489/000174448925000155/dis-20250927.htm
DIS,10-Q,2025-08-06,2025-06-28,https://www.sec.gov/Archives/edgar/data/1744489/000174448925000136/dis-20250628.htm
DLR,10-Q,2026-07-31,2026-06-30,https://www.sec.gov/Archives/edgar/data/1297996/000110465926089296/dlr-20260630x10q.htm
DLR,10-Q,2026-05-01,2026-03-31,https://www.sec.gov/Archives/edgar/data/1297996/000110465926054255/dlr-20260331x10q.htm
DLR,10-K,2026-02-13,2025-12-31,https://www.sec.gov/Archives/edgar/data/1297996/000110465926015365/dlr-20251231x10k.htm
DLR,10-Q,2025-10-31,2025-09-30,https://www.sec.gov/Archives/edgar/data/1297996/000110465925104945/dlr-20250930x10q.htm
DLR,10-Q,2025-08-01,2025-06-30,https://www.sec.gov/Archives/edgar/data/1297996/000155837025009991/dlr-20250630x10q.htm
DLTR,10-Q,2026-08-27,2026-08-01,https://www.sec.gov/Archives/edgar/data/935703/000093570326000109/dltr-20260801.htm
DLTR,10-Q,2026-05-28,2026-05-02,https://www.sec.gov/Archives/edgar/data/935703/000093570326000065/dltr-20260502.htm
DLTR,10-K,2026-03-16,2026-01-31,https://www.sec.gov/Archives/edgar/data/935703/000093570326000025/dltr-20260131.htm
DLTR,10-Q,2025-12-03,2025-11-01,https://www.sec.gov/Archives/edgar/data/935703/000093570325000105/dltr-20251101.htm
DLTR,10-Q,2025-09-03,2025-08-02,https://www.sec.gov/Archives/edgar/data/935703/000093570325000061/dltr-20250802.htm
DOC,10-Q,2026-08-05,2026-06-30,https://www.sec.gov/Archives/edgar/data/765880/000162828026053373/peak-20260630.htm
DOC,10-Q,2026-05-06,2026-03-31,https://www.sec.gov/Archives/edgar/data/765880/000162828026031287/peak-20260331.htm
DOC,10-K,2026-02-03,2025-12-31,https://www.sec.gov/Archives/edgar/data/765880/000162828026005044/peak-20251231.htm
DOC,10-Q,2025-10-24,2025-09-30,https://www.sec.gov/Archives/edgar/data/765880/000162828025046273/peak-20250930.htm
DOC,10-Q,2025-07-25,2025-06-30,https://www.sec.gov/Archives/edgar/data/765880/000162828025036063/peak-20250630.htm
DOV,10-Q,2026-07-23,2026-06-30,https://www.sec.gov/Archives/edgar/data/29905/000002990526000027/dov-20260630.htm
DOV,10-Q,2026-04-23,2026-03-31,https://www.sec.gov/Archives/edgar/data/29905/000002990526000015/dov-20260331.htm
DOV,10-K,2026-02-13,2025-12-31,https://www.sec.gov/Archives/edgar/data/29905/000002990526000009/dov-20251231.htm
DOV,10-Q,2025-10-23,2025-09-30,https://www.sec.gov/Archives/edgar/data/29905/000002990525000034/dov-20250930.htm
DOV,10-Q,2025-07-24,2025-06-30,https://www.sec.gov/Archives/edgar/data/29905/000002990525000024/dov-20250630.htm
DOW,10-Q,2026-07-24,2026-06-30,https://www.sec.gov/Archives/edgar/data/1751788/000175178826000147/dow-20260630.htm
DOW,10-Q,2026-04-24,2026-03-31,https://www.sec.gov/Archives/edgar/data/1751788/000175178826000134/dow-20260331.htm
DOW,10-K,2026-02-03,2025-12-31,https://www.sec.gov/Archives/edgar/data/1751788/000175178826000018/dow-20251231.htm
DOW,10-Q,2025-10-24,2025-09-30,https://www.sec.gov/Archives/edgar/data/1751788/000175178825000156/dow-20250930.htm
DOW,10-Q,2025-07-25,2025-06-30,https://www.sec.gov/Archives/edgar/data/1751788/000175178825000145/dow-20250630.htm
DPZ,10-Q,2026-07-20,2026-06-14,https://www.sec.gov/Archives/edgar/data/1286681/000128668126000035/dpz-20260614.htm
DPZ,10-Q,2026-04-27,2026-03-22,https://www.sec.gov/Archives/edgar/data/1286681/000128668126000025/dpz-20260322.htm
DPZ,10-K,2026-02-23,2025-12-28,https://www.sec.gov/Archives/edgar/data/1286681/000119312526062321/dpz-20251228.htm
DPZ,10-Q,2025-10-14,2025-09-07,https://www.sec.gov/Archives/edgar/data/1286681/000119312525237878/dpz-20250907.htm
DPZ,10-Q,2025-07-21,2025-06-15,https://www.sec.gov/Archives/edgar/data/1286681/000095017025097064/dpz-20250615.htm
DRI,10-K,2026-07-24,2026-05-31,https://www.sec.gov/Archives/edgar/data/940944/000094094426000025/dri-20260531.htm
DRI,10-Q,2026-03-27,2026-02-22,https://www.sec.gov/Archives/edgar/data/940944/000094094426000009/dri-20260222.htm
DRI,10-Q,2025-12-30,2025-11-23,https://www.sec.gov/Archives/edgar/data/940944/000094094425000071/dri-20251123.htm
DRI,10-Q,2025-09-26,2025-08-24,https://www.sec.gov/Archives/edgar/data/940944/000094094425000054/dri-20250824.htm
DRI,10-K,2025-07-18,2025-05-25,https://www.sec.gov/Archives/edgar/data/940944/000094094425000038/dri-20250525.htm
DTE,10-Q,2026-07-28,2026-06-30,https://www.sec.gov/Archives/edgar/data/936340/000093634026000146/dte-20260630.htm
DTE,10-Q,2026-04-30,2026-03-31,https://www.sec.gov/Archives/edgar/data/936340/000093634026000081/dte-20260331.htm
DTE,10-K,2026-02-17,2025-12-31,https://www.sec.gov/Archives/edgar/data/936340/000093634026000054/dte-20251231.htm
DTE,10-Q,2025-10-30,2025-09-30,https://www.sec.gov/Archives/edgar/data/936340/000093634025000223/dte-20250930.htm
DTE,10-Q,2025-07-29,2025-06-30,https://www.sec.gov/Archives/edgar/data/936340/000093634025000182/dte-20250630.htm
DUK,10-Q,2026-08-04,2026-06-30,https://www.sec.gov/Archives/edgar/data/1326160/000132616026000040/duk-20260630.htm
DUK,10-Q,2026-05-05,2026-03-31,https://www.sec.gov/Archives/edgar/data/1326160/000132616026000026/duk-20260331.htm
DUK,10-K,2026-02-26,2025-12-31,https://www.sec.gov/Archives/edgar/data/1326160/000132616026000014/duk-20251231.htm
DUK,10-Q,2025-11-07,2025-09-30,https://www.sec.gov/Archives/edgar/data/1326160/000132616025000192/duk-20250930.htm
DUK,10-Q,2025-08-05,2025-06-30,https://www.sec.gov/Archives/edgar/data/1326160/000132616025000168/duk-20250630.htm
DVA,10-Q,2026-08-04,2026-06-30,https://www.sec.gov/Archives/edgar/data/927066/000092706626000108/dva-20260630.htm
DVA,10-Q,2026-05-05,2026-03-31,https://www.sec.gov/Archives/edgar/data/927066/000092706626000062/dva-20260331.htm
DVA,10-K,2026-02-11,2025-12-31,https://www.sec.gov/Archives/edgar/data/927066/000092706626000012/dva-20251231.htm
DVA,10-Q,2025-10-29,2025-09-30,https://www.sec.gov/Archives/edgar/data/927066/000092706625000165/dva-20250930.htm
DVA,10-Q,2025-08-05,2025-06-30,https://www.sec.gov/Archives/edgar/data/927066/000092706625000124/dva-20250630.htm
DVN,10-Q,2026-08-05,2026-06-30,https://www.sec.gov/Archives/edgar/data/1090012/000119312526334340/dvn-20260630.htm
DVN,10-Q,2026-05-06,2026-03-31,https://www.sec.gov/Archives/edgar/data/1090012/000119312526208143/dvn-20260331.htm
DVN,10-K,2026-02-18,2025-12-31,https://www.sec.gov/Archives/edgar/data/1090012/000119312526056485/dvn-20251231.htm
DVN,10-Q,2025-11-06,2025-09-30,https://www.sec.gov/Archives/edgar/data/1090012/000119312525268574/dvn-20250930.htm
DVN,10-Q,2025-08-06,2025-06-30,https://www.sec.gov/Archives/edgar/data/1090012/000095017025103695/dvn-20250630.htm
DXCM,10-Q,2026-07-30,2026-06-30,https://www.sec.gov/Archives/edgar/data/1093557/000109355726000143/dxcm-20260630.htm
DXCM,10-Q,2026-04-30,2026-03-31,https://www.sec.gov/Archives/edgar/data/1093557/000109355726000073/dxcm-20260331.htm
DXCM,10-K,2026-02-12,2025-12-31,https://www.sec.gov/Archives/edgar/data/1093557/000109355726000027/dxcm-20251231.htm
DXCM,10-Q,2025-10-30,2025-09-30,https://www.sec.gov/Archives/edgar/data/1093557/000109355725000280/dxcm-20250930.htm
DXCM,10-Q,2025-07-30,2025-06-30,https://www.sec.gov/Archives/edgar/data/1093557/000109355725000243/dxcm-20250630.htm
EBAY,10-Q,2026-08-06,2026-06-30,https://www.sec.gov/Archives/edgar/data/1065088/000106508826000177/ebay-20260630.htm
EBAY,10-Q,2026-04-29,2026-03-31,https://www.sec.gov/Archives/edgar/data/1065088/000106508826000093/ebay-20260331.htm
EBAY,10-K,2026-02-19,2025-12-31,https://www.sec.gov/Archives/edgar/data/1065088/000106508826000027/ebay-20251231.htm
EBAY,10-Q,2025-10-30,2025-09-30,https://www.sec.gov/Archives/edgar/data/1065088/000106508825000127/ebay-20250930.htm
EBAY,10-Q,2025-07-31,2025-06-30,https://www.sec.gov/Archives/edgar/data/1065088/000106508825000077/ebay-20250630.htm
ECHO,10-Q,2026-08-03,2026-06-30,https://www.sec.gov/Archives/edgar/data/1415404/000110465926089370/sats-20260630x10q.htm
ECHO,10-Q,2026-05-11,2026-03-31,https://www.sec.gov/Archives/edgar/data/1415404/000110465926058150/sats-20260331x10q.htm
ECHO,10-K,2026-03-02,2025-12-31,https://www.sec.gov/Archives/edgar/data/1415404/000110465926021817/tmb-20251231x10k.htm
ECHO,10-Q,2025-11-06,2025-09-30,https://www.sec.gov/Archives/edgar/data/1415404/000110465925107277/tmb-20250930x10q.htm
ECHO,10-Q,2025-08-01,2025-06-30,https://www.sec.gov/Archives/edgar/data/1415404/000155837025009923/tmb-20250630x10q.htm
ECL,10-Q,2026-08-06,2026-06-30,https://www.sec.gov/Archives/edgar/data/31462/000162828026053886/ecl-20260630.htm
ECL,10-Q,2026-05-07,2026-03-31,https://www.sec.gov/Archives/edgar/data/31462/000110465926056737/ecl-20260331x10q.htm
ECL,10-K,2026-02-23,2025-12-31,https://www.sec.gov/Archives/edgar/data/31462/000110465926018357/ecl-20251231x10k.htm
ECL,10-Q,2025-10-30,2025-09-30,https://www.sec.gov/Archives/edgar/data/31462/000110465925104386/ecl-20250930x10q.htm
ECL,10-Q,2025-08-07,2025-06-30,https://www.sec.gov/Archives/edgar/data/31462/000155837025010768/ecl-20250630x10q.htm
ED,10-Q,2026-08-06,2026-06-30,https://www.sec.gov/Archives/edgar/data/1047862/000104786226000142/ed-20260630.htm
ED,10-Q,2026-05-07,2026-03-31,https://www.sec.gov/Archives/edgar/data/1047862/000104786226000091/ed-20260331.htm
ED,10-K,2026-02-19,2025-12-31,https://www.sec.gov/Archives/edgar/data/1047862/000104786226000031/ed-20251231.htm
ED,10-Q,2025-11-06,2025-09-30,https://www.sec.gov/Archives/edgar/data/1047862/000104786225000138/ed-20250930.htm
ED,10-Q,2025-08-07,2025-06-30,https://www.sec.gov/Archives/edgar/data/1047862/000104786225000069/ed-20250630.htm
EFX,10-Q,2026-07-21,2026-06-30,https://www.sec.gov/Archives/edgar/data/33185/000003318526000028/efx-20260630.htm
EFX,10-Q,2026-04-21,2026-03-31,https://www.sec.gov/Archives/edgar/data/33185/000003318526000018/efx-20260331.htm
EFX,10-K,2026-02-19,2025-12-31,https://www.sec.gov/Archives/edgar/data/33185/000003318526000010/efx-20251231.htm
EFX,10-Q,2025-10-21,2025-09-30,https://www.sec.gov/Archives/edgar/data/33185/000003318525000064/efx-20250930.htm
EFX,10-Q,2025-07-22,2025-06-30,https://www.sec.gov/Archives/edgar/data/33185/000003318525000054/efx-20250630.htm
EG,10-Q,2026-08-03,2026-06-30,https://www.sec.gov/Archives/edgar/data/1095073/000109507326000032/eg-20260630.htm
EG,10-Q,2026-05-05,2026-03-31,https://www.sec.gov/Archives/edgar/data/1095073/000109507326000022/eg-20260331.htm
EG,10-K,2026-02-26,2025-12-31,https://www.sec.gov/Archives/edgar/data/1095073/000109507326000006/eg-20251231.htm
EG,10-Q,2025-10-31,2025-09-30,https://www.sec.gov/Archives/edgar/data/1095073/000109507325000086/eg-20250930.htm
EG,10-Q,2025-08-01,2025-06-30,https://www.sec.gov/Archives/edgar/data/1095073/000109507325000061/eg-20250630.htm
EIX,10-Q,2026-07-30,2026-06-30,https://www.sec.gov/Archives/edgar/data/827052/000082705226000059/eix-20260630.htm
EIX,10-Q,2026-04-28,2026-03-31,https://www.sec.gov/Archives/edgar/data/827052/000082705226000042/eix-20260331.htm
EIX,10-K,2026-02-18,2025-12-31,https://www.sec.gov/Archives/edgar/data/827052/000082705226000012/eix-20251231.htm
EIX,10-Q,2025-10-28,2025-09-30,https://www.sec.gov/Archives/edgar/data/827052/000082705225000100/eix-20250930.htm
EIX,10-Q,2025-07-31,2025-06-30,https://www.sec.gov/Archives/edgar/data/827052/000082705225000074/eix-20250630.htm
EL,10-K,2026-08-19,2026-06-30,https://www.sec.gov/Archives/edgar/data/1001250/000100125026000041/el-20260630.htm
EL,10-Q,2026-05-01,2026-03-31,https://www.sec.gov/Archives/edgar/data/1001250/000100125026000019/el-20260331.htm
EL,10-Q,2026-02-05,2025-12-31,https://www.sec.gov/Archives/edgar/data/1001250/000100125026000006/el-20251231.htm
EL,10-Q,2025-10-30,2025-09-30,https://www.sec.gov/Archives/edgar/data/1001250/000100125025000109/el-20250930.htm
EL,10-K,2025-08-20,2025-06-30,https://www.sec.gov/Archives/edgar/data/1001250/000100125025000099/el-20250630.htm
ELV,10-Q,2026-07-15,2026-06-30,https://www.sec.gov/Archives/edgar/data/1156039/000115603926000060/elv-20260630.htm
ELV,10-Q,2026-04-22,2026-03-31,https://www.sec.gov/Archives/edgar/data/1156039/000115603926000043/elv-20260331.htm
ELV,10-K,2026-02-06,2025-12-31,https://www.sec.gov/Archives/edgar/data/1156039/000115603926000013/elv-20251231.htm
ELV,10-Q,2025-10-21,2025-09-30,https://www.sec.gov/Archives/edgar/data/1156039/000115603925000136/elv-20250930.htm
ELV,10-Q,2025-07-17,2025-06-30,https://www.sec.gov/Archives/edgar/data/1156039/000115603925000114/elv-20250630.htm
EME,10-Q,2026-07-30,2026-06-30,https://www.sec.gov/Archives/edgar/data/105634/000010563426000110/eme-20260630.htm
EME,10-Q,2026-04-29,2026-03-31,https://www.sec.gov/Archives/edgar/data/105634/000010563426000046/eme-20260331.htm
EME,10-K,2026-02-26,2025-12-31,https://www.sec.gov/Archives/edgar/data/105634/000010563426000025/eme-20251231.htm
EME,10-Q,2025-10-30,2025-09-30,https://www.sec.gov/Archives/edgar/data/105634/000010563425000078/eme-20250930.htm
EME,10-Q,2025-07-31,2025-06-30,https://www.sec.gov/Archives/edgar/data/105634/000010563425000046/eme-20250630.htm
EMR,10-Q,2026-08-04,2026-06-30,https://www.sec.gov/Archives/edgar/data/32604/000003260426000043/emr-20260630.htm
EMR,10-Q,2026-05-05,2026-03-31,https://www.sec.gov/Archives/edgar/data/32604/000003260426000035/emr-20260331.htm
EMR,10-Q,2026-02-03,2025-12-31,https://www.sec.gov/Archives/edgar/data/32604/000003260426000007/emr-20251231.htm
EMR,10-K,2025-11-10,2025-09-30,https://www.sec.gov/Archives/edgar/data/32604/000003260425000087/emr-20250930.htm
EMR,10-Q,2025-08-06,2025-06-30,https://www.sec.gov/Archives/edgar/data/32604/000003260425000076/emr-20250630.htm
EOG,10-Q,2026-08-04,2026-06-30,https://www.sec.gov/Archives/edgar/data/821189/000082118926000149/eog-20260630.htm
EOG,10-Q,2026-05-05,2026-03-31,https://www.sec.gov/Archives/edgar/data/821189/000082118926000104/eog-20260331.htm
EOG,10-K,2026-02-24,2025-12-31,https://www.sec.gov/Archives/edgar/data/821189/000082118926000054/eog-20251231.htm
EOG,10-Q,2025-11-06,2025-09-30,https://www.sec.gov/Archives/edgar/data/821189/000082118925000131/eog-20250930.htm
EOG,10-Q,2025-08-07,2025-06-30,https://www.sec.gov/Archives/edgar/data/821189/000082118925000070/eog-20250630.htm
EQIX,10-Q,2026-07-29,2026-06-30,https://www.sec.gov/Archives/edgar/data/1101239/000110123926000147/eqix-20260630.htm
EQIX,10-Q,2026-04-29,2026-03-31,https://www.sec.gov/Archives/edgar/data/1101239/000110123926000091/eqix-20260331.htm
EQIX,10-K,2026-02-11,2025-12-31,https://www.sec.gov/Archives/edgar/data/1101239/000110123926000032/eqix-20251231.htm
EQIX,10-Q,2025-10-29,2025-09-30,https://www.sec.gov/Archives/edgar/data/1101239/000110123925000062/eqix-20250930.htm
EQIX,10-Q,2025-07-30,2025-06-30,https://www.sec.gov/Archives/edgar/data/1101239/000110123925000029/eqix-20250630.htm
EQT,10-Q,2026-07-22,2026-06-30,https://www.sec.gov/Archives/edgar/data/33213/000003321326000043/eqt-20260630.htm
EQT,10-Q,2026-04-22,2026-03-31,https://www.sec.gov/Archives/edgar/data/33213/000003321326000030/eqt-20260331.htm
EQT,10-K,2026-02-18,2025-12-31,https://www.sec.gov/Archives/edgar/data/33213/000003321326000018/eqt-20251231.htm
EQT,10-Q,2025-10-22,2025-09-30,https://www.sec.gov/Archives/edgar/data/33213/000003321325000049/eqt-20250930.htm
EQT,10-Q,2025-07-23,2025-06-30,https://www.sec.gov/Archives/edgar/data/33213/000003321325000033/eqt-20250630.htm
ERIE,10-Q,2026-07-30,2026-06-30,https://www.sec.gov/Archives/edgar/data/922621/000162828026051079/erie-20260630.htm
ERIE,10-Q,2026-04-23,2026-03-31,https://www.sec.gov/Archives/edgar/data/922621/000162828026026866/erie-20260331.htm
ERIE,10-K,2026-02-23,2025-12-31,https://www.sec.gov/Archives/edgar/data/922621/000162828026010666/erie-20251231.htm
ERIE,10-Q,2025-10-30,2025-09-30,https://www.sec.gov/Archives/edgar/data/922621/000162828025047555/erie-20250930.htm
ERIE,10-Q,2025-08-07,2025-06-30,https://www.sec.gov/Archives/edgar/data/922621/000162828025038926/erie-20250630.htm
ES,10-Q,2026-08-03,2026-06-30,https://www.sec.gov/Archives/edgar/data/72741/000162828026051906/es-20260630.htm
ES,10-Q,2026-05-07,2026-03-31,https://www.sec.gov/Archives/edgar/data/72741/000162828026032278/es-20260331.htm
ES,10-K,2026-02-17,2025-12-31,https://www.sec.gov/Archives/edgar/data/72741/000162828026008461/es-20251231.htm
ES,10-Q,2025-11-06,2025-09-30,https://www.sec.gov/Archives/edgar/data/72741/000162828025050033/es-20250930.htm
ES,10-Q,2025-08-04,2025-06-30,https://www.sec.gov/Archives/edgar/data/72741/000162828025037369/es-20250630.htm
ESS,10-Q,2026-07-30,2026-06-30,https://www.sec.gov/Archives/edgar/data/920522/000092052226000022/ess-20260630.htm
ESS,10-Q,2026-04-29,2026-03-31,https://www.sec.gov/Archives/edgar/data/920522/000092052226000016/ess-20260331.htm
ESS,10-K,2026-02-20,2025-12-31,https://www.sec.gov/Archives/edgar/data/920522/000092052226000003/ess-20251231.htm
ESS,10-Q,2025-10-30,2025-09-30,https://www.sec.gov/Archives/edgar/data/920522/000092052225000082/ess-20250930.htm
ESS,10-Q,2025-07-30,2025-06-30,https://www.sec.gov/Archives/edgar/data/920522/000092052225000078/ess-20250630.htm
ETN,10-Q,2026-07-31,2026-06-30,https://www.sec.gov/Archives/edgar/data/1551182/000155118226000030/etn-20260630.htm
ETN,10-Q,2026-05-05,2026-03-31,https://www.sec.gov/Archives/edgar/data/1551182/000155118226000013/etn-20260331.htm
ETN,10-K,2026-02-26,2025-12-31,https://www.sec.gov/Archives/edgar/data/1551182/000155118226000007/etn-20251231.htm
ETN,10-Q,2025-11-04,2025-09-30,https://www.sec.gov/Archives/edgar/data/1551182/000155118225000036/etn-20250930.htm
ETN,10-Q,2025-08-05,2025-06-30,https://www.sec.gov/Archives/edgar/data/1551182/000155118225000028/etn-20250630.htm
ETR,10-Q,2026-07-31,2026-06-30,https://www.sec.gov/Archives/edgar/data/65984/000006598426000283/etr-20260630.htm
ETR,10-Q,2026-05-01,2026-03-31,https://www.sec.gov/Archives/edgar/data/65984/000006598426000222/etr-20260331.htm
ETR,10-K,2026-02-19,2025-12-31,https://www.sec.gov/Archives/edgar/data/65984/000006598426000174/etr-20251231.htm
ETR,10-Q,2025-10-31,2025-09-30,https://www.sec.gov/Archives/edgar/data/65984/000006598425000132/etr-20250930.htm
ETR,10-Q,2025-08-01,2025-06-30,https://www.sec.gov/Archives/edgar/data/65984/000006598425000087/etr-20250630.htm
EVRG,10-Q,2026-08-06,2026-06-30,https://www.sec.gov/Archives/edgar/data/1711269/000171126926000100/evrg-20260630.htm
EVRG,10-Q,2026-05-07,2026-03-31,https://www.sec.gov/Archives/edgar/data/1711269/000171126926000057/evrg-20260331.htm
EVRG,10-K,2026-02-19,2025-12-31,https://www.sec.gov/Archives/edgar/data/1711269/000171126926000017/evrg-20251231.htm
EVRG,10-Q,2025-11-06,2025-09-30,https://www.sec.gov/Archives/edgar/data/1711269/000171126925000041/evrg-20250930.htm
EVRG,10-Q,2025-08-07,2025-06-30,https://www.sec.gov/Archives/edgar/data/1711269/000171126925000022/evrg-20250630.htm
EW,10-Q,2026-08-04,2026-06-30,https://www.sec.gov/Archives/edgar/data/1099800/000109980026000043/ew-20260630.htm
EW,10-Q,2026-05-06,2026-03-31,https://www.sec.gov/Archives/edgar/data/1099800/000109980026000026/ew-20260331.htm
EW,10-K,2026-02-25,2025-12-31,https://www.sec.gov/Archives/edgar/data/1099800/000109980026000009/ew-20251231.htm
EW,10-Q,2025-11-05,2025-09-30,https://www.sec.gov/Archives/edgar/data/1099800/000109980025000062/ew-20250930.htm
EW,10-Q,2025-08-06,2025-06-30,https://www.sec.gov/Archives/edgar/data/1099800/000109980025000048/ew-20250630.htm
EXC,10-Q,2026-07-30,2026-06-30,https://www.sec.gov/Archives/edgar/data/1109357/000110935726000080/exc-20260630.htm
EXC,10-Q,2026-05-06,2026-03-31,https://www.sec.gov/Archives/edgar/data/1109357/000110935726000063/exc-20260331.htm
EXC,10-K,2026-02-12,2025-12-31,https://www.sec.gov/Archives/edgar/data/1109357/000110935726000018/exc-20251231.htm
EXC,10-Q,2025-11-04,2025-09-30,https://www.sec.gov/Archives/edgar/data/1109357/000110935725000182/exc-20250930.htm
EXC,10-Q,2025-07-31,2025-06-30,https://www.sec.gov/Archives/edgar/data/1109357/000110935725000170/exc-20250630.htm
EXE,10-Q,2026-07-28,2026-06-30,https://www.sec.gov/Archives/edgar/data/895126/000089512626000047/exe-20260630.htm
EXE,10-Q,2026-04-28,2026-03-31,https://www.sec.gov/Archives/edgar/data/895126/000089512626000028/exe-20260331.htm
EXE,10-K,2026-02-18,2025-12-31,https://www.sec.gov/Archives/edgar/data/895126/000089512626000011/exe-20251231.htm
EXE,10-Q,2025-10-28,2025-09-30,https://www.sec.gov/Archives/edgar/data/895126/000089512625000098/exe-20250930.htm
EXE,10-Q,2025-07-29,2025-06-30,https://www.sec.gov/Archives/edgar/data/895126/000089512625000084/exe-20250630.htm
EXPD,10-Q,2026-08-05,2026-06-30,https://www.sec.gov/Archives/edgar/data/746515/000119312526334457/expd-20260630.htm
EXPD,10-Q,2026-05-06,2026-03-31,https://www.sec.gov/Archives/edgar/data/746515/000119312526208834/expd-20260331.htm
EXPD,10-K,2026-02-25,2025-12-31,https://www.sec.gov/Archives/edgar/data/746515/000119312526071569/expd-20251231.htm
EXPD,10-Q,2025-11-06,2025-09-30,https://www.sec.gov/Archives/edgar/data/746515/000119312525268710/expd-20250930.htm
EXPD,10-Q,2025-08-07,2025-06-30,https://www.sec.gov/Archives/edgar/data/746515/000074651525000007/expd-20250630.htm
EXPE,10-Q,2026-08-06,2026-06-30,https://www.sec.gov/Archives/edgar/data/1324424/000132442426000053/expe-20260630.htm
EXPE,10-Q,2026-05-08,2026-03-31,https://www.sec.gov/Archives/edgar/data/1324424/000132442426000035/expe-20260331.htm
EXPE,10-K,2026-02-13,2025-12-31,https://www.sec.gov/Archives/edgar/data/1324424/000132442426000008/expe-20251231.htm
EXPE,10-Q,2025-11-07,2025-09-30,https://www.sec.gov/Archives/edgar/data/1324424/000132442425000051/expe-20250930.htm
EXPE,10-Q,2025-08-08,2025-06-30,https://www.sec.gov/Archives/edgar/data/1324424/000132442425000042/expe-20250630.htm
EXR,10-Q,2026-07-31,2026-06-30,https://www.sec.gov/Archives/edgar/data/1289490/000128949026000053/exr-20260630.htm
EXR,10-Q,2026-05-01,2026-03-31,https://www.sec.gov/Archives/edgar/data/1289490/000128949026000037/exr-20260331.htm
EXR,10-K,2026-02-20,2025-12-31,https://www.sec.gov/Archives/edgar/data/1289490/000128949026000011/exr-20251231.htm
EXR,10-Q,2025-10-31,2025-09-30,https://www.sec.gov/Archives/edgar/data/1289490/000128949025000024/exr-20250930.htm
EXR,10-Q,2025-08-01,2025-06-30,https://www.sec.gov/Archives/edgar/data/1289490/000128949025000011/exr-20250630.htm
F,10-Q,2026-07-29,2026-06-30,https://www.sec.gov/Archives/edgar/data/37996/000003799626000156/f-20260630.htm
F,10-Q,2026-04-30,2026-03-31,https://www.sec.gov/Archives/edgar/data/37996/000003799626000086/f-20260331.htm
F,10-K,2026-02-11,2025-12-31,https://www.sec.gov/Archives/edgar/data/37996/000003799626000015/f-20251231.htm
F,10-Q,2025-10-24,2025-09-30,https://www.sec.gov/Archives/edgar/data/37996/000003799625000186/f-20250930.htm
F,10-Q,2025-07-31,2025-06-30,https://www.sec.gov/Archives/edgar/data/37996/000003799625000147/f-20250630.htm
FANG,10-Q,2026-08-05,2026-06-30,https://www.sec.gov/Archives/edgar/data/1539838/000153983826000142/fang-20260630.htm
FANG,10-Q,2026-05-06,2026-03-31,https://www.sec.gov/Archives/edgar/data/1539838/000153983826000077/fang-20260331.htm
FANG,10-K,2026-02-25,2025-12-31,https://www.sec.gov/Archives/edgar/data/1539838/000153983826000010/fang-20251231.htm
FANG,10-Q,2025-11-05,2025-09-30,https://www.sec.gov/Archives/edgar/data/1539838/000153983825000147/fang-20250930.htm
FANG,10-Q,2025-08-06,2025-06-30,https://www.sec.gov/Archives/edgar/data/1539838/000153983825000127/fang-20250630.htm
FAST,10-Q,2026-07-16,2026-06-30,https://www.sec.gov/Archives/edgar/data/815556/000081555626000041/fast-20260630.htm
FAST,10-Q,2026-04-16,2026-03-31,https://www.sec.gov/Archives/edgar/data/815556/000081555626000022/fast-20260331.htm
FAST,10-K,2026-02-05,2025-12-31,https://www.sec.gov/Archives/edgar/data/815556/000081555626000009/fast-20251231.htm
FAST,10-Q,2025-10-16,2025-09-30,https://www.sec.gov/Archives/edgar/data/815556/000081555625000119/fast-20250930.htm
FAST,10-Q,2025-07-17,2025-06-30,https://www.sec.gov/Archives/edgar/data/815556/000081555625000106/fast-20250630.htm
FCX,10-Q,2026-08-06,2026-06-30,https://www.sec.gov/Archives/edgar/data/831259/000083125926000036/fcx-20260630.htm
FCX,10-Q,2026-05-08,2026-03-31,https://www.sec.gov/Archives/edgar/data/831259/000083125926000025/fcx-20260331.htm
FCX,10-K,2026-02-13,2025-12-31,https://www.sec.gov/Archives/edgar/data/831259/000083125926000012/fcx-20251231.htm
FCX,10-Q,2025-11-06,2025-09-30,https://www.sec.gov/Archives/edgar/data/831259/000083125925000050/fcx-20250930.htm
FCX,10-Q,2025-08-08,2025-06-30,https://www.sec.gov/Archives/edgar/data/831259/000083125925000031/fcx-20250630.htm
FDS,10-Q,2026-07-01,2026-05-31,https://www.sec.gov/Archives/edgar/data/1013237/000162828026046549/fds-20260531.htm
FDS,10-Q,2026-04-02,2026-02-28,https://www.sec.gov/Archives/edgar/data/1013237/000162828026022873/fds-20260228.htm
FDS,10-Q,2026-01-05,2025-11-30,https://www.sec.gov/Archives/edgar/data/1013237/000162828026000223/fds-20251130.htm
FDS,10-K,2025-10-22,2025-08-31,https://www.sec.gov/Archives/edgar/data/1013237/000162828025045769/fds-20250831.htm
FDS,10-Q,2025-07-03,2025-05-31,https://www.sec.gov/Archives/edgar/data/1013237/000101323725000070/fds-20250531.htm
FDX,10-K,2026-07-20,2026-05-31,https://www.sec.gov/Archives/edgar/data/1048911/000104891126000105/fdx-20260531.htm
FDX,10-Q,2026-03-19,2026-02-28,https://www.sec.gov/Archives/edgar/data/1048911/000104891126000011/fdx-20260228.htm
FDX,10-Q,2025-12-18,2025-11-30,https://www.sec.gov/Archives/edgar/data/1048911/000104891125000078/fdx-20251130.htm
FDX,10-Q,2025-09-18,2025-08-31,https://www.sec.gov/Archives/edgar/data/1048911/000104891125000044/fdx-20250831.htm
FDX,10-K,2025-07-21,2025-05-31,https://www.sec.gov/Archives/edgar/data/1048911/000104891125000011/fdx-20250531.htm
FDXF,10-K,2026-08-05,2026-05-31,https://www.sec.gov/Archives/edgar/data/2082247/000162828026053359/fdxf-20260531.htm
FE,10-Q,2026-07-28,2026-06-30,https://www.sec.gov/Archives/edgar/data/1031296/000103129626000123/fe-20260630.htm
FE,10-Q,2026-04-28,2026-03-31,https://www.sec.gov/Archives/edgar/data/1031296/000103129626000085/fe-20260331.htm
FE,10-K,2026-02-18,2025-12-31,https://www.sec.gov/Archives/edgar/data/1031296/000103129626000046/fe-20251231.htm
FE,10-Q,2025-10-28,2025-09-30,https://www.sec.gov/Archives/edgar/data/1031296/000103129625000085/fe-20250930.htm
FE,10-Q,2025-07-30,2025-06-30,https://www.sec.gov/Archives/edgar/data/1031296/000103129625000042/fe-20250630.htm
FFIV,10-Q,2026-08-06,2026-06-30,https://www.sec.gov/Archives/edgar/data/1048695/000104869526000067/ffiv-20260630.htm
FFIV,10-Q,2026-05-05,2026-03-31,https://www.sec.gov/Archives/edgar/data/1048695/000104869526000051/ffiv-20260331.htm
FFIV,10-Q,2026-02-05,2025-12-31,https://www.sec.gov/Archives/edgar/data/1048695/000104869526000023/ffiv-20251231.htm
FFIV,10-K,2025-11-25,2025-09-30,https://www.sec.gov/Archives/edgar/data/1048695/000104869525000157/ffiv-20250930.htm
FFIV,10-Q,2025-08-06,2025-06-30,https://www.sec.gov/Archives/edgar/data/1048695/000104869525000129/ffiv-20250630.htm
FICO,10-Q,2026-07-29,2026-06-30,https://www.sec.gov/Archives/edgar/data/814547/000081454726000030/fico-20260630.htm
FICO,10-Q,2026-04-28,2026-03-31,https://www.sec.gov/Archives/edgar/data/814547/000081454726000021/fico-20260331.htm
FICO,10-Q,2026-01-28,2025-12-31,https://www.sec.gov/Archives/edgar/data/814547/000081454726000011/fico-20251231.htm
FICO,10-K,2025-11-07,2025-09-30,https://www.sec.gov/Archives/edgar/data/814547/000081454725000030/fico-20250930.htm
FICO,10-Q,2025-07-30,2025-06-30,https://www.sec.gov/Archives/edgar/data/814547/000081454725000022/fico-20250630.htm
FIS,10-Q,2026-08-04,2026-06-30,https://www.sec.gov/Archives/edgar/data/1136893/000113689326000050/fis-20260630.htm
FIS,10-Q,2026-05-08,2026-03-31,https://www.sec.gov/Archives/edgar/data/1136893/000113689326000040/fis-20260331.htm
FIS,10-K,2026-02-24,2025-12-31,https://www.sec.gov/Archives/edgar/data/1136893/000113689326000013/fis-20251231.htm
FIS,10-Q,2025-11-05,2025-09-30,https://www.sec.gov/Archives/edgar/data/1136893/000113689325000128/fis-20250930.htm
FIS,10-Q,2025-08-05,2025-06-30,https://www.sec.gov/Archives/edgar/data/1136893/000113689325000117/fis-20250630.htm
FISV,10-Q,2026-08-07,2026-06-30,https://www.sec.gov/Archives/edgar/data/798354/000079835426000031/fisv-20260630.htm
FISV,10-Q,2026-05-06,2026-03-31,https://www.sec.gov/Archives/edgar/data/798354/000079835426000018/fisv-20260331.htm
FISV,10-K,2026-02-19,2025-12-31,https://www.sec.gov/Archives/edgar/data/798354/000079835426000009/fi-20251231.htm
FISV,10-Q,2025-10-30,2025-09-30,https://www.sec.gov/Archives/edgar/data/798354/000079835425000171/fisv-20250930.htm
FISV,10-Q,2025-07-24,2025-06-30,https://www.sec.gov/Archives/edgar/data/798354/000079835425000163/fisv-20250630.htm
FITB,10-Q,2026-08-04,2026-06-30,https://www.sec.gov/Archives/edgar/data/35527/000003552726000202/fitb-20260630.htm
FITB,10-Q,2026-05-05,2026-03-31,https://www.sec.gov/Archives/edgar/data/35527/000003552726000182/fitb-20260331.htm
FITB,10-K,2026-02-24,2025-12-31,https://www.sec.gov/Archives/edgar/data/35527/000003552726000124/fitb-20251231.htm
FITB,10-Q,2025-11-04,2025-09-30,https://www.sec.gov/Archives/edgar/data/35527/000003552725000212/fitb-20250930.htm
FITB,10-Q,2025-08-05,2025-06-30,https://www.sec.gov/Archives/edgar/data/35527/000003552725000171/fitb-20250630.htm
FIX,10-Q,2026-07-23,2026-06-30,https://www.sec.gov/Archives/edgar/data/1035983/000110465926086258/fix-20260630x10q.htm
FIX,10-Q,2026-04-23,2026-03-31,https://www.sec.gov/Archives/edgar/data/1035983/000110465926047689/fix-20260331x10q.htm
FIX,10-K,2026-02-19,2025-12-31,https://www.sec.gov/Archives/edgar/data/1035983/000110465926017530/fix-20251231x10k.htm
FIX,10-Q,2025-10-23,2025-09-30,https://www.sec.gov/Archives/edgar/data/1035983/000110465925101821/fix-20250930x10q.htm
FIX,10-Q,2025-07-24,2025-06-30,https://www.sec.gov/Archives/edgar/data/1035983/000155837025009536/fix-20250630x10q.htm
FLEX,10-Q,2026-07-31,2026-06-26,https://www.sec.gov/Archives/edgar/data/866374/000086637426000030/flex-20260626.htm
FLEX,10-K,2026-05-20,2026-03-31,https://www.sec.gov/Archives/edgar/data/866374/000086637426000012/flex-20260331.htm
FLEX,10-Q,2026-02-06,2025-12-31,https://www.sec.gov/Archives/edgar/data/866374/000086637426000005/flex-20251231.htm
FLEX,10-Q,2025-10-31,2025-09-26,https://www.sec.gov/Archives/edgar/data/866374/000086637425000051/flex-20250926.htm
FLEX,10-Q,2025-07-25,2025-06-27,https://www.sec.gov/Archives/edgar/data/866374/000086637425000043/flex-20250627.htm
FOX,10-K,2026-08-06,2026-06-30,https://www.sec.gov/Archives/edgar/data/1754301/000162828026053960/fox-20260630.htm
FOX,10-Q,2026-05-11,2026-03-31,https://www.sec.gov/Archives/edgar/data/1754301/000162828026033172/fox-20260331.htm
FOX,10-Q,2026-02-04,2025-12-31,https://www.sec.gov/Archives/edgar/data/1754301/000162828026005285/fox-20251231.htm
FOX,10-Q,2025-10-30,2025-09-30,https://www.sec.gov/Archives/edgar/data/1754301/000162828025047354/fox-20250930.htm
FOX,10-K,2025-08-06,2025-06-30,https://www.sec.gov/Archives/edgar/data/1754301/000162828025038077/fox-20250630.htm
FOXA,10-K,2026-08-06,2026-06-30,https://www.sec.gov/Archives/edgar/data/1754301/000162828026053960/fox-20260630.htm
FOXA,10-Q,2026-05-11,2026-03-31,https://www.sec.gov/Archives/edgar/data/1754301/000162828026033172/fox-20260331.htm
FOXA,10-Q,2026-02-04,2025-12-31,https://www.sec.gov/Archives/edgar/data/1754301/000162828026005285/fox-20251231.htm
FOXA,10-Q,2025-10-30,2025-09-30,https://www.sec.gov/Archives/edgar/data/1754301/000162828025047354/fox-20250930.htm
FOXA,10-K,2025-08-06,2025-06-30,https://www.sec.gov/Archives/edgar/data/1754301/000162828025038077/fox-20250630.htm
FRT,10-Q,2026-07-31,2026-06-30,https://www.sec.gov/Archives/edgar/data/34903/000003490326000042/frt-20260630.htm
FRT,10-Q,2026-05-01,2026-03-31,https://www.sec.gov/Archives/edgar/data/34903/000003490326000026/frt-20260331.htm
FRT,10-K,2026-02-12,2025-12-31,https://www.sec.gov/Archives/edgar/data/34903/000003490326000017/frt-20251231.htm
FRT,10-Q,2025-10-31,2025-09-30,https://www.sec.gov/Archives/edgar/data/34903/000003490325000063/frt-20250930.htm
FRT,10-Q,2025-08-06,2025-06-30,https://www.sec.gov/Archives/edgar/data/34903/000003490325000052/frt-20250630.htm
FSLR,10-Q,2026-07-30,2026-06-30,https://www.sec.gov/Archives/edgar/data/1274494/000127449426000170/fslr-20260630.htm
FSLR,10-Q,2026-04-30,2026-03-31,https://www.sec.gov/Archives/edgar/data/1274494/000127449426000109/fslr-20260331.htm
FSLR,10-K,2026-02-24,2025-12-31,https://www.sec.gov/Archives/edgar/data/1274494/000127449426000021/fslr-20251231.htm
FSLR,10-Q,2025-10-30,2025-09-30,https://www.sec.gov/Archives/edgar/data/1274494/000127449425000082/fslr-20250930.htm
FSLR,10-Q,2025-07-31,2025-06-30,https://www.sec.gov/Archives/edgar/data/1274494/000127449425000054/fslr-20250630.htm
FTNT,10-Q,2026-07-30,2026-06-30,https://www.sec.gov/Archives/edgar/data/1262039/000126203926000021/ftnt-20260630.htm
FTNT,10-Q,2026-05-08,2026-03-31,https://www.sec.gov/Archives/edgar/data/1262039/000126203926000013/ftnt-20260331.htm
FTNT,10-K,2026-02-25,2025-12-31,https://www.sec.gov/Archives/edgar/data/1262039/000126203926000007/ftnt-20251231.htm
FTNT,10-Q,2025-11-07,2025-09-30,https://www.sec.gov/Archives/edgar/data/1262039/000126203925000039/ftnt-20250930.htm
FTNT,10-Q,2025-08-08,2025-06-30,https://www.sec.gov/Archives/edgar/data/1262039/000126203925000028/ftnt-20250630.htm
FTV,10-Q,2026-07-29,2026-07-03,https://www.sec.gov/Archives/edgar/data/1659166/000165916626000034/ftv-20260703.htm
FTV,10-Q,2026-04-30,2026-04-03,https://www.sec.gov/Archives/edgar/data/1659166/000165916626000013/ftv-20260403.htm
FTV,10-K,2026-02-25,2025-12-31,https://www.sec.gov/Archives/edgar/data/1659166/000165916626000007/ftv-20251231.htm
FTV,10-Q,2025-10-29,2025-09-26,https://www.sec.gov/Archives/edgar/data/1659166/000165916625000131/ftv-20250926.htm
FTV,10-Q,2025-07-30,2025-06-27,https://www.sec.gov/Archives/edgar/data/1659166/000165916625000120/ftv-20250627.htm
GD,10-Q,2026-07-29,2026-07-05,https://www.sec.gov/Archives/edgar/data/40533/000004053326000032/gd-20260705.htm
GD,10-Q,2026-04-29,2026-04-05,https://www.sec.gov/Archives/edgar/data/40533/000004053326000012/gd-20260405.htm
GD,10-K,2026-01-30,2025-12-31,https://www.sec.gov/Archives/edgar/data/40533/000004053326000006/gd-20251231.htm
GD,10-Q,2025-10-24,2025-09-28,https://www.sec.gov/Archives/edgar/data/40533/000004053325000045/gd-20250928.htm
GD,10-Q,2025-07-23,2025-06-29,https://www.sec.gov/Archives/edgar/data/40533/000004053325000035/gd-20250629.htm
GDDY,10-Q,2026-07-31,2026-06-30,https://www.sec.gov/Archives/edgar/data/1609711/000160971126000088/gddy-20260630.htm
GDDY,10-Q,2026-05-01,2026-03-31,https://www.sec.gov/Archives/edgar/data/1609711/000160971126000037/gddy-20260331.htm
GDDY,10-K,2026-02-25,2025-12-31,https://www.sec.gov/Archives/edgar/data/1609711/000160971126000010/gddy-20251231.htm
GDDY,10-Q,2025-10-31,2025-09-30,https://www.sec.gov/Archives/edgar/data/1609711/000160971125000209/gddy-20250930.htm
GDDY,10-Q,2025-08-08,2025-06-30,https://www.sec.gov/Archives/edgar/data/1609711/000160971125000154/gddy-20250630.htm
GE,10-Q,2026-07-16,2026-06-30,https://www.sec.gov/Archives/edgar/data/40545/000004054526000049/ge-20260630.htm
GE,10-Q,2026-04-21,2026-03-31,https://www.sec.gov/Archives/edgar/data/40545/000004054526000027/ge-20260331.htm
GE,10-K,2026-01-29,2025-12-31,https://www.sec.gov/Archives/edgar/data/40545/000004054526000008/ge-20251231.htm
GE,10-Q,2025-10-21,2025-09-30,https://www.sec.gov/Archives/edgar/data/40545/000004054525000132/ge-20250930.htm
GE,10-Q,2025-07-21,2025-06-30,https://www.sec.gov/Archives/edgar/data/40545/000004054525000111/ge-20250630.htm
GEHC,10-Q,2026-07-29,2026-06-30,https://www.sec.gov/Archives/edgar/data/1932393/000193239326000046/gehc-20260630.htm
GEHC,10-Q,2026-04-29,2026-03-31,https://www.sec.gov/Archives/edgar/data/1932393/000193239326000031/gehc-20260331.htm
GEHC,10-K,2026-02-04,2025-12-31,https://www.sec.gov/Archives/edgar/data/1932393/000193239326000007/gehc-20251231.htm
GEHC,10-Q,2025-10-29,2025-09-30,https://www.sec.gov/Archives/edgar/data/1932393/000193239325000053/gehc-20250930.htm
GEHC,10-Q,2025-07-30,2025-06-30,https://www.sec.gov/Archives/edgar/data/1932393/000193239325000049/gehc-20250630.htm
GEN,10-Q,2026-08-07,2026-07-03,https://www.sec.gov/Archives/edgar/data/849399/000084939926000031/gen-20260703.htm
GEN,10-K,2026-05-21,2026-04-03,https://www.sec.gov/Archives/edgar/data/849399/000084939926000017/gen-20260403.htm
GEN,10-Q,2026-02-06,2026-01-02,https://www.sec.gov/Archives/edgar/data/849399/000084939926000004/gen-20260102.htm
GEN,10-Q,2025-11-07,2025-10-03,https://www.sec.gov/Archives/edgar/data/849399/000084939925000092/gen-20251003.htm
GEN,10-Q,2025-08-13,2025-07-04,https://www.sec.gov/Archives/edgar/data/849399/000084939925000059/gen-20250704.htm
GEV,10-Q,2026-07-22,2026-06-30,https://www.sec.gov/Archives/edgar/data/1996810/000199681026000148/gev-20260630.htm
GEV,10-Q,2026-04-22,2026-03-31,https://www.sec.gov/Archives/edgar/data/1996810/000199681026000064/gev-20260331.htm
GEV,10-K,2026-01-29,2025-12-31,https://www.sec.gov/Archives/edgar/data/1996810/000199681026000015/gev-20251231.htm
GEV,10-Q,2025-10-22,2025-09-30,https://www.sec.gov/Archives/edgar/data/1996810/000199681025000160/gev-20250930.htm
GEV,10-Q,2025-07-23,2025-06-30,https://www.sec.gov/Archives/edgar/data/1996810/000199681025000133/gev-20250630.htm
GILD,10-Q,2026-08-06,2026-06-30,https://www.sec.gov/Archives/edgar/data/882095/000088209526000031/gild-20260630.htm
GILD,10-Q,2026-05-07,2026-03-31,https://www.sec.gov/Archives/edgar/data/882095/000088209526000024/gild-20260331.htm
GILD,10-K,2026-02-24,2025-12-31,https://www.sec.gov/Archives/edgar/data/882095/000088209526000006/gild-20251231.htm
GILD,10-Q,2025-11-07,2025-09-30,https://www.sec.gov/Archives/edgar/data/882095/000088209525000047/gild-20250930.htm
GILD,10-Q,2025-08-07,2025-06-30,https://www.sec.gov/Archives/edgar/data/882095/000088209525000032/gild-20250630.htm
GIS,10-K,2026-07-01,2026-05-31,https://www.sec.gov/Archives/edgar/data/40704/000162828026046466/gis-20260531.htm
GIS,10-Q,2026-03-18,2026-02-22,https://www.sec.gov/Archives/edgar/data/40704/000162828026019398/gis-20260222.htm
GIS,10-Q,2025-12-17,2025-11-23,https://www.sec.gov/Archives/edgar/data/40704/000162828025057598/gis-20251123.htm
GIS,10-Q,2025-09-17,2025-08-24,https://www.sec.gov/Archives/edgar/data/40704/000119312525206304/d60216d10q.htm
GIS,10-K,2025-06-26,2025-05-25,https://www.sec.gov/Archives/edgar/data/40704/000119312525147079/d938443d10k.htm
GL,10-Q,2026-08-05,2026-06-30,https://www.sec.gov/Archives/edgar/data/320335/000032033526000216/gl-20260630.htm
GL,10-Q,2026-05-07,2026-03-31,https://www.sec.gov/Archives/edgar/data/320335/000032033526000169/gl-20260331.htm
GL,10-K,2026-02-25,2025-12-31,https://www.sec.gov/Archives/edgar/data/320335/000032033526000090/gl-20251231.htm
GL,10-Q,2025-11-05,2025-09-30,https://www.sec.gov/Archives/edgar/data/320335/000032033525000064/gl-20250930.htm
GL,10-Q,2025-08-06,2025-06-30,https://www.sec.gov/Archives/edgar/data/320335/000032033525000046/gl-20250630.htm
GLW,10-Q,2026-07-29,2026-06-30,https://www.sec.gov/Archives/edgar/data/24741/000002474126000255/glw-20260630.htm
GLW,10-Q,2026-05-01,2026-03-31,https://www.sec.gov/Archives/edgar/data/24741/000002474126000205/glw-20260331.htm
GLW,10-K,2026-02-12,2025-12-31,https://www.sec.gov/Archives/edgar/data/24741/000002474126000124/glw-20251231.htm
GLW,10-Q,2025-10-31,2025-09-30,https://www.sec.gov/Archives/edgar/data/24741/000002474125000121/glw-20250930.htm
GLW,10-Q,2025-08-01,2025-06-30,https://www.sec.gov/Archives/edgar/data/24741/000162828025037169/glw-20250630.htm
GM,10-Q,2026-07-21,2026-06-30,https://www.sec.gov/Archives/edgar/data/1467858/000146785826000051/gm-20260630.htm
GM,10-Q,2026-04-28,2026-03-31,https://www.sec.gov/Archives/edgar/data/1467858/000146785826000035/gm-20260331.htm
GM,10-K,2026-01-27,2025-12-31,https://www.sec.gov/Archives/edgar/data/1467858/000146785826000013/gm-20251231.htm
GM,10-Q,2025-10-21,2025-09-30,https://www.sec.gov/Archives/edgar/data/1467858/000146785825000143/gm-20250930.htm
GM,10-Q,2025-07-22,2025-06-30,https://www.sec.gov/Archives/edgar/data/1467858/000146785825000121/gm-20250630.htm
GNRC,10-Q,2026-08-04,2026-06-30,https://www.sec.gov/Archives/edgar/data/1474735/000143774926025669/gnrc20260630_10q.htm
GNRC,10-Q,2026-05-05,2026-03-31,https://www.sec.gov/Archives/edgar/data/1474735/000143774926014882/gnrc20260331_10q.htm
GNRC,10-K,2026-02-18,2025-12-31,https://www.sec.gov/Archives/edgar/data/1474735/000143774926004568/gnrc20251231_10k.htm
GNRC,10-Q,2025-11-04,2025-09-30,https://www.sec.gov/Archives/edgar/data/1474735/000143774925033048/gnrc20250930_10q.htm
GNRC,10-Q,2025-08-05,2025-06-30,https://www.sec.gov/Archives/edgar/data/1474735/000143774925024879/gnrc20250630_10q.htm
GOOG,10-Q,2026-07-23,2026-06-30,https://www.sec.gov/Archives/edgar/data/1652044/000165204426000071/goog-20260630.htm
GOOG,10-Q,2026-04-30,2026-03-31,https://www.sec.gov/Archives/edgar/data/1652044/000165204426000048/goog-20260331.htm
GOOG,10-K,2026-02-05,2025-12-31,https://www.sec.gov/Archives/edgar/data/1652044/000165204426000018/goog-20251231.htm
GOOG,10-Q,2025-10-30,2025-09-30,https://www.sec.gov/Archives/edgar/data/1652044/000165204425000091/goog-20250930.htm
GOOG,10-Q,2025-07-24,2025-06-30,https://www.sec.gov/Archives/edgar/data/1652044/000165204425000062/goog-20250630.htm
GOOGL,10-Q,2026-07-23,2026-06-30,https://www.sec.gov/Archives/edgar/data/1652044/000165204426000071/goog-20260630.htm
GOOGL,10-Q,2026-04-30,2026-03-31,https://www.sec.gov/Archives/edgar/data/1652044/000165204426000048/goog-20260331.htm
GOOGL,10-K,2026-02-05,2025-12-31,https://www.sec.gov/Archives/edgar/data/1652044/000165204426000018/goog-20251231.htm
GOOGL,10-Q,2025-10-30,2025-09-30,https://www.sec.gov/Archives/edgar/data/1652044/000165204425000091/goog-20250930.htm
GOOGL,10-Q,2025-07-24,2025-06-30,https://www.sec.gov/Archives/edgar/data/1652044/000165204425000062/goog-20250630.htm
GPC,10-Q,2026-07-21,2026-06-30,https://www.sec.gov/Archives/edgar/data/40987/000004098726000033/gpc-20260630.htm
GPC,10-Q,2026-04-21,2026-03-31,https://www.sec.gov/Archives/edgar/data/40987/000004098726000017/gpc-20260331.htm
GPC,10-K,2026-02-20,2025-12-31,https://www.sec.gov/Archives/edgar/data/40987/000004098726000003/gpc-20251231.htm
GPC,10-Q,2025-10-21,2025-09-30,https://www.sec.gov/Archives/edgar/data/40987/000004098725000196/gpc-20250930.htm
GPC,10-Q,2025-07-22,2025-06-30,https://www.sec.gov/Archives/edgar/data/40987/000004098725000144/gpc-20250630.htm
GPN,10-Q,2026-08-05,2026-06-30,https://www.sec.gov/Archives/edgar/data/1123360/000112336026000084/gpn-20260630.htm
GPN,10-Q,2026-05-08,2026-03-31,https://www.sec.gov/Archives/edgar/data/1123360/000112336026000072/gpn-20260331.htm
GPN,10-K,2026-02-20,2025-12-31,https://www.sec.gov/Archives/edgar/data/1123360/000112336026000008/gpn-20251231.htm
GPN,10-Q,2025-11-04,2025-09-30,https://www.sec.gov/Archives/edgar/data/1123360/000112336025000077/gpn-20250930.htm
GPN,10-Q,2025-08-06,2025-06-30,https://www.sec.gov/Archives/edgar/data/1123360/000112336025000040/gpn-20250630.htm
GRMN,10-Q,2026-07-29,2026-06-27,https://www.sec.gov/Archives/edgar/data/1121788/000119312526322114/grmn-20260627.htm
GRMN,10-Q,2026-04-29,2026-03-28,https://www.sec.gov/Archives/edgar/data/1121788/000119312526188908/grmn-20260328.htm
GRMN,10-K,2026-02-18,2025-12-27,https://www.sec.gov/Archives/edgar/data/1121788/000119312526056028/grmn-20251227.htm
GRMN,10-Q,2025-10-29,2025-09-27,https://www.sec.gov/Archives/edgar/data/1121788/000119312525254605/grmn-20250927.htm
GRMN,10-Q,2025-07-30,2025-06-28,https://www.sec.gov/Archives/edgar/data/1121788/000095017025099877/grmn-20250628.htm
GS,10-Q,2026-08-03,2026-06-30,https://www.sec.gov/Archives/edgar/data/886982/000088698226000297/gs-20260630.htm
GS,10-Q,2026-05-01,2026-03-31,https://www.sec.gov/Archives/edgar/data/886982/000088698226000118/gs-20260331.htm
GS,10-K,2026-02-25,2025-12-31,https://www.sec.gov/Archives/edgar/data/886982/000088698226000091/gs-20251231.htm
GS,10-Q,2025-10-31,2025-09-30,https://www.sec.gov/Archives/edgar/data/886982/000088698225001411/gs-20250930.htm
GWW,10-Q,2026-08-04,2026-06-30,https://www.sec.gov/Archives/edgar/data/277135/000027713526000079/gww-20260630.htm
GWW,10-Q,2026-05-07,2026-03-31,https://www.sec.gov/Archives/edgar/data/277135/000027713526000053/gww-20260331.htm
GWW,10-K,2026-02-19,2025-12-31,https://www.sec.gov/Archives/edgar/data/277135/000027713526000011/gww-20251231.htm
GWW,10-Q,2025-10-31,2025-09-30,https://www.sec.gov/Archives/edgar/data/277135/000027713525000148/gww-20250930.htm
GWW,10-Q,2025-08-01,2025-06-30,https://www.sec.gov/Archives/edgar/data/277135/000027713525000129/gww-20250630.htm
HAL,10-Q,2026-07-24,2026-06-30,https://www.sec.gov/Archives/edgar/data/45012/000004501226000061/hal-20260630.htm
HAL,10-Q,2026-04-24,2026-03-31,https://www.sec.gov/Archives/edgar/data/45012/000004501226000039/hal-20260331.htm
HAL,10-K,2026-02-06,2025-12-31,https://www.sec.gov/Archives/edgar/data/45012/000004501226000015/hal-20251231.htm
HAL,10-Q,2025-10-24,2025-09-30,https://www.sec.gov/Archives/edgar/data/45012/000004501225000069/hal-20250930.htm
HAL,10-Q,2025-07-25,2025-06-30,https://www.sec.gov/Archives/edgar/data/45012/000004501225000057/hal-20250630.htm
HAS,10-Q,2026-07-30,2026-06-28,https://www.sec.gov/Archives/edgar/data/46080/000004608026000050/has-20260628.htm
HAS,10-Q,2026-05-13,2026-03-29,https://www.sec.gov/Archives/edgar/data/46080/000004608026000026/has-20260329.htm
HAS,10-K,2026-02-25,2025-12-28,https://www.sec.gov/Archives/edgar/data/46080/000004608026000011/has-20251228.htm
HAS,10-Q,2025-11-05,2025-09-28,https://www.sec.gov/Archives/edgar/data/46080/000004608025000164/has-20250928.htm
HAS,10-Q,2025-07-31,2025-06-29,https://www.sec.gov/Archives/edgar/data/46080/000004608025000128/has-20250629.htm
HBAN,10-Q,2026-07-28,2026-06-30,https://www.sec.gov/Archives/edgar/data/49196/000004919626000066/hban-20260630.htm
HBAN,10-Q,2026-04-30,2026-03-31,https://www.sec.gov/Archives/edgar/data/49196/000004919626000043/hban-20260331.htm
HBAN,10-K,2026-02-13,2025-12-31,https://www.sec.gov/Archives/edgar/data/49196/000004919626000015/hban-20251231.htm
HBAN,10-Q,2025-10-28,2025-09-30,https://www.sec.gov/Archives/edgar/data/49196/000004919625000079/hban-20250930.htm
HBAN,10-Q,2025-07-29,2025-06-30,https://www.sec.gov/Archives/edgar/data/49196/000004919625000063/hban-20250630.htm
HCA,10-Q,2026-07-28,2026-06-30,https://www.sec.gov/Archives/edgar/data/860730/000119312526321077/hca-20260630.htm
HCA,10-Q,2026-04-29,2026-03-31,https://www.sec.gov/Archives/edgar/data/860730/000119312526191444/hca-20260331.htm
HCA,10-K,2026-02-10,2025-12-31,https://www.sec.gov/Archives/edgar/data/860730/000119312526044769/hca-20251231.htm
HCA,10-Q,2025-10-30,2025-09-30,https://www.sec.gov/Archives/edgar/data/860730/000119312525258667/hca-20250930.htm
HCA,10-Q,2025-08-04,2025-06-30,https://www.sec.gov/Archives/edgar/data/860730/000095017025102056/hca-20250630.htm
HD,10-Q,2026-08-25,2026-08-02,https://www.sec.gov/Archives/edgar/data/354950/000162828026058715/hd-20260802.htm
HD,10-Q,2026-05-27,2026-05-03,https://www.sec.gov/Archives/edgar/data/354950/000162828026038247/hd-20260503.htm
HD,10-K,2026-03-18,2026-02-01,https://www.sec.gov/Archives/edgar/data/354950/000162828026019436/hd-20260201.htm
HD,10-Q,2025-11-25,2025-11-02,https://www.sec.gov/Archives/edgar/data/354950/000162828025053868/hd-20251102.htm
HD,10-Q,2025-08-26,2025-08-03,https://www.sec.gov/Archives/edgar/data/354950/000035495025000217/hd-20250803.htm
HIG,10-Q,2026-07-23,2026-06-30,https://www.sec.gov/Archives/edgar/data/874766/000087476626000060/hig-20260630.htm
HIG,10-Q,2026-04-23,2026-03-31,https://www.sec.gov/Archives/edgar/data/874766/000087476626000037/hig-20260331.htm
HIG,10-K,2026-02-20,2025-12-31,https://www.sec.gov/Archives/edgar/data/874766/000087476626000012/hig-20251231.htm
HIG,10-Q,2025-10-27,2025-09-30,https://www.sec.gov/Archives/edgar/data/874766/000087476625000107/hig-20250930.htm
HIG,10-Q,2025-07-28,2025-06-30,https://www.sec.gov/Archives/edgar/data/874766/000087476625000084/hig-20250630.htm
HII,10-Q,2026-07-30,2026-06-30,https://www.sec.gov/Archives/edgar/data/1501585/000150158526000047/hii-20260630.htm
HII,10-Q,2026-05-05,2026-03-31,https://www.sec.gov/Archives/edgar/data/1501585/000150158526000029/hii-20260331.htm
HII,10-K,2026-02-05,2025-12-31,https://www.sec.gov/Archives/edgar/data/1501585/000150158526000006/hii-20251231.htm
HII,10-Q,2025-10-30,2025-09-30,https://www.sec.gov/Archives/edgar/data/1501585/000150158525000112/hii-20250930.htm
HII,10-Q,2025-07-31,2025-06-30,https://www.sec.gov/Archives/edgar/data/1501585/000150158525000099/hii-20250630.htm
HLT,10-Q,2026-07-28,2026-06-30,https://www.sec.gov/Archives/edgar/data/1585689/000158568926000043/hlt-20260630.htm
HLT,10-Q,2026-04-28,2026-03-31,https://www.sec.gov/Archives/edgar/data/1585689/000158568926000032/hlt-20260331.htm
HLT,10-K,2026-02-11,2025-12-31,https://www.sec.gov/Archives/edgar/data/1585689/000158568926000007/hlt-20251231.htm
HLT,10-Q,2025-10-22,2025-09-30,https://www.sec.gov/Archives/edgar/data/1585689/000158568925000160/hlt-20250930.htm
HLT,10-Q,2025-07-23,2025-06-30,https://www.sec.gov/Archives/edgar/data/1585689/000158568925000145/hlt-20250630.htm
HON,10-Q,2026-07-23,2026-06-30,https://www.sec.gov/Archives/edgar/data/773840/000077384026000124/hon-20260630.htm
HON,10-Q,2026-04-23,2026-03-31,https://www.sec.gov/Archives/edgar/data/773840/000077384026000057/hon-20260331.htm
HON,10-K,2026-02-17,2025-12-31,https://www.sec.gov/Archives/edgar/data/773840/000077384026000013/hon-20251231.htm
HON,10-Q,2025-10-23,2025-09-30,https://www.sec.gov/Archives/edgar/data/773840/000077384025000105/hon-20250930.htm
HON,10-Q,2025-07-24,2025-06-30,https://www.sec.gov/Archives/edgar/data/773840/000077384025000064/hon-20250630.htm
HOOD,10-Q,2026-07-30,2026-06-30,https://www.sec.gov/Archives/edgar/data/1783879/000178387926000114/hood-20260630.htm
HOOD,10-Q,2026-04-29,2026-03-31,https://www.sec.gov/Archives/edgar/data/1783879/000178387926000062/hood-20260331.htm
HOOD,10-K,2026-02-18,2025-12-31,https://www.sec.gov/Archives/edgar/data/1783879/000178387926000023/hood-20251231.htm
HOOD,10-Q,2025-11-06,2025-09-30,https://www.sec.gov/Archives/edgar/data/1783879/000178387925000310/hood-20250930.htm
HOOD,10-Q,2025-07-31,2025-06-30,https://www.sec.gov/Archives/edgar/data/1783879/000178387925000251/hood-20250630.htm
HPE,10-Q,2026-09-03,2026-07-31,https://www.sec.gov/Archives/edgar/data/1645590/000164559026000080/hpe-20260731.htm
HPE,10-Q,2026-06-02,2026-04-30,https://www.sec.gov/Archives/edgar/data/1645590/000164559026000055/hpe-20260430.htm
HPE,10-Q,2026-03-10,2026-01-31,https://www.sec.gov/Archives/edgar/data/1645590/000164559026000032/hpe-20260131.htm
HPE,10-K,2025-12-18,2025-10-31,https://www.sec.gov/Archives/edgar/data/1645590/000164559025000130/hpe-20251031.htm
HPE,10-Q,2025-09-04,2025-07-31,https://www.sec.gov/Archives/edgar/data/1645590/000164559025000101/hpe-20250731.htm
HPQ,10-Q,2026-08-27,2026-07-31,https://www.sec.gov/Archives/edgar/data/47217/000004721726000051/hpq-20260731.htm
HPQ,10-Q,2026-05-28,2026-04-30,https://www.sec.gov/Archives/edgar/data/47217/000004721726000029/hpq-20260430.htm
HPQ,10-Q,2026-02-25,2026-01-31,https://www.sec.gov/Archives/edgar/data/47217/000004721726000011/hpq-20260131.htm
HPQ,10-K,2025-12-10,2025-10-31,https://www.sec.gov/Archives/edgar/data/47217/000004721725000071/hpq-20251031.htm
HPQ,10-Q,2025-08-28,2025-07-31,https://www.sec.gov/Archives/edgar/data/47217/000004721725000063/hpq-20250731.htm
HRL,10-Q,2026-08-27,2026-07-26,https://www.sec.gov/Archives/edgar/data/48465/000004846526000055/hrl-20260726.htm
HRL,10-Q,2026-05-28,2026-04-26,https://www.sec.gov/Archives/edgar/data/48465/000004846526000026/hrl-20260426.htm
HRL,10-Q,2026-02-26,2026-01-25,https://www.sec.gov/Archives/edgar/data/48465/000004846526000020/hrl-20260125.htm
HRL,10-K,2025-12-05,2025-10-26,https://www.sec.gov/Archives/edgar/data/48465/000004846525000059/hrl-20251026.htm
HRL,10-Q,2025-08-28,2025-07-27,https://www.sec.gov/Archives/edgar/data/48465/000004846525000044/hrl-20250727.htm
HSIC,10-Q,2026-08-04,2026-06-27,https://www.sec.gov/Archives/edgar/data/1000228/000100022826000045/hsic-20260627.htm
HSIC,10-Q,2026-05-05,2026-03-28,https://www.sec.gov/Archives/edgar/data/1000228/000100022826000024/hsic-20260328.htm
HSIC,10-K,2026-02-24,2025-12-27,https://www.sec.gov/Archives/edgar/data/1000228/000100022826000013/hsic-20251227.htm
HSIC,10-Q,2025-11-04,2025-09-27,https://www.sec.gov/Archives/edgar/data/1000228/000100022825000066/hsic-20250927.htm
HSIC,10-Q,2025-08-05,2025-06-28,https://www.sec.gov/Archives/edgar/data/1000228/000100022825000045/hsic-20250628.htm
HST,10-Q,2026-08-07,2026-06-30,https://www.sec.gov/Archives/edgar/data/1070750/000107075026000126/hst-20260630.htm
HST,10-Q,2026-05-08,2026-03-31,https://www.sec.gov/Archives/edgar/data/1070750/000107075026000080/hst-20260331.htm
HST,10-K,2026-02-25,2025-12-31,https://www.sec.gov/Archives/edgar/data/1070750/000107075026000054/hst-20251231.htm
HST,10-Q,2025-11-07,2025-09-30,https://www.sec.gov/Archives/edgar/data/1070750/000107075025000168/hst-20250930.htm
HST,10-Q,2025-08-01,2025-06-30,https://www.sec.gov/Archives/edgar/data/1070750/000107075025000139/hst-20250630.htm
HSY,10-Q,2026-07-30,2026-06-28,https://www.sec.gov/Archives/edgar/data/47111/000162828026050900/hsy-20260628.htm
HSY,10-Q,2026-04-30,2026-03-29,https://www.sec.gov/Archives/edgar/data/47111/000162828026028682/hsy-20260329.htm
HSY,10-K,2026-02-17,2025-12-31,https://www.sec.gov/Archives/edgar/data/47111/000162828026008586/hsy-20251231.htm
HSY,10-Q,2025-10-30,2025-09-28,https://www.sec.gov/Archives/edgar/data/47111/000162828025047471/hsy-20250928.htm
HSY,10-Q,2025-07-30,2025-06-29,https://www.sec.gov/Archives/edgar/data/47111/000004711125000112/hsy-20250629.htm
HUBB,10-Q,2026-07-29,2026-06-30,https://www.sec.gov/Archives/edgar/data/48898/000162828026050405/hubb-20260630.htm
HUBB,10-Q,2026-05-01,2026-03-31,https://www.sec.gov/Archives/edgar/data/48898/000162828026029110/hubb-20260331.htm
HUBB,10-K,2026-02-12,2025-12-31,https://www.sec.gov/Archives/edgar/data/48898/000162828026007500/hubb-20251231.htm
HUBB,10-Q,2025-10-29,2025-09-30,https://www.sec.gov/Archives/edgar/data/48898/000162828025046924/hubb-20250930.htm
HUBB,10-Q,2025-07-30,2025-06-30,https://www.sec.gov/Archives/edgar/data/48898/000162828025036564/hubb-20250630.htm
HUM,10-Q,2026-07-29,2026-06-30,https://www.sec.gov/Archives/edgar/data/49071/000004907126000050/hum-20260630.htm
HUM,10-Q,2026-04-29,2026-03-31,https://www.sec.gov/Archives/edgar/data/49071/000004907126000023/hum-20260331.htm
HUM,10-K,2026-02-19,2025-12-31,https://www.sec.gov/Archives/edgar/data/49071/000004907126000009/hum-20251231.htm
HUM,10-Q,2025-11-05,2025-09-30,https://www.sec.gov/Archives/edgar/data/49071/000004907125000057/hum-20250930.htm
HUM,10-Q,2025-07-30,2025-06-30,https://www.sec.gov/Archives/edgar/data/49071/000004907125000042/hum-20250630.htm
HWM,10-Q,2026-08-06,2026-06-30,https://www.sec.gov/Archives/edgar/data/4281/000000428126000025/hwm-20260630.htm
HWM,10-Q,2026-05-07,2026-03-31,https://www.sec.gov/Archives/edgar/data/4281/000000428126000019/hwm-20260331.htm
HWM,10-K,2026-02-12,2025-12-31,https://www.sec.gov/Archives/edgar/data/4281/000000428126000012/hwm-20251231.htm
HWM,10-Q,2025-10-30,2025-09-30,https://www.sec.gov/Archives/edgar/data/4281/000162828025047584/hwm-20250930.htm
HWM,10-Q,2025-07-31,2025-06-30,https://www.sec.gov/Archives/edgar/data/4281/000000428125000033/hwm-20250630.htm
IBKR,10-Q,2026-08-06,2026-06-30,https://www.sec.gov/Archives/edgar/data/1381197/000138119726000147/ibkr-20260630.htm
IBKR,10-Q,2026-05-07,2026-03-31,https://www.sec.gov/Archives/edgar/data/1381197/000138119726000093/ibkr-20260331.htm
IBKR,10-K,2026-02-27,2025-12-31,https://www.sec.gov/Archives/edgar/data/1381197/000138119726000062/ibkr-20251231.htm
IBKR,10-Q,2025-11-05,2025-09-30,https://www.sec.gov/Archives/edgar/data/1381197/000138119725000158/ibkr-20250930x10q.htm
IBKR,10-Q,2025-08-06,2025-06-30,https://www.sec.gov/Archives/edgar/data/1381197/000138119725000103/ibkr-20250630x10q.htm
IBM,10-Q,2026-07-23,2026-06-30,https://www.sec.gov/Archives/edgar/data/51143/000005114326000078/ibm-20260630.htm
IBM,10-Q,2026-04-23,2026-03-31,https://www.sec.gov/Archives/edgar/data/51143/000005114326000038/ibm-20260331.htm
IBM,10-K,2026-02-24,2025-12-31,https://www.sec.gov/Archives/edgar/data/51143/000005114326000010/ibm-20251231.htm
IBM,10-Q,2025-10-23,2025-09-30,https://www.sec.gov/Archives/edgar/data/51143/000005114325000064/ibm-20250930.htm
IBM,10-Q,2025-07-24,2025-06-30,https://www.sec.gov/Archives/edgar/data/51143/000005114325000052/ibm-20250630.htm
ICE,10-Q,2026-07-30,2026-06-30,https://www.sec.gov/Archives/edgar/data/1571949/000157194926000011/ice-20260630.htm
ICE,10-Q,2026-04-30,2026-03-31,https://www.sec.gov/Archives/edgar/data/1571949/000157194926000007/ice-20260331.htm
ICE,10-K,2026-02-05,2025-12-31,https://www.sec.gov/Archives/edgar/data/1571949/000157194926000004/ice-20251231.htm
ICE,10-Q,2025-10-30,2025-09-30,https://www.sec.gov/Archives/edgar/data/1571949/000157194925000018/ice-20250930.htm
ICE,10-Q,2025-07-31,2025-06-30,https://www.sec.gov/Archives/edgar/data/1571949/000157194925000013/ice-20250630.htm
IDXX,10-Q,2026-08-04,2026-06-30,https://www.sec.gov/Archives/edgar/data/874716/000087471626000123/idxx-20260630.htm
IDXX,10-Q,2026-05-05,2026-03-31,https://www.sec.gov/Archives/edgar/data/874716/000087471626000076/idxx-20260331.htm
IDXX,10-K,2026-02-20,2025-12-31,https://www.sec.gov/Archives/edgar/data/874716/000087471626000038/idxx-20251231.htm
IDXX,10-Q,2025-11-03,2025-09-30,https://www.sec.gov/Archives/edgar/data/874716/000087471625000165/idxx-20250930.htm
IDXX,10-Q,2025-08-04,2025-06-30,https://www.sec.gov/Archives/edgar/data/874716/000087471625000121/idxx-20250630.htm
IEX,10-Q,2026-07-29,2026-06-30,https://www.sec.gov/Archives/edgar/data/832101/000083210126000022/iex-20260630.htm
IEX,10-Q,2026-04-29,2026-03-31,https://www.sec.gov/Archives/edgar/data/832101/000083210126000009/iex-20260331.htm
IEX,10-K,2026-02-19,2025-12-31,https://www.sec.gov/Archives/edgar/data/832101/000083210126000003/iex-20251231.htm
IEX,10-Q,2025-10-29,2025-09-30,https://www.sec.gov/Archives/edgar/data/832101/000162828025047080/iex-20250930.htm
IEX,10-Q,2025-07-30,2025-06-30,https://www.sec.gov/Archives/edgar/data/832101/000083210125000032/iex-20250630.htm
IFF,10-Q,2026-08-04,2026-06-30,https://www.sec.gov/Archives/edgar/data/51253/000005125326000030/iff-20260630.htm
IFF,10-Q,2026-05-05,2026-03-31,https://www.sec.gov/Archives/edgar/data/51253/000005125326000017/iff-20260331.htm
IFF,10-K,2026-02-27,2025-12-31,https://www.sec.gov/Archives/edgar/data/51253/000005125326000006/iff-20251231.htm
IFF,10-Q,2025-11-04,2025-09-30,https://www.sec.gov/Archives/edgar/data/51253/000005125325000049/iff-20250930.htm
IFF,10-Q,2025-08-05,2025-06-30,https://www.sec.gov/Archives/edgar/data/51253/000005125325000042/iff-20250630.htm
INCY,10-Q,2026-07-28,2026-06-30,https://www.sec.gov/Archives/edgar/data/879169/000087916926000056/incy-20260630.htm
INCY,10-Q,2026-04-28,2026-03-31,https://www.sec.gov/Archives/edgar/data/879169/000087916926000026/incy-20260331.htm
INCY,10-K,2026-02-10,2025-12-31,https://www.sec.gov/Archives/edgar/data/879169/000087916926000010/incy-20251231.htm
INCY,10-Q,2025-10-28,2025-09-30,https://www.sec.gov/Archives/edgar/data/879169/000087916925000118/incy-20250930.htm
INCY,10-Q,2025-07-29,2025-06-30,https://www.sec.gov/Archives/edgar/data/879169/000087916925000103/incy-20250630.htm
INTC,10-Q,2026-07-24,2026-06-27,https://www.sec.gov/Archives/edgar/data/50863/000005086326000157/intc-20260627.htm
INTC,10-Q,2026-04-24,2026-03-28,https://www.sec.gov/Archives/edgar/data/50863/000005086326000079/intc-20260328.htm
INTC,10-K,2026-01-23,2025-12-27,https://www.sec.gov/Archives/edgar/data/50863/000005086326000011/intc-20251227.htm
INTC,10-Q,2025-11-06,2025-09-27,https://www.sec.gov/Archives/edgar/data/50863/000005086325000179/intc-20250927.htm
INTC,10-Q,2025-07-24,2025-06-28,https://www.sec.gov/Archives/edgar/data/50863/000005086325000109/intc-20250628.htm
INTU,10-Q,2026-05-20,2026-04-30,https://www.sec.gov/Archives/edgar/data/896878/000089687826000025/intu-20260430.htm
INTU,10-Q,2026-02-26,2026-01-31,https://www.sec.gov/Archives/edgar/data/896878/000089687826000014/intu-20260131.htm
INTU,10-Q,2025-11-20,2025-10-31,https://www.sec.gov/Archives/edgar/data/896878/000089687825000048/intu-20251031.htm
INTU,10-K,2025-09-03,2025-07-31,https://www.sec.gov/Archives/edgar/data/896878/000089687825000035/intu-20250731.htm
INTU,10-Q,2025-05-22,2025-04-30,https://www.sec.gov/Archives/edgar/data/896878/000089687825000022/intu-20250430.htm
INVH,10-Q,2026-07-30,2026-06-30,https://www.sec.gov/Archives/edgar/data/1687229/000168722926000045/invh-20260630.htm
INVH,10-Q,2026-04-30,2026-03-31,https://www.sec.gov/Archives/edgar/data/1687229/000168722926000032/invh-20260331.htm
INVH,10-K,2026-02-19,2025-12-31,https://www.sec.gov/Archives/edgar/data/1687229/000168722926000016/invh-20251231.htm
INVH,10-Q,2025-10-30,2025-09-30,https://www.sec.gov/Archives/edgar/data/1687229/000168722925000051/invh-20250930.htm
INVH,10-Q,2025-07-31,2025-06-30,https://www.sec.gov/Archives/edgar/data/1687229/000168722925000036/invh-20250630.htm
IP,10-Q,2026-08-05,2026-06-30,https://www.sec.gov/Archives/edgar/data/51434/000005143426000123/ip-20260630.htm
IP,10-Q,2026-05-05,2026-03-31,https://www.sec.gov/Archives/edgar/data/51434/000005143426000074/ip-20260331.htm
IP,10-K,2026-02-27,2025-12-31,https://www.sec.gov/Archives/edgar/data/51434/000005143426000055/ip-20251231.htm
IP,10-Q,2025-11-06,2025-09-30,https://www.sec.gov/Archives/edgar/data/51434/000005143425000074/ip-20250930.htm
IP,10-Q,2025-08-07,2025-06-30,https://www.sec.gov/Archives/edgar/data/51434/000005143425000048/ip-20250630.htm
IQV,10-Q,2026-07-28,2026-06-30,https://www.sec.gov/Archives/edgar/data/1478242/000162828026050211/iqv-20260630.htm
IQV,10-Q,2026-05-05,2026-03-31,https://www.sec.gov/Archives/edgar/data/1478242/000162828026030675/iqv-20260331.htm
IQV,10-K,2026-02-17,2025-12-31,https://www.sec.gov/Archives/edgar/data/1478242/000162828026008322/iqv-20251231.htm
IQV,10-Q,2025-10-28,2025-09-30,https://www.sec.gov/Archives/edgar/data/1478242/000162828025046794/iqv-20250930.htm
IQV,10-Q,2025-07-22,2025-06-30,https://www.sec.gov/Archives/edgar/data/1478242/000147824225000106/iqv-20250630.htm
IR,10-Q,2026-07-31,2026-06-30,https://www.sec.gov/Archives/edgar/data/1699150/000162828026051415/iri-20260630.htm
IR,10-Q,2026-04-29,2026-03-31,https://www.sec.gov/Archives/edgar/data/1699150/000162828026028401/iri-20260331.htm
IR,10-K,2026-02-17,2025-12-31,https://www.sec.gov/Archives/edgar/data/1699150/000162828026008617/iri-20251231.htm
IR,10-Q,2025-10-31,2025-09-30,https://www.sec.gov/Archives/edgar/data/1699150/000162828025047838/iri-20250930.htm
IR,10-Q,2025-07-31,2025-06-30,https://www.sec.gov/Archives/edgar/data/1699150/000162828025037049/iri-20250630.htm
IRM,10-Q,2026-08-05,2026-06-30,https://www.sec.gov/Archives/edgar/data/1020569/000102056926000071/irm-20260630.htm
IRM,10-Q,2026-04-30,2026-03-31,https://www.sec.gov/Archives/edgar/data/1020569/000102056926000039/irm-20260331.htm
IRM,10-K,2026-02-12,2025-12-31,https://www.sec.gov/Archives/edgar/data/1020569/000102056926000013/irm-20251231.htm
IRM,10-Q,2025-11-05,2025-09-30,https://www.sec.gov/Archives/edgar/data/1020569/000102056925000206/irm-20250930.htm
IRM,10-Q,2025-08-06,2025-06-30,https://www.sec.gov/Archives/edgar/data/1020569/000102056925000176/irm-20250630.htm
ISRG,10-Q,2026-07-21,2026-06-30,https://www.sec.gov/Archives/edgar/data/1035267/000103526726000058/isrg-20260630.htm
ISRG,10-Q,2026-04-22,2026-03-31,https://www.sec.gov/Archives/edgar/data/1035267/000103526726000032/isrg-20260331.htm
ISRG,10-K,2026-02-03,2025-12-31,https://www.sec.gov/Archives/edgar/data/1035267/000103526726000010/isrg-20251231.htm
ISRG,10-Q,2025-10-22,2025-09-30,https://www.sec.gov/Archives/edgar/data/1035267/000103526725000209/isrg-20250930.htm
ISRG,10-Q,2025-07-23,2025-06-30,https://www.sec.gov/Archives/edgar/data/1035267/000103526725000192/isrg-20250630.htm
IT,10-Q,2026-08-04,2026-06-30,https://www.sec.gov/Archives/edgar/data/749251/000074925126000245/it-20260630.htm
IT,10-Q,2026-05-05,2026-03-31,https://www.sec.gov/Archives/edgar/data/749251/000074925126000167/it-20260331.htm
IT,10-K,2026-02-12,2025-12-31,https://www.sec.gov/Archives/edgar/data/749251/000074925126000112/it-20251231.htm
IT,10-Q,2025-11-04,2025-09-30,https://www.sec.gov/Archives/edgar/data/749251/000074925125000082/it-20250930.htm
IT,10-Q,2025-08-05,2025-06-30,https://www.sec.gov/Archives/edgar/data/749251/000074925125000046/it-20250630.htm
ITW,10-Q,2026-08-06,2026-06-30,https://www.sec.gov/Archives/edgar/data/49826/000004982626000049/itw-20260630.htm
ITW,10-Q,2026-05-07,2026-03-31,https://www.sec.gov/Archives/edgar/data/49826/000004982626000028/itw-20260331.htm
ITW,10-K,2026-02-13,2025-12-31,https://www.sec.gov/Archives/edgar/data/49826/000004982626000008/itw-20251231.htm
ITW,10-Q,2025-10-24,2025-09-30,https://www.sec.gov/Archives/edgar/data/49826/000004982625000057/itw-20250930.htm
ITW,10-Q,2025-08-01,2025-06-30,https://www.sec.gov/Archives/edgar/data/49826/000004982625000037/itw-20250630.htm
IVZ,10-Q,2026-08-04,2026-06-30,https://www.sec.gov/Archives/edgar/data/914208/000091420826000235/ivz-20260630.htm
IVZ,10-Q,2026-05-05,2026-03-31,https://www.sec.gov/Archives/edgar/data/914208/000091420826000106/ivz-20260331.htm
IVZ,10-K,2026-02-24,2025-12-31,https://www.sec.gov/Archives/edgar/data/914208/000091420826000079/ivz-20251231.htm
IVZ,10-Q,2025-11-04,2025-09-30,https://www.sec.gov/Archives/edgar/data/914208/000091420825000366/ivz-20250930.htm
IVZ,10-Q,2025-08-01,2025-06-30,https://www.sec.gov/Archives/edgar/data/914208/000091420825000262/ivz-20250630.htm
J,10-Q,2026-08-04,2026-06-26,https://www.sec.gov/Archives/edgar/data/52988/000162828026052573/jec-20260626.htm
J,10-Q,2026-05-05,2026-03-27,https://www.sec.gov/Archives/edgar/data/52988/000162828026030528/jec-20260327.htm
J,10-Q,2026-02-03,2025-12-26,https://www.sec.gov/Archives/edgar/data/52988/000162828026005006/jec-20251226.htm
J,10-K,2025-11-20,2025-09-26,https://www.sec.gov/Archives/edgar/data/52988/000162828025053316/jec-20250926.htm
J,10-Q,2025-08-05,2025-06-27,https://www.sec.gov/Archives/edgar/data/52988/000005298825000051/jec-20250627.htm
JBHT,10-Q,2026-07-24,2026-06-30,https://www.sec.gov/Archives/edgar/data/728535/000143774926024397/jbht20260630_10q.htm
JBHT,10-Q,2026-04-24,2026-03-31,https://www.sec.gov/Archives/edgar/data/728535/000143774926013300/jbht20260331_10q.htm
JBHT,10-K,2026-02-24,2025-12-31,https://www.sec.gov/Archives/edgar/data/728535/000143774926005294/jbht20251231_10k.htm
JBHT,10-Q,2025-10-24,2025-09-30,https://www.sec.gov/Archives/edgar/data/728535/000143774925031696/jbht20250930_10q.htm
JBHT,10-Q,2025-07-24,2025-06-30,https://www.sec.gov/Archives/edgar/data/728535/000143774925023379/jbht20250630_10q.htm
JBL,10-Q,2026-06-30,2026-05-31,https://www.sec.gov/Archives/edgar/data/898293/000162828026046138/jbl-20260531.htm
JBL,10-Q,2026-04-08,2026-02-28,https://www.sec.gov/Archives/edgar/data/898293/000162828026024148/jbl-20260228.htm
JBL,10-Q,2026-01-09,2025-11-30,https://www.sec.gov/Archives/edgar/data/898293/000162828026001450/jbl-20251130.htm
JBL,10-K,2025-10-17,2025-08-31,https://www.sec.gov/Archives/edgar/data/898293/000162828025045293/jbl-20250831.htm
JBL,10-Q,2025-06-30,2025-05-31,https://www.sec.gov/Archives/edgar/data/898293/000162828025033410/jbl-20250531.htm
JCI,10-Q,2026-07-29,2026-06-30,https://www.sec.gov/Archives/edgar/data/833444/000083344426000087/jci-20260630.htm
JCI,10-Q,2026-05-06,2026-03-31,https://www.sec.gov/Archives/edgar/data/833444/000083344426000050/jci-20260331.htm
JCI,10-Q,2026-02-04,2025-12-31,https://www.sec.gov/Archives/edgar/data/833444/000083344426000019/jci-20251231.htm
JCI,10-K,2025-11-14,2025-09-30,https://www.sec.gov/Archives/edgar/data/833444/000083344425000097/jci-20250930.htm
JCI,10-Q,2025-08-06,2025-06-30,https://www.sec.gov/Archives/edgar/data/833444/000083344425000063/jci-20250630.htm
JKHY,10-K,2026-08-28,2026-06-30,https://www.sec.gov/Archives/edgar/data/779152/000077915226000067/jkhy-20260630.htm
JKHY,10-Q,2026-05-07,2026-03-31,https://www.sec.gov/Archives/edgar/data/779152/000077915226000025/jkhy-20260331.htm
JKHY,10-Q,2026-02-06,2025-12-31,https://www.sec.gov/Archives/edgar/data/779152/000077915226000009/jkhy-20251231.htm
JKHY,10-Q,2025-11-07,2025-09-30,https://www.sec.gov/Archives/edgar/data/779152/000077915225000092/jkhy-20250930.htm
JKHY,10-K,2025-08-25,2025-06-30,https://www.sec.gov/Archives/edgar/data/779152/000077915225000055/jkhy-20250630.htm
JNJ,10-Q,2026-07-23,2026-06-28,https://www.sec.gov/Archives/edgar/data/200406/000020040626000153/jnj-20260628.htm
JNJ,10-Q,2026-04-22,2026-03-29,https://www.sec.gov/Archives/edgar/data/200406/000020040626000087/jnj-20260329.htm
JNJ,10-K,2026-02-11,2025-12-28,https://www.sec.gov/Archives/edgar/data/200406/000020040626000016/jnj-20251228.htm
JNJ,10-Q,2025-10-22,2025-09-28,https://www.sec.gov/Archives/edgar/data/200406/000020040625000209/jnj-20250928.htm
JNJ,10-Q,2025-07-24,2025-06-29,https://www.sec.gov/Archives/edgar/data/200406/000020040625000178/jnj-20250629.htm
JPM,10-Q,2026-08-06,2026-06-30,https://www.sec.gov/Archives/edgar/data/19617/000162828026054343/jpm-20260630.htm
JPM,10-Q,2026-05-01,2026-03-31,https://www.sec.gov/Archives/edgar/data/19617/000162828026029344/jpm-20260331.htm
JPM,10-K,2026-02-13,2025-12-31,https://www.sec.gov/Archives/edgar/data/19617/000162828026008131/jpm-20251231.htm
JPM,10-Q,2025-11-04,2025-09-30,https://www.sec.gov/Archives/edgar/data/19617/000162828025048859/jpm-20250930.htm
KDP,10-Q,2026-08-10,2026-06-30,https://www.sec.gov/Archives/edgar/data/1418135/000141813526000051/kdp-20260630.htm
KDP,10-Q,2026-04-23,2026-03-31,https://www.sec.gov/Archives/edgar/data/1418135/000141813526000026/kdp-20260331.htm
KDP,10-K,2026-02-24,2025-12-31,https://www.sec.gov/Archives/edgar/data/1418135/000141813526000016/kdp-20251231.htm
KDP,10-Q,2025-10-28,2025-09-30,https://www.sec.gov/Archives/edgar/data/1418135/000141813525000125/kdp-20250930.htm
KDP,10-Q,2025-07-24,2025-06-30,https://www.sec.gov/Archives/edgar/data/1418135/000141813525000103/kdp-20250630.htm
KEY,10-Q,2026-08-04,2026-06-30,https://www.sec.gov/Archives/edgar/data/91576/000162828026052671/key-20260630.htm
KEY,10-Q,2026-05-05,2026-03-31,https://www.sec.gov/Archives/edgar/data/91576/000162828026030507/key-20260331.htm
KEY,10-K,2026-02-23,2025-12-31,https://www.sec.gov/Archives/edgar/data/91576/000162828026010546/key-20251231.htm
KEY,10-Q,2025-11-04,2025-09-30,https://www.sec.gov/Archives/edgar/data/91576/000162828025048757/key-20250930.htm
KEY,10-Q,2025-08-05,2025-06-30,https://www.sec.gov/Archives/edgar/data/91576/000009157625000110/key-20250630.htm
KEYS,10-Q,2026-09-02,2026-07-31,https://www.sec.gov/Archives/edgar/data/1601046/000160104626000036/keys-20260731.htm
KEYS,10-Q,2026-06-04,2026-04-30,https://www.sec.gov/Archives/edgar/data/1601046/000160104626000024/keys-20260430.htm
KEYS,10-Q,2026-03-05,2026-01-31,https://www.sec.gov/Archives/edgar/data/1601046/000160104626000008/keys-20260131.htm
KEYS,10-K,2025-12-17,2025-10-31,https://www.sec.gov/Archives/edgar/data/1601046/000160104625000127/keys-20251031.htm
KEYS,10-Q,2025-08-29,2025-07-31,https://www.sec.gov/Archives/edgar/data/1601046/000160104625000091/keys-20250731.htm
KHC,10-Q,2026-08-05,2026-06-27,https://www.sec.gov/Archives/edgar/data/1637459/000163745926000054/khc-20260627.htm
KHC,10-Q,2026-05-06,2026-03-28,https://www.sec.gov/Archives/edgar/data/1637459/000163745926000022/khc-20260328.htm
KHC,10-K,2026-02-12,2025-12-27,https://www.sec.gov/Archives/edgar/data/1637459/000163745926000009/khc-20251227.htm
KHC,10-Q,2025-10-29,2025-09-27,https://www.sec.gov/Archives/edgar/data/1637459/000163745925000166/khc-20250927.htm
KHC,10-Q,2025-07-30,2025-06-28,https://www.sec.gov/Archives/edgar/data/1637459/000163745925000152/khc-20250628.htm
KIM,10-Q,2026-08-04,2026-06-30,https://www.sec.gov/Archives/edgar/data/879101/000119312526331817/kim-20260630.htm
KIM,10-Q,2026-04-30,2026-03-31,https://www.sec.gov/Archives/edgar/data/879101/000119312526195304/kim-20260331.htm
KIM,10-K,2026-02-20,2025-12-31,https://www.sec.gov/Archives/edgar/data/879101/000119312526060760/kim-20251231.htm
KIM,10-Q,2025-10-30,2025-09-30,https://www.sec.gov/Archives/edgar/data/879101/000119312525258133/kim-20250930.htm
KIM,10-Q,2025-08-01,2025-06-30,https://www.sec.gov/Archives/edgar/data/879101/000095017025101195/kim-20250630.htm
KKR,10-Q,2026-08-06,2026-06-30,https://www.sec.gov/Archives/edgar/data/1404912/000140491226000027/kkr-20260630.htm
KKR,10-Q,2026-05-08,2026-03-31,https://www.sec.gov/Archives/edgar/data/1404912/000140491226000017/kkr-20260331.htm
KKR,10-K,2026-02-27,2025-12-31,https://www.sec.gov/Archives/edgar/data/1404912/000140491226000007/kkr-20251231.htm
KKR,10-Q,2025-11-07,2025-09-30,https://www.sec.gov/Archives/edgar/data/1404912/000140491225000042/kkr-20250930.htm
KKR,10-Q,2025-08-08,2025-06-30,https://www.sec.gov/Archives/edgar/data/1404912/000140491225000032/kkr-20250630.htm
KLAC,10-K,2026-08-06,2026-06-30,https://www.sec.gov/Archives/edgar/data/319201/000031920126000027/klac-20260630.htm
KLAC,10-Q,2026-04-30,2026-03-31,https://www.sec.gov/Archives/edgar/data/319201/000031920126000016/klac-20260331.htm
KLAC,10-Q,2026-01-30,2025-12-31,https://www.sec.gov/Archives/edgar/data/319201/000031920126000008/klac-20251231.htm
KLAC,10-Q,2025-10-31,2025-09-30,https://www.sec.gov/Archives/edgar/data/319201/000031920125000034/klac-20250930.htm
KLAC,10-K,2025-08-08,2025-06-30,https://www.sec.gov/Archives/edgar/data/319201/000031920125000024/klac-20250630.htm
KMB,10-Q,2026-08-04,2026-06-30,https://www.sec.gov/Archives/edgar/data/55785/000162828026052348/kmb-20260630.htm
KMB,10-Q,2026-04-28,2026-03-31,https://www.sec.gov/Archives/edgar/data/55785/000162828026027800/kmb-20260331.htm
KMB,10-K,2026-02-12,2025-12-31,https://www.sec.gov/Archives/edgar/data/55785/000162828026007567/kmb-20251231.htm
KMB,10-Q,2025-10-30,2025-09-30,https://www.sec.gov/Archives/edgar/data/55785/000162828025047387/kmb-20250930.htm
KMB,10-Q,2025-08-01,2025-06-30,https://www.sec.gov/Archives/edgar/data/55785/000005578525000080/kmb-20250630.htm
KMI,10-Q,2026-07-24,2026-06-30,https://www.sec.gov/Archives/edgar/data/1506307/000150630726000085/kmi-20260630.htm
KMI,10-Q,2026-04-24,2026-03-31,https://www.sec.gov/Archives/edgar/data/1506307/000150630726000035/kmi-20260331.htm
KMI,10-K,2026-02-13,2025-12-31,https://www.sec.gov/Archives/edgar/data/1506307/000150630726000011/kmi-20251231.htm
KMI,10-Q,2025-10-24,2025-09-30,https://www.sec.gov/Archives/edgar/data/1506307/000150630725000065/kmi-20250930.htm
KMI,10-Q,2025-07-18,2025-06-30,https://www.sec.gov/Archives/edgar/data/1506307/000150630725000045/kmi-20250630.htm
KO,10-Q,2026-07-29,2026-07-03,https://www.sec.gov/Archives/edgar/data/21344/000162828026050503/ko-20260703.htm
KO,10-Q,2026-04-30,2026-04-03,https://www.sec.gov/Archives/edgar/data/21344/000162828026028802/ko-20260403.htm
KO,10-K,2026-02-20,2025-12-31,https://www.sec.gov/Archives/edgar/data/21344/000162828026010047/ko-20251231.htm
KO,10-Q,2025-10-23,2025-09-26,https://www.sec.gov/Archives/edgar/data/21344/000162828025046054/ko-20250926.htm
KO,10-Q,2025-07-24,2025-06-27,https://www.sec.gov/Archives/edgar/data/21344/000002134425000061/ko-20250627.htm
KR,10-Q,2026-06-26,2026-05-23,https://www.sec.gov/Archives/edgar/data/56873/000110465926078236/kr-20260523x10q.htm
KR,10-K,2026-03-31,2026-01-31,https://www.sec.gov/Archives/edgar/data/56873/000110465926037723/kr-20260131x10k.htm
KR,10-Q,2025-12-12,2025-11-08,https://www.sec.gov/Archives/edgar/data/56873/000110465925120642/kr-20251108x10q.htm
KR,10-Q,2025-09-19,2025-08-16,https://www.sec.gov/Archives/edgar/data/56873/000110465925091648/kr-20250816x10q.htm
KR,10-Q,2025-06-27,2025-05-24,https://www.sec.gov/Archives/edgar/data/56873/000155837025008960/kr-20250524x10q.htm
KVUE,10-Q,2026-08-06,2026-06-28,https://www.sec.gov/Archives/edgar/data/1944048/000194404826000142/kvue-20260628.htm
KVUE,10-Q,2026-05-07,2026-03-29,https://www.sec.gov/Archives/edgar/data/1944048/000194404826000098/kvue-20260329.htm
KVUE,10-K,2026-02-20,2025-12-28,https://www.sec.gov/Archives/edgar/data/1944048/000194404826000030/kvue-20251228.htm
KVUE,10-Q,2025-11-03,2025-09-28,https://www.sec.gov/Archives/edgar/data/1944048/000194404825000198/kvue-20250928.htm
KVUE,10-Q,2025-08-07,2025-06-29,https://www.sec.gov/Archives/edgar/data/1944048/000194404825000177/kvue-20250629.htm
L,10-Q,2026-08-03,2026-06-30,https://www.sec.gov/Archives/edgar/data/60086/000006008626000047/l-20260630.htm
L,10-Q,2026-05-04,2026-03-31,https://www.sec.gov/Archives/edgar/data/60086/000006008626000032/l-20260331.htm
L,10-K,2026-02-10,2025-12-31,https://www.sec.gov/Archives/edgar/data/60086/000006008626000008/l-20251231.htm
L,10-Q,2025-11-03,2025-09-30,https://www.sec.gov/Archives/edgar/data/60086/000006008625000181/l-20250930.htm
L,10-Q,2025-08-04,2025-06-30,https://www.sec.gov/Archives/edgar/data/60086/000006008625000166/l-20250630.htm
LDOS,10-Q,2026-08-04,2026-07-03,https://www.sec.gov/Archives/edgar/data/1336920/000133692026000246/ldos-20260703.htm
LDOS,10-Q,2026-05-05,2026-04-03,https://www.sec.gov/Archives/edgar/data/1336920/000133692026000169/ldos-20260403.htm
LDOS,10-K,2026-02-17,2026-01-02,https://www.sec.gov/Archives/edgar/data/1336920/000133692026000030/ldos-20260102.htm
LDOS,10-Q,2025-11-04,2025-10-03,https://www.sec.gov/Archives/edgar/data/1336920/000133692025000060/ldos-20251003.htm
LDOS,10-Q,2025-08-05,2025-07-04,https://www.sec.gov/Archives/edgar/data/1336920/000133692025000034/ldos-20250704.htm
LEN,10-Q,2026-06-29,2026-05-31,https://www.sec.gov/Archives/edgar/data/920760/000162828026046019/len-20260531.htm
LEN,10-Q,2026-04-09,2026-02-28,https://www.sec.gov/Archives/edgar/data/920760/000162828026024352/len-20260228.htm
LEN,10-K,2026-01-28,2025-11-30,https://www.sec.gov/Archives/edgar/data/920760/000162828026003870/len-20251130.htm
LEN,10-Q,2025-10-03,2025-08-31,https://www.sec.gov/Archives/edgar/data/920760/000162828025044086/len-20250831.htm
LEN,10-Q,2025-07-01,2025-05-31,https://www.sec.gov/Archives/edgar/data/920760/000162828025033777/len-20250531.htm
LH,10-Q,2026-08-05,2026-06-30,https://www.sec.gov/Archives/edgar/data/920148/000092014826000175/lh-20260630.htm
LH,10-Q,2026-05-04,2026-03-31,https://www.sec.gov/Archives/edgar/data/920148/000092014826000139/lh-20260331.htm
LH,10-K,2026-02-24,2025-12-31,https://www.sec.gov/Archives/edgar/data/920148/000092014826000111/lh-20251231.htm
LH,10-Q,2025-10-31,2025-09-30,https://www.sec.gov/Archives/edgar/data/920148/000092014825000096/lh-20250930.htm
LH,10-Q,2025-08-01,2025-06-30,https://www.sec.gov/Archives/edgar/data/920148/000092014825000081/lh-20250630.htm
LHX,10-Q,2026-07-30,2026-07-03,https://www.sec.gov/Archives/edgar/data/202058/000020205826000058/hrs-20260703.htm
LHX,10-Q,2026-04-30,2026-04-03,https://www.sec.gov/Archives/edgar/data/202058/000020205826000035/hrs-20260403.htm
LHX,10-K,2026-02-12,2026-01-02,https://www.sec.gov/Archives/edgar/data/202058/000020205826000015/hrs-20260102.htm
LHX,10-Q,2025-10-30,2025-10-03,https://www.sec.gov/Archives/edgar/data/202058/000020205825000173/hrs-20251003.htm
LHX,10-Q,2025-07-24,2025-06-27,https://www.sec.gov/Archives/edgar/data/202058/000020205825000151/hrs-20250627.htm
LII,10-Q,2026-07-29,2026-06-30,https://www.sec.gov/Archives/edgar/data/1069202/000106920226000087/lii-20260630.htm
LII,10-Q,2026-04-29,2026-03-31,https://www.sec.gov/Archives/edgar/data/1069202/000106920226000054/lii-20260331.htm
LII,10-K,2026-02-17,2025-12-31,https://www.sec.gov/Archives/edgar/data/1069202/000106920226000028/lii-20251231.htm
LII,10-Q,2025-10-22,2025-09-30,https://www.sec.gov/Archives/edgar/data/1069202/000106920225000048/lii-20250930.htm
LII,10-Q,2025-07-23,2025-06-30,https://www.sec.gov/Archives/edgar/data/1069202/000106920225000032/lii-20250630.htm
LIN,10-Q,2026-07-31,2026-06-30,https://www.sec.gov/Archives/edgar/data/1707925/000162828026051289/lin-20260630.htm
LIN,10-Q,2026-05-01,2026-03-31,https://www.sec.gov/Archives/edgar/data/1707925/000162828026029165/lin-20260331.htm
LIN,10-K,2026-02-25,2025-12-31,https://www.sec.gov/Archives/edgar/data/1707925/000162828026011430/lin-20251231.htm
LIN,10-Q,2025-10-31,2025-09-30,https://www.sec.gov/Archives/edgar/data/1707925/000162828025047710/lin-20250930.htm
LIN,10-Q,2025-08-01,2025-06-30,https://www.sec.gov/Archives/edgar/data/1707925/000162828025037164/lin-20250630.htm
LITE,10-K,2026-08-17,2026-06-27,https://www.sec.gov/Archives/edgar/data/1633978/000162828026057358/lite-20260627.htm
LITE,10-Q,2026-05-06,2026-03-28,https://www.sec.gov/Archives/edgar/data/1633978/000162828026030777/lite-20260328.htm
LITE,10-Q,2026-02-04,2025-12-27,https://www.sec.gov/Archives/edgar/data/1633978/000162828026005129/lite-20251227.htm
LITE,10-Q,2025-11-05,2025-09-27,https://www.sec.gov/Archives/edgar/data/1633978/000162828025049073/lite-20250927.htm
LITE,10-K,2025-08-19,2025-06-28,https://www.sec.gov/Archives/edgar/data/1633978/000162828025040830/lite-20250628.htm
LLY,10-Q,2026-08-05,2026-06-30,https://www.sec.gov/Archives/edgar/data/59478/000005947826000081/lly-20260630.htm
LLY,10-Q,2026-04-30,2026-03-31,https://www.sec.gov/Archives/edgar/data/59478/000005947826000045/lly-20260331.htm
LLY,10-K,2026-02-12,2025-12-31,https://www.sec.gov/Archives/edgar/data/59478/000005947826000013/lly-20251231.htm
LLY,10-Q,2025-10-30,2025-09-30,https://www.sec.gov/Archives/edgar/data/59478/000005947825000254/lly-20250930.htm
LLY,10-Q,2025-08-07,2025-06-30,https://www.sec.gov/Archives/edgar/data/59478/000005947825000204/lly-20250630.htm
LMT,10-Q,2026-07-23,2026-06-28,https://www.sec.gov/Archives/edgar/data/936468/000162828026049411/lmt-20260628.htm
LMT,10-Q,2026-04-23,2026-03-29,https://www.sec.gov/Archives/edgar/data/936468/000162828026026836/lmt-20260329.htm
LMT,10-K,2026-01-29,2025-12-31,https://www.sec.gov/Archives/edgar/data/936468/000162828026004195/lmt-20251231.htm
LMT,10-Q,2025-10-21,2025-09-28,https://www.sec.gov/Archives/edgar/data/936468/000162828025045693/lmt-20250928.htm
LMT,10-Q,2025-07-22,2025-06-29,https://www.sec.gov/Archives/edgar/data/936468/000162828025035565/lmt-20250629.htm
LNT,10-Q,2026-07-31,2026-06-30,https://www.sec.gov/Archives/edgar/data/352541/000035254126000043/lnt-20260630.htm
LNT,10-Q,2026-05-01,2026-03-31,https://www.sec.gov/Archives/edgar/data/352541/000035254126000033/lnt-20260331.htm
LNT,10-K,2026-02-20,2025-12-31,https://www.sec.gov/Archives/edgar/data/352541/000035254126000007/lnt-20251231.htm
LNT,10-Q,2025-11-07,2025-09-30,https://www.sec.gov/Archives/edgar/data/352541/000035254125000081/lnt-20250930.htm
LNT,10-Q,2025-08-08,2025-06-30,https://www.sec.gov/Archives/edgar/data/352541/000035254125000072/lnt-20250630.htm
LOW,10-Q,2026-08-27,2026-07-31,https://www.sec.gov/Archives/edgar/data/60667/000006066726000117/low-20260731.htm
LOW,10-Q,2026-05-28,2026-05-01,https://www.sec.gov/Archives/edgar/data/60667/000006066726000072/low-20260501.htm
LOW,10-K,2026-03-23,2026-01-30,https://www.sec.gov/Archives/edgar/data/60667/000006066726000029/low-20260130.htm
LOW,10-Q,2025-11-26,2025-10-31,https://www.sec.gov/Archives/edgar/data/60667/000006066725000210/low-20251031.htm
LOW,10-Q,2025-08-28,2025-08-01,https://www.sec.gov/Archives/edgar/data/60667/000006066725000174/low-20250801.htm
LRCX,10-K,2026-08-07,2026-06-28,https://www.sec.gov/Archives/edgar/data/707549/000070754926000037/lrcx-20260628.htm
LRCX,10-Q,2026-04-23,2026-03-29,https://www.sec.gov/Archives/edgar/data/707549/000070754926000022/lrcx-20260329.htm
LRCX,10-Q,2026-01-29,2025-12-28,https://www.sec.gov/Archives/edgar/data/707549/000070754926000009/lrcx-20251228.htm
LRCX,10-Q,2025-10-24,2025-09-28,https://www.sec.gov/Archives/edgar/data/707549/000070754925000085/lrcx-20250928.htm
LRCX,10-K,2025-08-11,2025-06-29,https://www.sec.gov/Archives/edgar/data/707549/000070754925000075/lrcx-20250629.htm
LULU,10-Q,2026-09-03,2026-08-02,https://www.sec.gov/Archives/edgar/data/1397187/000139718726000127/lulu-20260802.htm
LULU,10-Q,2026-06-04,2026-05-03,https://www.sec.gov/Archives/edgar/data/1397187/000139718726000078/lulu-20260503.htm
LULU,10-K,2026-03-17,2026-02-01,https://www.sec.gov/Archives/edgar/data/1397187/000139718726000020/lulu-20260201.htm
LULU,10-Q,2025-12-11,2025-11-02,https://www.sec.gov/Archives/edgar/data/1397187/000139718725000055/lulu-20251102.htm
LULU,10-Q,2025-09-04,2025-08-03,https://www.sec.gov/Archives/edgar/data/1397187/000139718725000039/lulu-20250803.htm
LUV,10-Q,2026-07-23,2026-06-30,https://www.sec.gov/Archives/edgar/data/92380/000009238026000077/luv-20260630.htm
LUV,10-Q,2026-04-23,2026-03-31,https://www.sec.gov/Archives/edgar/data/92380/000009238026000047/luv-20260331.htm
LUV,10-K,2026-02-05,2025-12-31,https://www.sec.gov/Archives/edgar/data/92380/000009238026000004/luv-20251231.htm
LUV,10-Q,2025-10-23,2025-09-30,https://www.sec.gov/Archives/edgar/data/92380/000009238025000140/luv-20250930.htm
LUV,10-Q,2025-07-24,2025-06-30,https://www.sec.gov/Archives/edgar/data/92380/000009238025000134/luv-20250630.htm
LVS,10-Q,2026-07-24,2026-06-30,https://www.sec.gov/Archives/edgar/data/1300514/000130051426000085/lvs-20260630.htm
LVS,10-Q,2026-04-24,2026-03-31,https://www.sec.gov/Archives/edgar/data/1300514/000130051426000046/lvs-20260331.htm
LVS,10-K,2026-02-06,2025-12-31,https://www.sec.gov/Archives/edgar/data/1300514/000130051426000013/lvs-20251231.htm
LVS,10-Q,2025-10-24,2025-09-30,https://www.sec.gov/Archives/edgar/data/1300514/000130051425000163/lvs-20250930.htm
LVS,10-Q,2025-07-25,2025-06-30,https://www.sec.gov/Archives/edgar/data/1300514/000130051425000144/lvs-20250630.htm
LYB,10-Q,2026-07-31,2026-06-30,https://www.sec.gov/Archives/edgar/data/1489393/000148939326000061/lyb-20260630.htm
LYB,10-Q,2026-05-01,2026-03-31,https://www.sec.gov/Archives/edgar/data/1489393/000148939326000028/lyb-20260331.htm
LYB,10-K,2026-02-20,2025-12-31,https://www.sec.gov/Archives/edgar/data/1489393/000148939326000012/lyb-20251231.htm
LYB,10-Q,2025-10-31,2025-09-30,https://www.sec.gov/Archives/edgar/data/1489393/000148939325000056/lyb-20250930.htm
LYB,10-Q,2025-08-01,2025-06-30,https://www.sec.gov/Archives/edgar/data/1489393/000148939325000041/lyb-20250630.htm
LYV,10-Q,2026-07-30,2026-06-30,https://www.sec.gov/Archives/edgar/data/1335258/000133525826000035/lyv-20260630.htm
LYV,10-Q,2026-05-05,2026-03-31,https://www.sec.gov/Archives/edgar/data/1335258/000133525826000019/lyv-20260331.htm
LYV,10-K,2026-02-19,2025-12-31,https://www.sec.gov/Archives/edgar/data/1335258/000133525826000009/lyv-20251231.htm
LYV,10-Q,2025-11-04,2025-09-30,https://www.sec.gov/Archives/edgar/data/1335258/000133525825000151/lyv-20250930.htm
LYV,10-Q,2025-08-07,2025-06-30,https://www.sec.gov/Archives/edgar/data/1335258/000133525825000129/lyv-20250630.htm
MA,10-Q,2026-07-30,2026-06-30,https://www.sec.gov/Archives/edgar/data/1141391/000114139126000083/ma-20260630.htm
MA,10-Q,2026-04-30,2026-03-31,https://www.sec.gov/Archives/edgar/data/1141391/000114139126000031/ma-20260331.htm
MA,10-K,2026-02-11,2025-12-31,https://www.sec.gov/Archives/edgar/data/1141391/000114139126000013/ma-20251231.htm
MA,10-Q,2025-10-30,2025-09-30,https://www.sec.gov/Archives/edgar/data/1141391/000114139125000193/ma-20250930.htm
MA,10-Q,2025-07-31,2025-06-30,https://www.sec.gov/Archives/edgar/data/1141391/000114139125000172/ma-20250630.htm
MAA,10-Q,2026-07-30,2026-06-30,https://www.sec.gov/Archives/edgar/data/912595/000119312526326153/maa-20260630.htm
MAA,10-Q,2026-04-30,2026-03-31,https://www.sec.gov/Archives/edgar/data/912595/000119312526197331/maa-20260331.htm
MAA,10-K,2026-02-06,2025-12-31,https://www.sec.gov/Archives/edgar/data/912595/000119312526041208/maa-20251231.htm
MAA,10-Q,2025-10-30,2025-09-30,https://www.sec.gov/Archives/edgar/data/912595/000119312525258570/maa-20250930.htm
MAA,10-Q,2025-07-31,2025-06-30,https://www.sec.gov/Archives/edgar/data/912595/000095017025100919/maa-20250630.htm
MAR,10-Q,2026-08-03,2026-06-30,https://www.sec.gov/Archives/edgar/data/1048286/000104828626000035/mar-20260630.htm
MAR,10-Q,2026-05-06,2026-03-31,https://www.sec.gov/Archives/edgar/data/1048286/000104828626000014/mar-20260331.htm
MAR,10-K,2026-02-10,2025-12-31,https://www.sec.gov/Archives/edgar/data/1048286/000104828626000007/mar-20251231.htm
MAR,10-Q,2025-11-04,2025-09-30,https://www.sec.gov/Archives/edgar/data/1048286/000104828625000013/mar-20250930.htm
MAR,10-Q,2025-08-05,2025-06-30,https://www.sec.gov/Archives/edgar/data/1048286/000104828625000006/mar-20250630.htm
MAS,10-Q,2026-07-29,2026-06-30,https://www.sec.gov/Archives/edgar/data/62996/000006299626000027/mas-20260630.htm
MAS,10-Q,2026-04-22,2026-03-31,https://www.sec.gov/Archives/edgar/data/62996/000006299626000014/mas-20260331.htm
MAS,10-K,2026-02-10,2025-12-31,https://www.sec.gov/Archives/edgar/data/62996/000006299626000005/mas-20251231.htm
MAS,10-Q,2025-10-29,2025-09-30,https://www.sec.gov/Archives/edgar/data/62996/000006299625000035/mas-20250930.htm
MAS,10-Q,2025-07-31,2025-06-30,https://www.sec.gov/Archives/edgar/data/62996/000006299625000029/mas-20250630.htm
MCD,10-Q,2026-08-07,2026-06-30,https://www.sec.gov/Archives/edgar/data/63908/000006390826000073/mcd-20260630.htm
MCD,10-Q,2026-05-07,2026-03-31,https://www.sec.gov/Archives/edgar/data/63908/000006390826000051/mcd-20260331.htm
MCD,10-K,2026-02-24,2025-12-31,https://www.sec.gov/Archives/edgar/data/63908/000006390826000035/mcd-20251231.htm
MCD,10-Q,2025-11-05,2025-09-30,https://www.sec.gov/Archives/edgar/data/63908/000006390825000059/mcd-20250930.htm
MCD,10-Q,2025-08-06,2025-06-30,https://www.sec.gov/Archives/edgar/data/63908/000006390825000039/mcd-20250630.htm
MCHP,10-Q,2026-08-06,2026-06-30,https://www.sec.gov/Archives/edgar/data/827054/000082705426000038/mchp-20260630.htm
MCHP,10-K,2026-05-21,2026-03-31,https://www.sec.gov/Archives/edgar/data/827054/000082705426000016/mchp-20260331.htm
MCHP,10-Q,2026-02-05,2025-12-31,https://www.sec.gov/Archives/edgar/data/827054/000082705426000009/mchp-20251231.htm
MCHP,10-Q,2025-11-06,2025-09-30,https://www.sec.gov/Archives/edgar/data/827054/000082705425000183/mchp-20250930.htm
MCHP,10-Q,2025-08-07,2025-06-30,https://www.sec.gov/Archives/edgar/data/827054/000082705425000133/mchp-20250630.htm
MCK,10-Q,2026-08-05,2026-06-30,https://www.sec.gov/Archives/edgar/data/927653/000092765326000234/mck-20260630.htm
MCK,10-K,2026-05-08,2026-03-31,https://www.sec.gov/Archives/edgar/data/927653/000092765326000069/mck-20260331.htm
MCK,10-Q,2026-02-04,2025-12-31,https://www.sec.gov/Archives/edgar/data/927653/000092765326000017/mck-20251231.htm
MCK,10-Q,2025-11-06,2025-09-30,https://www.sec.gov/Archives/edgar/data/927653/000092765325000140/mck-20250930.htm
MCK,10-Q,2025-08-06,2025-06-30,https://www.sec.gov/Archives/edgar/data/927653/000092765325000107/mck-20250630.htm
MCO,10-Q,2026-07-23,2026-06-30,https://www.sec.gov/Archives/edgar/data/1059556/000162828026049398/mco-20260630.htm
MCO,10-Q,2026-04-23,2026-03-31,https://www.sec.gov/Archives/edgar/data/1059556/000162828026026848/mco-20260331.htm
MCO,10-K,2026-02-18,2025-12-31,https://www.sec.gov/Archives/edgar/data/1059556/000162828026009136/mco-20251231.htm
MCO,10-Q,2025-10-23,2025-09-30,https://www.sec.gov/Archives/edgar/data/1059556/000162828025046118/mco-20250930.htm
MCO,10-Q,2025-07-24,2025-06-30,https://www.sec.gov/Archives/edgar/data/1059556/000105955625000169/mco-20250630.htm
MDLZ,10-Q,2026-07-28,2026-06-30,https://www.sec.gov/Archives/edgar/data/1103982/000162828026050179/mdlz-20260630.htm
MDLZ,10-Q,2026-04-28,2026-03-31,https://www.sec.gov/Archives/edgar/data/1103982/000162828026027937/mdlz-20260331.htm
MDLZ,10-K,2026-02-04,2025-12-31,https://www.sec.gov/Archives/edgar/data/1103982/000162828026005345/mdlz-20251231.htm
MDLZ,10-Q,2025-10-28,2025-09-30,https://www.sec.gov/Archives/edgar/data/1103982/000162828025046773/mdlz-20250930.htm
MDLZ,10-Q,2025-07-29,2025-06-30,https://www.sec.gov/Archives/edgar/data/1103982/000110398225000188/mdlz-20250630.htm
MDT,10-Q,2026-09-03,2026-07-31,https://www.sec.gov/Archives/edgar/data/1613103/000162828026060473/mdt-20260731.htm
MDT,10-K,2026-06-18,2026-04-24,https://www.sec.gov/Archives/edgar/data/1613103/000162828026044354/mdt-20260424.htm
MDT,10-Q,2026-02-24,2026-01-23,https://www.sec.gov/Archives/edgar/data/1613103/000162828026011107/mdt-20260123.htm
MDT,10-Q,2025-11-25,2025-10-24,https://www.sec.gov/Archives/edgar/data/1613103/000162828025053988/mdt-20251024.htm
MDT,10-Q,2025-08-26,2025-07-25,https://www.sec.gov/Archives/edgar/data/1613103/000161310325000161/mdt-20250725.htm
MET,10-Q,2026-08-06,2026-06-30,https://www.sec.gov/Archives/edgar/data/1099219/000109921926000050/met-20260630.htm
MET,10-Q,2026-05-07,2026-03-31,https://www.sec.gov/Archives/edgar/data/1099219/000109921926000035/met-20260331.htm
MET,10-K,2026-02-19,2025-12-31,https://www.sec.gov/Archives/edgar/data/1099219/000109921926000013/met-20251231.htm
MET,10-Q,2025-11-07,2025-09-30,https://www.sec.gov/Archives/edgar/data/1099219/000109921925000230/met-20250930.htm
MET,10-Q,2025-08-07,2025-06-30,https://www.sec.gov/Archives/edgar/data/1099219/000109921925000193/met-20250630.htm
META,10-Q,2026-07-30,2026-06-30,https://www.sec.gov/Archives/edgar/data/1326801/000162828026050705/meta-20260630.htm
META,10-Q,2026-04-30,2026-03-31,https://www.sec.gov/Archives/edgar/data/1326801/000162828026028526/meta-20260331.htm
META,10-K,2026-01-29,2025-12-31,https://www.sec.gov/Archives/edgar/data/1326801/000162828026003942/meta-20251231.htm
META,10-Q,2025-10-30,2025-09-30,https://www.sec.gov/Archives/edgar/data/1326801/000162828025047240/meta-20250930.htm
META,10-Q,2025-07-31,2025-06-30,https://www.sec.gov/Archives/edgar/data/1326801/000162828025036791/meta-20250630.htm
MGM,10-Q,2026-07-29,2026-06-30,https://www.sec.gov/Archives/edgar/data/789570/000078957026000076/mgm-20260630.htm
MGM,10-Q,2026-04-29,2026-03-31,https://www.sec.gov/Archives/edgar/data/789570/000078957026000035/mgm-20260331.htm
MGM,10-K,2026-02-11,2025-12-31,https://www.sec.gov/Archives/edgar/data/789570/000078957026000018/mgm-20251231.htm
MGM,10-Q,2025-10-29,2025-09-30,https://www.sec.gov/Archives/edgar/data/789570/000078957025000074/mgm-20250930.htm
MGM,10-Q,2025-07-30,2025-06-30,https://www.sec.gov/Archives/edgar/data/789570/000078957025000033/mgm-20250630.htm
MKC,10-Q,2026-06-25,2026-05-31,https://www.sec.gov/Archives/edgar/data/63754/000006375426000274/mkc-20260531.htm
MKC,10-Q,2026-03-31,2026-02-28,https://www.sec.gov/Archives/edgar/data/63754/000006375426000192/mkc-20260228.htm
MKC,10-K,2026-01-22,2025-11-30,https://www.sec.gov/Archives/edgar/data/63754/000006375426000037/mkc-20251130.htm
MKC,10-Q,2025-10-07,2025-08-31,https://www.sec.gov/Archives/edgar/data/63754/000006375425000065/mkc-20250831.htm
MKC,10-Q,2025-06-26,2025-05-31,https://www.sec.gov/Archives/edgar/data/63754/000006375425000041/mkc-20250531.htm
MLM,10-Q,2026-07-30,2026-06-30,https://www.sec.gov/Archives/edgar/data/916076/000119312526326001/mlm-20260630.htm
MLM,10-Q,2026-04-30,2026-03-31,https://www.sec.gov/Archives/edgar/data/916076/000119312526196029/mlm-20260331.htm
MLM,10-K,2026-02-19,2025-12-31,https://www.sec.gov/Archives/edgar/data/916076/000119312526059193/mlm-20251231.htm
MLM,10-Q,2025-11-04,2025-09-30,https://www.sec.gov/Archives/edgar/data/916076/000119312525264566/mlm-20250930.htm
MLM,10-Q,2025-08-07,2025-06-30,https://www.sec.gov/Archives/edgar/data/916076/000095017025105060/mlm-20250630.htm
MMM,10-Q,2026-07-21,2026-06-30,https://www.sec.gov/Archives/edgar/data/66740/000006674026000246/mmm-20260630.htm
MMM,10-Q,2026-04-21,2026-03-31,https://www.sec.gov/Archives/edgar/data/66740/000006674026000175/mmm-20260331.htm
MMM,10-K,2026-02-03,2025-12-31,https://www.sec.gov/Archives/edgar/data/66740/000006674026000014/mmm-20251231.htm
MMM,10-Q,2025-10-21,2025-09-30,https://www.sec.gov/Archives/edgar/data/66740/000006674025000089/mmm-20250930.htm
MMM,10-Q,2025-07-18,2025-06-30,https://www.sec.gov/Archives/edgar/data/66740/000006674025000063/mmm-20250630.htm
MNST,10-Q,2026-08-07,2026-06-30,https://www.sec.gov/Archives/edgar/data/865752/000110465926092193/mnst-20260630x10q.htm
MNST,10-Q,2026-05-08,2026-03-31,https://www.sec.gov/Archives/edgar/data/865752/000110465926057398/mnst-20260331x10q.htm
MNST,10-K,2026-02-27,2025-12-31,https://www.sec.gov/Archives/edgar/data/865752/000110465926020831/mnst-20251231x10k.htm
MNST,10-Q,2025-11-07,2025-09-30,https://www.sec.gov/Archives/edgar/data/865752/000110465925107944/mnst-20250930x10q.htm
MNST,10-Q,2025-08-08,2025-06-30,https://www.sec.gov/Archives/edgar/data/865752/000141057825001620/mnst-20250630x10q.htm
MO,10-Q,2026-07-30,2026-06-30,https://www.sec.gov/Archives/edgar/data/764180/000076418026000094/mo-20260630.htm
MO,10-Q,2026-04-30,2026-03-31,https://www.sec.gov/Archives/edgar/data/764180/000076418026000058/mo-20260331.htm
MO,10-K,2026-02-25,2025-12-31,https://www.sec.gov/Archives/edgar/data/764180/000076418026000017/mo-20251231.htm
MO,10-Q,2025-10-30,2025-09-30,https://www.sec.gov/Archives/edgar/data/764180/000076418025000130/mo-20250930.htm
MO,10-Q,2025-07-30,2025-06-30,https://www.sec.gov/Archives/edgar/data/764180/000076418025000111/mo-20250630.htm
MOS,10-Q,2026-08-05,2026-06-30,https://www.sec.gov/Archives/edgar/data/1285785/000128578526000112/mos-20260630.htm
MOS,10-Q,2026-05-11,2026-03-31,https://www.sec.gov/Archives/edgar/data/1285785/000128578526000067/mos-20260331.htm
MOS,10-K,2026-02-27,2025-12-31,https://www.sec.gov/Archives/edgar/data/1285785/000128578526000017/mos-20251231.htm
MOS,10-Q,2025-11-05,2025-09-30,https://www.sec.gov/Archives/edgar/data/1285785/000162828025049494/mos-20250930.htm
MOS,10-Q,2025-08-06,2025-06-30,https://www.sec.gov/Archives/edgar/data/1285785/000162828025038265/mos-20250630.htm
MPC,10-Q,2026-08-04,2026-06-30,https://www.sec.gov/Archives/edgar/data/1510295/000151029526000061/mpc-20260630.htm
MPC,10-Q,2026-05-05,2026-03-31,https://www.sec.gov/Archives/edgar/data/1510295/000151029526000042/mpc-20260331.htm
MPC,10-K,2026-02-26,2025-12-31,https://www.sec.gov/Archives/edgar/data/1510295/000151029526000009/mpc-20251231.htm
MPC,10-Q,2025-11-04,2025-09-30,https://www.sec.gov/Archives/edgar/data/1510295/000151029525000064/mpc-20250930.htm
MPC,10-Q,2025-08-05,2025-06-30,https://www.sec.gov/Archives/edgar/data/1510295/000151029525000054/mpc-20250630.htm
MPWR,10-Q,2026-08-05,2026-06-30,https://www.sec.gov/Archives/edgar/data/1280452/000162828026053275/mpwr-20260630.htm
MPWR,10-Q,2026-05-04,2026-03-31,https://www.sec.gov/Archives/edgar/data/1280452/000143774926014647/mpwr20260331_10q.htm
MPWR,10-K,2026-02-27,2025-12-31,https://www.sec.gov/Archives/edgar/data/1280452/000143774926006113/mpwr20251231_10k.htm
MPWR,10-Q,2025-11-05,2025-09-30,https://www.sec.gov/Archives/edgar/data/1280452/000143774925033332/mpwr20250930_10q.htm
MPWR,10-Q,2025-08-04,2025-06-30,https://www.sec.gov/Archives/edgar/data/1280452/000143774925024602/mpwr20250630_10q.htm
MRK,10-Q,2026-08-07,2026-06-30,https://www.sec.gov/Archives/edgar/data/310158/000031015826000212/mrk-20260630.htm
MRK,10-Q,2026-05-04,2026-03-31,https://www.sec.gov/Archives/edgar/data/310158/000162828026029802/mrk-20260331.htm
MRK,10-K,2026-02-24,2025-12-31,https://www.sec.gov/Archives/edgar/data/310158/000031015826000063/mrk-20251231.htm
MRK,10-Q,2025-11-05,2025-09-30,https://www.sec.gov/Archives/edgar/data/310158/000031015825000059/mrk-20250930.htm
MRK,10-Q,2025-08-05,2025-06-30,https://www.sec.gov/Archives/edgar/data/310158/000031015825000014/mrk-20250630.htm
MRNA,10-Q,2026-07-31,2026-06-30,https://www.sec.gov/Archives/edgar/data/1682852/000168285226000150/mrna-20260630.htm
MRNA,10-Q,2026-05-01,2026-03-31,https://www.sec.gov/Archives/edgar/data/1682852/000168285226000060/mrna-20260331.htm
MRNA,10-K,2026-02-20,2025-12-31,https://www.sec.gov/Archives/edgar/data/1682852/000168285226000033/mrna-20251231.htm
MRNA,10-Q,2025-11-06,2025-09-30,https://www.sec.gov/Archives/edgar/data/1682852/000168285225000075/mrna-20250930.htm
MRNA,10-Q,2025-08-01,2025-06-30,https://www.sec.gov/Archives/edgar/data/1682852/000168285225000044/mrna-20250630.htm
MRSH,10-Q,2026-07-21,2026-06-30,https://www.sec.gov/Archives/edgar/data/62709/000006270926000195/mrsh-20260630.htm
MRSH,10-Q,2026-04-16,2026-03-31,https://www.sec.gov/Archives/edgar/data/62709/000006270926000098/mrsh-20260331.htm
MRSH,10-K,2026-02-09,2025-12-31,https://www.sec.gov/Archives/edgar/data/62709/000006270926000022/mrsh-20251231.htm
MRSH,10-Q,2025-10-16,2025-09-30,https://www.sec.gov/Archives/edgar/data/62709/000006270925000125/mmc-20250930.htm
MRSH,10-Q,2025-07-17,2025-06-30,https://www.sec.gov/Archives/edgar/data/62709/000006270925000069/mmc-20250630.htm
MRVL,10-Q,2026-08-28,2026-08-01,https://www.sec.gov/Archives/edgar/data/1835632/000183563226000025/mrvl-20260801.htm
MRVL,10-Q,2026-05-28,2026-05-02,https://www.sec.gov/Archives/edgar/data/1835632/000183563226000019/mrvl-20260502.htm
MRVL,10-K,2026-03-11,2026-01-31,https://www.sec.gov/Archives/edgar/data/1835632/000183563226000011/mrvl-20260131.htm
MRVL,10-Q,2025-12-03,2025-11-01,https://www.sec.gov/Archives/edgar/data/1835632/000183563225000197/mrvl-20251101.htm
MRVL,10-Q,2025-08-29,2025-08-02,https://www.sec.gov/Archives/edgar/data/1835632/000183563225000189/mrvl-20250802.htm
MS,10-Q,2026-08-04,2026-06-30,https://www.sec.gov/Archives/edgar/data/895421/000089542126000212/ms-20260630.htm
MS,10-Q,2026-05-05,2026-03-31,https://www.sec.gov/Archives/edgar/data/895421/000089542126000121/ms-20260331.htm
MS,10-K,2026-02-19,2025-12-31,https://www.sec.gov/Archives/edgar/data/895421/000089542126000086/ms-20251231.htm
MS,10-Q,2025-11-03,2025-09-30,https://www.sec.gov/Archives/edgar/data/895421/000089542125000539/ms-20250930.htm
MSCI,10-Q,2026-07-21,2026-06-30,https://www.sec.gov/Archives/edgar/data/1408198/000140819826000046/msci-20260630.htm
MSCI,10-Q,2026-04-21,2026-03-31,https://www.sec.gov/Archives/edgar/data/1408198/000140819826000034/msci-20260331.htm
MSCI,10-K,2026-02-06,2025-12-31,https://www.sec.gov/Archives/edgar/data/1408198/000140819826000011/msci-20251231.htm
MSCI,10-Q,2025-10-28,2025-09-30,https://www.sec.gov/Archives/edgar/data/1408198/000140819825000196/msci-20250930.htm
MSCI,10-Q,2025-07-22,2025-06-30,https://www.sec.gov/Archives/edgar/data/1408198/000140819825000177/msci-20250630.htm
MSFT,10-K,2026-07-29,2026-06-30,https://www.sec.gov/Archives/edgar/data/789019/000119312526323660/msft-20260630.htm
MSFT,10-Q,2026-04-29,2026-03-31,https://www.sec.gov/Archives/edgar/data/789019/000119312526191507/msft-20260331.htm
MSFT,10-Q,2026-01-28,2025-12-31,https://www.sec.gov/Archives/edgar/data/789019/000119312526027207/msft-20251231.htm
MSFT,10-Q,2025-10-29,2025-09-30,https://www.sec.gov/Archives/edgar/data/789019/000119312525256321/msft-20250930.htm
MSFT,10-K,2025-07-30,2025-06-30,https://www.sec.gov/Archives/edgar/data/789019/000095017025100235/msft-20250630.htm
MSI,10-Q,2026-08-05,2026-07-04,https://www.sec.gov/Archives/edgar/data/68505/000006850526000028/msi-20260704.htm
MSI,10-Q,2026-05-07,2026-04-04,https://www.sec.gov/Archives/edgar/data/68505/000006850526000021/msi-20260404.htm
MSI,10-K,2026-02-12,2025-12-31,https://www.sec.gov/Archives/edgar/data/68505/000006850526000010/msi-20251231.htm
MSI,10-Q,2025-10-30,2025-09-27,https://www.sec.gov/Archives/edgar/data/68505/000006850525000052/msi-20250927.htm
MSI,10-Q,2025-08-07,2025-06-28,https://www.sec.gov/Archives/edgar/data/68505/000006850525000040/msi-20250628.htm
MTB,10-Q,2026-08-04,2026-06-30,https://www.sec.gov/Archives/edgar/data/36270/000003627026000050/mtb-20260630.htm
MTB,10-Q,2026-05-05,2026-03-31,https://www.sec.gov/Archives/edgar/data/36270/000003627026000034/mtb-20260331.htm
MTB,10-K,2026-02-18,2025-12-31,https://www.sec.gov/Archives/edgar/data/36270/000003627026000010/mtb-20251231.htm
MTB,10-Q,2025-10-27,2025-09-30,https://www.sec.gov/Archives/edgar/data/36270/000003627025000024/mtb-20250930.htm
MTB,10-Q,2025-08-04,2025-06-30,https://www.sec.gov/Archives/edgar/data/36270/000003627025000011/mtb-20250630.htm
MTD,10-Q,2026-07-31,2026-06-30,https://www.sec.gov/Archives/edgar/data/1037646/000103764626000051/mtd-20260630.htm
MTD,10-Q,2026-05-08,2026-03-31,https://www.sec.gov/Archives/edgar/data/1037646/000103764626000021/mtd-20260331.htm
MTD,10-K,2026-02-06,2025-12-31,https://www.sec.gov/Archives/edgar/data/1037646/000103764626000011/mtd-20251231.htm
MTD,10-Q,2025-11-07,2025-09-30,https://www.sec.gov/Archives/edgar/data/1037646/000103764625000058/mtd-20250930.htm
MTD,10-Q,2025-08-01,2025-06-30,https://www.sec.gov/Archives/edgar/data/1037646/000103764625000040/mtd-20250630.htm
MU,10-Q,2026-06-25,2026-05-28,https://www.sec.gov/Archives/edgar/data/723125/000072312526000015/mu-20260528.htm
MU,10-Q,2026-03-19,2026-02-26,https://www.sec.gov/Archives/edgar/data/723125/000072312526000006/mu-20260226.htm
MU,10-Q,2025-12-18,2025-11-27,https://www.sec.gov/Archives/edgar/data/723125/000072312525000046/mu-20251127.htm
MU,10-K,2025-10-03,2025-08-28,https://www.sec.gov/Archives/edgar/data/723125/000072312525000028/mu-20250828.htm
MU,10-Q,2025-06-26,2025-05-29,https://www.sec.gov/Archives/edgar/data/723125/000072312525000021/mu-20250529.htm
NCLH,10-Q,2026-08-03,2026-06-30,https://www.sec.gov/Archives/edgar/data/1513761/000110465926089657/nclh-20260630x10q.htm
NCLH,10-Q,2026-05-04,2026-03-31,https://www.sec.gov/Archives/edgar/data/1513761/000110465926054833/nclh-20260331x10q.htm
NCLH,10-K,2026-03-02,2025-12-31,https://www.sec.gov/Archives/edgar/data/1513761/000110465926022067/nclh-20251231x10k.htm
NCLH,10-Q,2025-11-04,2025-09-30,https://www.sec.gov/Archives/edgar/data/1513761/000110465925106057/nclh-20250930x10q.htm
NCLH,10-Q,2025-08-04,2025-06-30,https://www.sec.gov/Archives/edgar/data/1513761/000155837025010053/nclh-20250630x10q.htm
NDAQ,10-Q,2026-07-23,2026-06-30,https://www.sec.gov/Archives/edgar/data/1120193/000112019326000013/ndaq-20260630.htm
NDAQ,10-Q,2026-04-24,2026-03-31,https://www.sec.gov/Archives/edgar/data/1120193/000162828026027105/ndaq-20260331.htm
NDAQ,10-K,2026-02-12,2025-12-31,https://www.sec.gov/Archives/edgar/data/1120193/000162828026007703/ndaq-20251231.htm
NDAQ,10-Q,2025-10-23,2025-09-30,https://www.sec.gov/Archives/edgar/data/1120193/000162828025046006/ndaq-20250930.htm
NDAQ,10-Q,2025-07-25,2025-06-30,https://www.sec.gov/Archives/edgar/data/1120193/000112019325000018/ndaq-20250630.htm
NDSN,10-Q,2026-08-20,2026-07-31,https://www.sec.gov/Archives/edgar/data/72331/000007233126000054/ndsn-20260731.htm
NDSN,10-Q,2026-05-21,2026-04-30,https://www.sec.gov/Archives/edgar/data/72331/000007233126000024/ndsn-20260430.htm
NDSN,10-Q,2026-02-19,2026-01-31,https://www.sec.gov/Archives/edgar/data/72331/000007233126000014/ndsn-20260131.htm
NDSN,10-K,2025-12-17,2025-10-31,https://www.sec.gov/Archives/edgar/data/72331/000007233125000144/ndsn-20251031.htm
NDSN,10-Q,2025-08-21,2025-07-31,https://www.sec.gov/Archives/edgar/data/72331/000007233125000114/ndsn-20250731.htm
NEE,10-Q,2026-07-24,2026-06-30,https://www.sec.gov/Archives/edgar/data/753308/000075330826000060/nee-20260630.htm
NEE,10-Q,2026-04-23,2026-03-31,https://www.sec.gov/Archives/edgar/data/753308/000075330826000031/nee-20260331.htm
NEE,10-K,2026-02-13,2025-12-31,https://www.sec.gov/Archives/edgar/data/753308/000075330826000015/nee-20251231.htm
NEE,10-Q,2025-10-28,2025-09-30,https://www.sec.gov/Archives/edgar/data/753308/000075330825000056/nee-20250930.htm
NEE,10-Q,2025-07-23,2025-06-30,https://www.sec.gov/Archives/edgar/data/753308/000075330825000040/nee-20250630.htm
NEM,10-Q,2026-07-23,2026-06-30,https://www.sec.gov/Archives/edgar/data/1164727/000116472726000036/nem-20260630.htm
NEM,10-Q,2026-04-23,2026-03-31,https://www.sec.gov/Archives/edgar/data/1164727/000116472726000019/nem-20260331.htm
NEM,10-K,2026-02-19,2025-12-31,https://www.sec.gov/Archives/edgar/data/1164727/000116472726000010/nem-20251231.htm
NEM,10-Q,2025-10-23,2025-09-30,https://www.sec.gov/Archives/edgar/data/1164727/000116472725000046/nem-20250930.htm
NEM,10-Q,2025-07-24,2025-06-30,https://www.sec.gov/Archives/edgar/data/1164727/000116472725000035/nem-20250630.htm
NFLX,10-Q,2026-07-17,2026-06-30,https://www.sec.gov/Archives/edgar/data/1065280/000106528026000212/nflx-20260630.htm
NFLX,10-Q,2026-04-17,2026-03-31,https://www.sec.gov/Archives/edgar/data/1065280/000106528026000138/nflx-20260331.htm
NFLX,10-K,2026-01-23,2025-12-31,https://www.sec.gov/Archives/edgar/data/1065280/000106528026000034/nflx-20251231.htm
NFLX,10-Q,2025-10-22,2025-09-30,https://www.sec.gov/Archives/edgar/data/1065280/000106528025000406/nflx-20250930.htm
NFLX,10-Q,2025-07-18,2025-06-30,https://www.sec.gov/Archives/edgar/data/1065280/000106528025000323/nflx-20250630.htm
NI,10-Q,2026-08-05,2026-06-30,https://www.sec.gov/Archives/edgar/data/1111711/000111171126000088/nix-20260630.htm
NI,10-Q,2026-05-06,2026-03-31,https://www.sec.gov/Archives/edgar/data/1111711/000111171126000045/nix-20260331.htm
NI,10-K,2026-02-11,2025-12-31,https://www.sec.gov/Archives/edgar/data/1111711/000111171126000027/nix-20251231.htm
NI,10-Q,2025-10-29,2025-09-30,https://www.sec.gov/Archives/edgar/data/1111711/000111171125000055/nix-20250930.htm
NI,10-Q,2025-08-06,2025-06-30,https://www.sec.gov/Archives/edgar/data/1111711/000111171125000036/nix-20250630.htm
NKE,10-K,2026-07-15,2026-05-31,https://www.sec.gov/Archives/edgar/data/320187/000032018726000088/nke-20260531.htm
NKE,10-Q,2026-04-01,2026-02-28,https://www.sec.gov/Archives/edgar/data/320187/000032018726000037/nke-20260228.htm
NKE,10-Q,2025-12-30,2025-11-30,https://www.sec.gov/Archives/edgar/data/320187/000032018725000151/nke-20251130.htm
NKE,10-Q,2025-10-01,2025-08-31,https://www.sec.gov/Archives/edgar/data/320187/000032018725000097/nke-20250831.htm
NKE,10-K,2025-07-17,2025-05-31,https://www.sec.gov/Archives/edgar/data/320187/000032018725000047/nke-20250531.htm
NOC,10-Q,2026-07-21,2026-06-30,https://www.sec.gov/Archives/edgar/data/1133421/000113342126000034/noc-20260630.htm
NOC,10-Q,2026-04-21,2026-03-31,https://www.sec.gov/Archives/edgar/data/1133421/000113342126000016/noc-20260331.htm
NOC,10-K,2026-01-27,2025-12-31,https://www.sec.gov/Archives/edgar/data/1133421/000113342126000003/noc-20251231.htm
NOC,10-Q,2025-10-21,2025-09-30,https://www.sec.gov/Archives/edgar/data/1133421/000113342125000053/noc-20250930.htm
NOC,10-Q,2025-07-22,2025-06-30,https://www.sec.gov/Archives/edgar/data/1133421/000113342125000049/noc-20250630.htm
NOW,10-Q,2026-07-23,2026-06-30,https://www.sec.gov/Archives/edgar/data/1373715/000137371526000076/now-20260630.htm
NOW,10-Q,2026-04-23,2026-03-31,https://www.sec.gov/Archives/edgar/data/1373715/000137371526000056/now-20260331.htm
NOW,10-K,2026-01-29,2025-12-31,https://www.sec.gov/Archives/edgar/data/1373715/000137371526000007/now-20251231.htm
NOW,10-Q,2025-10-30,2025-09-30,https://www.sec.gov/Archives/edgar/data/1373715/000137371525000309/now-20250930.htm
NOW,10-Q,2025-07-24,2025-06-30,https://www.sec.gov/Archives/edgar/data/1373715/000137371525000276/now-20250630.htm
NRG,10-Q,2026-08-04,2026-06-30,https://www.sec.gov/Archives/edgar/data/1013871/000101387126000020/nrg-20260630.htm
NRG,10-Q,2026-05-06,2026-03-31,https://www.sec.gov/Archives/edgar/data/1013871/000101387126000012/nrg-20260331.htm
NRG,10-K,2026-02-24,2025-12-31,https://www.sec.gov/Archives/edgar/data/1013871/000101387126000004/nrg-20251231.htm
NRG,10-Q,2025-11-06,2025-09-30,https://www.sec.gov/Archives/edgar/data/1013871/000101387125000025/nrg-20250930.htm
NRG,10-Q,2025-08-06,2025-06-30,https://www.sec.gov/Archives/edgar/data/1013871/000101387125000020/nrg-20250630.htm
NSC,10-Q,2026-07-23,2026-06-30,https://www.sec.gov/Archives/edgar/data/702165/000162828026049326/nsc-20260630.htm
NSC,10-Q,2026-04-24,2026-03-31,https://www.sec.gov/Archives/edgar/data/702165/000162828026027051/nsc-20260331.htm
NSC,10-K,2026-02-09,2025-12-31,https://www.sec.gov/Archives/edgar/data/702165/000162828026006268/nsc-20251231.htm
NSC,10-Q,2025-10-23,2025-09-30,https://www.sec.gov/Archives/edgar/data/702165/000162828025046128/nsc-20250930.htm
NSC,10-Q,2025-07-29,2025-06-30,https://www.sec.gov/Archives/edgar/data/702165/000070216525000028/nsc-20250630.htm
NTAP,10-Q,2026-09-02,2026-07-31,https://www.sec.gov/Archives/edgar/data/1002047/000119312526380207/ntap-20260731.htm
NTAP,10-K,2026-06-05,2026-04-24,https://www.sec.gov/Archives/edgar/data/1002047/000119312526259683/ntap-20260424.htm
NTAP,10-Q,2026-02-26,2026-01-23,https://www.sec.gov/Archives/edgar/data/1002047/000119312526076622/ntap-20260123.htm
NTAP,10-Q,2025-11-25,2025-10-24,https://www.sec.gov/Archives/edgar/data/1002047/000119312525297237/ntap-20251024.htm
NTAP,10-Q,2025-08-27,2025-07-25,https://www.sec.gov/Archives/edgar/data/1002047/000119312525189700/ntap-20250725.htm
NTRS,10-Q,2026-07-30,2026-06-30,https://www.sec.gov/Archives/edgar/data/73124/000007312426000047/ntrs-20260630.htm
NTRS,10-Q,2026-04-30,2026-03-31,https://www.sec.gov/Archives/edgar/data/73124/000007312426000035/ntrs-20260331.htm
NTRS,10-K,2026-02-24,2025-12-31,https://www.sec.gov/Archives/edgar/data/73124/000007312426000016/ntrs-20251231.htm
NTRS,10-Q,2025-10-30,2025-09-30,https://www.sec.gov/Archives/edgar/data/73124/000007312425000247/ntrs-20250930.htm
NTRS,10-Q,2025-07-30,2025-06-30,https://www.sec.gov/Archives/edgar/data/73124/000007312425000235/ntrs-20250630.htm
NUE,10-Q,2026-08-12,2026-07-04,https://www.sec.gov/Archives/edgar/data/73309/000119312526345891/nue-20260704.htm
NUE,10-Q,2026-05-13,2026-04-04,https://www.sec.gov/Archives/edgar/data/73309/000119312526220778/nue-20260404.htm
NUE,10-K,2026-02-25,2025-12-31,https://www.sec.gov/Archives/edgar/data/73309/000119312526071575/nue-20251231.htm
NUE,10-Q,2025-11-12,2025-10-04,https://www.sec.gov/Archives/edgar/data/73309/000119312525276207/nue-20251004.htm
NUE,10-Q,2025-08-13,2025-07-05,https://www.sec.gov/Archives/edgar/data/73309/000095017025107646/nue-20250705.htm
NVDA,10-Q,2026-08-26,2026-07-26,https://www.sec.gov/Archives/edgar/data/1045810/000104581026000075/nvda-20260726.htm
NVDA,10-Q,2026-05-20,2026-04-26,https://www.sec.gov/Archives/edgar/data/1045810/000104581026000052/nvda-20260426.htm
NVDA,10-K,2026-02-25,2026-01-25,https://www.sec.gov/Archives/edgar/data/1045810/000104581026000021/nvda-20260125.htm
NVDA,10-Q,2025-11-19,2025-10-26,https://www.sec.gov/Archives/edgar/data/1045810/000104581025000230/nvda-20251026.htm
NVDA,10-Q,2025-08-27,2025-07-27,https://www.sec.gov/Archives/edgar/data/1045810/000104581025000209/nvda-20250727.htm
NVR,10-Q,2026-08-05,2026-06-30,https://www.sec.gov/Archives/edgar/data/906163/000090616326000093/nvr-20260630.htm
NVR,10-Q,2026-05-06,2026-03-31,https://www.sec.gov/Archives/edgar/data/906163/000090616326000040/nvr-20260331.htm
NVR,10-K,2026-02-11,2025-12-31,https://www.sec.gov/Archives/edgar/data/906163/000090616326000018/nvr-20251231.htm
NVR,10-Q,2025-11-05,2025-09-30,https://www.sec.gov/Archives/edgar/data/906163/000090616325000121/nvr-20250930.htm
NVR,10-Q,2025-08-06,2025-06-30,https://www.sec.gov/Archives/edgar/data/906163/000090616325000089/nvr-20250630.htm
NWS,10-K,2026-08-07,2026-06-30,https://www.sec.gov/Archives/edgar/data/1564708/000156470826000175/nws-20260630.htm
NWS,10-Q,2026-05-08,2026-03-31,https://www.sec.gov/Archives/edgar/data/1564708/000156470826000103/nws-20260331.htm
NWS,10-Q,2026-02-06,2025-12-31,https://www.sec.gov/Archives/edgar/data/1564708/000156470826000029/nws-20251231.htm
NWS,10-Q,2025-11-07,2025-09-30,https://www.sec.gov/Archives/edgar/data/1564708/000156470825000573/nws-20250930.htm
NWS,10-K,2025-08-06,2025-06-30,https://www.sec.gov/Archives/edgar/data/1564708/000156470825000419/nws-20250630.htm
NWSA,10-K,2026-08-07,2026-06-30,https://www.sec.gov/Archives/edgar/data/1564708/000156470826000175/nws-20260630.htm
NWSA,10-Q,2026-05-08,2026-03-31,https://www.sec.gov/Archives/edgar/data/1564708/000156470826000103/nws-20260331.htm
NWSA,10-Q,2026-02-06,2025-12-31,https://www.sec.gov/Archives/edgar/data/1564708/000156470826000029/nws-20251231.htm
NWSA,10-Q,2025-11-07,2025-09-30,https://www.sec.gov/Archives/edgar/data/1564708/000156470825000573/nws-20250930.htm
NWSA,10-K,2025-08-06,2025-06-30,https://www.sec.gov/Archives/edgar/data/1564708/000156470825000419/nws-20250630.htm
NXPI,10-Q,2026-07-28,2026-06-28,https://www.sec.gov/Archives/edgar/data/1413447/000141344726000045/nxpi-20260628.htm
NXPI,10-Q,2026-04-28,2026-03-29,https://www.sec.gov/Archives/edgar/data/1413447/000141344726000034/nxpi-20260329.htm
NXPI,10-K,2026-02-19,2025-12-31,https://www.sec.gov/Archives/edgar/data/1413447/000141344726000008/nxpi-20251231.htm
NXPI,10-Q,2025-10-28,2025-09-28,https://www.sec.gov/Archives/edgar/data/1413447/000141344725000120/nxpi-20250928.htm
NXPI,10-Q,2025-07-24,2025-06-29,https://www.sec.gov/Archives/edgar/data/1413447/000141344725000106/nxpi-20250629.htm
O,10-Q,2026-08-06,2026-06-30,https://www.sec.gov/Archives/edgar/data/726728/000072672826000048/o-20260630.htm
O,10-Q,2026-05-07,2026-03-31,https://www.sec.gov/Archives/edgar/data/726728/000072672826000030/o-20260331.htm
O,10-K,2026-02-25,2025-12-31,https://www.sec.gov/Archives/edgar/data/726728/000072672826000011/o-20251231.htm
O,10-Q,2025-11-04,2025-09-30,https://www.sec.gov/Archives/edgar/data/726728/000072672825000148/o-20250930.htm
O,10-Q,2025-08-07,2025-06-30,https://www.sec.gov/Archives/edgar/data/726728/000072672825000131/o-20250630.htm
ODFL,10-Q,2026-08-05,2026-06-30,https://www.sec.gov/Archives/edgar/data/878927/000087892726000023/odfl-20260630.htm
ODFL,10-Q,2026-05-06,2026-03-31,https://www.sec.gov/Archives/edgar/data/878927/000087892726000011/odfl-20260331.htm
ODFL,10-K,2026-02-24,2025-12-31,https://www.sec.gov/Archives/edgar/data/878927/000119312526067161/odfl-20251231.htm
ODFL,10-Q,2025-11-06,2025-09-30,https://www.sec.gov/Archives/edgar/data/878927/000119312525268415/odfl-20250930.htm
ODFL,10-Q,2025-08-06,2025-06-30,https://www.sec.gov/Archives/edgar/data/878927/000095017025103916/odfl-20250630.htm
OKE,10-Q,2026-08-04,2026-06-30,https://www.sec.gov/Archives/edgar/data/1039684/000103968426000029/oke-20260630.htm
OKE,10-Q,2026-04-29,2026-03-31,https://www.sec.gov/Archives/edgar/data/1039684/000103968426000017/oke-20260331.htm
OKE,10-K,2026-02-24,2025-12-31,https://www.sec.gov/Archives/edgar/data/1039684/000103968426000006/oke-20251231.htm
OKE,10-Q,2025-10-29,2025-09-30,https://www.sec.gov/Archives/edgar/data/1039684/000103968425000123/oke-20250930.htm
OKE,10-Q,2025-08-05,2025-06-30,https://www.sec.gov/Archives/edgar/data/1039684/000103968425000114/oke-20250630.htm
OMC,10-Q,2026-07-29,2026-06-30,https://www.sec.gov/Archives/edgar/data/29989/000002998926000019/omc-20260630.htm
OMC,10-Q,2026-04-29,2026-03-31,https://www.sec.gov/Archives/edgar/data/29989/000002998926000011/omc-20260331.htm
OMC,10-K,2026-02-20,2025-12-31,https://www.sec.gov/Archives/edgar/data/29989/000002998926000006/omc-20251231.htm
OMC,10-Q,2025-10-22,2025-09-30,https://www.sec.gov/Archives/edgar/data/29989/000002998925000037/omc-20250930.htm
OMC,10-Q,2025-07-16,2025-06-30,https://www.sec.gov/Archives/edgar/data/29989/000002998925000026/omc-20250630.htm
ON,10-Q,2026-08-03,2026-07-03,https://www.sec.gov/Archives/edgar/data/1097864/000109786426000017/on-20260703.htm
ON,10-Q,2026-05-04,2026-04-03,https://www.sec.gov/Archives/edgar/data/1097864/000109786426000014/on-20260403.htm
ON,10-K,2026-02-09,2025-12-31,https://www.sec.gov/Archives/edgar/data/1097864/000109786426000006/on-20251231.htm
ON,10-Q,2025-11-03,2025-10-03,https://www.sec.gov/Archives/edgar/data/1097864/000109786425000019/on-20251003.htm
ON,10-Q,2025-08-04,2025-07-04,https://www.sec.gov/Archives/edgar/data/1097864/000109786425000013/on-20250704.htm
ORCL,10-K,2026-06-22,2026-05-31,https://www.sec.gov/Archives/edgar/data/1341439/000119312526277521/orcl-20260531.htm
ORCL,10-Q,2026-03-11,2026-02-28,https://www.sec.gov/Archives/edgar/data/1341439/000119312526101045/orcl-20260228.htm
ORCL,10-Q,2025-12-11,2025-11-30,https://www.sec.gov/Archives/edgar/data/1341439/000119312525315925/orcl-20251130.htm
ORCL,10-Q,2025-09-10,2025-08-31,https://www.sec.gov/Archives/edgar/data/1341439/000119312525200095/orcl-20250831.htm
ORCL,10-K,2025-06-18,2025-05-31,https://www.sec.gov/Archives/edgar/data/1341439/000095017025087926/orcl-20250531.htm
ORLY,10-Q,2026-08-07,2026-06-30,https://www.sec.gov/Archives/edgar/data/898173/000089817326000045/orly-20260630x10q.htm
ORLY,10-Q,2026-05-08,2026-03-31,https://www.sec.gov/Archives/edgar/data/898173/000089817326000027/orly-20260331x10q.htm
ORLY,10-K,2026-02-27,2025-12-31,https://www.sec.gov/Archives/edgar/data/898173/000089817326000009/orly-20251231x10k.htm
ORLY,10-Q,2025-11-07,2025-09-30,https://www.sec.gov/Archives/edgar/data/898173/000089817325000057/orly-20250930x10q.htm
ORLY,10-Q,2025-08-08,2025-06-30,https://www.sec.gov/Archives/edgar/data/898173/000089817325000049/orly-20250630x10q.htm
OTIS,10-Q,2026-07-23,2026-06-30,https://www.sec.gov/Archives/edgar/data/1781335/000178133526000113/otis-20260630.htm
OTIS,10-Q,2026-04-23,2026-03-31,https://www.sec.gov/Archives/edgar/data/1781335/000178133526000075/otis-20260331.htm
OTIS,10-K,2026-02-05,2025-12-31,https://www.sec.gov/Archives/edgar/data/1781335/000178133526000011/otis-20251231.htm
OTIS,10-Q,2025-10-30,2025-09-30,https://www.sec.gov/Archives/edgar/data/1781335/000178133525000049/otis-20250930.htm
OTIS,10-Q,2025-07-24,2025-06-30,https://www.sec.gov/Archives/edgar/data/1781335/000178133525000038/otis-20250630.htm
OXY,10-Q,2026-08-05,2026-06-30,https://www.sec.gov/Archives/edgar/data/797468/000162828026053388/oxy-20260630.htm
OXY,10-Q,2026-05-05,2026-03-31,https://www.sec.gov/Archives/edgar/data/797468/000162828026030584/oxy-20260331.htm
OXY,10-K,2026-02-18,2025-12-31,https://www.sec.gov/Archives/edgar/data/797468/000162828026009059/oxy-20251231.htm
OXY,10-Q,2025-11-10,2025-09-30,https://www.sec.gov/Archives/edgar/data/797468/000162828025051071/oxy-20250930.htm
OXY,10-Q,2025-08-06,2025-06-30,https://www.sec.gov/Archives/edgar/data/797468/000079746825000111/oxy-20250630.htm
PANW,10-Q,2026-06-03,2026-04-30,https://www.sec.gov/Archives/edgar/data/1327567/000132756726000015/panw-20260430.htm
PANW,10-Q,2026-02-18,2026-01-31,https://www.sec.gov/Archives/edgar/data/1327567/000132756726000005/panw-20260131.htm
PANW,10-Q,2025-11-20,2025-10-31,https://www.sec.gov/Archives/edgar/data/1327567/000132756725000035/panw-20251031.htm
PANW,10-K,2025-08-29,2025-07-31,https://www.sec.gov/Archives/edgar/data/1327567/000132756725000027/panw-20250731.htm
PANW,10-Q,2025-05-21,2025-04-30,https://www.sec.gov/Archives/edgar/data/1327567/000132756725000017/panw-20250430.htm
PAYX,10-K,2026-07-17,2026-05-31,https://www.sec.gov/Archives/edgar/data/723531/000119312526307785/payx-20260531.htm
PAYX,10-Q,2026-03-26,2026-02-28,https://www.sec.gov/Archives/edgar/data/723531/000119312526126204/payx-20260228.htm
PAYX,10-Q,2025-12-22,2025-11-30,https://www.sec.gov/Archives/edgar/data/723531/000119312525328698/payx-20251130.htm
PAYX,10-Q,2025-09-30,2025-08-31,https://www.sec.gov/Archives/edgar/data/723531/000119312525224997/payx-20250831.htm
PAYX,10-K,2025-07-11,2025-05-31,https://www.sec.gov/Archives/edgar/data/723531/000095017025095300/payx-20250531.htm
PCAR,10-Q,2026-07-29,2026-06-30,https://www.sec.gov/Archives/edgar/data/75362/000119312526323642/pcar-20260630.htm
PCAR,10-Q,2026-04-29,2026-03-31,https://www.sec.gov/Archives/edgar/data/75362/000119312526191499/pcar-20260331.htm
PCAR,10-K,2026-02-18,2025-12-31,https://www.sec.gov/Archives/edgar/data/75362/000119312526057025/pcar-20251231.htm
PCAR,10-Q,2025-10-30,2025-09-30,https://www.sec.gov/Archives/edgar/data/75362/000119312525258509/pcar-20250930.htm
PCAR,10-Q,2025-07-31,2025-06-30,https://www.sec.gov/Archives/edgar/data/75362/000095017025100887/pcar-20250630.htm
PCG,10-Q,2026-07-23,2026-06-30,https://www.sec.gov/Archives/edgar/data/1004980/000100498026000048/pcg-20260630.htm
PCG,10-Q,2026-04-23,2026-03-31,https://www.sec.gov/Archives/edgar/data/1004980/000100498026000033/pcg-20260331.htm
PCG,10-K,2026-02-12,2025-12-31,https://www.sec.gov/Archives/edgar/data/1004980/000100498026000009/pcg-20251231.htm
PCG,10-Q,2025-10-23,2025-09-30,https://www.sec.gov/Archives/edgar/data/1004980/000100498025000148/pcg-20250930.htm
PCG,10-Q,2025-07-31,2025-06-30,https://www.sec.gov/Archives/edgar/data/1004980/000100498025000132/pcg-20250630.htm
PEG,10-Q,2026-08-04,2026-06-30,https://www.sec.gov/Archives/edgar/data/788784/000119312526332943/peg-20260630.htm
PEG,10-Q,2026-05-05,2026-03-31,https://www.sec.gov/Archives/edgar/data/788784/000119312526206545/peg-20260331.htm
PEG,10-K,2026-02-26,2025-12-31,https://www.sec.gov/Archives/edgar/data/788784/000119312526077446/peg-20251231.htm
PEG,10-Q,2025-11-03,2025-09-30,https://www.sec.gov/Archives/edgar/data/788784/000119312525262643/peg-20250930.htm
PEG,10-Q,2025-08-05,2025-06-30,https://www.sec.gov/Archives/edgar/data/788784/000095017025103096/peg-20250630.htm
PEP,10-Q,2026-07-09,2026-06-13,https://www.sec.gov/Archives/edgar/data/77476/000007747626000035/pep-20260613.htm
PEP,10-Q,2026-04-16,2026-03-21,https://www.sec.gov/Archives/edgar/data/77476/000007747626000017/pep-20260321.htm
PEP,10-K,2026-02-03,2025-12-27,https://www.sec.gov/Archives/edgar/data/77476/000007747626000007/pep-20251227.htm
PEP,10-Q,2025-10-09,2025-09-06,https://www.sec.gov/Archives/edgar/data/77476/000007747625000053/pep-20250906.htm
PEP,10-Q,2025-07-17,2025-06-14,https://www.sec.gov/Archives/edgar/data/77476/000007747625000044/pep-20250614.htm
PFE,10-Q,2026-08-04,2026-06-28,https://www.sec.gov/Archives/edgar/data/78003/000007800326000095/pfe-20260628.htm
PFE,10-Q,2026-05-05,2026-03-29,https://www.sec.gov/Archives/edgar/data/78003/000007800326000054/pfe-20260329.htm
PFE,10-K,2026-02-26,2025-12-31,https://www.sec.gov/Archives/edgar/data/78003/000007800326000026/pfe-20251231.htm
PFE,10-Q,2025-11-04,2025-09-28,https://www.sec.gov/Archives/edgar/data/78003/000007800325000150/pfe-20250928.htm
PFE,10-Q,2025-08-05,2025-06-29,https://www.sec.gov/Archives/edgar/data/78003/000007800325000138/pfe-20250629.htm
PFG,10-Q,2026-07-29,2026-06-30,https://www.sec.gov/Archives/edgar/data/1126328/000110465926088071/pfg-20260630x10q.htm
PFG,10-Q,2026-04-29,2026-03-31,https://www.sec.gov/Archives/edgar/data/1126328/000110465926051384/pfg-20260331x10q.htm
PFG,10-K,2026-02-18,2025-12-31,https://www.sec.gov/Archives/edgar/data/1126328/000110465926017031/pfg-20251231x10k.htm
PFG,10-Q,2025-10-29,2025-09-30,https://www.sec.gov/Archives/edgar/data/1126328/000110465925103708/pfg-20250930x10q.htm
PFG,10-Q,2025-07-30,2025-06-30,https://www.sec.gov/Archives/edgar/data/1126328/000141057825001534/pfg-20250630x10q.htm
PG,10-K,2026-08-04,2026-06-30,https://www.sec.gov/Archives/edgar/data/80424/000008042426000103/pg-20260630.htm
PG,10-Q,2026-04-24,2026-03-31,https://www.sec.gov/Archives/edgar/data/80424/000008042426000060/pg-20260331.htm
PG,10-Q,2026-01-23,2025-12-31,https://www.sec.gov/Archives/edgar/data/80424/000008042426000011/pg-20251231.htm
PG,10-Q,2025-10-24,2025-09-30,https://www.sec.gov/Archives/edgar/data/80424/000008042425000245/pg-20250930.htm
PG,10-K,2025-08-04,2025-06-30,https://www.sec.gov/Archives/edgar/data/80424/000008042425000076/pg-20250630.htm
PGR,10-Q,2026-08-03,2026-06-30,https://www.sec.gov/Archives/edgar/data/80661/000008066126000308/pgr-20260630.htm
PGR,10-Q,2026-05-04,2026-03-31,https://www.sec.gov/Archives/edgar/data/80661/000008066126000177/pgr-20260331.htm
PGR,10-K,2026-03-02,2025-12-31,https://www.sec.gov/Archives/edgar/data/80661/000008066126000086/pgr-20251231.htm
PGR,10-Q,2025-11-03,2025-09-30,https://www.sec.gov/Archives/edgar/data/80661/000008066125000129/pgr-20250930.htm
PGR,10-Q,2025-08-04,2025-06-30,https://www.sec.gov/Archives/edgar/data/80661/000008066125000051/pgr-20250630.htm
PH,10-K,2026-08-21,2026-06-30,https://www.sec.gov/Archives/edgar/data/76334/000007633426000105/ph-20260630.htm
PH,10-Q,2026-05-01,2026-03-31,https://www.sec.gov/Archives/edgar/data/76334/000007633426000073/ph-20260331.htm
PH,10-Q,2026-01-30,2025-12-31,https://www.sec.gov/Archives/edgar/data/76334/000007633426000008/ph-20251231.htm
PH,10-Q,2025-11-07,2025-09-30,https://www.sec.gov/Archives/edgar/data/76334/000007633425000071/ph-20250930.htm
PH,10-K,2025-08-22,2025-06-30,https://www.sec.gov/Archives/edgar/data/76334/000007633425000035/ph-20250630.htm
PHM,10-Q,2026-07-22,2026-06-30,https://www.sec.gov/Archives/edgar/data/822416/000082241626000036/phm-20260630.htm
PHM,10-Q,2026-04-23,2026-03-31,https://www.sec.gov/Archives/edgar/data/822416/000082241626000023/phm-20260331.htm
PHM,10-K,2026-02-04,2025-12-31,https://www.sec.gov/Archives/edgar/data/822416/000082241626000007/phm-20251231.htm
PHM,10-Q,2025-10-21,2025-09-30,https://www.sec.gov/Archives/edgar/data/822416/000082241625000061/phm-20250930.htm
PHM,10-Q,2025-07-22,2025-06-30,https://www.sec.gov/Archives/edgar/data/822416/000082241625000051/phm-20250630.htm
PKG,10-Q,2026-08-07,2026-06-30,https://www.sec.gov/Archives/edgar/data/75677/000119312526339405/pkg-20260630.htm
PKG,10-Q,2026-05-08,2026-03-31,https://www.sec.gov/Archives/edgar/data/75677/000119312526213675/pkg-20260331.htm
PKG,10-K,2026-02-26,2025-12-31,https://www.sec.gov/Archives/edgar/data/75677/000119312526074129/pkg-20251231.htm
PKG,10-Q,2025-11-06,2025-09-30,https://www.sec.gov/Archives/edgar/data/75677/000119312525268514/pkg-20250930.htm
PKG,10-Q,2025-08-07,2025-06-30,https://www.sec.gov/Archives/edgar/data/75677/000119312525175122/pkg-20250630.htm
PLD,10-Q,2026-07-29,2026-06-30,https://www.sec.gov/Archives/edgar/data/1045609/000119312526323746/pld-20260630.htm
PLD,10-Q,2026-04-30,2026-03-31,https://www.sec.gov/Archives/edgar/data/1045609/000119312526197850/pld-20260331.htm
PLD,10-K,2026-02-13,2025-12-31,https://www.sec.gov/Archives/edgar/data/1045609/000119312526051453/pld-20251231.htm
PLD,10-Q,2025-10-28,2025-09-30,https://www.sec.gov/Archives/edgar/data/1045609/000119312525253512/pld-20250930.htm
PLD,10-Q,2025-07-30,2025-06-30,https://www.sec.gov/Archives/edgar/data/1045609/000095017025099770/pld-20250630.htm
PLTR,10-Q,2026-08-04,2026-06-30,https://www.sec.gov/Archives/edgar/data/1321655/000132165526000041/pltr-20260630.htm
PLTR,10-Q,2026-05-05,2026-03-31,https://www.sec.gov/Archives/edgar/data/1321655/000132165526000028/pltr-20260331.htm
PLTR,10-K,2026-02-17,2025-12-31,https://www.sec.gov/Archives/edgar/data/1321655/000132165526000011/pltr-20251231.htm
PLTR,10-Q,2025-11-04,2025-09-30,https://www.sec.gov/Archives/edgar/data/1321655/000132165525000131/pltr-20250930.htm
PLTR,10-Q,2025-08-05,2025-06-30,https://www.sec.gov/Archives/edgar/data/1321655/000132165525000106/pltr-20250630.htm
PM,10-Q,2026-07-24,2026-06-30,https://www.sec.gov/Archives/edgar/data/1413329/000162828026049493/pm-20260630.htm
PM,10-Q,2026-04-24,2026-03-31,https://www.sec.gov/Archives/edgar/data/1413329/000162828026027019/pm-20260331.htm
PM,10-K,2026-02-06,2025-12-31,https://www.sec.gov/Archives/edgar/data/1413329/000162828026005939/pm-20251231.htm
PM,10-Q,2025-10-24,2025-09-30,https://www.sec.gov/Archives/edgar/data/1413329/000162828025046179/pm-20250930.htm
PM,10-Q,2025-07-25,2025-06-30,https://www.sec.gov/Archives/edgar/data/1413329/000141332925000150/pm-20250630.htm
PNC,10-Q,2026-08-05,2026-06-30,https://www.sec.gov/Archives/edgar/data/713676/000162828026053170/pnc-20260630.htm
PNC,10-Q,2026-05-05,2026-03-31,https://www.sec.gov/Archives/edgar/data/713676/000071367626000038/pnc-20260331.htm
PNC,10-K,2026-02-20,2025-12-31,https://www.sec.gov/Archives/edgar/data/713676/000071367626000020/pnc-20251231.htm
PNC,10-Q,2025-11-03,2025-09-30,https://www.sec.gov/Archives/edgar/data/713676/000071367625000132/pnc-20250930.htm
PNC,10-Q,2025-08-01,2025-06-30,https://www.sec.gov/Archives/edgar/data/713676/000071367625000060/pnc-20250630.htm
PNR,10-Q,2026-07-28,2026-06-30,https://www.sec.gov/Archives/edgar/data/77360/000007736026000045/pnr-20260630.htm
PNR,10-Q,2026-04-28,2026-03-31,https://www.sec.gov/Archives/edgar/data/77360/000007736026000027/pnr-20260331.htm
PNR,10-K,2026-02-24,2025-12-31,https://www.sec.gov/Archives/edgar/data/77360/000007736026000007/pnr-20251231.htm
PNR,10-Q,2025-10-21,2025-09-30,https://www.sec.gov/Archives/edgar/data/77360/000007736025000047/pnr-20250930.htm
PNR,10-Q,2025-07-22,2025-06-30,https://www.sec.gov/Archives/edgar/data/77360/000007736025000038/pnr-20250630.htm
PNW,10-Q,2026-08-04,2026-06-30,https://www.sec.gov/Archives/edgar/data/764622/000076462226000041/pnw-20260630.htm
PNW,10-Q,2026-05-04,2026-03-31,https://www.sec.gov/Archives/edgar/data/764622/000076462226000025/pnw-20260331.htm
PNW,10-K,2026-02-25,2025-12-31,https://www.sec.gov/Archives/edgar/data/764622/000076462226000011/pnw-20251231.htm
PNW,10-Q,2025-11-03,2025-09-30,https://www.sec.gov/Archives/edgar/data/764622/000076462225000087/pnw-20250930.htm
PNW,10-Q,2025-08-06,2025-06-30,https://www.sec.gov/Archives/edgar/data/764622/000076462225000072/pnw-20250630.htm
PODD,10-Q,2026-08-05,2026-06-30,https://www.sec.gov/Archives/edgar/data/1145197/000114519726000169/podd-20260630.htm
PODD,10-Q,2026-05-06,2026-03-31,https://www.sec.gov/Archives/edgar/data/1145197/000114519726000102/podd-20260331.htm
PODD,10-K,2026-02-18,2025-12-31,https://www.sec.gov/Archives/edgar/data/1145197/000114519726000028/podd-20251231.htm
PODD,10-Q,2025-11-06,2025-09-30,https://www.sec.gov/Archives/edgar/data/1145197/000114519725000069/podd-20250930.htm
PODD,10-Q,2025-08-07,2025-06-30,https://www.sec.gov/Archives/edgar/data/1145197/000114519725000038/podd-20250630.htm
PPG,10-Q,2026-07-29,2026-06-30,https://www.sec.gov/Archives/edgar/data/79879/000007987926000252/ppg-20260630.htm
PPG,10-Q,2026-04-29,2026-03-31,https://www.sec.gov/Archives/edgar/data/79879/000007987926000170/ppg-20260331.htm
PPG,10-K,2026-02-19,2025-12-31,https://www.sec.gov/Archives/edgar/data/79879/000007987926000046/ppg-20251231.htm
PPG,10-Q,2025-10-29,2025-09-30,https://www.sec.gov/Archives/edgar/data/79879/000007987925000311/ppg-20250930.htm
PPG,10-Q,2025-07-30,2025-06-30,https://www.sec.gov/Archives/edgar/data/79879/000007987925000223/ppg-20250630.htm
PPL,10-Q,2026-08-07,2026-06-30,https://www.sec.gov/Archives/edgar/data/922224/000092222426000044/ppl-20260630.htm
PPL,10-Q,2026-05-08,2026-03-31,https://www.sec.gov/Archives/edgar/data/922224/000092222426000026/ppl-20260331.htm
PPL,10-K,2026-02-20,2025-12-31,https://www.sec.gov/Archives/edgar/data/922224/000092222426000008/ppl-20251231.htm
PPL,10-Q,2025-11-05,2025-09-30,https://www.sec.gov/Archives/edgar/data/922224/000092222425000051/ppl-20250930.htm
PPL,10-Q,2025-07-31,2025-06-30,https://www.sec.gov/Archives/edgar/data/922224/000092222425000034/ppl-20250630.htm
PRU,10-Q,2026-08-05,2026-06-30,https://www.sec.gov/Archives/edgar/data/1137774/000113777426000176/pru-20260630.htm
PRU,10-Q,2026-05-06,2026-03-31,https://www.sec.gov/Archives/edgar/data/1137774/000113777426000095/pru-20260331.htm
PRU,10-K,2026-02-12,2025-12-31,https://www.sec.gov/Archives/edgar/data/1137774/000113777426000048/pru-20251231.htm
PRU,10-Q,2025-10-30,2025-09-30,https://www.sec.gov/Archives/edgar/data/1137774/000113777425000178/pru-20250930.htm
PRU,10-Q,2025-07-31,2025-06-30,https://www.sec.gov/Archives/edgar/data/1137774/000113777425000108/pru-20250630.htm
PSA,10-Q,2026-07-29,2026-06-30,https://www.sec.gov/Archives/edgar/data/1393311/000162828026050612/psa-20260630.htm
PSA,10-Q,2026-04-27,2026-03-31,https://www.sec.gov/Archives/edgar/data/1393311/000162828026027487/psa-20260331.htm
PSA,10-K,2026-02-12,2025-12-31,https://www.sec.gov/Archives/edgar/data/1393311/000162828026007696/psa-20251231.htm
PSA,10-Q,2025-10-29,2025-09-30,https://www.sec.gov/Archives/edgar/data/1393311/000162828025047163/psa-20250930.htm
PSA,10-Q,2025-07-30,2025-06-30,https://www.sec.gov/Archives/edgar/data/1393311/000139331125000120/psa-20250630.htm
PSKY,10-Q,2026-08-04,2026-06-30,https://www.sec.gov/Archives/edgar/data/2041610/000204161026000054/psky-20260630.htm
PSKY,10-Q,2026-05-04,2026-03-31,https://www.sec.gov/Archives/edgar/data/2041610/000204161026000026/psky-20260331.htm
PSKY,10-K,2026-02-25,2025-12-31,https://www.sec.gov/Archives/edgar/data/2041610/000204161026000011/psky-20251231.htm
PSKY,10-Q,2025-11-10,2025-09-30,https://www.sec.gov/Archives/edgar/data/2041610/000204161025000044/psky-20250930.htm
PSKY,10-Q,2025-08-01,2025-06-30,https://www.sec.gov/Archives/edgar/data/2041610/000204161025000013/npg-20250630.htm
PSX,10-Q,2026-08-05,2026-06-30,https://www.sec.gov/Archives/edgar/data/1534701/000153470126000032/psx-20260630.htm
PSX,10-Q,2026-04-29,2026-03-31,https://www.sec.gov/Archives/edgar/data/1534701/000153470126000022/psx-20260331.htm
PSX,10-K,2026-02-20,2025-12-31,https://www.sec.gov/Archives/edgar/data/1534701/000153470126000006/psx-20251231.htm
PSX,10-Q,2025-10-29,2025-09-30,https://www.sec.gov/Archives/edgar/data/1534701/000153470125000155/psx-20250930.htm
PSX,10-Q,2025-07-28,2025-06-30,https://www.sec.gov/Archives/edgar/data/1534701/000153470125000137/psx-20250630.htm
PTC,10-Q,2026-07-31,2026-06-30,https://www.sec.gov/Archives/edgar/data/857005/000119312526328444/ptc-20260630.htm
PTC,10-Q,2026-05-07,2026-03-31,https://www.sec.gov/Archives/edgar/data/857005/000119312526209869/ptc-20260331.htm
PTC,10-Q,2026-02-05,2025-12-31,https://www.sec.gov/Archives/edgar/data/857005/000119312526039347/ptc-20251231.htm
PTC,10-K,2025-11-21,2025-09-30,https://www.sec.gov/Archives/edgar/data/857005/000119312525291326/ptc-20250930.htm
PTC,10-Q,2025-07-31,2025-06-30,https://www.sec.gov/Archives/edgar/data/857005/000095017025100879/ptc-20250630.htm
PWR,10-Q,2026-07-30,2026-06-30,https://www.sec.gov/Archives/edgar/data/1050915/000105091526000025/pwr-20260630.htm
PWR,10-Q,2026-04-30,2026-03-31,https://www.sec.gov/Archives/edgar/data/1050915/000105091526000016/pwr-20260331.htm
PWR,10-K,2026-02-19,2025-12-31,https://www.sec.gov/Archives/edgar/data/1050915/000105091526000006/pwr-20251231.htm
PWR,10-Q,2025-10-30,2025-09-30,https://www.sec.gov/Archives/edgar/data/1050915/000105091525000111/pwr-20250930.htm
PWR,10-Q,2025-07-31,2025-06-30,https://www.sec.gov/Archives/edgar/data/1050915/000105091525000103/pwr-20250630.htm
PYPL,10-Q,2026-07-28,2026-06-30,https://www.sec.gov/Archives/edgar/data/1633917/000163391726000082/pypl-20260630.htm
PYPL,10-Q,2026-05-05,2026-03-31,https://www.sec.gov/Archives/edgar/data/1633917/000163391726000067/pypl-20260331.htm
PYPL,10-K,2026-02-03,2025-12-31,https://www.sec.gov/Archives/edgar/data/1633917/000163391726000024/pypl-20251231.htm
PYPL,10-Q,2025-10-28,2025-09-30,https://www.sec.gov/Archives/edgar/data/1633917/000163391725000196/pypl-20250930.htm
PYPL,10-Q,2025-07-29,2025-06-30,https://www.sec.gov/Archives/edgar/data/1633917/000163391725000161/pypl-20250630.htm
Q,10-Q,2026-08-04,2026-06-30,https://www.sec.gov/Archives/edgar/data/2058873/000205887326000030/q-20260630.htm
Q,10-Q,2026-05-12,2026-03-31,https://www.sec.gov/Archives/edgar/data/2058873/000205887326000015/q-20260331.htm
Q,10-K,2026-02-26,2025-12-31,https://www.sec.gov/Archives/edgar/data/2058873/000205887326000010/q-20251231.htm
Q,10-Q,2025-11-18,2025-09-30,https://www.sec.gov/Archives/edgar/data/2058873/000205887325000023/q-20250930.htm
QCOM,10-Q,2026-07-29,2026-06-28,https://www.sec.gov/Archives/edgar/data/804328/000080432826000086/qcom-20260628.htm
QCOM,10-Q,2026-04-29,2026-03-29,https://www.sec.gov/Archives/edgar/data/804328/000080432826000061/qcom-20260329.htm
QCOM,10-Q,2026-02-04,2025-12-28,https://www.sec.gov/Archives/edgar/data/804328/000080432826000017/qcom-20251228.htm
QCOM,10-K,2025-11-05,2025-09-28,https://www.sec.gov/Archives/edgar/data/804328/000080432825000085/qcom-20250928.htm
QCOM,10-Q,2025-07-30,2025-06-29,https://www.sec.gov/Archives/edgar/data/804328/000080432825000045/qcom-20250629.htm
RCL,10-Q,2026-07-28,2026-06-30,https://www.sec.gov/Archives/edgar/data/884887/000088488726000038/rcl-20260630.htm
RCL,10-Q,2026-04-30,2026-03-31,https://www.sec.gov/Archives/edgar/data/884887/000088488726000026/rcl-20260331.htm
RCL,10-K,2026-02-11,2025-12-31,https://www.sec.gov/Archives/edgar/data/884887/000088488726000007/rcl-20251231.htm
RCL,10-Q,2025-10-28,2025-09-30,https://www.sec.gov/Archives/edgar/data/884887/000088488725000148/rcl-20250930.htm
RCL,10-Q,2025-07-29,2025-06-30,https://www.sec.gov/Archives/edgar/data/884887/000088488725000142/rcl-20250630.htm
RDDT,10-Q,2026-07-31,2026-06-30,https://www.sec.gov/Archives/edgar/data/1713445/000171344526000100/rddt-20260630.htm
RDDT,10-Q,2026-05-01,2026-03-31,https://www.sec.gov/Archives/edgar/data/1713445/000171344526000069/rddt-20260331.htm
RDDT,10-K,2026-02-06,2025-12-31,https://www.sec.gov/Archives/edgar/data/1713445/000171344526000022/rddt-20251231.htm
RDDT,10-Q,2025-10-31,2025-09-30,https://www.sec.gov/Archives/edgar/data/1713445/000171344525000227/rddt-20250930.htm
RDDT,10-Q,2025-08-01,2025-06-30,https://www.sec.gov/Archives/edgar/data/1713445/000171344525000196/rddt-20250630.htm
REG,10-Q,2026-08-03,2026-06-30,https://www.sec.gov/Archives/edgar/data/910606/000119312526330021/reg-20260630.htm
REG,10-Q,2026-05-04,2026-03-31,https://www.sec.gov/Archives/edgar/data/910606/000119312526203537/reg-20260331.htm
REG,10-K,2026-02-13,2025-12-31,https://www.sec.gov/Archives/edgar/data/910606/000119312526051668/reg-20251231.htm
REG,10-Q,2025-11-05,2025-09-30,https://www.sec.gov/Archives/edgar/data/910606/000119312525266456/reg-20250930.htm
REG,10-Q,2025-08-04,2025-06-30,https://www.sec.gov/Archives/edgar/data/910606/000095017025101867/reg-20250630.htm
REGN,10-Q,2026-07-30,2026-06-30,https://www.sec.gov/Archives/edgar/data/872589/000087258926000025/regn-20260630.htm
REGN,10-Q,2026-04-29,2026-03-31,https://www.sec.gov/Archives/edgar/data/872589/000087258926000016/regn-20260331.htm
REGN,10-K,2026-02-04,2025-12-31,https://www.sec.gov/Archives/edgar/data/872589/000087258926000008/regn-20251231.htm
REGN,10-Q,2025-10-28,2025-09-30,https://www.sec.gov/Archives/edgar/data/872589/000087258925000028/regn-20250930.htm
REGN,10-Q,2025-08-01,2025-06-30,https://www.sec.gov/Archives/edgar/data/872589/000087258925000019/regn-20250630.htm
RF,10-Q,2026-08-06,2026-06-30,https://www.sec.gov/Archives/edgar/data/1281761/000128176126000055/rf-20260630.htm
RF,10-Q,2026-05-07,2026-03-31,https://www.sec.gov/Archives/edgar/data/1281761/000128176126000037/rf-20260331.htm
RF,10-K,2026-02-24,2025-12-31,https://www.sec.gov/Archives/edgar/data/1281761/000128176126000019/rf-20251231.htm
RF,10-Q,2025-11-04,2025-09-30,https://www.sec.gov/Archives/edgar/data/1281761/000128176125000080/rf-20250930.htm
RF,10-Q,2025-08-05,2025-06-30,https://www.sec.gov/Archives/edgar/data/1281761/000128176125000063/rf-20250630.htm
RJF,10-Q,2026-08-05,2026-06-30,https://www.sec.gov/Archives/edgar/data/720005/000072000526000070/rjf-20260630.htm
RJF,10-Q,2026-05-06,2026-03-31,https://www.sec.gov/Archives/edgar/data/720005/000072000526000051/rjf-20260331.htm
RJF,10-Q,2026-02-06,2025-12-31,https://www.sec.gov/Archives/edgar/data/720005/000072000526000035/rjf-20251231.htm
RJF,10-K,2025-11-25,2025-09-30,https://www.sec.gov/Archives/edgar/data/720005/000072000525000093/rjf-20250930.htm
RJF,10-Q,2025-08-06,2025-06-30,https://www.sec.gov/Archives/edgar/data/720005/000072000525000072/rjf-20250630.htm
RL,10-Q,2026-08-06,2026-06-27,https://www.sec.gov/Archives/edgar/data/1037038/000162828026053992/rl-20260627.htm
RL,10-K,2026-05-21,2026-03-28,https://www.sec.gov/Archives/edgar/data/1037038/000162828026037074/rl-20260328.htm
RL,10-Q,2026-02-05,2025-12-27,https://www.sec.gov/Archives/edgar/data/1037038/000162828026005784/rl-20251227.htm
RL,10-Q,2025-11-06,2025-09-27,https://www.sec.gov/Archives/edgar/data/1037038/000162828025049927/rl-20250927.htm
RL,10-Q,2025-08-07,2025-06-28,https://www.sec.gov/Archives/edgar/data/1037038/000103703825000018/rl-20250628.htm
RMD,10-K,2026-08-13,2026-06-30,https://www.sec.gov/Archives/edgar/data/943819/000094381926000047/rmd-20260630.htm
RMD,10-Q,2026-05-01,2026-03-31,https://www.sec.gov/Archives/edgar/data/943819/000094381926000025/rmd-20260331.htm
RMD,10-Q,2026-01-30,2025-12-31,https://www.sec.gov/Archives/edgar/data/943819/000094381926000007/rmd-20251231.htm
RMD,10-Q,2025-10-31,2025-09-30,https://www.sec.gov/Archives/edgar/data/943819/000094381925000090/rmd-20250930.htm
RMD,10-K,2025-08-08,2025-06-30,https://www.sec.gov/Archives/edgar/data/943819/000094381925000035/rmd-20250630.htm
ROK,10-Q,2026-08-04,2026-06-30,https://www.sec.gov/Archives/edgar/data/1024478/000102447826000030/rok-20260630.htm
ROK,10-Q,2026-05-05,2026-03-31,https://www.sec.gov/Archives/edgar/data/1024478/000102447826000022/rok-20260331.htm
ROK,10-Q,2026-02-05,2025-12-31,https://www.sec.gov/Archives/edgar/data/1024478/000102447826000005/rok-20251231.htm
ROK,10-K,2025-11-12,2025-09-30,https://www.sec.gov/Archives/edgar/data/1024478/000102447825000116/rok-20250930.htm
ROK,10-Q,2025-08-06,2025-06-30,https://www.sec.gov/Archives/edgar/data/1024478/000102447825000083/rok-20250630.htm
ROL,10-Q,2026-07-23,2026-06-30,https://www.sec.gov/Archives/edgar/data/84839/000008483926000040/rol-20260630.htm
ROL,10-Q,2026-04-23,2026-03-31,https://www.sec.gov/Archives/edgar/data/84839/000008483926000022/rol-20260331.htm
ROL,10-K,2026-02-12,2025-12-31,https://www.sec.gov/Archives/edgar/data/84839/000008483926000008/rol-20251231.htm
ROL,10-Q,2025-10-30,2025-09-30,https://www.sec.gov/Archives/edgar/data/84839/000008483925000100/rol-20250930.htm
ROL,10-Q,2025-07-24,2025-06-30,https://www.sec.gov/Archives/edgar/data/84839/000008483925000087/rol-20250630.htm
ROP,10-Q,2026-07-31,2026-06-30,https://www.sec.gov/Archives/edgar/data/882835/000088283526000036/rop-20260630.htm
ROP,10-Q,2026-05-01,2026-03-31,https://www.sec.gov/Archives/edgar/data/882835/000088283526000019/rop-20260331.htm
ROP,10-K,2026-02-24,2025-12-31,https://www.sec.gov/Archives/edgar/data/882835/000088283526000009/rop-20251231.htm
ROP,10-Q,2025-10-31,2025-09-30,https://www.sec.gov/Archives/edgar/data/882835/000088283525000045/rop-20250930.htm
ROP,10-Q,2025-08-01,2025-06-30,https://www.sec.gov/Archives/edgar/data/882835/000088283525000036/rop-20250630.htm
ROST,10-Q,2026-09-01,2026-08-01,https://www.sec.gov/Archives/edgar/data/745732/000074573226000041/rost-20260801.htm
ROST,10-Q,2026-06-02,2026-05-02,https://www.sec.gov/Archives/edgar/data/745732/000074573226000032/rost-20260502.htm
ROST,10-K,2026-03-31,2026-01-31,https://www.sec.gov/Archives/edgar/data/745732/000074573226000006/rost-20260131.htm
ROST,10-Q,2025-12-10,2025-11-01,https://www.sec.gov/Archives/edgar/data/745732/000074573225000061/rost-20251101.htm
ROST,10-Q,2025-09-10,2025-08-02,https://www.sec.gov/Archives/edgar/data/745732/000074573225000052/rost-20250802.htm
RSG,10-Q,2026-08-07,2026-06-30,https://www.sec.gov/Archives/edgar/data/1060391/000106039126000275/rsg-20260630.htm
RSG,10-Q,2026-05-08,2026-03-31,https://www.sec.gov/Archives/edgar/data/1060391/000106039126000212/rsg-20260331.htm
RSG,10-K,2026-02-18,2025-12-31,https://www.sec.gov/Archives/edgar/data/1060391/000106039126000094/rsg-20251231.htm
RSG,10-Q,2025-10-31,2025-09-30,https://www.sec.gov/Archives/edgar/data/1060391/000162828025047655/rsg-20250930.htm
RSG,10-Q,2025-07-30,2025-06-30,https://www.sec.gov/Archives/edgar/data/1060391/000106039125000216/rsg-20250630.htm
RTX,10-Q,2026-07-23,2026-06-30,https://www.sec.gov/Archives/edgar/data/101829/000010182926000027/rtx-20260630.htm
RTX,10-Q,2026-04-21,2026-03-31,https://www.sec.gov/Archives/edgar/data/101829/000010182926000011/rtx-20260331.htm
RTX,10-K,2026-02-06,2025-12-31,https://www.sec.gov/Archives/edgar/data/101829/000010182926000006/rtx-20251231.htm
RTX,10-Q,2025-10-21,2025-09-30,https://www.sec.gov/Archives/edgar/data/101829/000010182925000042/rtx-20250930.htm
RTX,10-Q,2025-07-22,2025-06-30,https://www.sec.gov/Archives/edgar/data/101829/000010182925000032/rtx-20250630.htm
RVTY,10-Q,2026-08-11,2026-07-05,https://www.sec.gov/Archives/edgar/data/31791/000003179126000027/revv-20260705.htm
RVTY,10-Q,2026-05-12,2026-04-05,https://www.sec.gov/Archives/edgar/data/31791/000003179126000019/revv-20260405.htm
RVTY,10-K,2026-02-24,2025-12-28,https://www.sec.gov/Archives/edgar/data/31791/000003179126000012/revv-20251228.htm
RVTY,10-Q,2025-11-04,2025-09-28,https://www.sec.gov/Archives/edgar/data/31791/000003179125000037/revv-20250928.htm
RVTY,10-Q,2025-08-05,2025-06-29,https://www.sec.gov/Archives/edgar/data/31791/000003179125000026/revv-20250629.htm
SBAC,10-Q,2026-08-06,2026-06-30,https://www.sec.gov/Archives/edgar/data/1034054/000103405426000011/sbac-20260630x10q.htm
SBAC,10-Q,2026-05-05,2026-03-31,https://www.sec.gov/Archives/edgar/data/1034054/000103405426000009/sbac-20260331x10q.htm
SBAC,10-K,2026-02-27,2025-12-31,https://www.sec.gov/Archives/edgar/data/1034054/000103405426000002/sbac-20251231x10k.htm
SBAC,10-Q,2025-11-06,2025-09-30,https://www.sec.gov/Archives/edgar/data/1034054/000103405425000010/sbac-20250930x10q.htm
SBAC,10-Q,2025-08-07,2025-06-30,https://www.sec.gov/Archives/edgar/data/1034054/000103405425000008/sbac-20250630x10q.htm
SBUX,10-Q,2026-07-29,2026-06-28,https://www.sec.gov/Archives/edgar/data/829224/000082922426000130/sbux-20260628.htm
SBUX,10-Q,2026-04-28,2026-03-29,https://www.sec.gov/Archives/edgar/data/829224/000082922426000080/sbux-20260329.htm
SBUX,10-Q,2026-01-28,2025-12-28,https://www.sec.gov/Archives/edgar/data/829224/000082922426000011/sbux-20251228.htm
SBUX,10-K,2025-11-14,2025-09-28,https://www.sec.gov/Archives/edgar/data/829224/000082922425000114/sbux-20250928.htm
SBUX,10-Q,2025-07-29,2025-06-29,https://www.sec.gov/Archives/edgar/data/829224/000082922425000058/sbux-20250629.htm
SCHW,10-Q,2026-08-07,2026-06-30,https://www.sec.gov/Archives/edgar/data/316709/000031670926000031/schw-20260630.htm
SCHW,10-Q,2026-05-08,2026-03-31,https://www.sec.gov/Archives/edgar/data/316709/000031670926000019/schw-20260331.htm
SCHW,10-K,2026-02-25,2025-12-31,https://www.sec.gov/Archives/edgar/data/316709/000031670926000009/schw-20251231.htm
SCHW,10-Q,2025-11-07,2025-09-30,https://www.sec.gov/Archives/edgar/data/316709/000031670925000051/schw-20250930.htm
SCHW,10-Q,2025-08-08,2025-06-30,https://www.sec.gov/Archives/edgar/data/316709/000031670925000039/schw-20250630.htm
SHW,10-Q,2026-07-28,2026-06-30,https://www.sec.gov/Archives/edgar/data/89800/000008980026000049/shw-20260630.htm
SHW,10-Q,2026-04-28,2026-03-31,https://www.sec.gov/Archives/edgar/data/89800/000008980026000038/shw-20260331.htm
SHW,10-K,2026-02-19,2025-12-31,https://www.sec.gov/Archives/edgar/data/89800/000008980026000008/shw-20251231.htm
SHW,10-Q,2025-10-28,2025-09-30,https://www.sec.gov/Archives/edgar/data/89800/000008980025000126/shw-20250930.htm
SHW,10-Q,2025-07-24,2025-06-30,https://www.sec.gov/Archives/edgar/data/89800/000008980025000115/shw-20250630.htm
SJM,10-Q,2026-08-26,2026-07-31,https://www.sec.gov/Archives/edgar/data/91419/000009141926000080/sjm-20260731.htm
SJM,10-K,2026-06-09,2026-04-30,https://www.sec.gov/Archives/edgar/data/91419/000009141926000050/sjm-20260430.htm
SJM,10-Q,2026-02-26,2026-01-31,https://www.sec.gov/Archives/edgar/data/91419/000009141926000016/sjm-20260131.htm
SJM,10-Q,2025-11-25,2025-10-31,https://www.sec.gov/Archives/edgar/data/91419/000009141925000106/sjm-20251031.htm
SJM,10-Q,2025-08-27,2025-07-31,https://www.sec.gov/Archives/edgar/data/91419/000009141925000071/sjm-20250731.htm
SLB,10-Q,2026-07-29,2026-06-30,https://www.sec.gov/Archives/edgar/data/87347/000119312526322595/slb-20260630.htm
SLB,10-Q,2026-04-29,2026-03-31,https://www.sec.gov/Archives/edgar/data/87347/000119312526190101/slb-20260331.htm
SLB,10-K,2026-01-23,2025-12-31,https://www.sec.gov/Archives/edgar/data/87347/000119312526021017/slb-20251231.htm
SLB,10-Q,2025-10-22,2025-09-30,https://www.sec.gov/Archives/edgar/data/87347/000119312525246028/slb-20250930.htm
SLB,10-Q,2025-07-24,2025-06-30,https://www.sec.gov/Archives/edgar/data/87347/000095017025098217/slb-20250630.htm
SMCI,10-K,2026-08-31,2026-06-30,https://www.sec.gov/Archives/edgar/data/1375365/000137536526000022/smci-20260630.htm
SMCI,10-Q,2026-05-11,2026-03-31,https://www.sec.gov/Archives/edgar/data/1375365/000137536526000014/smci-20260331.htm
SMCI,10-Q,2026-02-06,2025-12-31,https://www.sec.gov/Archives/edgar/data/1375365/000137536526000007/smci-20251231.htm
SMCI,10-Q,2025-11-07,2025-09-30,https://www.sec.gov/Archives/edgar/data/1375365/000137536525000030/smci-20250930.htm
SMCI,10-K,2025-08-28,2025-06-30,https://www.sec.gov/Archives/edgar/data/1375365/000137536525000027/smci-20250630.htm
SNA,10-Q,2026-07-23,2026-07-04,https://www.sec.gov/Archives/edgar/data/91440/000009144026000144/sna-20260704.htm
SNA,10-Q,2026-04-23,2026-04-04,https://www.sec.gov/Archives/edgar/data/91440/000009144026000109/sna-20260404.htm
SNA,10-K,2026-02-12,2026-01-03,https://www.sec.gov/Archives/edgar/data/91440/000009144026000045/sna-20260103.htm
SNA,10-Q,2025-10-16,2025-09-27,https://www.sec.gov/Archives/edgar/data/91440/000009144025000081/sna-20250927.htm
SNA,10-Q,2025-07-17,2025-06-28,https://www.sec.gov/Archives/edgar/data/91440/000009144025000064/sna-20250628.htm
SNDK,10-K,2026-08-17,2026-07-03,https://www.sec.gov/Archives/edgar/data/2023554/000162828026057406/sndk-20260703.htm
SNDK,10-Q,2026-05-01,2026-04-03,https://www.sec.gov/Archives/edgar/data/2023554/000162828026029401/sndk-20260403.htm
SNDK,10-Q,2026-01-30,2026-01-02,https://www.sec.gov/Archives/edgar/data/2023554/000162828026004407/sndk-20260102.htm
SNDK,10-Q,2025-11-07,2025-10-03,https://www.sec.gov/Archives/edgar/data/2023554/000162828025050698/sndk-20251003.htm
SNDK,10-K,2025-08-21,2025-06-27,https://www.sec.gov/Archives/edgar/data/2023554/000202355425000034/sndk-20250627.htm
SNPS,10-Q,2026-08-26,2026-07-31,https://www.sec.gov/Archives/edgar/data/883241/000088324126000025/snps-20260731.htm
SNPS,10-Q,2026-05-27,2026-04-30,https://www.sec.gov/Archives/edgar/data/883241/000088324126000018/snps-20260430.htm
SNPS,10-Q,2026-02-25,2026-01-31,https://www.sec.gov/Archives/edgar/data/883241/000088324126000014/snps-20260131.htm
SNPS,10-K,2025-12-22,2025-10-31,https://www.sec.gov/Archives/edgar/data/883241/000088324125000028/snps-20251031.htm
SNPS,10-Q,2025-09-09,2025-07-31,https://www.sec.gov/Archives/edgar/data/883241/000088324125000024/snps-20250731.htm
SO,10-Q,2026-07-30,2026-06-30,https://www.sec.gov/Archives/edgar/data/92122/000009212226000054/so-20260630.htm
SO,10-Q,2026-04-30,2026-03-31,https://www.sec.gov/Archives/edgar/data/92122/000009212226000034/so-20260331.htm
SO,10-K,2026-02-19,2025-12-31,https://www.sec.gov/Archives/edgar/data/92122/000009212226000006/so-20251231.htm
SO,10-Q,2025-10-30,2025-09-30,https://www.sec.gov/Archives/edgar/data/92122/000009212225000084/so-20250930.htm
SO,10-Q,2025-07-31,2025-06-30,https://www.sec.gov/Archives/edgar/data/92122/000009212225000076/so-20250630.htm
SOLV,10-Q,2026-08-05,2026-06-30,https://www.sec.gov/Archives/edgar/data/1964738/000196473826000047/solv-20260630.htm
SOLV,10-Q,2026-05-05,2026-03-31,https://www.sec.gov/Archives/edgar/data/1964738/000196473826000024/solv-20260331.htm
SOLV,10-K,2026-02-27,2025-12-31,https://www.sec.gov/Archives/edgar/data/1964738/000196473826000007/solv-20251231.htm
SOLV,10-Q,2025-11-06,2025-09-30,https://www.sec.gov/Archives/edgar/data/1964738/000196473825000091/solv-20250930.htm
SOLV,10-Q,2025-08-08,2025-06-30,https://www.sec.gov/Archives/edgar/data/1964738/000196473825000064/solv-20250630.htm
SPG,10-Q,2026-08-10,2026-06-30,https://www.sec.gov/Archives/edgar/data/1063761/000110465926093360/spg-20260630x10q.htm
SPG,10-Q,2026-05-11,2026-03-31,https://www.sec.gov/Archives/edgar/data/1063761/000110465926058640/spg-20260331x10q.htm
SPG,10-K,2026-02-25,2025-12-31,https://www.sec.gov/Archives/edgar/data/1063761/000110465926019419/spg-20251231x10k.htm
SPG,10-Q,2025-11-06,2025-09-30,https://www.sec.gov/Archives/edgar/data/1063761/000110465925107395/spg-20250930x10q.htm
SPG,10-Q,2025-08-07,2025-06-30,https://www.sec.gov/Archives/edgar/data/1063761/000155837025010639/spg-20250630x10q.htm
SPGI,10-Q,2026-07-28,2026-06-30,https://www.sec.gov/Archives/edgar/data/64040/000006404026000045/spgi-20260630.htm
SPGI,10-Q,2026-04-28,2026-03-31,https://www.sec.gov/Archives/edgar/data/64040/000006404026000024/spgi-20260331.htm
SPGI,10-K,2026-02-11,2025-12-31,https://www.sec.gov/Archives/edgar/data/64040/000006404026000013/spgi-20251231.htm
SPGI,10-Q,2025-10-30,2025-09-30,https://www.sec.gov/Archives/edgar/data/64040/000006404025000167/spgi-20250930.htm
SPGI,10-Q,2025-08-01,2025-06-30,https://www.sec.gov/Archives/edgar/data/64040/000006404025000147/spgi-20250630.htm
SRE,10-Q,2026-08-06,2026-06-30,https://www.sec.gov/Archives/edgar/data/1032208/000103220826000045/sre-20260630.htm
SRE,10-Q,2026-05-07,2026-03-31,https://www.sec.gov/Archives/edgar/data/1032208/000103220826000030/sre-20260331.htm
SRE,10-K,2026-02-26,2025-12-31,https://www.sec.gov/Archives/edgar/data/1032208/000103220826000010/sre-20251231.htm
SRE,10-Q,2025-11-05,2025-09-30,https://www.sec.gov/Archives/edgar/data/1032208/000103220825000065/sre-20250930.htm
SRE,10-Q,2025-08-07,2025-06-30,https://www.sec.gov/Archives/edgar/data/1032208/000103220825000048/sre-20250630.htm
STE,10-Q,2026-08-07,2026-06-30,https://www.sec.gov/Archives/edgar/data/1757898/000162828026054830/ste-20260630.htm
STE,10-K,2026-05-29,2026-03-31,https://www.sec.gov/Archives/edgar/data/1757898/000162828026039136/ste-20260331.htm
STE,10-Q,2026-02-06,2025-12-31,https://www.sec.gov/Archives/edgar/data/1757898/000162828026006055/ste-20251231.htm
STE,10-Q,2025-11-06,2025-09-30,https://www.sec.gov/Archives/edgar/data/1757898/000162828025050160/ste-20250930.htm
STE,10-Q,2025-08-07,2025-06-30,https://www.sec.gov/Archives/edgar/data/1757898/000175789825000008/ste-20250630.htm
STLD,10-Q,2026-07-28,2026-06-30,https://www.sec.gov/Archives/edgar/data/1022671/000110465926087414/stld-20260630x10q.htm
STLD,10-Q,2026-04-27,2026-03-31,https://www.sec.gov/Archives/edgar/data/1022671/000110465926049415/stld-20260331x10q.htm
STLD,10-K,2026-02-27,2025-12-31,https://www.sec.gov/Archives/edgar/data/1022671/000110465926021395/stld-20251231x10k.htm
STLD,10-Q,2025-10-24,2025-09-30,https://www.sec.gov/Archives/edgar/data/1022671/000110465925102052/stld-20250930x10q.htm
STLD,10-Q,2025-08-11,2025-06-30,https://www.sec.gov/Archives/edgar/data/1022671/000155837025011019/stld-20250630x10q.htm
STT,10-Q,2026-07-30,2026-06-30,https://www.sec.gov/Archives/edgar/data/93751/000009375126000397/stt-20260630.htm
STT,10-Q,2026-04-29,2026-03-31,https://www.sec.gov/Archives/edgar/data/93751/000009375126000196/stt-20260331.htm
STT,10-K,2026-02-19,2025-12-31,https://www.sec.gov/Archives/edgar/data/93751/000009375126000124/stt-20251231.htm
STT,10-Q,2025-10-30,2025-09-30,https://www.sec.gov/Archives/edgar/data/93751/000009375125000575/stt-20250930.htm
STT,10-Q,2025-07-31,2025-06-30,https://www.sec.gov/Archives/edgar/data/93751/000009375125000425/stt-20250630.htm
STX,10-K,2026-08-04,2026-07-03,https://www.sec.gov/Archives/edgar/data/1137789/000113778926000159/stx-20260703.htm
STX,10-Q,2026-04-29,2026-04-03,https://www.sec.gov/Archives/edgar/data/1137789/000113778926000088/stx-20260403.htm
STX,10-Q,2026-01-30,2026-01-02,https://www.sec.gov/Archives/edgar/data/1137789/000113778926000026/stx-20260102.htm
STX,10-Q,2025-10-31,2025-10-03,https://www.sec.gov/Archives/edgar/data/1137789/000113778925000317/stx-20251003.htm
STX,10-K,2025-08-01,2025-06-27,https://www.sec.gov/Archives/edgar/data/1137789/000113778925000157/stx-20250627.htm
STZ,10-Q,2026-07-01,2026-05-31,https://www.sec.gov/Archives/edgar/data/16918/000001691826000029/stz-20260531.htm
STZ,10-K,2026-04-22,2026-02-28,https://www.sec.gov/Archives/edgar/data/16918/000001691826000011/stz-20260228.htm
STZ,10-Q,2026-01-08,2025-11-30,https://www.sec.gov/Archives/edgar/data/16918/000001691826000005/stz-20251130.htm
STZ,10-Q,2025-10-07,2025-08-31,https://www.sec.gov/Archives/edgar/data/16918/000001691825000141/stz-20250831.htm
STZ,10-Q,2025-07-02,2025-05-31,https://www.sec.gov/Archives/edgar/data/16918/000001691825000075/stz-20250531.htm
SW,10-Q,2026-07-31,2026-06-30,https://www.sec.gov/Archives/edgar/data/2005951/000162828026051195/smur-20260630.htm
SW,10-Q,2026-05-01,2026-03-31,https://www.sec.gov/Archives/edgar/data/2005951/000162828026029089/smur-20260331.htm
SW,10-K,2026-02-27,2025-12-31,https://www.sec.gov/Archives/edgar/data/2005951/000162828026012555/smur-20251231.htm
SW,10-Q,2025-11-07,2025-09-30,https://www.sec.gov/Archives/edgar/data/2005951/000162828025050408/smur-20250930.htm
SW,10-Q,2025-08-07,2025-06-30,https://www.sec.gov/Archives/edgar/data/2005951/000200595125000014/smur-20250630.htm
SWK,10-Q,2026-07-29,2026-07-04,https://www.sec.gov/Archives/edgar/data/93556/000009355626000031/swk-20260704.htm
SWK,10-Q,2026-04-29,2026-04-04,https://www.sec.gov/Archives/edgar/data/93556/000009355626000015/swk-20260404.htm
SWK,10-K,2026-02-24,2026-01-03,https://www.sec.gov/Archives/edgar/data/93556/000009355626000009/swk-20260103.htm
SWK,10-Q,2025-11-04,2025-09-27,https://www.sec.gov/Archives/edgar/data/93556/000009355625000154/swk-20250927.htm
SWK,10-Q,2025-07-29,2025-06-28,https://www.sec.gov/Archives/edgar/data/93556/000009355625000143/swk-20250628.htm
SWKS,10-Q,2026-07-28,2026-07-03,https://www.sec.gov/Archives/edgar/data/4127/000000412726000049/swks-20260703.htm
SWKS,10-Q,2026-05-05,2026-04-03,https://www.sec.gov/Archives/edgar/data/4127/000000412726000015/swks-20260403.htm
SWKS,10-Q,2026-02-05,2026-01-02,https://www.sec.gov/Archives/edgar/data/4127/000000412726000008/swks-20260102.htm
SWKS,10-K,2025-11-07,2025-10-03,https://www.sec.gov/Archives/edgar/data/4127/000000412725000085/swks-20251003.htm
SWKS,10-Q,2025-08-05,2025-06-27,https://www.sec.gov/Archives/edgar/data/4127/000000412725000073/swks-20250627.htm
SYF,10-Q,2026-07-23,2026-06-30,https://www.sec.gov/Archives/edgar/data/1601712/000160171226000033/syf-20260630.htm
SYF,10-Q,2026-04-23,2026-03-31,https://www.sec.gov/Archives/edgar/data/1601712/000160171226000016/syf-20260331.htm
SYF,10-K,2026-02-06,2025-12-31,https://www.sec.gov/Archives/edgar/data/1601712/000160171226000006/syf-20251231.htm
SYF,10-Q,2025-10-22,2025-09-30,https://www.sec.gov/Archives/edgar/data/1601712/000160171225000259/syf-20250930.htm
SYF,10-Q,2025-07-23,2025-06-30,https://www.sec.gov/Archives/edgar/data/1601712/000160171225000231/syf-20250630.htm
SYK,10-Q,2026-07-31,2026-06-30,https://www.sec.gov/Archives/edgar/data/310764/000031076426000050/syk-20260630.htm
SYK,10-Q,2026-05-11,2026-03-31,https://www.sec.gov/Archives/edgar/data/310764/000031076426000031/syk-20260331.htm
SYK,10-K,2026-02-11,2025-12-31,https://www.sec.gov/Archives/edgar/data/310764/000031076426000010/syk-20251231.htm
SYK,10-Q,2025-10-31,2025-09-30,https://www.sec.gov/Archives/edgar/data/310764/000031076425000129/syk-20250930.htm
SYK,10-Q,2025-08-01,2025-06-30,https://www.sec.gov/Archives/edgar/data/310764/000031076425000107/syk-20250630.htm
SYY,10-K,2026-08-21,2026-06-27,https://www.sec.gov/Archives/edgar/data/96021/000009602126000033/syy-20260627.htm
SYY,10-Q,2026-04-29,2026-03-28,https://www.sec.gov/Archives/edgar/data/96021/000009602126000022/syy-20260328.htm
SYY,10-Q,2026-01-28,2025-12-27,https://www.sec.gov/Archives/edgar/data/96021/000009602126000009/syy-20251227.htm
SYY,10-Q,2025-10-29,2025-09-27,https://www.sec.gov/Archives/edgar/data/96021/000009602125000157/syy-20250927.htm
SYY,10-K,2025-08-22,2025-06-28,https://www.sec.gov/Archives/edgar/data/96021/000009602125000099/syy-20250628.htm
T,10-Q,2026-07-22,2026-06-30,https://www.sec.gov/Archives/edgar/data/732717/000073271726000297/t-20260630.htm
T,10-Q,2026-04-27,2026-03-31,https://www.sec.gov/Archives/edgar/data/732717/000073271726000206/t-20260331.htm
T,10-K,2026-02-09,2025-12-31,https://www.sec.gov/Archives/edgar/data/732717/000073271726000120/t-20251231.htm
T,10-Q,2025-10-31,2025-09-30,https://www.sec.gov/Archives/edgar/data/732717/000073271725000171/t-20250930.htm
T,10-Q,2025-07-24,2025-06-30,https://www.sec.gov/Archives/edgar/data/732717/000073271725000080/t-20250630.htm
TAP,10-Q,2026-08-06,2026-06-30,https://www.sec.gov/Archives/edgar/data/24545/000002454526000071/tap-20260630.htm
TAP,10-Q,2026-04-30,2026-03-31,https://www.sec.gov/Archives/edgar/data/24545/000002454526000036/tap-20260331.htm
TAP,10-K,2026-02-18,2025-12-31,https://www.sec.gov/Archives/edgar/data/24545/000002454526000006/tap-20251231.htm
TAP,10-Q,2025-11-04,2025-09-30,https://www.sec.gov/Archives/edgar/data/24545/000002454525000039/tap-20250930.htm
TAP,10-Q,2025-08-05,2025-06-30,https://www.sec.gov/Archives/edgar/data/24545/000002454525000021/tap-20250630.htm
TDG,10-Q,2026-08-04,2026-06-27,https://www.sec.gov/Archives/edgar/data/1260221/000126022126000053/tdg-20260627.htm
TDG,10-Q,2026-05-05,2026-03-28,https://www.sec.gov/Archives/edgar/data/1260221/000126022126000040/tdg-20260328.htm
TDG,10-Q,2026-02-03,2025-12-27,https://www.sec.gov/Archives/edgar/data/1260221/000126022126000017/tdg-20251227.htm
TDG,10-K,2025-11-12,2025-09-30,https://www.sec.gov/Archives/edgar/data/1260221/000126022125000081/tdg-20250930.htm
TDG,10-Q,2025-08-05,2025-06-28,https://www.sec.gov/Archives/edgar/data/1260221/000126022125000051/tdg-20250628.htm
TDY,10-Q,2026-07-24,2026-06-28,https://www.sec.gov/Archives/edgar/data/1094285/000109428526000043/tdy-20260628.htm
TDY,10-Q,2026-04-24,2026-03-29,https://www.sec.gov/Archives/edgar/data/1094285/000109428526000030/tdy-20260329.htm
TDY,10-K,2026-02-20,2025-12-28,https://www.sec.gov/Archives/edgar/data/1094285/000109428526000017/tdy-20251228.htm
TDY,10-Q,2025-10-24,2025-09-28,https://www.sec.gov/Archives/edgar/data/1094285/000109428525000140/tdy-20250928.htm
TDY,10-Q,2025-07-28,2025-06-29,https://www.sec.gov/Archives/edgar/data/1094285/000109428525000131/tdy-20250629.htm
TECH,10-K,2026-08-24,2026-06-30,https://www.sec.gov/Archives/edgar/data/842023/000110465926100322/tech-20260630x10k.htm
TECH,10-Q,2026-05-06,2026-03-31,https://www.sec.gov/Archives/edgar/data/842023/000110465926056302/tech-20260331x10q.htm
TECH,10-Q,2026-02-04,2025-12-31,https://www.sec.gov/Archives/edgar/data/842023/000110465926010335/tech-20251231x10q.htm
TECH,10-Q,2025-11-05,2025-09-30,https://www.sec.gov/Archives/edgar/data/842023/000110465925107053/tech-20250930x10q.htm
TECH,10-K,2025-08-22,2025-06-30,https://www.sec.gov/Archives/edgar/data/842023/000155837025011716/tech-20250630x10k.htm
TEL,10-Q,2026-07-24,2026-06-26,https://www.sec.gov/Archives/edgar/data/1385157/000110465926086509/tel-20260626x10q.htm
TEL,10-Q,2026-04-24,2026-03-27,https://www.sec.gov/Archives/edgar/data/1385157/000110465926048160/tel-20260327x10q.htm
TEL,10-Q,2026-01-23,2025-12-26,https://www.sec.gov/Archives/edgar/data/1385157/000110465926006062/tel-20251226x10q.htm
TEL,10-K,2025-11-10,2025-09-26,https://www.sec.gov/Archives/edgar/data/1385157/000110465925109150/tel-20250926x10k.htm
TEL,10-Q,2025-07-25,2025-06-27,https://www.sec.gov/Archives/edgar/data/1385157/000155837025009599/tel-20250627x10q.htm
TER,10-Q,2026-07-31,2026-06-28,https://www.sec.gov/Archives/edgar/data/97210/000119312526327715/ter-20260628.htm
TER,10-Q,2026-05-01,2026-03-29,https://www.sec.gov/Archives/edgar/data/97210/000119312526201058/ter-20260329.htm
TER,10-K,2026-02-19,2025-12-31,https://www.sec.gov/Archives/edgar/data/97210/000119312526059002/ter-20251231.htm
TER,10-Q,2025-10-30,2025-09-28,https://www.sec.gov/Archives/edgar/data/97210/000119312525258477/ter-20250928.htm
TER,10-Q,2025-08-01,2025-06-29,https://www.sec.gov/Archives/edgar/data/97210/000095017025101248/ter-20250629.htm
TFC,10-Q,2026-07-31,2026-06-30,https://www.sec.gov/Archives/edgar/data/92230/000009223026000099/tfc-20260630.htm
TFC,10-Q,2026-05-01,2026-03-31,https://www.sec.gov/Archives/edgar/data/92230/000009223026000062/tfc-20260331.htm
TFC,10-K,2026-02-24,2025-12-31,https://www.sec.gov/Archives/edgar/data/92230/000009223026000030/tfc-20251231.htm
TFC,10-Q,2025-10-30,2025-09-30,https://www.sec.gov/Archives/edgar/data/92230/000009223025000157/tfc-20250930.htm
TFC,10-Q,2025-07-31,2025-06-30,https://www.sec.gov/Archives/edgar/data/92230/000009223025000123/tfc-20250630.htm
TGT,10-Q,2026-08-28,2026-08-01,https://www.sec.gov/Archives/edgar/data/27419/000002741926000042/tgt-20260801.htm
TGT,10-Q,2026-05-29,2026-05-02,https://www.sec.gov/Archives/edgar/data/27419/000002741926000022/tgt-20260502.htm
TGT,10-K,2026-03-11,2026-01-31,https://www.sec.gov/Archives/edgar/data/27419/000002741926000016/tgt-20260131.htm
TGT,10-Q,2025-11-26,2025-11-01,https://www.sec.gov/Archives/edgar/data/27419/000002741925000126/tgt-20251101.htm
TGT,10-Q,2025-08-29,2025-08-02,https://www.sec.gov/Archives/edgar/data/27419/000002741925000118/tgt-20250802.htm
TJX,10-Q,2026-08-28,2026-08-01,https://www.sec.gov/Archives/edgar/data/109198/000010919826000048/tjx-20260801.htm
TJX,10-Q,2026-05-29,2026-05-02,https://www.sec.gov/Archives/edgar/data/109198/000010919826000034/tjx-20260502.htm
TJX,10-K,2026-03-31,2026-01-31,https://www.sec.gov/Archives/edgar/data/109198/000010919826000008/tjx-20260131.htm
TJX,10-Q,2025-12-02,2025-11-01,https://www.sec.gov/Archives/edgar/data/109198/000010919825000061/tjx-20251101.htm
TJX,10-Q,2025-08-29,2025-08-02,https://www.sec.gov/Archives/edgar/data/109198/000010919825000054/tjx-20250802.htm
TKO,10-Q,2026-08-03,2026-06-30,https://www.sec.gov/Archives/edgar/data/1973266/000119312526330592/tko-20260630.htm
TKO,10-Q,2026-05-06,2026-03-31,https://www.sec.gov/Archives/edgar/data/1973266/000119312526208992/tko-20260331.htm
TKO,10-K,2026-02-25,2025-12-31,https://www.sec.gov/Archives/edgar/data/1973266/000119312526071651/tko-20251231.htm
TKO,10-Q,2025-11-05,2025-09-30,https://www.sec.gov/Archives/edgar/data/1973266/000119312525267014/tko-20250930.htm
TKO,10-Q,2025-08-06,2025-06-30,https://www.sec.gov/Archives/edgar/data/1973266/000095017025104095/tko-20250630.htm
TMO,10-Q,2026-07-31,2026-06-27,https://www.sec.gov/Archives/edgar/data/97745/000009774526000144/tmo-20260627.htm
TMO,10-Q,2026-05-01,2026-03-28,https://www.sec.gov/Archives/edgar/data/97745/000009774526000092/tmo-20260328.htm
TMO,10-K,2026-02-26,2025-12-31,https://www.sec.gov/Archives/edgar/data/97745/000009774526000018/tmo-20251231.htm
TMO,10-Q,2025-10-31,2025-09-27,https://www.sec.gov/Archives/edgar/data/97745/000009774525000159/tmo-20250927.htm
TMO,10-Q,2025-08-01,2025-06-28,https://www.sec.gov/Archives/edgar/data/97745/000009774525000101/tmo-20250628.htm
TMUS,10-Q,2026-07-23,2026-06-30,https://www.sec.gov/Archives/edgar/data/1283699/000128369926000101/tmus-20260630.htm
TMUS,10-Q,2026-04-28,2026-03-31,https://www.sec.gov/Archives/edgar/data/1283699/000128369926000063/tmus-20260331.htm
TMUS,10-K,2026-02-11,2025-12-31,https://www.sec.gov/Archives/edgar/data/1283699/000128369926000010/tmus-20251231.htm
TMUS,10-Q,2025-10-23,2025-09-30,https://www.sec.gov/Archives/edgar/data/1283699/000128369925000154/tmus-20250930.htm
TMUS,10-Q,2025-07-23,2025-06-30,https://www.sec.gov/Archives/edgar/data/1283699/000128369925000117/tmus-20250630.htm
TPL,10-Q,2026-08-05,2026-06-30,https://www.sec.gov/Archives/edgar/data/1811074/000181107426000058/tpl-20260630.htm
TPL,10-Q,2026-05-06,2026-03-31,https://www.sec.gov/Archives/edgar/data/1811074/000181107426000035/tpl-20260331.htm
TPL,10-K,2026-02-18,2025-12-31,https://www.sec.gov/Archives/edgar/data/1811074/000181107426000018/tpl-20251231.htm
TPL,10-Q,2025-11-05,2025-09-30,https://www.sec.gov/Archives/edgar/data/1811074/000181107425000096/tpl-20250930.htm
TPL,10-Q,2025-08-06,2025-06-30,https://www.sec.gov/Archives/edgar/data/1811074/000181107425000077/tpl-20250630.htm
TPR,10-K,2026-08-13,2026-06-27,https://www.sec.gov/Archives/edgar/data/1116132/000111613226000018/tpr-20260627.htm
TPR,10-Q,2026-05-07,2026-03-28,https://www.sec.gov/Archives/edgar/data/1116132/000111613226000011/tpr-20260328.htm
TPR,10-Q,2026-02-05,2025-12-27,https://www.sec.gov/Archives/edgar/data/1116132/000111613226000005/tpr-20251227.htm
TPR,10-Q,2025-11-06,2025-09-27,https://www.sec.gov/Archives/edgar/data/1116132/000111613225000025/tpr-20250927.htm
TPR,10-K,2025-08-14,2025-06-28,https://www.sec.gov/Archives/edgar/data/1116132/000111613225000019/tpr-20250628.htm
TRGP,10-Q,2026-08-06,2026-06-30,https://www.sec.gov/Archives/edgar/data/1389170/000119312526337729/trgp-20260630.htm
TRGP,10-Q,2026-05-07,2026-03-31,https://www.sec.gov/Archives/edgar/data/1389170/000119312526211698/trgp-20260331.htm
TRGP,10-K,2026-02-19,2025-12-31,https://www.sec.gov/Archives/edgar/data/1389170/000119312526059296/trgp-20251231.htm
TRGP,10-Q,2025-11-05,2025-09-30,https://www.sec.gov/Archives/edgar/data/1389170/000119312525266435/trgp-20250930.htm
TRGP,10-Q,2025-08-07,2025-06-30,https://www.sec.gov/Archives/edgar/data/1389170/000119312525175239/trgp-20250630.htm
TRMB,10-Q,2026-08-12,2026-07-03,https://www.sec.gov/Archives/edgar/data/864749/000086474926000108/trmb-20260703.htm
TRMB,10-Q,2026-05-06,2026-04-03,https://www.sec.gov/Archives/edgar/data/864749/000086474926000063/trmb-20260403.htm
TRMB,10-K,2026-02-25,2026-01-02,https://www.sec.gov/Archives/edgar/data/864749/000086474926000015/trmb-20260102.htm
TRMB,10-Q,2025-11-05,2025-10-03,https://www.sec.gov/Archives/edgar/data/864749/000086474925000286/trmb-20251003.htm
TRMB,10-Q,2025-08-06,2025-07-04,https://www.sec.gov/Archives/edgar/data/864749/000086474925000245/trmb-20250704.htm
TROW,10-Q,2026-07-31,2026-06-30,https://www.sec.gov/Archives/edgar/data/1113169/000162828026051335/trow-20260630.htm
TROW,10-Q,2026-04-30,2026-03-31,https://www.sec.gov/Archives/edgar/data/1113169/000162828026028712/trow-20260331.htm
TROW,10-K,2026-02-13,2025-12-31,https://www.sec.gov/Archives/edgar/data/1113169/000162828026008002/trow-20251231.htm
TROW,10-Q,2025-10-31,2025-09-30,https://www.sec.gov/Archives/edgar/data/1113169/000162828025047751/trow-20250930.htm
TROW,10-Q,2025-08-01,2025-06-30,https://www.sec.gov/Archives/edgar/data/1113169/000111316925000023/trow-20250630.htm
TRV,10-Q,2026-07-17,2026-06-30,https://www.sec.gov/Archives/edgar/data/86312/000008631226000145/trv-20260630.htm
TRV,10-Q,2026-04-16,2026-03-31,https://www.sec.gov/Archives/edgar/data/86312/000008631226000111/trv-20260331.htm
TRV,10-K,2026-02-12,2025-12-31,https://www.sec.gov/Archives/edgar/data/86312/000008631226000065/trv-20251231.htm
TRV,10-Q,2025-10-16,2025-09-30,https://www.sec.gov/Archives/edgar/data/86312/000008631225000069/trv-20250930.htm
TRV,10-Q,2025-07-17,2025-06-30,https://www.sec.gov/Archives/edgar/data/86312/000008631225000047/trv-20250630.htm
TSCO,10-Q,2026-08-06,2026-06-27,https://www.sec.gov/Archives/edgar/data/916365/000091636526000059/tsco-20260627.htm
TSCO,10-Q,2026-05-07,2026-03-28,https://www.sec.gov/Archives/edgar/data/916365/000091636526000024/tsco-20260328.htm
TSCO,10-K,2026-02-19,2025-12-27,https://www.sec.gov/Archives/edgar/data/916365/000091636526000014/tsco-20251227.htm
TSCO,10-Q,2025-11-06,2025-09-27,https://www.sec.gov/Archives/edgar/data/916365/000091636525000163/tsco-20250927.htm
TSCO,10-Q,2025-08-07,2025-06-28,https://www.sec.gov/Archives/edgar/data/916365/000091636525000150/tsco-20250628.htm
TSLA,10-Q,2026-07-23,2026-06-30,https://www.sec.gov/Archives/edgar/data/1318605/000162828026049270/tsla-20260630.htm
TSLA,10-Q,2026-04-23,2026-03-31,https://www.sec.gov/Archives/edgar/data/1318605/000162828026026673/tsla-20260331.htm
TSLA,10-K,2026-01-29,2025-12-31,https://www.sec.gov/Archives/edgar/data/1318605/000162828026003952/tsla-20251231.htm
TSLA,10-Q,2025-10-23,2025-09-30,https://www.sec.gov/Archives/edgar/data/1318605/000162828025045968/tsla-20250930.htm
TSLA,10-Q,2025-07-24,2025-06-30,https://www.sec.gov/Archives/edgar/data/1318605/000162828025035806/tsla-20250630.htm
TSN,10-Q,2026-08-03,2026-06-27,https://www.sec.gov/Archives/edgar/data/100493/000010049326000058/tsn-20260627.htm
TSN,10-Q,2026-05-04,2026-03-28,https://www.sec.gov/Archives/edgar/data/100493/000010049326000020/tsn-20260328.htm
TSN,10-Q,2026-02-02,2025-12-27,https://www.sec.gov/Archives/edgar/data/100493/000010049326000007/tsn-20251227.htm
TSN,10-K,2025-11-10,2025-09-27,https://www.sec.gov/Archives/edgar/data/100493/000010049325000095/tsn-20250927.htm
TSN,10-Q,2025-08-04,2025-06-28,https://www.sec.gov/Archives/edgar/data/100493/000010049325000076/tsn-20250628.htm
TT,10-Q,2026-07-30,2026-06-30,https://www.sec.gov/Archives/edgar/data/1466258/000162828026051117/tt-20260630.htm
TT,10-Q,2026-04-30,2026-03-31,https://www.sec.gov/Archives/edgar/data/1466258/000162828026028743/tt-20260331.htm
TT,10-K,2026-02-05,2025-12-31,https://www.sec.gov/Archives/edgar/data/1466258/000162828026005731/tt-20251231.htm
TT,10-Q,2025-10-30,2025-09-30,https://www.sec.gov/Archives/edgar/data/1466258/000162828025047439/tt-20250930.htm
TT,10-Q,2025-07-30,2025-06-30,https://www.sec.gov/Archives/edgar/data/1466258/000162828025036632/tt-20250630.htm
TTD,10-Q,2026-08-06,2026-06-30,https://www.sec.gov/Archives/edgar/data/1671933/000167193326000086/ttd-20260630.htm
TTD,10-Q,2026-05-07,2026-03-31,https://www.sec.gov/Archives/edgar/data/1671933/000167193326000054/ttd-20260331.htm
TTD,10-K,2026-02-27,2025-12-31,https://www.sec.gov/Archives/edgar/data/1671933/000167193326000014/ttd-20251231.htm
TTD,10-Q,2025-11-06,2025-09-30,https://www.sec.gov/Archives/edgar/data/1671933/000167193325000144/ttd-20250930.htm
TTD,10-Q,2025-08-07,2025-06-30,https://www.sec.gov/Archives/edgar/data/1671933/000167193325000125/ttd-20250630.htm
TTWO,10-Q,2026-08-07,2026-06-30,https://www.sec.gov/Archives/edgar/data/946581/000162828026054870/ttwo-20260630.htm
TTWO,10-K,2026-05-22,2026-03-31,https://www.sec.gov/Archives/edgar/data/946581/000162828026037434/ttwo-20260331.htm
TTWO,10-Q,2026-02-04,2025-12-31,https://www.sec.gov/Archives/edgar/data/946581/000162828026005119/ttwo-20251231.htm
TTWO,10-Q,2025-11-07,2025-09-30,https://www.sec.gov/Archives/edgar/data/946581/000162828025050326/ttwo-20250930.htm
TTWO,10-Q,2025-08-07,2025-06-30,https://www.sec.gov/Archives/edgar/data/946581/000162828025038963/ttwo-20250630.htm
TXN,10-Q,2026-07-24,2026-06-30,https://www.sec.gov/Archives/edgar/data/97476/000009747626000152/txn-20260630.htm
TXN,10-Q,2026-04-24,2026-03-31,https://www.sec.gov/Archives/edgar/data/97476/000009747626000101/txn-20260331.htm
TXN,10-K,2026-02-06,2025-12-31,https://www.sec.gov/Archives/edgar/data/97476/000009747626000059/txn-20251231.htm
TXN,10-Q,2025-10-23,2025-09-30,https://www.sec.gov/Archives/edgar/data/97476/000009747625000060/txn-20250930.htm
TXN,10-Q,2025-07-29,2025-06-30,https://www.sec.gov/Archives/edgar/data/97476/000009747625000036/txn-20250630.htm
TXT,10-Q,2026-07-28,2026-07-04,https://www.sec.gov/Archives/edgar/data/217346/000021734626000036/txt-20260704.htm
TXT,10-Q,2026-04-30,2026-04-04,https://www.sec.gov/Archives/edgar/data/217346/000021734626000012/txt-20260404.htm
TXT,10-K,2026-02-11,2026-01-03,https://www.sec.gov/Archives/edgar/data/217346/000021734626000006/txt-20260103.htm
TXT,10-Q,2025-10-23,2025-09-27,https://www.sec.gov/Archives/edgar/data/217346/000021734625000077/txt-20250927.htm
TXT,10-Q,2025-07-24,2025-06-28,https://www.sec.gov/Archives/edgar/data/217346/000021734625000068/txt-20250628.htm
TYL,10-Q,2026-07-29,2026-06-30,https://www.sec.gov/Archives/edgar/data/860731/000086073126000050/tyl-20260630.htm
TYL,10-Q,2026-04-29,2026-03-31,https://www.sec.gov/Archives/edgar/data/860731/000086073126000032/tyl-20260331.htm
TYL,10-K,2026-02-18,2025-12-31,https://www.sec.gov/Archives/edgar/data/860731/000086073126000016/tyl-20251231.htm
TYL,10-Q,2025-10-29,2025-09-30,https://www.sec.gov/Archives/edgar/data/860731/000086073125000046/tyl-20250930.htm
TYL,10-Q,2025-07-30,2025-06-30,https://www.sec.gov/Archives/edgar/data/860731/000086073125000036/tyl-20250630.htm
UAL,10-Q,2026-07-16,2026-06-30,https://www.sec.gov/Archives/edgar/data/100517/000010051726000139/ual-20260630.htm
UAL,10-Q,2026-04-22,2026-03-31,https://www.sec.gov/Archives/edgar/data/100517/000010051726000091/ual-20260331.htm
UAL,10-K,2026-02-12,2025-12-31,https://www.sec.gov/Archives/edgar/data/100517/000010051726000023/ual-20251231.htm
UAL,10-Q,2025-10-16,2025-09-30,https://www.sec.gov/Archives/edgar/data/100517/000010051725000193/ual-20250930.htm
UAL,10-Q,2025-07-17,2025-06-30,https://www.sec.gov/Archives/edgar/data/100517/000010051725000147/ual-20250630.htm
UBER,10-Q,2026-08-05,2026-06-30,https://www.sec.gov/Archives/edgar/data/1543151/000154315126000032/uber-20260630.htm
UBER,10-Q,2026-05-06,2026-03-31,https://www.sec.gov/Archives/edgar/data/1543151/000154315126000022/uber-20260331.htm
UBER,10-K,2026-02-13,2025-12-31,https://www.sec.gov/Archives/edgar/data/1543151/000154315126000015/uber-20251231.htm
UBER,10-Q,2025-11-04,2025-09-30,https://www.sec.gov/Archives/edgar/data/1543151/000154315125000033/uber-20250930.htm
UBER,10-Q,2025-08-06,2025-06-30,https://www.sec.gov/Archives/edgar/data/1543151/000154315125000023/uber-20250630.htm
UDR,10-Q,2026-07-28,2026-06-30,https://www.sec.gov/Archives/edgar/data/74208/000007420826000073/udr-20260630x10q.htm
UDR,10-Q,2026-04-30,2026-03-31,https://www.sec.gov/Archives/edgar/data/74208/000007420826000049/udr-20260331x10q.htm
UDR,10-K,2026-02-17,2025-12-31,https://www.sec.gov/Archives/edgar/data/74208/000007420826000013/udr-20251231x10k.htm
UDR,10-Q,2025-10-30,2025-09-30,https://www.sec.gov/Archives/edgar/data/74208/000007420825000072/udr-20250930x10q.htm
UDR,10-Q,2025-07-31,2025-06-30,https://www.sec.gov/Archives/edgar/data/74208/000007420825000051/udr-20250630x10q.htm
UHS,10-Q,2026-08-07,2026-06-30,https://www.sec.gov/Archives/edgar/data/352915/000119312526340278/uhs-20260630.htm
UHS,10-Q,2026-05-07,2026-03-31,https://www.sec.gov/Archives/edgar/data/352915/000119312526211992/uhs-20260331.htm
UHS,10-K,2026-02-25,2025-12-31,https://www.sec.gov/Archives/edgar/data/352915/000119312526071676/uhs-20251231.htm
UHS,10-Q,2025-11-07,2025-09-30,https://www.sec.gov/Archives/edgar/data/352915/000119312525272385/uhs-20250930.htm
UHS,10-Q,2025-08-08,2025-06-30,https://www.sec.gov/Archives/edgar/data/352915/000095017025105857/uhs-20250630.htm
ULTA,10-Q,2026-08-27,2026-08-01,https://www.sec.gov/Archives/edgar/data/1403568/000110465926102442/ulta-20260801x10q.htm
ULTA,10-Q,2026-06-02,2026-05-02,https://www.sec.gov/Archives/edgar/data/1403568/000110465926069491/ulta-20260502x10q.htm
ULTA,10-K,2026-03-26,2026-01-31,https://www.sec.gov/Archives/edgar/data/1403568/000110465926035243/ulta-20260131x10k.htm
ULTA,10-Q,2025-12-04,2025-11-01,https://www.sec.gov/Archives/edgar/data/1403568/000110465925118458/ulta-20251101x10q.htm
ULTA,10-Q,2025-08-28,2025-08-02,https://www.sec.gov/Archives/edgar/data/1403568/000155837025011804/ulta-20250802x10q.htm
UNH,10-Q,2026-08-10,2026-06-30,https://www.sec.gov/Archives/edgar/data/731766/000073176626000197/unh-20260630.htm
UNH,10-Q,2026-05-05,2026-03-31,https://www.sec.gov/Archives/edgar/data/731766/000073176626000127/unh-20260331.htm
UNH,10-K,2026-03-02,2025-12-31,https://www.sec.gov/Archives/edgar/data/731766/000073176626000062/unh-20251231.htm
UNH,10-Q,2025-10-28,2025-09-30,https://www.sec.gov/Archives/edgar/data/731766/000073176625000305/unh-20250930.htm
UNH,10-Q,2025-08-11,2025-06-30,https://www.sec.gov/Archives/edgar/data/731766/000073176625000236/unh-20250630.htm
UNP,10-Q,2026-07-23,2026-06-30,https://www.sec.gov/Archives/edgar/data/100885/000010088526000250/unp-20260630.htm
UNP,10-Q,2026-04-23,2026-03-31,https://www.sec.gov/Archives/edgar/data/100885/000010088526000155/unp-20260331.htm
UNP,10-K,2026-02-06,2025-12-31,https://www.sec.gov/Archives/edgar/data/100885/000010088526000037/unp-20251231.htm
UNP,10-Q,2025-10-23,2025-09-30,https://www.sec.gov/Archives/edgar/data/100885/000010088525000321/unp-20250930.htm
UNP,10-Q,2025-07-24,2025-06-30,https://www.sec.gov/Archives/edgar/data/100885/000010088525000253/unp-20250630.htm
UPS,10-Q,2026-08-05,2026-06-30,https://www.sec.gov/Archives/edgar/data/1090727/000162828026053249/ups-20260630.htm
UPS,10-Q,2026-05-06,2026-03-31,https://www.sec.gov/Archives/edgar/data/1090727/000162828026031154/ups-20260331.htm
UPS,10-K,2026-02-17,2025-12-31,https://www.sec.gov/Archives/edgar/data/1090727/000162828026008432/ups-20251231.htm
UPS,10-Q,2025-11-05,2025-09-30,https://www.sec.gov/Archives/edgar/data/1090727/000162828025049661/ups-20250930.htm
UPS,10-Q,2025-08-06,2025-06-30,https://www.sec.gov/Archives/edgar/data/1090727/000109072725000064/ups-20250630.htm
URI,10-Q,2026-07-22,2026-06-30,https://www.sec.gov/Archives/edgar/data/1067701/000106770126000026/uri-20260630.htm
URI,10-Q,2026-04-22,2026-03-31,https://www.sec.gov/Archives/edgar/data/1067701/000106770126000016/uri-20260331.htm
URI,10-K,2026-01-28,2025-12-31,https://www.sec.gov/Archives/edgar/data/1067701/000106770126000007/uri-20251231.htm
URI,10-Q,2025-10-22,2025-09-30,https://www.sec.gov/Archives/edgar/data/1067701/000106770125000039/uri-20250930.htm
URI,10-Q,2025-07-23,2025-06-30,https://www.sec.gov/Archives/edgar/data/1067701/000162828025035756/uri-20250630.htm
USB,10-Q,2026-08-06,2026-06-30,https://www.sec.gov/Archives/edgar/data/36104/000003610426000044/usb-20260630.htm
USB,10-Q,2026-05-04,2026-03-31,https://www.sec.gov/Archives/edgar/data/36104/000003610426000024/usb-20260331.htm
USB,10-K,2026-02-23,2025-12-31,https://www.sec.gov/Archives/edgar/data/36104/000003610426000011/usb-20251231.htm
USB,10-Q,2025-11-05,2025-09-30,https://www.sec.gov/Archives/edgar/data/36104/000003610425000064/usb-20250930.htm
USB,10-Q,2025-08-07,2025-06-30,https://www.sec.gov/Archives/edgar/data/36104/000003610425000055/usb-20250630.htm
V,10-Q,2026-07-29,2026-06-30,https://www.sec.gov/Archives/edgar/data/1403161/000140316126000104/v-20260630.htm
V,10-Q,2026-04-29,2026-03-31,https://www.sec.gov/Archives/edgar/data/1403161/000140316126000079/v-20260331.htm
V,10-Q,2026-01-30,2025-12-31,https://www.sec.gov/Archives/edgar/data/1403161/000140316126000045/v-20251231.htm
V,10-K,2025-11-06,2025-09-30,https://www.sec.gov/Archives/edgar/data/1403161/000140316125000089/v-20250930.htm
V,10-Q,2025-07-30,2025-06-30,https://www.sec.gov/Archives/edgar/data/1403161/000140316125000052/v-20250630.htm
VEEV,10-Q,2026-08-27,2026-07-31,https://www.sec.gov/Archives/edgar/data/1393052/000139305226000036/veev-20260731.htm
VEEV,10-Q,2026-06-05,2026-04-30,https://www.sec.gov/Archives/edgar/data/1393052/000139305226000026/veev-20260430.htm
VEEV,10-K,2026-03-20,2026-01-31,https://www.sec.gov/Archives/edgar/data/1393052/000139305226000014/veev-20260131.htm
VEEV,10-Q,2025-11-21,2025-10-31,https://www.sec.gov/Archives/edgar/data/1393052/000139305225000078/veev-20251031.htm
VEEV,10-Q,2025-08-29,2025-07-31,https://www.sec.gov/Archives/edgar/data/1393052/000139305225000067/veev-20250731.htm
VICI,10-Q,2026-07-29,2026-06-30,https://www.sec.gov/Archives/edgar/data/1705696/000170569626000090/vici-20260630.htm
VICI,10-Q,2026-04-29,2026-03-31,https://www.sec.gov/Archives/edgar/data/1705696/000170569626000069/vici-20260331.htm
VICI,10-K,2026-02-25,2025-12-31,https://www.sec.gov/Archives/edgar/data/1705696/000170569626000034/vici-20251231.htm
VICI,10-Q,2025-10-30,2025-09-30,https://www.sec.gov/Archives/edgar/data/1705696/000170569625000132/vici-20250930.htm
VICI,10-Q,2025-07-30,2025-06-30,https://www.sec.gov/Archives/edgar/data/1705696/000170569625000107/vici-20250630.htm
VLO,10-Q,2026-07-30,2026-06-30,https://www.sec.gov/Archives/edgar/data/1035002/000162828026050937/vlo-20260630.htm
VLO,10-Q,2026-04-30,2026-03-31,https://www.sec.gov/Archives/edgar/data/1035002/000162828026028690/vlo-20260331.htm
VLO,10-K,2026-02-25,2025-12-31,https://www.sec.gov/Archives/edgar/data/1035002/000162828026011499/vlo-20251231.htm
VLO,10-Q,2025-10-23,2025-09-30,https://www.sec.gov/Archives/edgar/data/1035002/000162828025046072/vlo-20250930.htm
VLO,10-Q,2025-07-24,2025-06-30,https://www.sec.gov/Archives/edgar/data/1035002/000103500225000061/vlo-20250630.htm
VLTO,10-Q,2026-07-29,2026-07-03,https://www.sec.gov/Archives/edgar/data/1967680/000196768026000044/vlto-20260703.htm
VLTO,10-Q,2026-04-29,2026-04-03,https://www.sec.gov/Archives/edgar/data/1967680/000196768026000024/vlto-20260403.htm
VLTO,10-K,2026-02-20,2025-12-31,https://www.sec.gov/Archives/edgar/data/1967680/000196768026000011/vlto-20251231.htm
VLTO,10-Q,2025-10-29,2025-10-03,https://www.sec.gov/Archives/edgar/data/1967680/000196768025000136/vlto-20251003.htm
VLTO,10-Q,2025-07-28,2025-07-04,https://www.sec.gov/Archives/edgar/data/1967680/000196768025000125/vlto-20250704.htm
VMC,10-Q,2026-07-29,2026-06-30,https://www.sec.gov/Archives/edgar/data/1396009/000162828026050486/vmc-20260630.htm
VMC,10-Q,2026-04-29,2026-03-31,https://www.sec.gov/Archives/edgar/data/1396009/000162828026028318/vmc-20260331.htm
VMC,10-K,2026-02-19,2025-12-31,https://www.sec.gov/Archives/edgar/data/1396009/000162828026009546/vmc-20251231.htm
VMC,10-Q,2025-10-30,2025-09-30,https://www.sec.gov/Archives/edgar/data/1396009/000139600925000031/vmc-20250930.htm
VMC,10-Q,2025-07-31,2025-06-30,https://www.sec.gov/Archives/edgar/data/1396009/000139600925000021/vmc-20250630.htm
VMRK,10-Q,2026-07-30,2026-06-30,https://www.sec.gov/Archives/edgar/data/906107/000119312526326170/eqr-20260630.htm
VMRK,10-Q,2026-04-30,2026-03-31,https://www.sec.gov/Archives/edgar/data/906107/000119312526197417/eqr-20260331.htm
VMRK,10-K,2026-02-13,2025-12-31,https://www.sec.gov/Archives/edgar/data/906107/000119312526051433/eqr-20251231.htm
VMRK,10-Q,2025-10-30,2025-09-30,https://www.sec.gov/Archives/edgar/data/906107/000119312525258599/eqr-20250930.htm
VMRK,10-Q,2025-08-06,2025-06-30,https://www.sec.gov/Archives/edgar/data/906107/000095017025104090/eqr-20250630.htm
VRSK,10-Q,2026-07-29,2026-06-30,https://www.sec.gov/Archives/edgar/data/1442145/000143774926024749/vrsk20260630_10q.htm
VRSK,10-Q,2026-04-29,2026-03-31,https://www.sec.gov/Archives/edgar/data/1442145/000143774926013729/vrsk20260331_10q.htm
VRSK,10-K,2026-02-18,2025-12-31,https://www.sec.gov/Archives/edgar/data/1442145/000143774926004452/vrsk20251231_10k.htm
VRSK,10-Q,2025-10-29,2025-09-30,https://www.sec.gov/Archives/edgar/data/1442145/000143774925032073/vrsk20250930_10q.htm
VRSK,10-Q,2025-07-30,2025-06-30,https://www.sec.gov/Archives/edgar/data/1442145/000143774925023862/vrsk20250630_10q.htm
VRSN,10-Q,2026-07-23,2026-06-30,https://www.sec.gov/Archives/edgar/data/1014473/000101447326000028/vrsn-20260630.htm
VRSN,10-Q,2026-04-23,2026-03-31,https://www.sec.gov/Archives/edgar/data/1014473/000101447326000020/vrsn-20260331.htm
VRSN,10-K,2026-02-05,2025-12-31,https://www.sec.gov/Archives/edgar/data/1014473/000101447326000006/vrsn-20251231.htm
VRSN,10-Q,2025-10-23,2025-09-30,https://www.sec.gov/Archives/edgar/data/1014473/000101447325000046/vrsn-20250930.htm
VRSN,10-Q,2025-07-24,2025-06-30,https://www.sec.gov/Archives/edgar/data/1014473/000101447325000036/vrsn-20250630.htm
VRT,10-Q,2026-07-29,2026-06-30,https://www.sec.gov/Archives/edgar/data/1674101/000162828026050609/vrt-20260630.htm
VRT,10-Q,2026-04-22,2026-03-31,https://www.sec.gov/Archives/edgar/data/1674101/000162828026026556/vrt-20260331.htm
VRT,10-K,2026-02-13,2025-12-31,https://www.sec.gov/Archives/edgar/data/1674101/000167410126000008/vrt-20251231.htm
VRT,10-Q,2025-10-22,2025-09-30,https://www.sec.gov/Archives/edgar/data/1674101/000167410125000024/vrt-20250930.htm
VRT,10-Q,2025-07-30,2025-06-30,https://www.sec.gov/Archives/edgar/data/1674101/000167410125000008/vrt-20250630.htm
VRTX,10-Q,2026-08-04,2026-06-30,https://www.sec.gov/Archives/edgar/data/875320/000087532026000259/vrtx-20260630.htm
VRTX,10-Q,2026-05-05,2026-03-31,https://www.sec.gov/Archives/edgar/data/875320/000087532026000173/vrtx-20260331.htm
VRTX,10-K,2026-02-13,2025-12-31,https://www.sec.gov/Archives/edgar/data/875320/000087532026000056/vrtx-20251231.htm
VRTX,10-Q,2025-11-04,2025-09-30,https://www.sec.gov/Archives/edgar/data/875320/000087532025000232/vrtx-20250930.htm
VRTX,10-Q,2025-08-05,2025-06-30,https://www.sec.gov/Archives/edgar/data/875320/000087532025000216/vrtx-20250630.htm
VST,10-Q,2026-08-10,2026-06-30,https://www.sec.gov/Archives/edgar/data/1692819/000169281926000019/vistra-20260630.htm
VST,10-Q,2026-05-08,2026-03-31,https://www.sec.gov/Archives/edgar/data/1692819/000169281926000014/vistra-20260331.htm
VST,10-K,2026-02-27,2025-12-31,https://www.sec.gov/Archives/edgar/data/1692819/000169281926000006/vistra-20251231.htm
VST,10-Q,2025-11-07,2025-09-30,https://www.sec.gov/Archives/edgar/data/1692819/000169281925000094/vistra-20250930.htm
VST,10-Q,2025-08-08,2025-06-30,https://www.sec.gov/Archives/edgar/data/1692819/000169281925000085/vistra-20250630.htm
VTR,10-Q,2026-07-30,2026-06-30,https://www.sec.gov/Archives/edgar/data/740260/000074026026000024/vtr-20260630.htm
VTR,10-Q,2026-04-28,2026-03-31,https://www.sec.gov/Archives/edgar/data/740260/000074026026000018/vtr-20260331.htm
VTR,10-K,2026-02-06,2025-12-31,https://www.sec.gov/Archives/edgar/data/740260/000074026026000006/vtr-20251231.htm
VTR,10-Q,2025-10-30,2025-09-30,https://www.sec.gov/Archives/edgar/data/740260/000074026025000277/vtr-20250930.htm
VTR,10-Q,2025-07-31,2025-06-30,https://www.sec.gov/Archives/edgar/data/740260/000074026025000231/vtr-20250630.htm
VTRS,10-Q,2026-08-06,2026-06-30,https://www.sec.gov/Archives/edgar/data/1792044/000179204426000041/vtrs-20260630.htm
VTRS,10-Q,2026-05-07,2026-03-31,https://www.sec.gov/Archives/edgar/data/1792044/000179204426000029/vtrs-20260331.htm
VTRS,10-K,2026-02-26,2025-12-31,https://www.sec.gov/Archives/edgar/data/1792044/000179204426000013/vtrs-20251231.htm
VTRS,10-Q,2025-11-06,2025-09-30,https://www.sec.gov/Archives/edgar/data/1792044/000179204425000046/vtrs-20250930.htm
VTRS,10-Q,2025-08-07,2025-06-30,https://www.sec.gov/Archives/edgar/data/1792044/000179204425000033/vtrs-20250630.htm
VZ,10-Q,2026-07-31,2026-06-30,https://www.sec.gov/Archives/edgar/data/732712/000073271226000046/vz-20260630.htm
VZ,10-Q,2026-05-01,2026-03-31,https://www.sec.gov/Archives/edgar/data/732712/000073271226000023/vz-20260331.htm
VZ,10-K,2026-02-17,2025-12-31,https://www.sec.gov/Archives/edgar/data/732712/000073271226000007/vz-20251231.htm
VZ,10-Q,2025-10-29,2025-09-30,https://www.sec.gov/Archives/edgar/data/732712/000073271225000116/vz-20250930.htm
VZ,10-Q,2025-07-25,2025-06-30,https://www.sec.gov/Archives/edgar/data/732712/000073271225000086/vz-20250630.htm
WAB,10-Q,2026-07-22,2026-06-30,https://www.sec.gov/Archives/edgar/data/943452/000162828026049139/wab-20260630.htm
WAB,10-Q,2026-04-22,2026-03-31,https://www.sec.gov/Archives/edgar/data/943452/000162828026026422/wab-20260331.htm
WAB,10-K,2026-02-13,2025-12-31,https://www.sec.gov/Archives/edgar/data/943452/000162828026008067/wab-20251231.htm
WAB,10-Q,2025-10-22,2025-09-30,https://www.sec.gov/Archives/edgar/data/943452/000162828025045790/wab-20250930.htm
WAB,10-Q,2025-07-24,2025-06-30,https://www.sec.gov/Archives/edgar/data/943452/000162828025035852/wab-20250630.htm
WAT,10-Q,2026-08-11,2026-07-04,https://www.sec.gov/Archives/edgar/data/1000697/000119312526344691/d170082d10q.htm
WAT,10-Q,2026-05-12,2026-04-04,https://www.sec.gov/Archives/edgar/data/1000697/000119312526219487/d435723d10q.htm
WAT,10-K,2026-02-23,2025-12-31,https://www.sec.gov/Archives/edgar/data/1000697/000119312526062604/d778470d10k.htm
WAT,10-Q,2025-11-04,2025-09-27,https://www.sec.gov/Archives/edgar/data/1000697/000119312525263533/d35664d10q.htm
WAT,10-Q,2025-08-04,2025-06-28,https://www.sec.gov/Archives/edgar/data/1000697/000119312525172087/d885407d10q.htm
WBD,10-Q,2026-08-06,2026-06-30,https://www.sec.gov/Archives/edgar/data/1437107/000143710726000075/wbd-20260630.htm
WBD,10-Q,2026-05-06,2026-03-31,https://www.sec.gov/Archives/edgar/data/1437107/000143710726000057/wbd-20260331.htm
WBD,10-K,2026-02-27,2025-12-31,https://www.sec.gov/Archives/edgar/data/1437107/000143710726000020/wbd-20251231.htm
WBD,10-Q,2025-11-06,2025-09-30,https://www.sec.gov/Archives/edgar/data/1437107/000143710725000216/wbd-20250930.htm
WBD,10-Q,2025-08-07,2025-06-30,https://www.sec.gov/Archives/edgar/data/1437107/000143710725000192/wbd-20250630.htm
WDAY,10-Q,2026-08-27,2026-07-31,https://www.sec.gov/Archives/edgar/data/1327811/000132781126000044/wday-20260731.htm
WDAY,10-Q,2026-05-22,2026-04-30,https://www.sec.gov/Archives/edgar/data/1327811/000132781126000026/wday-20260430.htm
WDAY,10-K,2026-03-06,2026-01-31,https://www.sec.gov/Archives/edgar/data/1327811/000132781126000014/wday-20260131.htm
WDAY,10-Q,2025-11-26,2025-10-31,https://www.sec.gov/Archives/edgar/data/1327811/000132781125000198/wday-20251031.htm
WDAY,10-Q,2025-08-22,2025-07-31,https://www.sec.gov/Archives/edgar/data/1327811/000132781125000184/wday-20250731.htm
WDC,10-K,2026-08-14,2026-07-03,https://www.sec.gov/Archives/edgar/data/106040/000162828026057139/wdc-20260703.htm
WDC,10-Q,2026-05-01,2026-04-03,https://www.sec.gov/Archives/edgar/data/106040/000162828026029054/wdc-20260403.htm
WDC,10-Q,2026-01-30,2026-01-02,https://www.sec.gov/Archives/edgar/data/106040/000162828026004207/wdc-20260102.htm
WDC,10-Q,2025-10-31,2025-10-03,https://www.sec.gov/Archives/edgar/data/106040/000162828025047613/wdc-20251003.htm
WDC,10-K,2025-08-14,2025-06-27,https://www.sec.gov/Archives/edgar/data/106040/000010604025000038/wdc-20250627.htm
WEC,10-Q,2026-08-04,2026-06-30,https://www.sec.gov/Archives/edgar/data/783325/000078332526000087/wec-20260630.htm
WEC,10-Q,2026-05-07,2026-03-31,https://www.sec.gov/Archives/edgar/data/783325/000078332526000052/wec-20260331.htm
WEC,10-K,2026-02-20,2025-12-31,https://www.sec.gov/Archives/edgar/data/783325/000078332526000018/wec-20251231.htm
WEC,10-Q,2025-10-31,2025-09-30,https://www.sec.gov/Archives/edgar/data/783325/000078332525000060/wec-20250930.htm
WEC,10-Q,2025-08-01,2025-06-30,https://www.sec.gov/Archives/edgar/data/783325/000078332525000030/wec-20250630.htm
WELL,10-Q,2026-07-28,2026-06-30,https://www.sec.gov/Archives/edgar/data/766704/000076670426000030/well-20260630.htm
WELL,10-Q,2026-04-29,2026-03-31,https://www.sec.gov/Archives/edgar/data/766704/000076670426000021/well-20260331.htm
WELL,10-K,2026-02-12,2025-12-31,https://www.sec.gov/Archives/edgar/data/766704/000076670426000010/well-20251231.htm
WELL,10-Q,2025-10-28,2025-09-30,https://www.sec.gov/Archives/edgar/data/766704/000076670425000040/well-20250930.htm
WELL,10-Q,2025-07-29,2025-06-30,https://www.sec.gov/Archives/edgar/data/766704/000076670425000029/well-20250630.htm
WFC,10-Q,2026-07-28,2026-06-30,https://www.sec.gov/Archives/edgar/data/72971/000007297126000302/wfc-20260630.htm
WFC,10-Q,2026-04-29,2026-03-31,https://www.sec.gov/Archives/edgar/data/72971/000007297126000217/wfc-20260331.htm
WFC,10-K,2026-02-24,2025-12-31,https://www.sec.gov/Archives/edgar/data/72971/000007297126000133/wfc-20251231_d2.htm
WFC,10-Q,2025-10-31,2025-09-30,https://www.sec.gov/Archives/edgar/data/72971/000007297125000253/wfc-20250930.htm
WM,10-Q,2026-07-29,2026-06-30,https://www.sec.gov/Archives/edgar/data/823768/000110465926088016/wm-20260630x10q.htm
WM,10-Q,2026-04-29,2026-03-31,https://www.sec.gov/Archives/edgar/data/823768/000110465926051283/wm-20260331x10q.htm
WM,10-K,2026-02-09,2025-12-31,https://www.sec.gov/Archives/edgar/data/823768/000110465926012049/wm-20251231x10k.htm
WM,10-Q,2025-10-28,2025-09-30,https://www.sec.gov/Archives/edgar/data/823768/000110465925103136/wm-20250930x10q.htm
WM,10-Q,2025-07-29,2025-06-30,https://www.sec.gov/Archives/edgar/data/823768/000155837025009726/wm-20250630x10q.htm
WMB,10-Q,2026-08-03,2026-06-30,https://www.sec.gov/Archives/edgar/data/107263/000010726326000026/wmb-20260630.htm
WMB,10-Q,2026-05-04,2026-03-31,https://www.sec.gov/Archives/edgar/data/107263/000010726326000017/wmb-20260331.htm
WMB,10-K,2026-02-24,2025-12-31,https://www.sec.gov/Archives/edgar/data/107263/000010726326000006/wmb-20251231.htm
WMB,10-Q,2025-11-03,2025-09-30,https://www.sec.gov/Archives/edgar/data/107263/000010726325000145/wmb-20250930.htm
WMB,10-Q,2025-08-04,2025-06-30,https://www.sec.gov/Archives/edgar/data/107263/000010726325000123/wmb-20250630.htm
WMT,10-Q,2026-08-28,2026-07-31,https://www.sec.gov/Archives/edgar/data/104169/000010416926000154/wmt-20260731.htm
WMT,10-Q,2026-05-29,2026-04-30,https://www.sec.gov/Archives/edgar/data/104169/000010416926000102/wmt-20260430.htm
WMT,10-K,2026-03-13,2026-01-31,https://www.sec.gov/Archives/edgar/data/104169/000010416926000055/wmt-20260131.htm
WMT,10-Q,2025-12-03,2025-10-31,https://www.sec.gov/Archives/edgar/data/104169/000010416925000191/wmt-20251031.htm
WMT,10-Q,2025-08-29,2025-07-31,https://www.sec.gov/Archives/edgar/data/104169/000010416925000137/wmt-20250731.htm
WRB,10-Q,2026-07-31,2026-06-30,https://www.sec.gov/Archives/edgar/data/11544/000001154426000036/wrb-20260630.htm
WRB,10-Q,2026-05-01,2026-03-31,https://www.sec.gov/Archives/edgar/data/11544/000001154426000011/wrb-20260331.htm
WRB,10-K,2026-02-27,2025-12-31,https://www.sec.gov/Archives/edgar/data/11544/000001154426000005/wrb-20251231.htm
WRB,10-Q,2025-11-03,2025-09-30,https://www.sec.gov/Archives/edgar/data/11544/000001154425000032/wrb-20250930.htm
WRB,10-Q,2025-08-04,2025-06-30,https://www.sec.gov/Archives/edgar/data/11544/000001154425000024/wrb-20250630.htm
WSM,10-Q,2026-08-28,2026-08-02,https://www.sec.gov/Archives/edgar/data/719955/000071995526000208/wsm-20260802.htm
WSM,10-Q,2026-05-22,2026-05-03,https://www.sec.gov/Archives/edgar/data/719955/000071995526000131/wsm-20260503.htm
WSM,10-K,2026-03-26,2026-02-01,https://www.sec.gov/Archives/edgar/data/719955/000071995526000059/wsm-20260201.htm
WSM,10-Q,2025-11-25,2025-11-02,https://www.sec.gov/Archives/edgar/data/719955/000071995525000049/wsm-20251102.htm
WSM,10-Q,2025-08-29,2025-08-03,https://www.sec.gov/Archives/edgar/data/719955/000071995525000010/wsm-20250803.htm
WST,10-Q,2026-07-23,2026-06-30,https://www.sec.gov/Archives/edgar/data/105770/000010577026000099/wst-20260630.htm
WST,10-Q,2026-04-23,2026-03-31,https://www.sec.gov/Archives/edgar/data/105770/000010577026000049/wst-20260331.htm
WST,10-K,2026-02-17,2025-12-31,https://www.sec.gov/Archives/edgar/data/105770/000010577026000010/wst-20251231.htm
WST,10-Q,2025-10-23,2025-09-30,https://www.sec.gov/Archives/edgar/data/105770/000010577025000093/wst-20250930.htm
WST,10-Q,2025-07-24,2025-06-30,https://www.sec.gov/Archives/edgar/data/105770/000010577025000065/wst-20250630.htm
WTW,10-Q,2026-07-30,2026-06-30,https://www.sec.gov/Archives/edgar/data/1140536/000119312526325374/wtw-20260630.htm
WTW,10-Q,2026-04-30,2026-03-31,https://www.sec.gov/Archives/edgar/data/1140536/000119312526195310/wtw-20260331.htm
WTW,10-K,2026-02-25,2025-12-31,https://www.sec.gov/Archives/edgar/data/1140536/000119312526069307/wtw-20251231.htm
WTW,10-Q,2025-10-30,2025-09-30,https://www.sec.gov/Archives/edgar/data/1140536/000119312525257944/wtw-20250930.htm
WTW,10-Q,2025-08-01,2025-06-30,https://www.sec.gov/Archives/edgar/data/1140536/000095017025101355/wtw-20250630.htm
WY,10-Q,2026-07-31,2026-06-30,https://www.sec.gov/Archives/edgar/data/106535/000119312526328606/wy-20260630.htm
WY,10-Q,2026-05-01,2026-03-31,https://www.sec.gov/Archives/edgar/data/106535/000119312526201473/wy-20260331.htm
WY,10-K,2026-02-13,2025-12-31,https://www.sec.gov/Archives/edgar/data/106535/000119312526051422/wy-20251231.htm
WY,10-Q,2025-10-31,2025-09-30,https://www.sec.gov/Archives/edgar/data/106535/000119312525260808/wy-20250930.htm
WY,10-Q,2025-07-25,2025-06-30,https://www.sec.gov/Archives/edgar/data/106535/000095017025098794/wy-20250630.htm
WYNN,10-Q,2026-08-06,2026-06-30,https://www.sec.gov/Archives/edgar/data/1174922/000117492226000055/wynn-20260630.htm
WYNN,10-Q,2026-05-07,2026-03-31,https://www.sec.gov/Archives/edgar/data/1174922/000117492226000035/wynn-20260331.htm
WYNN,10-K,2026-03-02,2025-12-31,https://www.sec.gov/Archives/edgar/data/1174922/000117492226000013/wynn-20251231.htm
WYNN,10-Q,2025-11-06,2025-09-30,https://www.sec.gov/Archives/edgar/data/1174922/000117492225000151/wynn-20250930.htm
WYNN,10-Q,2025-08-07,2025-06-30,https://www.sec.gov/Archives/edgar/data/1174922/000117492225000113/wynn-20250630.htm
XEL,10-Q,2026-07-30,2026-06-30,https://www.sec.gov/Archives/edgar/data/72903/000007290326000154/xel-20260630.htm
XEL,10-Q,2026-04-30,2026-03-31,https://www.sec.gov/Archives/edgar/data/72903/000007290326000073/xel-20260331.htm
XEL,10-K,2026-02-25,2025-12-31,https://www.sec.gov/Archives/edgar/data/72903/000007290326000009/xel-20251231.htm
XEL,10-Q,2025-10-30,2025-09-30,https://www.sec.gov/Archives/edgar/data/72903/000007290325000257/xel-20250930.htm
XEL,10-Q,2025-07-31,2025-06-30,https://www.sec.gov/Archives/edgar/data/72903/000007290325000225/xel-20250630.htm
XOM,10-Q,2026-08-03,2026-06-30,https://www.sec.gov/Archives/edgar/data/34088/000003408826000093/xom-20260630.htm
XOM,10-Q,2026-05-04,2026-03-31,https://www.sec.gov/Archives/edgar/data/34088/000003408826000067/xom-20260331.htm
XOM,10-K,2026-02-18,2025-12-31,https://www.sec.gov/Archives/edgar/data/34088/000003408826000045/xom-20251231.htm
XOM,10-Q,2025-11-03,2025-09-30,https://www.sec.gov/Archives/edgar/data/34088/000003408825000061/xom-20250930.htm
XOM,10-Q,2025-08-04,2025-06-30,https://www.sec.gov/Archives/edgar/data/34088/000003408825000042/xom-20250630.htm
XYL,10-Q,2026-07-28,2026-06-30,https://www.sec.gov/Archives/edgar/data/1524472/000152447226000110/xyl-20260630.htm
XYL,10-Q,2026-04-28,2026-03-31,https://www.sec.gov/Archives/edgar/data/1524472/000152447226000068/xyl-20260331.htm
XYL,10-K,2026-02-25,2025-12-31,https://www.sec.gov/Archives/edgar/data/1524472/000152447226000012/xyl-20251231.htm
XYL,10-Q,2025-10-28,2025-09-30,https://www.sec.gov/Archives/edgar/data/1524472/000152447225000046/xyl-20250930.htm
XYL,10-Q,2025-07-31,2025-06-30,https://www.sec.gov/Archives/edgar/data/1524472/000152447225000037/xyl-20250630.htm
XYZ,10-Q,2026-08-05,2026-06-30,https://www.sec.gov/Archives/edgar/data/1512673/000162828026053368/xyz-20260630.htm
XYZ,10-Q,2026-05-07,2026-03-31,https://www.sec.gov/Archives/edgar/data/1512673/000162828026032200/xyz-20260331.htm
XYZ,10-K,2026-02-26,2025-12-31,https://www.sec.gov/Archives/edgar/data/1512673/000162828026012254/xyz-20251231.htm
XYZ,10-Q,2025-11-06,2025-09-30,https://www.sec.gov/Archives/edgar/data/1512673/000162828025050234/sq-20250930.htm
XYZ,10-Q,2025-08-07,2025-06-30,https://www.sec.gov/Archives/edgar/data/1512673/000162828025038920/sq-20250630.htm
YUM,10-Q,2026-08-05,2026-06-30,https://www.sec.gov/Archives/edgar/data/1041061/000104106126000160/yum-20260630.htm
YUM,10-Q,2026-05-06,2026-03-31,https://www.sec.gov/Archives/edgar/data/1041061/000104106126000119/yum-20260331.htm
YUM,10-K,2026-02-20,2025-12-31,https://www.sec.gov/Archives/edgar/data/1041061/000104106126000084/yum-20251231.htm
YUM,10-Q,2025-11-07,2025-09-30,https://www.sec.gov/Archives/edgar/data/1041061/000104106125000109/yum-20250930.htm
YUM,10-Q,2025-08-07,2025-06-30,https://www.sec.gov/Archives/edgar/data/1041061/000104106125000057/yum-20250630.htm
ZBH,10-Q,2026-08-05,2026-06-30,https://www.sec.gov/Archives/edgar/data/1136869/000119312526335044/zbh-20260630.htm
ZBH,10-Q,2026-05-01,2026-03-31,https://www.sec.gov/Archives/edgar/data/1136869/000119312526201710/zbh-20260331.htm
ZBH,10-K,2026-02-20,2025-12-31,https://www.sec.gov/Archives/edgar/data/1136869/000119312526059853/zbh-20251231.htm
ZBH,10-Q,2025-11-05,2025-09-30,https://www.sec.gov/Archives/edgar/data/1136869/000119312525266884/zbh-20250930.htm
ZBH,10-Q,2025-08-07,2025-06-30,https://www.sec.gov/Archives/edgar/data/1136869/000095017025104989/zbh-20250630.htm
ZBRA,10-Q,2026-08-04,2026-07-04,https://www.sec.gov/Archives/edgar/data/877212/000162828026052550/zbra-20260704.htm
ZBRA,10-Q,2026-05-12,2026-04-04,https://www.sec.gov/Archives/edgar/data/877212/000162828026034109/zbra-20260404.htm
ZBRA,10-K,2026-02-12,2025-12-31,https://www.sec.gov/Archives/edgar/data/877212/000162828026007668/zbra-20251231.htm
ZBRA,10-Q,2025-10-28,2025-09-27,https://www.sec.gov/Archives/edgar/data/877212/000162828025046778/zbra-20250927.htm
ZBRA,10-Q,2025-08-05,2025-06-28,https://www.sec.gov/Archives/edgar/data/877212/000087721225000131/zbra-20250628.htm
ZTS,10-Q,2026-08-06,2026-06-30,https://www.sec.gov/Archives/edgar/data/1555280/000155528026000040/zts-20260630.htm
ZTS,10-Q,2026-05-07,2026-03-31,https://www.sec.gov/Archives/edgar/data/1555280/000155528026000024/zts-20260331.htm
ZTS,10-K,2026-02-12,2025-12-31,https://www.sec.gov/Archives/edgar/data/1555280/000155528026000011/zts-20251231.htm
ZTS,10-Q,2025-11-04,2025-09-30,https://www.sec.gov/Archives/edgar/data/1555280/000155528025000274/zts-20250930.htm
ZTS,10-Q,2025-08-05,2025-06-30,https://www.sec.gov/Archives/edgar/data/1555280/000155528025000261/zts-20250630.htm
