ticker,fy_end,revenue,net_income,ebit,ocf,capex,fcf,assets,equity,total_debt,cash,dividends_paid,eps
A,2020-10-31,5339000000.0,719000000.0,846000000.0,921000000.0,119000000.0,802000000.0,9627000000.0,4873000000.0,2359000000.0,1441000000.0,222000000.0,2.3
A,2021-10-31,6319000000.0,1210000000.0,1347000000.0,1485000000.0,188000000.0,1297000000.0,10705000000.0,5389000000.0,2729000000.0,1484000000.0,236000000.0,3.9399999999999995
A,2022-10-31,6848000000.0,1254000000.0,1618000000.0,1312000000.0,291000000.0,1021000000.0,10532000000.0,5305000000.0,2769000000.0,1053000000.0,250000000.0,4.18
A,2023-10-31,6833000000.0,1240000000.0,1350000000.0,1772000000.0,298000000.0,1474000000.0,10763000000.0,5845000000.0,2735000000.0,1590000000.0,265000000.0,4.19
A,2024-10-31,6510000000.0,1289000000.0,1488000000.0,1751000000.0,378000000.0,1373000000.0,11846000000.0,5898000000.0,3390000000.0,1329000000.0,274000000.0,4.43
A,2025-10-31,6948000000.0,1303000000.0,1479000000.0,1559000000.0,407000000.0,1152000000.0,12727000000.0,6741000000.0,3354000000.0,1789000000.0,282000000.0,4.57
AAPL,2020-09-26,274515000000.0,57411000000.0,66288000000.0,80674000000.0,7309000000.0,73365000000.0,323888000000.0,65339000000.0,107440000000.0,38016000000.0,14081000000.0,3.27
AAPL,2021-09-25,365817000000.0,94680000000.0,108949000000.0,104038000000.0,11085000000.0,92953000000.0,351002000000.0,63090000000.0,118719000000.0,34940000000.0,14467000000.0,5.61
AAPL,2022-09-24,394328000000.0,99803000000.0,119437000000.0,122151000000.0,10708000000.0,111443000000.0,352755000000.0,50672000000.0,110087000000.0,23646000000.0,14841000000.0,6.11
AAPL,2023-09-30,383285000000.0,96995000000.0,114301000000.0,110543000000.0,10959000000.0,99584000000.0,352583000000.0,62146000000.0,105103000000.0,29965000000.0,15025000000.0,6.13
AAPL,2024-09-28,391035000000.0,93736000000.0,123216000000.0,118254000000.0,9447000000.0,108807000000.0,364980000000.0,56950000000.0,96662000000.0,29943000000.0,15234000000.0,6.08
AAPL,2025-09-27,416161000000.0,112010000000.0,133050000000.0,111482000000.0,12715000000.0,98767000000.0,359241000000.0,73733000000.0,90678000000.0,35934000000.0,15421000000.0,7.46
ABBV,2020-12-31,45804000000.0,4616000000.0,11363000000.0,17588000000.0,798000000.0,16790000000.0,150565000000.0,13076000000.0,77588000000.0,8449000000.0,7716000000.0,2.86
ABBV,2021-12-31,56197000000.0,11542000000.0,17924000000.0,22777000000.0,787000000.0,21990000000.0,146529000000.0,15408000000.0,64203000000.0,9746000000.0,9261000000.0,6.45
ABBV,2022-12-31,58054000000.0,11836000000.0,18117000000.0,24943000000.0,695000000.0,24248000000.0,138805000000.0,17254000000.0,59136000000.0,9201000000.0,10043000000.0,6.609999999999999
ABBV,2023-12-31,54318000000.0,4863000000.0,12757000000.0,22839000000.0,777000000.0,22062000000.0,134711000000.0,10360000000.0,52194000000.0,12814000000.0,10539000000.0,2.73
ABBV,2024-12-31,56334000000.0,4278000000.0,9137000000.0,18806000000.0,974000000.0,17832000000.0,135161000000.0,3325000000.0,60340000000.0,5524000000.0,11025000000.0,2.4
ABBV,2025-12-31,61160000000.0,4226000000.0,15075000000.0,19030000000.0,1214000000.0,17816000000.0,133960000000.0,-3270000000.0,61440000000.0,5229000000.0,11657000000.0,2.36
ABNB,2020-12-31,3378000000.0,-4585000000.0,-3590000000.0,-740000000.0,37000000.0,-777000000.0,10491499000.0,2901000000.0,1825562000.0,5480557000.0,,-16.12
ABNB,2021-12-31,5992000000.0,-352034000.0,429000000.0,2313000000.0,25000000.0,2288000000.0,13708000000.0,4775000000.0,1983000000.0,6067000000.0,,-0.57
ABNB,2022-12-31,8399000000.0,1893105000.0,1802000000.0,3430000000.0,25000000.0,3405000000.0,16038000000.0,5560000000.0,1987000000.0,7378000000.0,,2.79
ABNB,2023-12-31,9917000000.0,4791795000.0,1518000000.0,3884000000.0,,,20645000000.0,8165000000.0,1991000000.0,6874000000.0,,7.24
ABNB,2024-12-31,11102000000.0,2648349000.0,2553000000.0,4518000000.0,,,20959000000.0,8412000000.0,1995000000.0,6864000000.0,,4.11
ABNB,2025-12-31,12241000000.0,2511277000.0,2544000000.0,4646000000.0,,,22208000000.0,8199000000.0,1999000000.0,6560000000.0,,4.03
ABT,2020-12-31,34608000000.0,4495000000.0,5357000000.0,7901000000.0,2177000000.0,5724000000.0,72548000000.0,32784000000.0,18534000000.0,6838000000.0,2560000000.0,2.5
ABT,2021-12-31,43075000000.0,7071000000.0,8425000000.0,10533000000.0,1885000000.0,8648000000.0,75196000000.0,35802000000.0,18050000000.0,9799000000.0,3202000000.0,3.94
ABT,2022-12-31,43653000000.0,6933000000.0,8362000000.0,9581000000.0,1777000000.0,7804000000.0,74438000000.0,36686000000.0,16773000000.0,9882000000.0,3309000000.0,3.91
ABT,2023-12-31,40109000000.0,5723000000.0,6478000000.0,7261000000.0,2202000000.0,5059000000.0,73214000000.0,38603000000.0,14679000000.0,6896000000.0,3556000000.0,3.26
ABT,2024-12-31,41950000000.0,13402000000.0,6825000000.0,8558000000.0,2207000000.0,6351000000.0,81414000000.0,47664000000.0,14125000000.0,7616000000.0,3836000000.0,7.64
ABT,2025-12-31,44328000000.0,6524000000.0,8053000000.0,9566000000.0,2171000000.0,7395000000.0,86713000000.0,52130000000.0,12929000000.0,8522000000.0,4116000000.0,3.72
ACGL,2020-12-31,8508509000.0,1405521000.0,1577549000.0,2886505000.0,39872000.0,2846633000.0,43282297000.0,13105886000.0,,906448000.0,,3.33
ACGL,2021-12-31,9248000000.0,2157000000.0,2368000000.0,3425000000.0,41000000.0,3384000000.0,45101000000.0,13546000000.0,,859000000.0,,5.23
ACGL,2022-12-31,9613000000.0,1476000000.0,1562000000.0,3816000000.0,50000000.0,3766000000.0,47990000000.0,12910000000.0,,855000000.0,,3.8
ACGL,2023-12-31,13634000000.0,4443000000.0,3570000000.0,5749000000.0,52000000.0,5697000000.0,58906000000.0,18353000000.0,,917000000.0,,11.62
ACGL,2024-12-31,17440000000.0,4312000000.0,4674000000.0,6673000000.0,51000000.0,6622000000.0,70906000000.0,20820000000.0,,979000000.0,,11.19
ACGL,2025-12-31,19929000000.0,4399000000.0,5159000000.0,6172000000.0,44000000.0,6128000000.0,79241000000.0,24206000000.0,,993000000.0,,11.6
ACN,2020-08-31,44327039000.0,5107839000.0,6513644000.0,8215152000.0,599132000.0,7616020000.0,37078593000.0,17000536000.0,61872000.0,8415330000.0,2037733000.0,7.89
ACN,2021-08-31,50533389000.0,5906809000.0,7621529000.0,8975148000.0,580132000.0,8395016000.0,43175843000.0,19529454000.0,65553000.0,8168174000.0,2236094000.0,9.15
ACN,2022-08-31,61594305000.0,6877169000.0,9367181000.0,9541129000.0,717998000.0,8823131000.0,47263390000.0,22106097000.0,55068000.0,7889833000.0,2457306000.0,10.71
ACN,2023-08-31,64111745000.0,6871557000.0,8809889000.0,9524268000.0,528172000.0,8996096000.0,51245305000.0,25692839000.0,147903000.0,9045032000.0,,10.77
ACN,2024-08-31,64896464000.0,7264787000.0,9595847000.0,9131027000.0,516509000.0,8614518000.0,55932363000.0,28288646000.0,1024857000.0,5004469000.0,,11.43
ACN,2025-08-31,69672977000.0,7678433000.0,10225664000.0,11474399000.0,600039000.0,10874360000.0,65394897000.0,31195446000.0,5148653000.0,11478729000.0,,12.15
ADBE,2020-11-27,12868000000.0,5260000000.0,4237000000.0,5727000000.0,419000000.0,5308000000.0,24284000000.0,13264000000.0,4117000000.0,4478000000.0,,10.84
ADBE,2021-12-03,15785000000.0,4822000000.0,5802000000.0,7230000000.0,348000000.0,6882000000.0,27241000000.0,14797000000.0,4123000000.0,3844000000.0,,10.02
ADBE,2022-12-02,17606000000.0,4756000000.0,6098000000.0,7838000000.0,442000000.0,7396000000.0,27165000000.0,14051000000.0,4129000000.0,4236000000.0,,10.1
ADBE,2023-12-01,19409000000.0,5428000000.0,6650000000.0,7302000000.0,360000000.0,6942000000.0,29779000000.0,16518000000.0,3634000000.0,7141000000.0,,11.82
ADBE,2024-11-29,21505000000.0,5560000000.0,6741000000.0,8056000000.0,183000000.0,7873000000.0,30230000000.0,14105000000.0,5628000000.0,7613000000.0,,12.36
ADBE,2025-11-28,23769000000.0,7130000000.0,8706000000.0,10031000000.0,179000000.0,9852000000.0,29496000000.0,11623000000.0,6210000000.0,5431000000.0,,16.7
ADI,2020-10-31,5603056000.0,1220761000.0,1498244000.0,2008487000.0,165692000.0,1842795000.0,21468603000.0,11997945000.0,0.0,1055860000.0,886155000.0,3.2799999999999994
ADI,2021-10-30,7318286000.0,1390422000.0,1692201000.0,2735069000.0,343676000.0,2391393000.0,52322071000.0,37992542000.0,7293528000.0,1977964000.0,1109344000.0,3.46
ADI,2022-10-29,12013953000.0,2748561000.0,3278700000.0,4475402000.0,699308000.0,3776094000.0,50302350000.0,36465323000.0,6548625000.0,1470572000.0,1544552000.0,5.25
ADI,2023-10-28,12305539000.0,3314579000.0,3823112000.0,4817634000.0,1261463000.0,3556171000.0,48794478000.0,35565122000.0,6401509000.0,958061000.0,1679106000.0,6.55
ADI,2024-11-02,9427157000.0,1635273000.0,2032798000.0,3852529000.0,730463000.0,3122066000.0,48228277000.0,35176317000.0,7033949000.0,1991342000.0,1795459000.0,3.28
ADI,2025-11-01,11019707000.0,2267342000.0,2932496000.0,4812202000.0,533552000.0,4278650000.0,47992712000.0,33815755000.0,8145066000.0,2499406000.0,1924413000.0,4.56
ADM,2020-12-31,64355000000.0,1772000000.0,1883000000.0,-2386000000.0,823000000.0,-3209000000.0,49719000000.0,20022000000.0,7887000000.0,666000000.0,809000000.0,3.15
ADM,2021-12-31,85249000000.0,2709000000.0,3313000000.0,6595000000.0,1169000000.0,5426000000.0,56136000000.0,22508000000.0,8581000000.0,943000000.0,834000000.0,4.79
ADM,2022-12-31,27606000000.0,4340000000.0,5233000000.0,3478000000.0,1319000000.0,2159000000.0,59774000000.0,24317000000.0,8677000000.0,1037000000.0,899000000.0,7.710000000000001
ADM,2023-12-31,25691000000.0,3483000000.0,4294000000.0,4460000000.0,1494000000.0,2966000000.0,54631000000.0,24145000000.0,8260000000.0,1368000000.0,977000000.0,6.4
ADM,2024-12-31,24373000000.0,1800000000.0,2255000000.0,2790000000.0,1563000000.0,1227000000.0,53271000000.0,22178000000.0,8254000000.0,611000000.0,985000000.0,3.65
ADM,2025-12-31,24956000000.0,1078000000.0,1255000000.0,5452000000.0,1248000000.0,4204000000.0,52389000000.0,22740000000.0,7612000000.0,1015000000.0,987000000.0,2.23
ADP,2021-06-30,15005400000.0,2598500000.0,3361200000.0,3093300000.0,,,48772500000.0,5670100000.0,2986200000.0,2575200000.0,1575500000.0,6.07
ADP,2022-06-30,16498300000.0,2948900000.0,3804100000.0,3099500000.0,,,63068200000.0,3225300000.0,2988300000.0,1436300000.0,1659000000.0,7.0
ADP,2023-06-30,18012200000.0,3412000000.0,4437600000.0,4207600000.0,,,50971000000.0,3509100000.0,2990200000.0,2083500000.0,1903600000.0,8.21
ADP,2024-06-30,19202600000.0,3752000000.0,4872300000.0,4157600000.0,,,54362700000.0,4547600000.0,2992400000.0,2913400000.0,2183100000.0,9.1
ADP,2025-06-30,20560900000.0,4079700000.0,5310100000.0,4939700000.0,,,53369300000.0,6188000000.0,3975700000.0,3347800000.0,2398900000.0,9.98
ADP,2026-06-30,21947400000.0,4413500000.0,5730300000.0,5441200000.0,,,63193300000.0,6031200000.0,4965100000.0,4230100000.0,2626300000.0,10.94
ADSK,2021-01-31,3790000000.0,1208000000.0,629000000.0,1437000000.0,91000000.0,1346000000.0,7279800000.0,965000000.0,1650000000.0,1772200000.0,0.0,5.43
ADSK,2022-01-31,4386000000.0,497000000.0,618000000.0,1531000000.0,56000000.0,1475000000.0,8607000000.0,849000000.0,3000000000.0,1528000000.0,0.0,2.24
ADSK,2023-01-31,5005000000.0,823000000.0,989000000.0,2071000000.0,40000000.0,2031000000.0,9438000000.0,1145000000.0,2300000000.0,1947000000.0,0.0,3.78
ADSK,2024-01-31,5497000000.0,906000000.0,1128000000.0,1313000000.0,31000000.0,1282000000.0,9912000000.0,1855000000.0,2300000000.0,1892000000.0,0.0,4.19
ADSK,2025-01-31,6131000000.0,1112000000.0,1354000000.0,1607000000.0,40000000.0,1567000000.0,10833000000.0,2621000000.0,2600000000.0,1599000000.0,0.0,5.12
ADSK,2026-01-31,7206000000.0,1124000000.0,1578000000.0,2452000000.0,43000000.0,2409000000.0,12467000000.0,3045000000.0,2500000000.0,2249000000.0,,5.23
AEE,2020-12-31,5794000000.0,871000000.0,1300000000.0,1727000000.0,3233000000.0,-1506000000.0,32030000000.0,8938000000.0,11086000000.0,139000000.0,494000000.0,3.5
AEE,2021-12-31,6394000000.0,990000000.0,1333000000.0,1661000000.0,3479000000.0,-1818000000.0,35735000000.0,9700000000.0,13067000000.0,8000000.0,565000000.0,3.84
AEE,2022-12-31,7957000000.0,1074000000.0,1515000000.0,2263000000.0,3351000000.0,-1088000000.0,37904000000.0,10508000000.0,14025000000.0,10000000.0,610000000.0,4.14
AEE,2023-12-31,7500000000.0,1152000000.0,1558000000.0,2564000000.0,3597000000.0,-1033000000.0,40830000000.0,11349000000.0,15970000000.0,25000000.0,662000000.0,4.38
AEE,2024-12-31,7623000000.0,1182000000.0,1516000000.0,2763000000.0,4319000000.0,-1556000000.0,44598000000.0,12114000000.0,17579000000.0,7000000.0,714000000.0,4.42
AEE,2025-12-31,8799000000.0,1456000000.0,2026000000.0,3353000000.0,4128000000.0,-775000000.0,48476000000.0,13401000000.0,19187000000.0,13000000.0,768000000.0,5.35
AEP,2020-12-31,14918500000.0,2200100000.0,2987700000.0,3832900000.0,0.0,3832900000.0,80757200000.0,20550900000.0,31072500000.0,392700000.0,1424900000.0,4.42
AEP,2021-12-31,16792000000.0,2488100000.0,3411300000.0,3839900000.0,,,87668700000.0,22433200000.0,34557600000.0,403400000.0,-1519500000.0,4.96
AEP,2022-12-31,19391700000.0,2307200000.0,3482700000.0,5288000000.0,,,93403300000.0,23893400000.0,36801000000.0,509400000.0,1645200000.0,4.49
AEP,2023-12-31,19456000000.0,2208000000.0,3556000000.0,5012000000.0,155000000.0,4857000000.0,96684000000.0,25246700000.0,40143200000.0,330100000.0,1752000000.0,4.24
AEP,2024-12-31,19970000000.0,2967000000.0,4304000000.0,6804000000.0,399000000.0,6405000000.0,103078000000.0,26944000000.0,42643000000.0,203000000.0,1898000000.0,5.58
AEP,2025-12-31,21702000000.0,3580000000.0,5319000000.0,6944000000.0,3453000000.0,3491000000.0,114460000000.0,31138000000.0,47322000000.0,197000000.0,2008000000.0,6.66
AES,2020-12-31,9660000000.0,46000000.0,-192000000.0,2755000000.0,1900000000.0,855000000.0,34603000000.0,2634000000.0,81000000.0,1089000000.0,381000000.0,0.06999999999999998
AES,2021-12-31,11141000000.0,-409000000.0,644000000.0,1902000000.0,2116000000.0,-214000000.0,32963000000.0,2798000000.0,134000000.0,943000000.0,401000000.0,-0.65
AES,2022-12-31,12617000000.0,-546000000.0,96000000.0,2715000000.0,4551000000.0,-1836000000.0,38363000000.0,2437000000.0,175000000.0,1374000000.0,422000000.0,-0.8700000000000001
AES,2023-12-31,12668000000.0,249000000.0,104000000.0,3034000000.0,7724000000.0,-4690000000.0,44799000000.0,2488000000.0,270000000.0,1426000000.0,444000000.0,0.35
AES,2024-12-31,12278000000.0,1679000000.0,894000000.0,2752000000.0,7392000000.0,-4640000000.0,47406000000.0,3644000000.0,571000000.0,1524000000.0,483000000.0,2.36
AES,2025-12-31,12233000000.0,910000000.0,75000000.0,4306000000.0,5929000000.0,-1623000000.0,51768000000.0,4063000000.0,735000000.0,1382000000.0,501000000.0,1.26
AFL,2020-12-31,22147000000.0,4778000000.0,4416000000.0,5958000000.0,,,165086000000.0,33559000000.0,7899000000.0,5141000000.0,769000000.0,6.69
AFL,2021-12-31,21554000000.0,4231000000.0,4934000000.0,5051000000.0,,,157542000000.0,17031000000.0,7956000000.0,5051000000.0,855000000.0,6.25
AFL,2022-12-31,19140000000.0,4418000000.0,4157000000.0,3879000000.0,,,131738000000.0,20140000000.0,7442000000.0,3943000000.0,979000000.0,6.8999999999999995
AFL,2023-12-31,18701000000.0,4659000000.0,5262000000.0,3190000000.0,,,126724000000.0,21985000000.0,7364000000.0,4306000000.0,966000000.0,7.75
AFL,2024-12-31,18927000000.0,5443000000.0,6417000000.0,2707000000.0,,,117566000000.0,26098000000.0,7498000000.0,6229000000.0,1087000000.0,9.63
AFL,2025-12-31,17164000000.0,3646000000.0,4533000000.0,2555000000.0,,,116470000000.0,29490000000.0,8409000000.0,6245000000.0,1198000000.0,6.82
AIG,2020-12-31,43736000000.0,-5944000000.0,-7293000000.0,1038000000.0,353000000.0,685000000.0,586481000000.0,66362000000.0,37534000000.0,3230000000.0,1103000000.0,-6.88
AIG,2021-12-31,52157000000.0,10367000000.0,13347000000.0,6223000000.0,343000000.0,5880000000.0,596112000000.0,65956000000.0,30163000000.0,2427000000.0,1083000000.0,11.95
AIG,2022-12-31,29996000000.0,10227000000.0,3772000000.0,4134000000.0,210000000.0,3924000000.0,522228000000.0,40970000000.0,28679000000.0,1571000000.0,982000000.0,12.94
AIG,2023-12-31,27938000000.0,3643000000.0,2867000000.0,6243000000.0,240000000.0,6003000000.0,539306000000.0,45351000000.0,10856000000.0,1573000000.0,997000000.0,6.08
AIG,2024-12-31,27251000000.0,-1404000000.0,3870000000.0,3273000000.0,,,161322000000.0,42521000000.0,8922000000.0,1372000000.0,1002000000.0,-2.0
AIG,2025-12-31,26775000000.0,3096000000.0,3879000000.0,3314000000.0,,,161254000000.0,41139000000.0,9191000000.0,1345000000.0,976000000.0,5.43
AIZ,2020-12-31,9597600000.0,440800000.0,578100000.0,1342000000.0,121200000.0,1220800000.0,44649900000.0,5951400000.0,,2207600000.0,154600000.0,6.890000000000001
AIZ,2021-12-31,10187600000.0,1361800000.0,771300000.0,781700000.0,187400000.0,594300000.0,33920600000.0,5464100000.0,,2040800000.0,157600000.0,22.75
AIZ,2022-12-31,10193000000.0,276600000.0,349900000.0,596900000.0,186300000.0,410600000.0,33117300000.0,4228700000.0,,1536700000.0,150200000.0,5.01
AIZ,2023-12-31,11131600000.0,642500000.0,806800000.0,1138100000.0,202500000.0,935600000.0,33635200000.0,4809500000.0,,1627400000.0,152300000.0,11.95
AIZ,2024-12-31,11877500000.0,760200000.0,927300000.0,1332700000.0,221300000.0,1111400000.0,35020600000.0,5106700000.0,,1807700000.0,155900000.0,14.46
AIZ,2025-12-31,12814300000.0,872700000.0,1087400000.0,1833900000.0,235500000.0,1598400000.0,36289600000.0,5871600000.0,,1834100000.0,168400000.0,16.93
AJG,2020-12-31,7003600000.0,818800000.0,870900000.0,1807100000.0,99300000.0,1707800000.0,22331400000.0,6186200000.0,4341000000.0,664600000.0,347400000.0,4.2
AJG,2021-12-31,8209400000.0,906800000.0,975100000.0,1392400000.0,128600000.0,1263800000.0,33236100000.0,8508400000.0,6055200000.0,402600000.0,392000000.0,4.37
AJG,2022-12-31,8550600000.0,1114200000.0,1327000000.0,1390000000.0,182700000.0,1207300000.0,38358400000.0,9143600000.0,5872800000.0,738400000.0,429500000.0,5.1899999999999995
AJG,2023-12-31,10072000000.0,970000000.0,1185000000.0,2032000000.0,194000000.0,1838000000.0,51616000000.0,10775300000.0,7676000000.0,971000000.0,474000000.0,4.42
AJG,2024-12-31,11555000000.0,1463000000.0,1875000000.0,2583000000.0,142000000.0,2441000000.0,64255000000.0,20154000000.0,12932000000.0,14987000000.0,525000000.0,6.5
AJG,2025-12-31,13942000000.0,1494000000.0,1871000000.0,1930000000.0,145000000.0,1785000000.0,70665000000.0,23321000000.0,12744000000.0,1396000000.0,667000000.0,5.74
AKAM,2020-12-31,3198149000.0,557054000.0,658534000.0,1215000000.0,514313000.0,700687000.0,7764130000.0,4251296000.0,1906707000.0,352917000.0,,3.36
AKAM,2021-12-31,3461223000.0,651642000.0,783148000.0,1404563000.0,328969000.0,1075594000.0,8138673000.0,4530014000.0,1976167000.0,536725000.0,,3.9299999999999997
AKAM,2022-12-31,3616654000.0,523672000.0,676274000.0,1274676000.0,241266000.0,1033410000.0,8303400000.0,4360187000.0,2285258000.0,542337000.0,,3.27
AKAM,2023-12-31,3811920000.0,547629000.0,637338000.0,1348439000.0,457909000.0,890530000.0,9900037000.0,4597155000.0,3538229000.0,489468000.0,,3.52
AKAM,2024-12-31,3991168000.0,504918000.0,533411000.0,1519171000.0,390433000.0,1128738000.0,10368785000.0,4878357000.0,3545811000.0,517707000.0,,3.27
AKAM,2025-12-31,4208175000.0,452031000.0,566944000.0,1518765000.0,507786000.0,1010979000.0,11479643000.0,4977371000.0,4105355000.0,930231000.0,,3.07
ALB,2020-12-31,3128909000.0,375764000.0,505812000.0,798914000.0,850477000.0,-51563000.0,10450946000.0,4268227000.0,3572058000.0,746724000.0,161818000.0,3.52
ALB,2021-12-31,3327957000.0,123672000.0,798434000.0,344257000.0,953667000.0,-609410000.0,10974118000.0,5625266000.0,2394239000.0,439272000.0,177853000.0,1.06
ALB,2022-12-31,7320104000.0,2689816000.0,2470061000.0,1912416000.0,1261646000.0,650770000.0,15456522000.0,7982627000.0,3217100000.0,1499142000.0,184429000.0,22.84
ALB,2023-12-31,9617203000.0,1573476000.0,251881000.0,1326583000.0,2154542000.0,-827959000.0,18270652000.0,9412180000.0,4166763000.0,889900000.0,187188000.0,13.360000000000001
ALB,2024-12-31,5377526000.0,-1179449000.0,-1776545000.0,687876000.0,1680529000.0,-992653000.0,16609649000.0,9961517000.0,3516165000.0,1192230000.0,188530000.0,-11.2
ALB,2025-12-31,5142733000.0,-510628000.0,-367084000.0,1282267000.0,589801000.0,692466000.0,16374211000.0,9533365000.0,3193541000.0,1618001000.0,190530000.0,-5.76
ALGN,2020-12-31,2471941000.0,1775888000.0,387171000.0,662174000.0,154916000.0,507258000.0,4829683000.0,3233865000.0,,960843000.0,,22.41
ALGN,2021-12-31,3952584000.0,772000000.0,976400000.0,1172544000.0,401098000.0,771446000.0,5942110000.0,3622714000.0,,1099370000.0,,9.69
ALGN,2022-12-31,3734635000.0,362000000.0,642595000.0,568732000.0,291900000.0,276832000.0,5947947000.0,3601358000.0,,942050000.0,,4.61
ALGN,2023-12-31,3862260000.0,445000000.0,643338000.0,785776000.0,177716000.0,608060000.0,6083877000.0,3630489000.0,,937438000.0,,5.81
ALGN,2024-12-31,3999012000.0,421000000.0,607628000.0,738231000.0,115580000.0,622651000.0,6214600000.0,3851985000.0,,1043887000.0,,5.62
ALGN,2025-12-31,4034964000.0,410000000.0,545755000.0,593223000.0,102445000.0,490778000.0,6233693000.0,4049147000.0,,1094908000.0,,5.65
ALL,2020-12-31,41909000000.0,5576000000.0,,5491000000.0,308000000.0,5183000000.0,125987000000.0,30217000000.0,7825000000.0,311000000.0,668000000.0,17.48
ALL,2021-12-31,50601000000.0,1485000000.0,,5116000000.0,345000000.0,4771000000.0,99440000000.0,24944000000.0,7976000000.0,763000000.0,885000000.0,5.1
ALL,2022-12-31,51411000000.0,-1416000000.0,,5121000000.0,420000000.0,4701000000.0,97989000000.0,17488000000.0,7964000000.0,736000000.0,926000000.0,-5.25
ALL,2023-12-31,57094000000.0,-316000000.0,-348000000.0,4228000000.0,267000000.0,3961000000.0,103362000000.0,17770000000.0,7942000000.0,722000000.0,925000000.0,-1.2400000000000004
ALL,2024-12-31,64106000000.0,4550000000.0,5761000000.0,8931000000.0,210000000.0,8721000000.0,111617000000.0,21442000000.0,8085000000.0,704000000.0,962000000.0,16.990000000000002
ALL,2025-12-31,67685000000.0,10165000000.0,13156000000.0,10110000000.0,228000000.0,9882000000.0,119758000000.0,30610000000.0,7490000000.0,678000000.0,1036000000.0,38.19
ALLE,2020-12-31,2719900000.0,314300000.0,403500000.0,490300000.0,47100000.0,443200000.0,3069400000.0,829400000.0,1429600000.0,480400000.0,117300000.0,3.3900000000000006
ALLE,2021-12-31,2867400000.0,483300000.0,530200000.0,488600000.0,45400000.0,443200000.0,3051000000.0,759100000.0,1442100000.0,397900000.0,129000000.0,5.34
ALLE,2022-12-31,3271900000.0,458300000.0,586400000.0,459500000.0,64000000.0,395500000.0,3991200000.0,941800000.0,2094500000.0,288000000.0,143900000.0,5.19
ALLE,2023-12-31,3650800000.0,540600000.0,708400000.0,600600000.0,84200000.0,516400000.0,4311500000.0,1318300000.0,2015000000.0,468100000.0,158700000.0,6.12
ALLE,2024-12-31,3772200000.0,597500000.0,780700000.0,675000000.0,92100000.0,582900000.0,4487800000.0,1500700000.0,1999500000.0,503800000.0,167000000.0,6.82
ALLE,2025-12-31,4067300000.0,643800000.0,859500000.0,783800000.0,98100000.0,685700000.0,5223700000.0,2067600000.0,1980100000.0,356200000.0,175300000.0,7.44
AMAT,2020-10-25,17202000000.0,3619000000.0,4365000000.0,3804000000.0,422000000.0,3382000000.0,22353000000.0,10578000000.0,5448000000.0,5351000000.0,787000000.0,3.92
AMAT,2021-10-31,23063000000.0,5888000000.0,6889000000.0,5442000000.0,668000000.0,4774000000.0,25825000000.0,12247000000.0,5452000000.0,4995000000.0,838000000.0,6.4
AMAT,2022-10-30,25785000000.0,6525000000.0,7788000000.0,5399000000.0,787000000.0,4612000000.0,26726000000.0,12194000000.0,5457000000.0,1995000000.0,873000000.0,7.44
AMAT,2023-10-29,26517000000.0,6856000000.0,7654000000.0,8700000000.0,1106000000.0,7594000000.0,30729000000.0,16349000000.0,5461000000.0,6132000000.0,975000000.0,8.11
AMAT,2024-10-27,27176000000.0,7177000000.0,7867000000.0,8677000000.0,1190000000.0,7487000000.0,34409000000.0,19001000000.0,6160000000.0,8022000000.0,1192000000.0,8.61
AMAT,2025-10-26,28368000000.0,6998000000.0,8289000000.0,7958000000.0,2260000000.0,5698000000.0,36299000000.0,20415000000.0,6455000000.0,7241000000.0,1384000000.0,8.66
AMCR,2023-06-30,14694000000.0,1048000000.0,1508000000.0,1261000000.0,526000000.0,735000000.0,17003000000.0,4026000000.0,6666000000.0,689000000.0,723000000.0,3.5249999999999995
AMCR,2023-09-30,10410000000.0,609000000.0,992000000.0,1615000000.0,601000000.0,1014000000.0,16587000000.0,3216000000.0,8981000000.0,989000000.0,127000000.0,3.2749999999999995
AMCR,2024-06-30,13640000000.0,730000000.0,1214000000.0,1321000000.0,492000000.0,829000000.0,16524000000.0,3881000000.0,6615000000.0,588000000.0,722000000.0,2.5199999999999996
AMCR,2024-09-28,10071000000.0,516000000.0,886000000.0,1405000000.0,484000000.0,921000000.0,16613000000.0,3608000000.0,7511000000.0,865000000.0,139000000.0,2.655
AMCR,2025-06-30,15009000000.0,511000000.0,1009000000.0,1390000000.0,580000000.0,810000000.0,37066000000.0,11728000000.0,13982000000.0,827000000.0,845000000.0,1.8050000000000002
AMCR,2026-06-30,23506000000.0,1106000000.0,1899000000.0,2151000000.0,922000000.0,1229000000.0,37095000000.0,11790000000.0,13997000000.0,1115000000.0,1195000000.0,2.38
AMD,2020-12-26,9763000000.0,2490000000.0,1369000000.0,1071000000.0,294000000.0,777000000.0,8962000000.0,5837000000.0,330000000.0,1595000000.0,,2.04
AMD,2021-12-25,16434000000.0,3162000000.0,3648000000.0,3521000000.0,301000000.0,3220000000.0,12419000000.0,7497000000.0,313000000.0,2535000000.0,,2.57
AMD,2022-12-31,23601000000.0,1320000000.0,1264000000.0,3565000000.0,450000000.0,3115000000.0,67580000000.0,54750000000.0,2467000000.0,4835000000.0,,0.84
AMD,2023-12-30,22680000000.0,854000000.0,401000000.0,1667000000.0,546000000.0,1121000000.0,67885000000.0,55892000000.0,2468000000.0,3933000000.0,,0.53
AMD,2024-12-28,25785000000.0,1641000000.0,1900000000.0,3041000000.0,636000000.0,2405000000.0,69226000000.0,57568000000.0,1721000000.0,3787000000.0,,1.0
AMD,2025-12-27,34639000000.0,4335000000.0,3694000000.0,7709000000.0,974000000.0,6735000000.0,76926000000.0,62999000000.0,3222000000.0,5539000000.0,,2.65
AME,2020-12-31,4540029000.0,872439000.0,1027884000.0,1280980000.0,74199000.0,1206781000.0,10357483000.0,5949346000.0,2413725000.0,1212822000.0,165035000.0,3.77
AME,2021-12-31,5546514000.0,990053000.0,1308670000.0,1160457000.0,110671000.0,1049786000.0,11898187000.0,6871884000.0,2544241000.0,346772000.0,184595000.0,4.25
AME,2022-12-31,6150530000.0,1159542000.0,1500692000.0,1149373000.0,139005000.0,1010368000.0,12431120000.0,7476512000.0,2385007000.0,345386000.0,202169000.0,5.01
AME,2023-12-31,6596950000.0,1313188000.0,1707459000.0,1735296000.0,136249000.0,1599047000.0,15023533000.0,8730191000.0,3313347000.0,409804000.0,230329000.0,5.67
AME,2024-12-31,6941180000.0,1376124000.0,1779562000.0,1828848000.0,127075000.0,1701773000.0,14631169000.0,9655304000.0,2079721000.0,373999000.0,258782000.0,5.93
AME,2025-12-31,7401116000.0,1480142000.0,1910317000.0,1801763000.0,130248000.0,1671515000.0,16067543000.0,10628786000.0,2283309000.0,457951000.0,285345000.0,6.4
AMGN,2020-12-31,25424000000.0,7264000000.0,9139000000.0,10497000000.0,608000000.0,9889000000.0,62948000000.0,9409000000.0,32986000000.0,6266000000.0,3755000000.0,12.309999999999999
AMGN,2021-12-31,25979000000.0,5893000000.0,7639000000.0,9261000000.0,880000000.0,8381000000.0,61165000000.0,6700000000.0,33309000000.0,7989000000.0,4013000000.0,10.28
AMGN,2022-12-31,26323000000.0,6552000000.0,9566000000.0,9721000000.0,936000000.0,8785000000.0,65121000000.0,3661000000.0,38945000000.0,7629000000.0,4196000000.0,12.11
AMGN,2023-12-31,28190000000.0,6717000000.0,7897000000.0,8471000000.0,1112000000.0,7359000000.0,97154000000.0,6232000000.0,64613000000.0,10944000000.0,4556000000.0,12.49
AMGN,2024-12-31,33424000000.0,4090000000.0,7258000000.0,11490000000.0,1096000000.0,10394000000.0,91839000000.0,5877000000.0,60099000000.0,11973000000.0,4832000000.0,7.56
AMGN,2025-12-31,36751000000.0,7711000000.0,9080000000.0,9958000000.0,1858000000.0,8100000000.0,90586000000.0,8658000000.0,54604000000.0,9129000000.0,5124000000.0,14.23
AMP,2020-12-31,11958000000.0,1534000000.0,1831000000.0,4623000000.0,147000000.0,4476000000.0,165883000000.0,6131000000.0,44000000.0,8903000000.0,497000000.0,11.860000000000001
AMP,2021-12-31,13389000000.0,3417000000.0,4185000000.0,3325000000.0,120000000.0,3205000000.0,177735000000.0,4837000000.0,40000000.0,9569000000.0,511000000.0,28.48
AMP,2022-12-31,14334000000.0,3149000000.0,3931000000.0,4407000000.0,182000000.0,4225000000.0,158852000000.0,3803000000.0,30000000.0,8755000000.0,534000000.0,27.71
AMP,2023-12-31,16096000000.0,2556000000.0,3234000000.0,4685000000.0,184000000.0,4501000000.0,175191000000.0,4729000000.0,20000000.0,8620000000.0,550000000.0,23.71
AMP,2024-12-31,17926000000.0,3401000000.0,4267000000.0,6595000000.0,176000000.0,6419000000.0,181403000000.0,5228000000.0,9000000.0,9489000000.0,574000000.0,33.05
AMP,2025-12-31,18911000000.0,3563000000.0,4504000000.0,8323000000.0,162000000.0,8161000000.0,190904000000.0,6549000000.0,0.0,11158000000.0,596000000.0,36.28
AMT,2020-12-31,495700000.0,1690600000.0,2887500000.0,3881400000.0,1031700000.0,2849700000.0,47233500000.0,4093500000.0,29287500000.0,1746300000.0,1928200000.0,3.79
AMT,2021-12-31,717200000.0,2567700000.0,3132000000.0,4819900000.0,1376700000.0,3443200000.0,69887900000.0,5081200000.0,43254200000.0,1949900000.0,2271000000.0,5.66
AMT,2022-12-31,840700000.0,1765800000.0,2738600000.0,3696200000.0,1873600000.0,1822600000.0,67194500000.0,5572400000.0,38670200000.0,1548900000.0,2715300000.0,3.8199999999999994
AMT,2023-12-31,747300000.0,1483300000.0,3125500000.0,4722400000.0,1798100000.0,2924300000.0,66027600000.0,4198200000.0,38801300000.0,1753700000.0,3006700000.0,3.18
AMT,2024-12-31,774600000.0,2255000000.0,4516500000.0,5290500000.0,1590000000.0,3700500000.0,61077400000.0,3382200000.0,36501800000.0,1999600000.0,3027300000.0,4.8100000000000005
AMT,2025-12-31,935900000.0,2529500000.0,4845800000.0,5464000000.0,1680400000.0,3783600000.0,63190400000.0,3652500000.0,37220300000.0,1474800000.0,3180800000.0,5.4
AMZN,2020-12-31,386064000000.0,21331000000.0,22899000000.0,66064000000.0,40140000000.0,25924000000.0,321195000000.0,93404000000.0,32971000000.0,42122000000.0,,2.0885
AMZN,2021-12-31,469822000000.0,33364000000.0,24879000000.0,46327000000.0,61053000000.0,-14726000000.0,420549000000.0,138245000000.0,50235000000.0,36220000000.0,,3.24
AMZN,2022-12-31,513983000000.0,-2722000000.0,12248000000.0,46752000000.0,63645000000.0,-16893000000.0,462675000000.0,146043000000.0,70149000000.0,53888000000.0,,-0.27
AMZN,2023-12-31,574785000000.0,30425000000.0,36852000000.0,84946000000.0,52729000000.0,32217000000.0,527854000000.0,201875000000.0,66808000000.0,73387000000.0,,2.9
AMZN,2024-12-31,637959000000.0,59248000000.0,68593000000.0,115877000000.0,82999000000.0,32878000000.0,624894000000.0,285970000000.0,57640000000.0,78779000000.0,,5.53
AMZN,2025-12-31,716924000000.0,77670000000.0,79975000000.0,139514000000.0,131819000000.0,7695000000.0,818042000000.0,411065000000.0,68396000000.0,86810000000.0,,7.17
ANET,2020-12-31,2317512000.0,634557000.0,699684000.0,735114000.0,15384000.0,719730000.0,4738919000.0,3320291000.0,,893219000.0,,0.499375
ANET,2021-12-31,2948037000.0,841.0,924739000.0,1015856000.0,64736000.0,951120000.0,5734429000.0,3978600000.0,,620813000.0,,0.6575
ANET,2022-12-31,4381310000.0,1352.0,1527106000.0,492813000.0,44644000.0,448169000.0,6775410000.0,4885800000.0,,671707000.0,,1.07
ANET,2023-12-31,5860200000.0,2087.0,2257300000.0,2034000000.0,34400000.0,1999600000.0,9956635000.0,7219000000.0,,1938606000.0,,1.65
ANET,2024-12-31,7003100000.0,2852.0,2944600000.0,3708200000.0,32000000.0,3676200000.0,14043900000.0,9994800000.0,,2762400000.0,,2.23
ANET,2025-12-31,9005700000.0,3511.0,3856100000.0,4371900000.0,119500000.0,4252400000.0,19448600000.0,12370500000.0,,1963900000.0,,2.75
AON,2020-12-31,11066000000.0,1969000000.0,2781000000.0,2783000000.0,141000000.0,2642000000.0,32114000000.0,3495000000.0,7729000000.0,884000000.0,412000000.0,8.45
AON,2021-12-31,12193000000.0,1255000000.0,2090000000.0,2182000000.0,137000000.0,2045000000.0,31917000000.0,1061000000.0,9392000000.0,544000000.0,447000000.0,5.55
AON,2022-12-31,12479000000.0,2589000000.0,3669000000.0,3219000000.0,196000000.0,3023000000.0,32704000000.0,-529000000.0,10770000000.0,690000000.0,463000000.0,12.14
AON,2023-12-31,13376000000.0,2564000000.0,3785000000.0,3435000000.0,252000000.0,3183000000.0,33959000000.0,-826000000.0,11199000000.0,778000000.0,489000000.0,12.51
AON,2024-12-31,15698000000.0,2654000000.0,3835000000.0,3035000000.0,218000000.0,2817000000.0,48965000000.0,6121000000.0,17016000000.0,1085000000.0,562000000.0,12.49
AON,2025-12-31,17181000000.0,3695000000.0,4344000000.0,3481000000.0,263000000.0,3218000000.0,50784000000.0,9352000000.0,15249000000.0,1195000000.0,629000000.0,17.02
AOS,2020-12-31,2895300000.0,344900000.0,503200000.0,562100000.0,56800000.0,505300000.0,3160700000.0,1848300000.0,113200000.0,573100000.0,158700000.0,2.13
AOS,2021-12-31,3538900000.0,487100000.0,682000000.0,641100000.0,75100000.0,566000000.0,3474400000.0,1832200000.0,196700000.0,443300000.0,170100000.0,3.02
AOS,2022-12-31,3753900000.0,235700000.0,362000000.0,391400000.0,70300000.0,321100000.0,3332300000.0,1747700000.0,344500000.0,391200000.0,177200000.0,1.5099999999999998
AOS,2023-12-31,3852800000.0,556600000.0,745500000.0,670300000.0,72600000.0,597700000.0,3213900000.0,1844400000.0,127300000.0,339900000.0,183500000.0,3.6899999999999995
AOS,2024-12-31,3818100000.0,533600000.0,707700000.0,581800000.0,108000000.0,473800000.0,3240000000.0,1883500000.0,193200000.0,239600000.0,190400000.0,3.63
AOS,2025-12-31,3830200000.0,546200000.0,728600000.0,616800000.0,70800000.0,546000000.0,3142800000.0,1858000000.0,155000000.0,174500000.0,195700000.0,3.85
APA,2020-12-31,-4860000000.0,-4860000000.0,-4102000000.0,1388000000.0,,,12746000000.0,-1639000000.0,8772000000.0,262000000.0,123000000.0,-12.86
APA,2021-12-31,973000000.0,973000000.0,2860000000.0,3496000000.0,,,13303000000.0,-1595000000.0,7510000000.0,302000000.0,52000000.0,2.59
APA,2022-12-31,3674000000.0,3674000000.0,5565000000.0,4943000000.0,,,13147000000.0,423000000.0,5453000000.0,245000000.0,207000000.0,11.02
APA,2023-12-31,2855000000.0,2855000000.0,3696000000.0,3129000000.0,,,15244000000.0,2655000000.0,5188000000.0,87000000.0,308000000.0,9.25
APA,2024-12-31,804000000.0,804000000.0,2444000000.0,3620000000.0,,,19390000000.0,5280000000.0,6044000000.0,625000000.0,353000000.0,2.27
APA,2025-12-31,1434000000.0,1434000000.0,3087000000.0,4545000000.0,,,17761000000.0,6093000000.0,4493000000.0,516000000.0,360000000.0,3.99
APD,2020-09-30,8856300000.0,1886700000.0,2237600000.0,3264700000.0,2509000000.0,755700000.0,25168500000.0,12079800000.0,7140600000.0,5253000000.0,1103600000.0,8.49
APD,2021-09-30,10323000000.0,2099100000.0,2281400000.0,3335200000.0,2464200000.0,871000000.0,26859200000.0,13539700000.0,6878100000.0,4468900000.0,1256700000.0,9.43
APD,2022-09-30,12698600000.0,2256100000.0,2338800000.0,3170600000.0,2926500000.0,244100000.0,27192600000.0,13144000000.0,6444500000.0,2711000000.0,1383300000.0,10.14
APD,2023-09-30,12600000000.0,2300200000.0,2494600000.0,3205700000.0,4626400000.0,-1420700000.0,32002500000.0,14312900000.0,10305800000.0,1617000000.0,1496600000.0,10.33
APD,2024-09-30,12100600000.0,3828200000.0,4466100000.0,3646700000.0,6796700000.0,-3150000000.0,39574600000.0,17036500000.0,14227900000.0,2979700000.0,1564900000.0,17.18
APD,2025-09-30,12037300000.0,-394500000.0,-877000000.0,3256800000.0,7022600000.0,-3765800000.0,41059500000.0,15024900000.0,17698400000.0,1856000000.0,1584100000.0,-1.77
APH,2020-12-31,8598900000.0,1203400000.0,1638400000.0,1592000000.0,276800000.0,1315200000.0,12327300000.0,5384900000.0,3636200000.0,1702000000.0,297600000.0,0.48875
APH,2021-12-31,10876300000.0,1590000000.0,2105100000.0,1540100000.0,360400000.0,1179700000.0,14678400000.0,6302000000.0,4795900000.0,1197100000.0,346700000.0,0.635
APH,2022-12-31,12623000000.0,1902000000.0,2585800000.0,2174600000.0,383800000.0,1790800000.0,15326200000.0,7015600000.0,4575000000.0,1373100000.0,477400000.0,0.765
APH,2023-12-31,12554700000.0,1928000000.0,2559600000.0,2528700000.0,372800000.0,2155900000.0,16526400000.0,8346500000.0,3983500000.0,1475000000.0,500600000.0,0.775
APH,2024-12-31,15222700000.0,2424000000.0,3156900000.0,2814700000.0,665400000.0,2149300000.0,21440200000.0,9792000000.0,6484400000.0,3317000000.0,595100000.0,0.96
APH,2025-12-31,23094700000.0,4270000000.0,5868600000.0,5374700000.0,996600000.0,4378100000.0,36236900000.0,13413100000.0,14564800000.0,11130600000.0,802200000.0,1.67
APO,2020-12-31,2354000000.0,157000000.0,553000000.0,-1616000000.0,,,,5513000000.0,,1556000000.0,550000000.0,
APO,2021-12-31,5951000000.0,1802000000.0,4861000000.0,1064000000.0,,,30502000000.0,3789000000.0,3134000000.0,917000000.0,517000000.0,7.32
APO,2022-12-31,10968000000.0,-1961000000.0,-4246000000.0,3789000000.0,,,257217000000.0,6640000000.0,6472000000.0,8980000000.0,962000000.0,-3.4299999999999997
APO,2023-12-31,32644000000.0,5001000000.0,5586000000.0,6322000000.0,,,313488000000.0,14044000000.0,8092000000.0,17691000000.0,1012000000.0,8.28
APO,2024-12-31,26114000000.0,4480000000.0,7435000000.0,3253000000.0,,,377895000000.0,17253000000.0,10588000000.0,17112000000.0,1092000000.0,7.33
APO,2025-12-31,32049000000.0,3395000000.0,6677000000.0,7246000000.0,,,460949000000.0,23341000000.0,13364000000.0,20591000000.0,1201000000.0,5.54
APP,2020-12-31,1451086000.0,-125187000.0,-62042000.0,222883000.0,3241000.0,219642000.0,2154593000.0,-158545000.0,1599200000.0,317235000.0,,-0.58
APP,2021-12-31,2793104000.0,35000000.0,150016000.0,361851000.0,1390000.0,360461000.0,6163579000.0,2138090000.0,3227644000.0,1520504000.0,,0.09
APP,2022-12-31,2817058000.0,-193000000.0,-47791000.0,412773000.0,662000.0,412111000.0,5847846000.0,1902677000.0,3211722000.0,1080484000.0,,-0.52
APP,2023-12-31,1841762000.0,357000000.0,772411000.0,1061510000.0,4246000.0,1057264000.0,5359187000.0,1256329000.0,3120906000.0,502152000.0,,0.98
APP,2024-12-31,3224058000.0,1580000000.0,1910956000.0,2099011000.0,4776000.0,2094235000.0,5869259000.0,1089818000.0,3508983000.0,697030000.0,,4.53
APP,2025-12-31,5480717000.0,3334000000.0,4151914000.0,3971094000.0,,,7259610000.0,2134671000.0,3530468000.0,2487096000.0,,9.75
APTV,2020-12-31,13066000000.0,1804000000.0,2118000000.0,1413000000.0,584000000.0,829000000.0,17522000000.0,7905000000.0,4101000000.0,2821000000.0,56000000.0,6.8
APTV,2021-12-31,15618000000.0,590000000.0,1189000000.0,1222000000.0,611000000.0,611000000.0,18007000000.0,8347000000.0,4067000000.0,3139000000.0,0.0,1.9500000000000002
APTV,2022-12-31,17489000000.0,594000000.0,1263000000.0,1263000000.0,844000000.0,419000000.0,21884000000.0,8809000000.0,6491000000.0,1531000000.0,0.0,1.95
APTV,2023-12-31,20051000000.0,2938000000.0,1559000000.0,1896000000.0,906000000.0,990000000.0,24427000000.0,11548000000.0,6213000000.0,1640000000.0,,10.36
APTV,2024-12-31,19713000000.0,1787000000.0,1842000000.0,2446000000.0,830000000.0,1616000000.0,23458000000.0,8796000000.0,8352000000.0,1573000000.0,,6.88
APTV,2025-12-31,20398000000.0,165000000.0,1184000000.0,2185000000.0,656000000.0,1529000000.0,23413000000.0,9207000000.0,7490000000.0,1575000000.0,,0.7600000000000001
ARE,2020-12-31,1885637000.0,770959000.0,,882510000.0,,,22827878000.0,11725712000.0,7563286000.0,568532000.0,532980000.0,5.85
ARE,2021-12-31,2114150000.0,571247000.0,,1010197000.0,,,30219373000.0,16189542000.0,8791866000.0,361348000.0,655968000.0,3.82
ARE,2022-12-31,2588962000.0,521660000.0,,1294321000.0,,,35523399000.0,18972387000.0,10159762000.0,825193000.0,757742000.0,3.18
ARE,2023-12-31,2885699000.0,103639000.0,,1630550000.0,,,36771402000.0,18471175000.0,11315642000.0,618190000.0,847483000.0,0.54
ARE,2024-12-31,3116394000.0,322949000.0,,1504524000.0,,,37527449000.0,17889042000.0,12244374000.0,552146000.0,898557000.0,1.8000000000000003
ARE,2025-12-31,3026556000.0,-1429570000.0,,1414046000.0,,,34081835000.0,15470070000.0,12400555000.0,549062000.0,911450000.0,-8.44
ARES,2020-12-31,1764046000.0,152142000.0,379478000.0,-425659000.0,,,15168992000.0,1193685000.0,1273000.0,539812000.0,,0.4612507390025569
ARES,2021-12-31,4212091000.0,386748000.0,1065690000.0,-2596045000.0,,,21605164000.0,1825227000.0,936000.0,343655000.0,,1.1725085828223691
ARES,2022-12-31,3055443000.0,167541000.0,510806000.0,-734112000.0,,,22002839000.0,1589239000.0,330000.0,389987000.0,,0.5079360732948652
ARES,2023-12-31,3631884000.0,474326000.0,1333063000.0,-233261000.0,,,24730500000.0,1893399000.0,,348274000.0,,
ARES,2024-12-31,3884781000.0,440961000.0,1275352000.0,2791154000.0,,,24884308000.0,3543646000.0,,1507976000.0,,1.3368667897182007
ARES,2025-12-31,5601482000.0,426113000.0,1286893000.0,3266959000.0,,,28633369000.0,4275463000.0,,488896000.0,,1.2918519287809844
ATO,2020-09-30,2821137000.0,601443000.0,824099000.0,1037999000.0,1935676000.0,-897677000.0,15359032000.0,6791203000.0,4531779000.0,20808000.0,282444000.0,4.91
ATO,2021-09-30,3407490000.0,665563000.0,904998000.0,-1084251000.0,1969540000.0,-3053791000.0,19608662000.0,7906889000.0,4930205000.0,116723000.0,323904000.0,5.12
ATO,2022-09-30,4201662000.0,774398000.0,920982000.0,977584000.0,2444420000.0,-1466836000.0,22192989000.0,9419091000.0,5945614000.0,51554000.0,375914000.0,5.6
ATO,2023-09-30,4275357000.0,885862000.0,1067147000.0,3459743000.0,2805973000.0,653770000.0,22516968000.0,10870064000.0,6796066000.0,15404000.0,430345000.0,6.1
ATO,2024-09-30,4165187000.0,1042895000.0,1355362000.0,1733746000.0,2937124000.0,-1203378000.0,25194465000.0,12157669000.0,7783646000.0,307340000.0,492950000.0,6.83
ATO,2025-09-30,4702755000.0,1198754000.0,1559971000.0,2049456000.0,3561399000.0,-1511943000.0,28249522000.0,13558890000.0,8908944000.0,202687000.0,553761000.0,7.46
AVGO,2020-11-01,23888000000.0,2663000000.0,4014000000.0,12061000000.0,463000000.0,11598000000.0,75933000000.0,23874000000.0,41062000000.0,7618000000.0,5235000000.0,0.629
AVGO,2021-10-31,27450000000.0,6437000000.0,8519000000.0,13764000000.0,443000000.0,13321000000.0,75570000000.0,24962000000.0,41499000000.0,12163000000.0,5913000000.0,1.5
AVGO,2022-10-30,33203000000.0,11495000000.0,14225000000.0,16736000000.0,424000000.0,16312000000.0,73249000000.0,22709000000.0,39478000000.0,12416000000.0,6733000000.0,2.65
AVGO,2023-10-29,35819000000.0,14082000000.0,16207000000.0,18085000000.0,452000000.0,17633000000.0,72861000000.0,23988000000.0,39184000000.0,14189000000.0,7645000000.0,3.3
AVGO,2024-11-03,51574000000.0,5895000000.0,13463000000.0,19962000000.0,548000000.0,19414000000.0,165645000000.0,67678000000.0,67566000000.0,9348000000.0,9814000000.0,1.23
AVGO,2025-11-02,63887000000.0,23126000000.0,25484000000.0,27537000000.0,623000000.0,26914000000.0,171092000000.0,81292000000.0,65136000000.0,16178000000.0,11142000000.0,4.77
AVY,2021-01-02,6971500000.0,555900000.0,737300000.0,751300000.0,201400000.0,549900000.0,6083900000.0,1484900000.0,2116800000.0,252300000.0,196800000.0,6.62
AVY,2022-01-01,8408300000.0,740100000.0,992600000.0,1046800000.0,255000000.0,791800000.0,7971600000.0,1924400000.0,3104700000.0,162700000.0,220600000.0,8.83
AVY,2022-12-31,9039300000.0,757100000.0,999300000.0,961000000.0,278100000.0,682900000.0,7950500000.0,2032200000.0,3102100000.0,167200000.0,238900000.0,9.21
AVY,2023-12-30,8364300000.0,503000000.0,694700000.0,826000000.0,265300000.0,560700000.0,8209800000.0,2127900000.0,3244300000.0,215000000.0,256700000.0,6.200000000000001
AVY,2024-12-28,8755700000.0,704900000.0,953500000.0,938800000.0,208800000.0,730000000.0,8404200000.0,2312300000.0,3152200000.0,329100000.0,277500000.0,8.73
AVY,2025-12-31,8855500000.0,688000000.0,925100000.0,881400000.0,169000000.0,712400000.0,8801700000.0,2242100000.0,3732900000.0,202800000.0,288400000.0,8.79
AWK,2020-12-31,3743000000.0,709000000.0,1248000000.0,1426000000.0,1822000000.0,-396000000.0,24766000000.0,6454000000.0,10611000000.0,547000000.0,389000000.0,3.91
AWK,2021-12-31,3914000000.0,1263000000.0,1196000000.0,1441000000.0,1764000000.0,-323000000.0,26075000000.0,7298000000.0,10925000000.0,116000000.0,428000000.0,6.949999999999999
AWK,2022-12-31,3763000000.0,820000000.0,1273000000.0,1108000000.0,2297000000.0,-1189000000.0,27787000000.0,7693000000.0,12101000000.0,85000000.0,467000000.0,4.51
AWK,2023-12-31,4217000000.0,944000000.0,1504000000.0,1874000000.0,2575000000.0,-701000000.0,30298000000.0,9797000000.0,11894000000.0,330000000.0,532000000.0,4.89
AWK,2024-12-31,4653000000.0,1051000000.0,1718000000.0,2045000000.0,2856000000.0,-811000000.0,32830000000.0,10332000000.0,13397000000.0,96000000.0,585000000.0,5.39
AWK,2025-12-31,5121000000.0,1111000000.0,1879000000.0,2059000000.0,3126000000.0,-1067000000.0,35442000000.0,10837000000.0,14365000000.0,98000000.0,633000000.0,5.69
AXON,2020-12-31,681003000.0,-1724000.0,-14150000.0,38481000.0,72629000.0,-34148000.0,1381023000.0,976255000.0,,155440000.0,,-0.029999999999999964
AXON,2021-12-31,865638000.0,-56339000.0,-163149000.0,124494000.0,49886000.0,74608000.0,1688210000.0,1050233000.0,,356332000.0,,-0.91
AXON,2022-12-31,1187143000.0,146930000.0,92973000.0,235361000.0,55802000.0,179559000.0,2851894000.0,1270666000.0,673967000.0,353684000.0,,2.03
AXON,2023-12-31,1560699000.0,175783000.0,156850000.0,189263000.0,59635000.0,129628000.0,3409174000.0,1615765000.0,677113000.0,598545000.0,,2.33
AXON,2024-12-31,2082526000.0,377034000.0,58540000.0,408312000.0,78785000.0,329527000.0,4474588000.0,2327665000.0,680289000.0,454844000.0,,4.8
AXON,2025-12-31,2779536000.0,124656000.0,-62076000.0,211339000.0,136258000.0,75081000.0,7000313000.0,3242658000.0,1810722000.0,1201147000.0,,1.51
AXP,2020-12-31,21974000000.0,3135000000.0,4296000000.0,5591000000.0,1478000000.0,4113000000.0,191000000000.0,22984000000.0,44830000000.0,32965000000.0,1474000000.0,3.76
AXP,2021-12-31,27716000000.0,8060000000.0,10689000000.0,14645000000.0,1550000000.0,13095000000.0,189000000000.0,22177000000.0,40918000000.0,21503000000.0,1448000000.0,10.02
AXP,2022-12-31,34219000000.0,7514000000.0,9585000000.0,21079000000.0,1855000000.0,19224000000.0,228354000000.0,24711000000.0,43921000000.0,33370000000.0,1565000000.0,9.85
AXP,2023-12-31,37218000000.0,8374000000.0,10513000000.0,18559000000.0,1563000000.0,16996000000.0,261108000000.0,28057000000.0,49159000000.0,46596000000.0,1780000000.0,11.21
AXP,2024-12-31,38825000000.0,10129000000.0,12895000000.0,14050000000.0,1911000000.0,12139000000.0,271461000000.0,30264000000.0,51089000000.0,40640000000.0,1999000000.0,14.01
AXP,2025-12-31,41304000000.0,10833000000.0,13795000000.0,18428000000.0,2425000000.0,16003000000.0,300052000000.0,33474000000.0,57758000000.0,47792000000.0,2271000000.0,15.38
AZO,2020-08-29,12631967000.0,1732972000.0,2417679000.0,2720108000.0,457736000.0,2262372000.0,14423872000.0,-877977000.0,5513371000.0,1750815000.0,,71.93
AZO,2021-08-28,14629585000.0,2170314000.0,2944527000.0,3518543000.0,621767000.0,2896776000.0,14516199000.0,-1797536000.0,5359752000.0,1171335000.0,,95.19
AZO,2022-08-27,16252230000.0,2429604000.0,3270729000.0,3211135000.0,672391000.0,2538744000.0,15275043000.0,-3538913000.0,6214969000.0,264380000.0,,117.19
AZO,2023-08-26,17457209000.0,2528426000.0,3473986000.0,2940788000.0,796657000.0,2144131000.0,15985878000.0,-4349894000.0,7755465000.0,277054000.0,,132.36
AZO,2024-08-31,18490268000.0,2662427000.0,3788708000.0,3004116000.0,1072696000.0,1931420000.0,17176538000.0,-4749614000.0,9139940000.0,298172000.0,,149.55
AZO,2025-08-30,18938717000.0,2498247000.0,3610156000.0,3117337000.0,1327257000.0,1790080000.0,19355324000.0,-3414313000.0,8911296000.0,271803000.0,,144.87
BA,2020-12-31,58158000000.0,-11873000000.0,-12767000000.0,-18410000000.0,1303000000.0,-19713000000.0,152136000000.0,-18316000000.0,63583000000.0,7752000000.0,1158000000.0,-20.75
BA,2021-12-31,62286000000.0,-4202000000.0,-2870000000.0,-3416000000.0,980000000.0,-4396000000.0,138552000000.0,-14999000000.0,58102000000.0,8052000000.0,,-7.15
BA,2022-12-31,66608000000.0,-4935000000.0,-3519000000.0,3512000000.0,1222000000.0,2290000000.0,137100000000.0,-15883000000.0,57001000000.0,14614000000.0,,-8.3
BA,2023-12-31,77794000000.0,-2222000000.0,-773000000.0,5960000000.0,1527000000.0,4433000000.0,137012000000.0,-17233000000.0,52307000000.0,12691000000.0,,-3.67
BA,2024-12-31,66517000000.0,-11817000000.0,-10707000000.0,-12080000000.0,2230000000.0,-14310000000.0,156363000000.0,-3908000000.0,53864000000.0,13801000000.0,,-18.36
BA,2025-12-31,89463000000.0,2235000000.0,4281000000.0,1065000000.0,2942000000.0,-1877000000.0,168235000000.0,5454000000.0,54098000000.0,10921000000.0,331000000.0,2.4799999999999995
BAC,2020-12-31,85528000000.0,17894000000.0,18995000000.0,37993000000.0,,,2819627000000.0,272924000000.0,282255000000.0,380463000000.0,,1.87
BAC,2021-12-31,89113000000.0,31978000000.0,33976000000.0,-7193000000.0,,,3169495000000.0,270066000000.0,303870000000.0,348221000000.0,,3.5699999999999994
BAC,2022-12-31,94950000000.0,27528000000.0,30969000000.0,-6327000000.0,,,3051375000000.0,273197000000.0,302914000000.0,230203000000.0,,3.1900000000000004
BAC,2023-12-31,102769000000.0,26305000000.0,32530000000.0,44982000000.0,,,3180151000000.0,290209000000.0,334302000000.0,333073000000.0,,3.05
BAC,2024-12-31,105856000000.0,26973000000.0,33223000000.0,-8805000000.0,,,3261299000000.0,293963000000.0,326670000000.0,290114000000.0,,3.19
BAC,2025-12-31,113097000000.0,30509000000.0,37695000000.0,12613000000.0,,,3411738000000.0,303243000000.0,365904000000.0,231845000000.0,,3.81
BALL,2020-12-31,11781000000.0,585000000.0,1003000000.0,1432000000.0,1113000000.0,319000000.0,18252000000.0,3275000000.0,7800000000.0,1366000000.0,198000000.0,1.76
BALL,2021-12-31,13811000000.0,878000000.0,1291000000.0,1760000000.0,1726000000.0,34000000.0,19714000000.0,3627000000.0,7737000000.0,563000000.0,229000000.0,2.65
BALL,2022-12-31,13372000000.0,719000000.0,1214000000.0,301000000.0,1651000000.0,-1350000000.0,19909000000.0,3461000000.0,8948000000.0,548000000.0,254000000.0,2.25
BALL,2023-12-31,12062000000.0,707000000.0,1273000000.0,1863000000.0,1045000000.0,818000000.0,19303000000.0,3769000000.0,8569000000.0,695000000.0,252000000.0,2.24
BALL,2024-12-31,11795000000.0,4008000000.0,535000000.0,115000000.0,484000000.0,-369000000.0,17628000000.0,5862000000.0,5673000000.0,885000000.0,244000000.0,12.66
BALL,2025-12-31,13161000000.0,912000000.0,1128000000.0,1262000000.0,474000000.0,788000000.0,19524000000.0,5421000000.0,7012000000.0,1212000000.0,220000000.0,3.3
BAX,2020-12-31,11673000000.0,1102000000.0,1616000000.0,1868000000.0,709000000.0,1159000000.0,20019000000.0,8689000000.0,5786000000.0,3730000000.0,473000000.0,2.14
BAX,2021-12-31,12146000000.0,1284000000.0,1350000000.0,2222000000.0,691000000.0,1531000000.0,33521000000.0,9077000000.0,17450000000.0,2951000000.0,530000000.0,2.53
BAX,2022-12-31,10057000000.0,-2433000000.0,-2845000000.0,1211000000.0,377000000.0,834000000.0,28287000000.0,5833000000.0,15531000000.0,1621000000.0,573000000.0,-4.83
BAX,2023-12-31,10360000000.0,2656000000.0,707000000.0,1726000000.0,432000000.0,1294000000.0,28276000000.0,8402000000.0,11089000000.0,3078000000.0,586000000.0,5.22
BAX,2024-12-31,10636000000.0,-649000000.0,14000000.0,1019000000.0,446000000.0,573000000.0,25782000000.0,6964000000.0,12500000000.0,1764000000.0,590000000.0,-1.27
BAX,2025-12-31,11244000000.0,-957000000.0,-308000000.0,845000000.0,513000000.0,332000000.0,20055000000.0,6129000000.0,9474000000.0,1966000000.0,348000000.0,-1.8699999999999999
BBY,2021-01-30,47262000000.0,1798000000.0,2391000000.0,4927000000.0,713000000.0,4214000000.0,19067000000.0,4587000000.0,1267000000.0,5494000000.0,568000000.0,6.84
BBY,2022-01-29,51761000000.0,2454000000.0,3039000000.0,3252000000.0,737000000.0,2515000000.0,17504000000.0,3020000000.0,1229000000.0,2936000000.0,688000000.0,9.84
BBY,2023-01-28,46298000000.0,1419000000.0,1795000000.0,1824000000.0,930000000.0,894000000.0,15803000000.0,2795000000.0,1176000000.0,1874000000.0,789000000.0,6.289999999999999
BBY,2024-02-03,43452000000.0,1241000000.0,1574000000.0,1470000000.0,795000000.0,675000000.0,14967000000.0,3053000000.0,1165000000.0,1447000000.0,801000000.0,5.68
BBY,2025-02-01,41528000000.0,927000000.0,1262000000.0,2098000000.0,706000000.0,1392000000.0,14782000000.0,2808000000.0,1154000000.0,1578000000.0,807000000.0,4.28
BBY,2026-01-31,41691000000.0,1069000000.0,1389000000.0,1962000000.0,704000000.0,1258000000.0,14670000000.0,2964000000.0,1176000000.0,1738000000.0,801000000.0,5.04
BDX,2020-09-30,16074000000.0,874000000.0,912000000.0,3539000000.0,769000000.0,2770000000.0,54012000000.0,23765000000.0,17931000000.0,2825000000.0,1026000000.0,2.0938794293603316
BDX,2021-09-30,19131000000.0,2092000000.0,2250000000.0,4647000000.0,1194000000.0,3453000000.0,53866000000.0,23677000000.0,17610000000.0,2283000000.0,1048000000.0,5.385220125786164
BDX,2022-09-30,18870000000.0,1779000000.0,2282000000.0,2471000000.0,973000000.0,1498000000.0,52934000000.0,25282000000.0,16065000000.0,1006000000.0,1082000000.0,4.622641509433962
BDX,2023-09-30,19372000000.0,1484000000.0,2111000000.0,2990000000.0,874000000.0,2116000000.0,52780000000.0,25796000000.0,15879000000.0,1416000000.0,1114000000.0,3.883647798742139
BDX,2024-09-30,20178000000.0,1705000000.0,2397000000.0,3844000000.0,725000000.0,3119000000.0,57286000000.0,25890000000.0,20110000000.0,1717000000.0,1100000000.0,4.6069182389937104
BDX,2025-09-30,21840000000.0,1678000000.0,2579000000.0,3430000000.0,760000000.0,2670000000.0,55325000000.0,25390000000.0,19179000000.0,567000000.0,1196000000.0,4.5754716981132075
BEN,2020-09-30,5566500000.0,798900000.0,1048900000.0,1083300000.0,103700000.0,979600000.0,21684500000.0,10114500000.0,3017100000.0,3989800000.0,533200000.0,1.59
BEN,2021-09-30,8425500000.0,1831200000.0,1875000000.0,1245400000.0,79300000.0,1166100000.0,24168400000.0,11223400000.0,3399400000.0,4647200000.0,559700000.0,3.57
BEN,2022-09-30,8275300000.0,1291900000.0,1773900000.0,1956700000.0,90300000.0,1866400000.0,28060600000.0,11474600000.0,3376400000.0,4782500000.0,583100000.0,2.53
BEN,2023-09-30,7849400000.0,882800000.0,1102300000.0,1089200000.0,148800000.0,940400000.0,30121200000.0,11916900000.0,3052800000.0,4402400000.0,607300000.0,1.7199999999999998
BEN,2024-09-30,8478000000.0,464800000.0,407600000.0,971300000.0,177100000.0,794200000.0,32464500000.0,12508100000.0,2780300000.0,4408900000.0,656400000.0,0.85
BEN,2025-09-30,8770700000.0,524900000.0,604100000.0,1066100000.0,154500000.0,911600000.0,32368300000.0,12077800000.0,2362000000.0,3573900000.0,683700000.0,0.91
BF-B,2021-04-30,3461000000.0,903000000.0,1166000000.0,817000000.0,62000000.0,755000000.0,6522000000.0,2656000000.0,2354000000.0,1150000000.0,338000000.0,1.88
BF-B,2022-04-30,3933000000.0,838000000.0,1204000000.0,936000000.0,138000000.0,798000000.0,6373000000.0,2737000000.0,2269000000.0,868000000.0,831000000.0,1.7399999999999998
BF-B,2023-04-30,4228000000.0,783000000.0,1127000000.0,640000000.0,183000000.0,457000000.0,7777000000.0,3268000000.0,2678000000.0,374000000.0,378000000.0,1.63
BF-B,2024-04-30,4178000000.0,1024000000.0,1414000000.0,647000000.0,228000000.0,419000000.0,8166000000.0,3517000000.0,2672000000.0,446000000.0,404000000.0,2.14
BF-B,2025-04-30,3975000000.0,869000000.0,1107000000.0,598000000.0,167000000.0,431000000.0,8086000000.0,3993000000.0,2421000000.0,444000000.0,420000000.0,1.84
BF-B,2026-04-30,3928000000.0,715000000.0,1001000000.0,1000000000.0,107000000.0,893000000.0,7894000000.0,4020000000.0,2434000000.0,308000000.0,427000000.0,1.53
BG,2021-12-31,16811000000.0,2078000000.0,2565000000.0,-2894000000.0,399000000.0,-3293000000.0,23819000000.0,7825000000.0,,902000000.0,289000000.0,
BG,2022-12-31,21074000000.0,1610000000.0,2066000000.0,-5549000000.0,555000000.0,-6104000000.0,24580000000.0,9224000000.0,4105000000.0,1104000000.0,349000000.0,10.520000000000001
BG,2023-12-31,17831000000.0,2243000000.0,3051000000.0,3308000000.0,1122000000.0,2186000000.0,25372000000.0,10851000000.0,4882000000.0,2602000000.0,383000000.0,14.89
BG,2024-12-31,15550000000.0,1137000000.0,1524000000.0,1900000000.0,1376000000.0,524000000.0,24899000000.0,9913000000.0,6238000000.0,3311000000.0,378000000.0,8.08
BG,2025-12-31,16944000000.0,816000000.0,1134000000.0,844000000.0,1723000000.0,-879000000.0,44528000000.0,15904000000.0,14051000000.0,1135000000.0,459000000.0,5.42
BIIB,2020-12-31,13444600000.0,4000600000.0,4550100000.0,4229800000.0,424800000.0,3805000000.0,24618900000.0,10700300000.0,7426200000.0,1331200000.0,,24.45
BIIB,2021-12-31,10981700000.0,1556000000.0,2840700000.0,3639900000.0,258100000.0,3381800000.0,23877300000.0,10896200000.0,7273100000.0,2261400000.0,,10.4
BIIB,2022-12-31,10173400000.0,3047000000.0,3591800000.0,1384300000.0,240300000.0,1144000000.0,24554100000.0,13397900000.0,6281000000.0,3419300000.0,,20.87
BIIB,2023-12-31,9835600000.0,1161000000.0,1296800000.0,1547200000.0,277000000.0,1270200000.0,26844800000.0,14799400000.0,6938200000.0,1049900000.0,,7.97
BIIB,2024-12-31,9675900000.0,1632000000.0,1906000000.0,2875500000.0,153700000.0,2721800000.0,28049300000.0,16716000000.0,6295800000.0,2375000000.0,,11.18
BIIB,2025-12-31,9890600000.0,1293000000.0,1556500000.0,2204600000.0,153800000.0,2050800000.0,29439500000.0,18256800000.0,6286800000.0,3008500000.0,,8.79
BKNG,2020-12-31,6796000000.0,59000000.0,-631000000.0,85000000.0,286000000.0,-201000000.0,21874000000.0,4893000000.0,12014000000.0,10562000000.0,,0.05759999999999997
BKNG,2021-12-31,10958000000.0,1165000000.0,2496000000.0,2820000000.0,304000000.0,2516000000.0,23641000000.0,6178000000.0,10926000000.0,11127000000.0,,1.1268
BKNG,2022-12-31,17090000000.0,3058000000.0,5102000000.0,6554000000.0,368000000.0,6186000000.0,25361000000.0,2782000000.0,12485000000.0,12221000000.0,0.0,3.054
BKNG,2023-12-31,21365000000.0,4289000000.0,5835000000.0,7344000000.0,345000000.0,6999000000.0,24342000000.0,-2744000000.0,14184000000.0,12107000000.0,0.0,4.696000000000001
BKNG,2024-12-31,23739000000.0,5882000000.0,7555000000.0,8323000000.0,429000000.0,7894000000.0,27708000000.0,-4020000000.0,16598000000.0,16164000000.0,1174000000.0,6.9075999999999995
BKNG,2025-12-31,26917000000.0,5404000000.0,8825000000.0,9409000000.0,322000000.0,9087000000.0,29264000000.0,-5578000000.0,18736000000.0,17203000000.0,1248000000.0,6.6228
BKR,2020-12-31,20705000000.0,-9940000000.0,-15978000000.0,1304000000.0,974000000.0,330000000.0,38007000000.0,12893000000.0,7633000000.0,4132000000.0,488000000.0,-10.013357143484813
BKR,2021-12-31,20502000000.0,-219000000.0,1310000000.0,2374000000.0,856000000.0,1518000000.0,35308000000.0,14830000000.0,6727000000.0,3853000000.0,592000000.0,-0.22061621875484647
BKR,2022-12-31,21156000000.0,-601000000.0,1185000000.0,1888000000.0,989000000.0,899000000.0,34181000000.0,14394000000.0,6657000000.0,2488000000.0,726000000.0,-0.6054353765829349
BKR,2023-12-31,25506000000.0,1943000000.0,2317000000.0,3062000000.0,1224000000.0,1838000000.0,36945000000.0,15368000000.0,6020000000.0,2646000000.0,786000000.0,1.957339328952816
BKR,2024-12-31,27829000000.0,2979000000.0,3081000000.0,3332000000.0,1278000000.0,2054000000.0,38363000000.0,16895000000.0,6023000000.0,3364000000.0,836000000.0,3.0009850030625005
BKR,2025-12-31,27733000000.0,2588000000.0,2877000000.0,3810000000.0,1273000000.0,2537000000.0,40881000000.0,18834000000.0,6087000000.0,3715000000.0,910000000.0,2.607099425285583
BLDR,2020-12-31,8558874000.0,313537000.0,543854000.0,260067000.0,112082000.0,147985000.0,4173671000.0,1152783000.0,1609083000.0,423806000.0,,2.65
BLDR,2021-12-31,19893856000.0,1725416000.0,2387424000.0,1743549000.0,227891000.0,1515658000.0,10714343000.0,4802481000.0,2979281000.0,42603000.0,,8.48
BLDR,2022-12-31,22726418000.0,2749369000.0,3770206000.0,3599231000.0,340152000.0,3259079000.0,10595160000.0,4962566000.0,2979964000.0,80445000.0,,16.82
BLDR,2023-12-31,17097330000.0,1540555000.0,2176319000.0,2306872000.0,476335000.0,1830537000.0,10499452000.0,4732351000.0,3178595000.0,66156000.0,,11.94
BLDR,2024-12-31,16400492000.0,1077898000.0,1595249000.0,1872692000.0,380569000.0,1492123000.0,10583086000.0,4296470000.0,3701113000.0,153624000.0,,9.06
BLDR,2025-12-31,15190638000.0,435199000.0,786276000.0,1215886000.0,362602000.0,853284000.0,11237530000.0,4352251000.0,4427452000.0,181753000.0,,3.89
BLK,2022-12-31,17873000000.0,5178000000.0,6385000000.0,4956000000.0,533000000.0,4423000000.0,,37876000000.0,,7433000000.0,2990000000.0,
BLK,2023-12-31,17859000000.0,5502000000.0,6275000000.0,4165000000.0,344000000.0,3821000000.0,123211000000.0,39347000000.0,7918000000.0,8736000000.0,3035000000.0,
BLK,2024-12-31,20407000000.0,6369000000.0,7574000000.0,4956000000.0,255000000.0,4701000000.0,138615000000.0,47495000000.0,12314000000.0,12762000000.0,3101000000.0,42.01
BLK,2025-12-31,24216000000.0,5553000000.0,7045000000.0,3927000000.0,375000000.0,3552000000.0,169998000000.0,55888000000.0,12768000000.0,11468000000.0,,35.31
BMY,2020-12-31,42518000000.0,-9015000000.0,-6871000000.0,14052000000.0,753000000.0,13299000000.0,118481000000.0,37822000000.0,50676000000.0,14546000000.0,4075000000.0,-4.010000000000001
BMY,2021-12-31,46385000000.0,6994000000.0,8098000000.0,16207000000.0,973000000.0,15234000000.0,109314000000.0,35946000000.0,44553000000.0,13979000000.0,4396000000.0,3.12
BMY,2022-12-31,46159000000.0,6327000000.0,7713000000.0,13066000000.0,1118000000.0,11948000000.0,96820000000.0,31061000000.0,39320000000.0,9123000000.0,4634000000.0,2.95
BMY,2023-12-31,45006000000.0,8025000000.0,8440000000.0,13860000000.0,1209000000.0,12651000000.0,95159000000.0,29430000000.0,39772000000.0,11464000000.0,4744000000.0,3.86
BMY,2024-12-31,48300000000.0,-8948000000.0,-8379000000.0,15190000000.0,1248000000.0,13942000000.0,92603000000.0,16335000000.0,49649000000.0,10346000000.0,4863000000.0,-4.41
BMY,2025-12-31,48194000000.0,7054000000.0,9328000000.0,14156000000.0,1311000000.0,12845000000.0,90038000000.0,18473000000.0,45111000000.0,10209000000.0,5045000000.0,3.46
BNY,2020-12-31,15808000000.0,3617000000.0,,5038000000.0,1222000000.0,3816000000.0,469633000000.0,45801000000.0,25984000000.0,6252000000.0,1117000000.0,3.83
BNY,2021-12-31,15931000000.0,3759000000.0,,2838000000.0,1215000000.0,1623000000.0,444438000000.0,43034000000.0,25931000000.0,6061000000.0,1126000000.0,4.15
BNY,2022-12-31,16529000000.0,2556000000.0,,15068000000.0,1346000000.0,13722000000.0,405560000000.0,40734000000.0,30458000000.0,5030000000.0,1165000000.0,2.9
BNY,2023-12-31,17697000000.0,3302000000.0,,5912000000.0,1220000000.0,4692000000.0,409877000000.0,40770000000.0,31257000000.0,4922000000.0,1262000000.0,3.88
BNY,2024-12-31,18619000000.0,4530000000.0,,687000000.0,1469000000.0,-782000000.0,416064000000.0,41318000000.0,31155000000.0,4178000000.0,1348000000.0,5.8100000000000005
BNY,2025-12-31,20080000000.0,5549000000.0,,6730000000.0,1553000000.0,5177000000.0,472300000000.0,44313000000.0,33876000000.0,5111000000.0,1447000000.0,7.4
BR,2021-06-30,4993700000.0,547500000.0,678700000.0,640100000.0,51900000.0,588200000.0,8119800000.0,1809100000.0,3887600000.0,274500000.0,261700000.0,4.640000000000001
BR,2022-06-30,5709100000.0,539100000.0,759900000.0,443500000.0,29000000.0,414500000.0,8168800000.0,1919100000.0,3793000000.0,224700000.0,290700000.0,4.55
BR,2023-06-30,6060900000.0,630600000.0,936400000.0,823300000.0,38400000.0,784900000.0,8233200000.0,2240600000.0,3413200000.0,252300000.0,331000000.0,5.3
BR,2024-06-30,6506800000.0,698100000.0,1017100000.0,1056200000.0,57400000.0,998800000.0,8242400000.0,2168200000.0,3355100000.0,304400000.0,368200000.0,5.86
BR,2025-06-30,6889100000.0,839500000.0,1188600000.0,1171300000.0,43800000.0,1127500000.0,8545000000.0,2655100000.0,3252300000.0,561500000.0,402300000.0,7.1
BR,2026-06-30,7476800000.0,1124300000.0,1300600000.0,1345600000.0,67200000.0,1278400000.0,8945300000.0,2840500000.0,3254600000.0,402900000.0,443500000.0,9.6
BRK-B,2020-12-31,166733000000.0,42521000000.0,55693000000.0,39773000000.0,13012000000.0,26761000000.0,873729000000.0,443164000000.0,,48396000000.0,,19.86303800691632
BRK-B,2021-12-31,191252000000.0,89937000000.0,111861000000.0,39427000000.0,13276000000.0,26151000000.0,959388000000.0,506199000000.0,,88706000000.0,,42.012700764987486
BRK-B,2022-12-31,207771000000.0,-22759000000.0,-30500000000.0,37350000000.0,15464000000.0,21886000000.0,948465000000.0,473424000000.0,,36399000000.0,,-10.631520472223336
BRK-B,2023-12-31,254906000000.0,96223000000.0,120166000000.0,49196000000.0,19409000000.0,29787000000.0,1069978000000.0,561273000000.0,,38643000000.0,,44.949109995990426
BRK-B,2024-12-31,249714000000.0,88995000000.0,110376000000.0,30592000000.0,18976000000.0,11616000000.0,1153881000000.0,649368000000.0,,48376000000.0,,41.5726598016396
BRK-B,2025-12-31,247244000000.0,66968000000.0,82459000000.0,45969000000.0,20927000000.0,25042000000.0,1222176000000.0,717419000000.0,,52569000000.0,,31.283081988833093
BRO,2020-12-31,2613400000.0,480500000.0,624100000.0,713000000.0,70700000.0,642300000.0,8966500000.0,3754400000.0,2095906000.0,656200000.0,100600000.0,1.69
BRO,2021-12-31,3051400000.0,587100000.0,762800000.0,808800000.0,45000000.0,763800000.0,9795400000.0,4196900000.0,2022900000.0,693200000.0,107200000.0,2.07
BRO,2022-12-31,3573000000.0,672000000.0,876000000.0,881000000.0,52000000.0,829000000.0,13973500000.0,4606600000.0,3942100000.0,650000000.0,120000000.0,2.37
BRO,2023-12-31,4257000000.0,871000000.0,1146000000.0,1010000000.0,69000000.0,941000000.0,14883000000.0,5578800000.0,3796000000.0,700000000.0,135000000.0,3.05
BRO,2024-12-31,4805000000.0,993000000.0,1303000000.0,1174000000.0,82000000.0,1092000000.0,17612000000.0,6437000000.0,3824000000.0,675000000.0,154000000.0,3.46
BRO,2025-12-31,5902000000.0,1054000000.0,1371000000.0,1450000000.0,68000000.0,1382000000.0,29991000000.0,12573000000.0,7613000000.0,1079000000.0,193000000.0,3.16
BSX,2020-12-31,9913000000.0,-115000000.0,-80000000.0,1508000000.0,376000000.0,1132000000.0,30777000000.0,15326000000.0,9143000000.0,1734000000.0,28000000.0,-0.07999999999999999
BSX,2021-12-31,11888000000.0,985000000.0,1199000000.0,1870000000.0,554000000.0,1316000000.0,32229000000.0,16622000000.0,9065000000.0,1925000000.0,55000000.0,0.69
BSX,2022-12-31,12682000000.0,642000000.0,1649000000.0,1526000000.0,588000000.0,938000000.0,32469000000.0,17573000000.0,8935000000.0,928000000.0,55000000.0,0.45000000000000007
BSX,2023-12-31,14240000000.0,1570000000.0,2343000000.0,2503000000.0,711000000.0,1792000000.0,35136000000.0,19282000000.0,9102000000.0,865000000.0,28000000.0,1.07
BSX,2024-12-31,16747000000.0,1853000000.0,2603000000.0,3435000000.0,790000000.0,2645000000.0,39395000000.0,21770000000.0,10746000000.0,414000000.0,0.0,1.25
BSX,2025-12-31,20074000000.0,2898000000.0,3613000000.0,4534000000.0,876000000.0,3658000000.0,43673000000.0,24233000000.0,11436000000.0,1965000000.0,,1.94
BX,2020-12-31,6101927000.0,1045363000.0,2617520000.0,1935945000.0,111650000.0,1824295000.0,26269252000.0,6652043000.0,5732499000.0,1999484000.0,2385576000.0,1.5
BX,2021-12-31,22577148000.0,5857397000.0,13559396000.0,3985988000.0,64316000.0,3921672000.0,41196408000.0,9422893000.0,7855601000.0,2119738000.0,4602574000.0,8.13
BX,2022-12-31,8517673000.0,1747631000.0,3461789000.0,6336253000.0,235497000.0,6100756000.0,42524227000.0,7655911000.0,12491000000.0,4252003000.0,6518785000.0,2.36
BX,2023-12-31,8022841000.0,1390880000.0,2957714000.0,4056906000.0,224231000.0,3832675000.0,40287530000.0,6816798000.0,11605882000.0,2955866000.0,4268447000.0,1.84
BX,2024-12-31,13229968000.0,2776508000.0,6459480000.0,3481662000.0,61409000.0,3420253000.0,43469875000.0,8212321000.0,11460168000.0,1972140000.0,4424183000.0,3.62
BX,2025-12-31,14450265000.0,3019214000.0,7171646000.0,4663161000.0,115703000.0,4547458000.0,47708975000.0,8665526000.0,12576587000.0,2631241000.0,6013385000.0,3.87
BXP,2020-12-31,2765686000.0,872727000.0,,1156840000.0,160126000.0,996714000.0,22858190000.0,5996083000.0,2931986000.0,1668742000.0,688904000.0,5.54
BXP,2021-12-31,2888621000.0,496200000.0,,1133227000.0,150998000.0,982229000.0,22365258000.0,5834020000.0,3300000000.0,452692000.0,683753000.0,3.17
BXP,2022-12-31,3108581000.0,848900000.0,,1282399000.0,177004000.0,1105395000.0,24207669000.0,6132919000.0,249335000.0,690333000.0,685019000.0,5.4
BXP,2023-12-31,3273569000.0,190200000.0,,1301520000.0,171424000.0,1130096000.0,26026149000.0,5876697000.0,0.0,1531477000.0,687809000.0,1.21
BXP,2024-12-31,3407719000.0,14300000.0,,1234501000.0,189667000.0,1044834000.0,26084980000.0,5413306000.0,500000000.0,1254882000.0,689870000.0,0.09000000000000008
BXP,2025-12-31,3482279000.0,276800000.0,,1245157000.0,216687000.0,1028470000.0,26166164000.0,5147190000.0,750000000.0,1478206000.0,643107000.0,1.7400000000000002
C,2020-12-31,75501000000.0,11047000000.0,13632000000.0,-23488000000.0,3446000000.0,-26934000000.0,2260000000000.0,199442000000.0,301200000000.0,309615000000.0,5352000000.0,4.72
C,2021-12-31,71884000000.0,21952000000.0,27469000000.0,47090000000.0,4119000000.0,42971000000.0,2291000000000.0,201972000000.0,282347000000.0,262033000000.0,5198000000.0,10.08
C,2022-12-31,75338000000.0,14845000000.0,18807000000.0,25069000000.0,5632000000.0,19437000000.0,2417000000000.0,201189000000.0,318702000000.0,342025000000.0,5003000000.0,7.0
C,2023-12-31,78066000000.0,9228000000.0,12910000000.0,-73416000000.0,6583000000.0,-79999000000.0,2412000000000.0,205453000000.0,324076000000.0,260932000000.0,5212000000.0,4.039999999999999
C,2024-12-31,80722000000.0,12682000000.0,17046000000.0,-19669000000.0,6500000000.0,-26169000000.0,2352945000000.0,208598000000.0,335805000000.0,276532000000.0,5199000000.0,5.94
C,2025-12-31,85225000000.0,14306000000.0,19828000000.0,-67632000000.0,6520000000.0,-74152000000.0,2657202000000.0,212291000000.0,367705000000.0,349579000000.0,5372000000.0,6.99
CAH,2021-06-30,162467000000.0,611000000.0,472000000.0,2429000000.0,400000000.0,2029000000.0,44453000000.0,1791000000.0,5384000000.0,3407000000.0,573000000.0,2.08
CAH,2022-06-30,181326000000.0,-938000000.0,-607000000.0,3175000000.0,387000000.0,2788000000.0,43878000000.0,-709000000.0,4758000000.0,4717000000.0,559000000.0,-3.37
CAH,2023-06-30,204979000000.0,330000000.0,752000000.0,2844000000.0,481000000.0,2363000000.0,43349000000.0,-2958000000.0,3936000000.0,4076000000.0,525000000.0,1.26
CAH,2024-06-30,226827000000.0,852000000.0,1243000000.0,3762000000.0,511000000.0,3251000000.0,45121000000.0,-3213000000.0,4691000000.0,5133000000.0,499000000.0,3.45
CAH,2025-06-30,222578000000.0,1561000000.0,2275000000.0,2397000000.0,547000000.0,1850000000.0,53122000000.0,-2781000000.0,8021000000.0,3874000000.0,494000000.0,6.45
CAH,2026-06-30,254248000000.0,1714000000.0,2613000000.0,5174000000.0,649000000.0,4525000000.0,57299000000.0,-2883000000.0,7049000000.0,4856000000.0,491000000.0,
CARR,2020-12-31,17456000000.0,1982000000.0,3083000000.0,1692000000.0,312000000.0,1380000000.0,25093000000.0,6578000000.0,10227000000.0,3115000000.0,138000000.0,2.25
CARR,2021-12-31,20613000000.0,1664000000.0,2645000000.0,2237000000.0,344000000.0,1893000000.0,26172000000.0,7094000000.0,9696000000.0,2987000000.0,417000000.0,1.87
CARR,2022-12-31,17288000000.0,3534000000.0,3984000000.0,1743000000.0,317000000.0,1426000000.0,26086000000.0,8076000000.0,8842000000.0,3298000000.0,509000000.0,4.1
CARR,2023-12-31,18951000000.0,1349000000.0,2160000000.0,2607000000.0,439000000.0,2168000000.0,32822000000.0,9005000000.0,14293000000.0,9852000000.0,620000000.0,1.58
CARR,2024-12-31,22486000000.0,5604000000.0,2646000000.0,563000000.0,519000000.0,44000000.0,37403000000.0,14395000000.0,12362000000.0,3969000000.0,670000000.0,3.28
CARR,2025-12-31,21747000000.0,1484000000.0,2172000000.0,2513000000.0,392000000.0,2121000000.0,37190000000.0,14128000000.0,11833000000.0,1555000000.0,772000000.0,1.7200000000000002
CASY,2021-04-30,8707189000.0,312900000.0,,804088000.0,441252000.0,362836000.0,4460314000.0,1932679000.0,1363749000.0,336545000.0,47971000.0,8.38
CASY,2022-04-30,12952594000.0,339790000.0,,788741000.0,326475000.0,462266000.0,5505730000.0,2240838000.0,1687869000.0,158878000.0,51212000.0,9.1
CASY,2023-04-30,15094475000.0,446691000.0,,881951000.0,476568000.0,405383000.0,5943270000.0,2660666000.0,1673374000.0,378869000.0,55617000.0,11.91
CASY,2024-04-30,14862913000.0,501972000.0,,892953000.0,522004000.0,370949000.0,6347433000.0,3015381000.0,1635939000.0,206482000.0,62918000.0,13.43
CASY,2025-04-30,15940899000.0,546520000.0,,1090854000.0,506224000.0,584630000.0,8208118000.0,3508670000.0,2508545000.0,326662000.0,72309000.0,14.64
CASY,2026-04-30,17561101000.0,714448000.0,,1377540000.0,655920000.0,721620000.0,8936055000.0,3951719000.0,2431594000.0,522991000.0,83136000.0,19.16
CAT,2020-12-31,41748000000.0,2998000000.0,4553000000.0,6327000000.0,978000000.0,5349000000.0,78324000000.0,15378000000.0,28014000000.0,9352000000.0,2243000000.0,5.46
CAT,2021-12-31,50971000000.0,6489000000.0,6878000000.0,7198000000.0,1093000000.0,6105000000.0,82793000000.0,16516000000.0,31437000000.0,9254000000.0,2332000000.0,11.83
CAT,2022-12-31,59427000000.0,6705000000.0,7904000000.0,7766000000.0,1296000000.0,6470000000.0,81943000000.0,15891000000.0,31671000000.0,7004000000.0,2440000000.0,12.64
CAT,2023-12-31,67060000000.0,10335000000.0,12966000000.0,12885000000.0,1597000000.0,11288000000.0,87476000000.0,19503000000.0,29115000000.0,6978000000.0,2563000000.0,20.12
CAT,2024-12-31,64809000000.0,10792000000.0,13072000000.0,12035000000.0,1988000000.0,10047000000.0,87764000000.0,19494000000.0,31744000000.0,6889000000.0,2646000000.0,22.05
CAT,2025-12-31,67589000000.0,8884000000.0,11151000000.0,11739000000.0,2821000000.0,8918000000.0,98585000000.0,21318000000.0,36210000000.0,9980000000.0,2749000000.0,18.81
CB,2020-12-31,35994000000.0,3533000000.0,4162000000.0,9785000000.0,,,190774000000.0,59441000000.0,14948000000.0,1747000000.0,1388000000.0,7.79
CB,2021-12-31,40869000000.0,8525000000.0,9794000000.0,11151000000.0,,,200054000000.0,58328000000.0,16168000000.0,1659000000.0,1401000000.0,19.24
CB,2022-12-31,43097000000.0,5246000000.0,6485000000.0,11258000000.0,,,199017000000.0,50519000000.0,14877000000.0,2012000000.0,1375000000.0,12.39
CB,2023-12-31,49735000000.0,9028000000.0,9526000000.0,12632000000.0,,,230682000000.0,59507000000.0,14495000000.0,2621000000.0,1394000000.0,21.8
CB,2024-12-31,55753000000.0,9272000000.0,11455000000.0,16182000000.0,,,246548000000.0,64021000000.0,15179000000.0,2549000000.0,1436000000.0,22.7
CB,2025-12-31,59402000000.0,10310000000.0,13044000000.0,12816000000.0,,,272327000000.0,73757000000.0,17227000000.0,2470000000.0,1505000000.0,25.68
CBOE,2020-12-31,3427100000.0,468200000.0,662200000.0,1458800000.0,47400000.0,1411400000.0,6516500000.0,3348900000.0,1203900000.0,245400000.0,170600000.0,4.27
CBOE,2021-12-31,3494800000.0,529000000.0,805900000.0,596800000.0,51000000.0,545800000.0,6814500000.0,3604800000.0,1299300000.0,341900000.0,193300000.0,4.92
CBOE,2022-12-31,3958500000.0,234100000.0,489600000.0,651100000.0,59800000.0,591300000.0,6998900000.0,3465300000.0,1742000000.0,432700000.0,209400000.0,2.19
CBOE,2023-12-31,3773500000.0,761400000.0,1057900000.0,1075600000.0,45000000.0,1030600000.0,7487500000.0,3985000000.0,1439200000.0,543200000.0,223500000.0,7.129999999999999
CBOE,2024-12-31,4094500000.0,764900000.0,1098400000.0,1100600000.0,60900000.0,1039700000.0,7789100000.0,4279600000.0,1441000000.0,920300000.0,249400000.0,7.210000000000001
CBOE,2025-12-31,4714200000.0,1100000000.0,1467100000.0,1752600000.0,71000000.0,1681600000.0,9305300000.0,5138300000.0,1442900000.0,2216500000.0,284300000.0,10.42
CBRE,2020-12-31,23170119000.0,751989000.0,969759000.0,1830779000.0,266575000.0,1564204000.0,18039143000.0,7078326000.0,1381716000.0,1896188000.0,,2.23
CBRE,2021-12-31,26950000000.0,1837000000.0,1637000000.0,2364000000.0,209851000.0,2154149000.0,22073491000.0,8528193000.0,2848242000.0,2430951000.0,,5.41
CBRE,2022-12-31,30174000000.0,1407000000.0,1512000000.0,1629000000.0,260140000.0,1368860000.0,20513000000.0,7853000000.0,1754754000.0,1318000000.0,,4.29
CBRE,2023-12-31,31505000000.0,986000000.0,1117000000.0,480000000.0,305000000.0,175000000.0,22548000000.0,8267000000.0,2813000000.0,1265000000.0,,3.15
CBRE,2024-12-31,35181000000.0,968000000.0,1413000000.0,1708000000.0,307000000.0,1401000000.0,24383000000.0,8411000000.0,3281000000.0,1114000000.0,,3.14
CBRE,2025-12-31,39900000000.0,1157000000.0,1753000000.0,1559000000.0,366000000.0,1193000000.0,30877000000.0,8878000000.0,5121000000.0,1864000000.0,,3.8500000000000005
CCI,2020-12-31,520000000.0,999000000.0,1863000000.0,3055000000.0,1624000000.0,1431000000.0,38768000000.0,9461000000.0,19280000000.0,232000000.0,2105000000.0,2.35
CCI,2021-12-31,621000000.0,1096000000.0,2001000000.0,2789000000.0,1229000000.0,1560000000.0,39040000000.0,8258000000.0,20629000000.0,292000000.0,2373000000.0,2.53
CCI,2022-12-31,697000000.0,1675000000.0,2425000000.0,2878000000.0,1310000000.0,1568000000.0,38921000000.0,7449000000.0,21729000000.0,156000000.0,-2602000000.0,3.8599999999999994
CCI,2023-12-31,421000000.0,1502000000.0,2097000000.0,3126000000.0,243000000.0,2883000000.0,38527000000.0,6381000000.0,22921000000.0,105000000.0,-2723000000.0,3.46
CCI,2024-12-31,192000000.0,-3903000000.0,2118000000.0,2943000000.0,176000000.0,2767000000.0,32736000000.0,-133000000.0,24054000000.0,100000000.0,-2729000000.0,-8.98
CCI,2025-12-31,215000000.0,444000000.0,2075000000.0,3057000000.0,182000000.0,2875000000.0,31518000000.0,-1635000000.0,24337000000.0,99000000.0,-2080000000.0,1.01
CCL,2020-11-30,5595000000.0,-10236000000.0,-8865000000.0,-6301000000.0,3620000000.0,-9921000000.0,53593000000.0,20555000000.0,23872000000.0,9513000000.0,689000000.0,-13.2
CCL,2021-11-30,1908000000.0,-9501000000.0,-7089000000.0,-4109000000.0,3607000000.0,-7716000000.0,53344000000.0,12144000000.0,30436000000.0,8939000000.0,0.0,-8.46
CCL,2022-11-30,12168000000.0,-6093000000.0,-4379000000.0,-1670000000.0,4940000000.0,-6610000000.0,51703000000.0,7065000000.0,34346000000.0,4029000000.0,0.0,-5.16
CCL,2023-11-30,21593000000.0,-74000000.0,1956000000.0,4281000000.0,3284000000.0,997000000.0,49120000000.0,6882000000.0,30572000000.0,2415000000.0,,-0.06
CCL,2024-11-30,25021000000.0,1916000000.0,3574000000.0,5923000000.0,4626000000.0,1297000000.0,49057000000.0,9251000000.0,27474000000.0,1210000000.0,,1.44
CCL,2025-11-30,26622000000.0,2760000000.0,4483000000.0,6218000000.0,3611000000.0,2607000000.0,51687000000.0,12270000000.0,26640000000.0,1928000000.0,,2.02
CDNS,2021-01-02,2682891000.0,590644000.0,645552000.0,904922000.0,94813000.0,810109000.0,3950785000.0,2493018000.0,0.0,928432000.0,,2.11
CDNS,2022-01-01,2988244000.0,695955000.0,779089000.0,1100958000.0,65298000.0,1035660000.0,4386299000.0,2740675000.0,0.0,1088940000.0,,2.5
CDNS,2022-12-31,3561718000.0,848952000.0,1073686000.0,1241894000.0,123215000.0,1118679000.0,5137071000.0,2745113000.0,100000000.0,882325000.0,,3.09
CDNS,2023-12-31,4089986000.0,1041144000.0,1251225000.0,1349176000.0,102337000.0,1246839000.0,5669491000.0,3404271000.0,0.0,1008152000.0,,3.8200000000000003
CDNS,2024-12-31,4641264000.0,1055484000.0,1350763000.0,1260551000.0,142542000.0,1118009000.0,8974482000.0,4673578000.0,,2644030000.0,,3.85
CDNS,2025-12-31,5296759000.0,1108888000.0,1492042000.0,1728781000.0,141871000.0,1586910000.0,10153148000.0,5474181000.0,0.0,3001317000.0,,4.06
CDW,2020-12-31,18467500000.0,788500000.0,1179200000.0,1314300000.0,158000000.0,1156300000.0,9344700000.0,1297100000.0,3927200000.0,1410200000.0,219600000.0,5.45
CDW,2021-12-31,20820800000.0,988600000.0,1419000000.0,784600000.0,100000000.0,684600000.0,13199400000.0,705700000.0,6858500000.0,258100000.0,234800000.0,7.04
CDW,2022-12-31,23748700000.0,1114500000.0,1735200000.0,1335900000.0,127800000.0,1208100000.0,13131500000.0,1603300000.0,5922700000.0,315200000.0,282600000.0,8.13
CDW,2023-12-31,21376000000.0,1104300000.0,1680900000.0,1598700000.0,148200000.0,1450500000.0,13284600000.0,2042500000.0,5644900000.0,588700000.0,321500000.0,8.1
CDW,2024-12-31,20998700000.0,1077800000.0,1651300000.0,1277300000.0,122600000.0,1154700000.0,14678400000.0,2352700000.0,5842800000.0,503500000.0,332100000.0,7.97
CDW,2025-12-31,22424100000.0,1066600000.0,1655600000.0,1205200000.0,117100000.0,1088100000.0,16028200000.0,2606100000.0,5629800000.0,618700000.0,328600000.0,8.08
CEG,2020-12-31,16392000000.0,589000000.0,256000000.0,584000000.0,1747000000.0,-1163000000.0,,14676000000.0,,226000000.0,0.0,
CEG,2021-12-31,17254000000.0,-205000000.0,-346000000.0,-1338000000.0,1329000000.0,-2667000000.0,48086000000.0,11219000000.0,5795000000.0,504000000.0,0.0,0.0
CEG,2022-12-31,21571000000.0,-160000000.0,495000000.0,-2353000000.0,1689000000.0,-4042000000.0,46909000000.0,11018000000.0,4609000000.0,422000000.0,185000000.0,-0.49
CEG,2023-12-31,20841000000.0,1623000000.0,1610000000.0,-5301000000.0,2422000000.0,-7723000000.0,50758000000.0,10925000000.0,7617000000.0,368000000.0,366000000.0,5.01
CEG,2024-12-31,18964000000.0,3749000000.0,4352000000.0,-2464000000.0,2565000000.0,-5029000000.0,52926000000.0,13166000000.0,8412000000.0,3022000000.0,444000000.0,11.89
CEG,2025-12-31,22663000000.0,2319000000.0,3086000000.0,4237000000.0,2949000000.0,1288000000.0,57249000000.0,14517000000.0,7342000000.0,3641000000.0,486000000.0,7.4
CF,2020-12-31,4124000000.0,317000000.0,623000000.0,1231000000.0,309000000.0,922000000.0,12023000000.0,2922000000.0,3961000000.0,683000000.0,258000000.0,1.47
CF,2021-12-31,6538000000.0,917000000.0,1729000000.0,2873000000.0,514000000.0,2359000000.0,12375000000.0,3206000000.0,3465000000.0,1628000000.0,260000000.0,4.24
CF,2022-12-31,11186000000.0,3346000000.0,5397000000.0,3855000000.0,453000000.0,3402000000.0,13313000000.0,5051000000.0,2965000000.0,2323000000.0,306000000.0,16.38
CF,2023-12-31,6631000000.0,1525000000.0,2230000000.0,2757000000.0,499000000.0,2258000000.0,14376000000.0,5717000000.0,2968000000.0,2032000000.0,311000000.0,7.87
CF,2024-12-31,5936000000.0,1218000000.0,1746000000.0,2271000000.0,518000000.0,1753000000.0,13466000000.0,4985000000.0,2971000000.0,1614000000.0,364000000.0,6.74
CF,2025-12-31,7084000000.0,1455000000.0,2300000000.0,2752000000.0,950000000.0,1802000000.0,14088000000.0,4838000000.0,3215000000.0,1982000000.0,326000000.0,8.97
CFG,2020-12-31,1080000000.0,1057000000.0,1298000000.0,111000000.0,,,183349000000.0,22673000000.0,8589000000.0,12733000000.0,672000000.0,2.22
CFG,2021-12-31,1325000000.0,2319000000.0,2977000000.0,2275000000.0,,,188409000000.0,23420000000.0,7006000000.0,9158000000.0,670000000.0,5.16
CFG,2022-12-31,1299000000.0,2073000000.0,2655000000.0,4119000000.0,,,226733000000.0,23690000000.0,15890000000.0,10547000000.0,779000000.0,4.1
CFG,2023-12-31,1266000000.0,1608000000.0,2030000000.0,2961000000.0,,,221964000000.0,24342000000.0,13972000000.0,11628000000.0,808000000.0,3.13
CFG,2024-12-31,1533000000.0,1509000000.0,1888000000.0,2001000000.0,,,217521000000.0,24254000000.0,12401000000.0,10601000000.0,769000000.0,3.03
CFG,2025-12-31,1635000000.0,1831000000.0,2328000000.0,2211000000.0,,,226351000000.0,26317000000.0,11282000000.0,12727000000.0,755000000.0,3.86
CHD,2020-12-31,4895800000.0,785900000.0,1029700000.0,990300000.0,98900000.0,891400000.0,7414500000.0,3020400000.0,1812500000.0,183100000.0,237300000.0,3.11
CHD,2021-12-31,5190100000.0,827500000.0,1079100000.0,993800000.0,118800000.0,875000000.0,7996500000.0,3233200000.0,2901600000.0,240600000.0,247500000.0,3.32
CHD,2022-12-31,5375600000.0,413900000.0,597800000.0,885200000.0,178800000.0,706400000.0,8345600000.0,3489900000.0,2599500000.0,270300000.0,255000000.0,1.6799999999999997
CHD,2023-12-31,5867900000.0,755600000.0,1057400000.0,1030600000.0,223500000.0,807100000.0,8569200000.0,3855400000.0,2402100000.0,344500000.0,266500000.0,3.05
CHD,2024-12-31,6107100000.0,585300000.0,807100000.0,1156200000.0,179800000.0,976400000.0,8883100000.0,4360800000.0,2204600000.0,964100000.0,277000000.0,2.37
CHD,2025-12-31,6203200000.0,736800000.0,1077600000.0,1215400000.0,122400000.0,1093000000.0,8912400000.0,4002200000.0,2205100000.0,409000000.0,287200000.0,3.02
CHRW,2020-12-31,16207106000.0,506421000.0,673268000.0,499191000.0,23133000.0,476058000.0,5144258000.0,1879933000.0,1093301000.0,243796000.0,209956000.0,3.72
CHRW,2021-12-31,23102138000.0,844245000.0,1082108000.0,94955000.0,34197000.0,60758000.0,7028112000.0,2021934000.0,1918649000.0,257413000.0,277321000.0,6.31
CHRW,2022-12-31,24696625000.0,940524000.0,1266782000.0,1650171000.0,61915000.0,1588256000.0,5954564000.0,1353422000.0,1973704000.0,217482000.0,285317000.0,7.4
CHRW,2023-12-31,17596443000.0,325129000.0,514607000.0,731946000.0,29989000.0,701957000.0,5225280000.0,1418697000.0,1580487000.0,145524000.0,291569000.0,2.72
CHRW,2024-12-31,17724956000.0,465690000.0,669141000.0,509084000.0,22653000.0,486431000.0,5297926000.0,1722051000.0,1377649000.0,145762000.0,294772000.0,3.8600000000000003
CHRW,2025-12-31,16232763000.0,587081000.0,794961000.0,914519000.0,19628000.0,894891000.0,5058381000.0,1845647000.0,1089438000.0,160871000.0,301376000.0,4.83
CHTR,2020-12-31,1100000000.0,3222000000.0,8405000000.0,14562000000.0,7415000000.0,7147000000.0,144206000000.0,23805000000.0,82752000000.0,1001000000.0,,15.44
CHTR,2021-12-31,1100000000.0,4654000000.0,10526000000.0,16239000000.0,7635000000.0,8604000000.0,142491000000.0,14050000000.0,91561000000.0,601000000.0,,24.47
CHTR,2022-12-31,1100000000.0,5055000000.0,11962000000.0,14925000000.0,9376000000.0,5549000000.0,144523000000.0,9119000000.0,97603000000.0,645000000.0,,30.74
CHTR,2023-12-31,993000000.0,4557000000.0,12559000000.0,14433000000.0,11115000000.0,3318000000.0,147193000000.0,11086000000.0,97777000000.0,709000000.0,,29.989999999999995
CHTR,2024-12-31,941000000.0,5083000000.0,13118000000.0,14430000000.0,11269000000.0,3161000000.0,150020000000.0,15587000000.0,93933000000.0,459000000.0,,34.97
CHTR,2025-12-31,889000000.0,4987000000.0,12908000000.0,16077000000.0,11659000000.0,4418000000.0,154213000000.0,16054000000.0,94756000000.0,477000000.0,,36.21
CI,2020-12-31,160401000000.0,8458000000.0,8153000000.0,10350000000.0,,,155451000000.0,50321000000.0,32919000000.0,10182000000.0,15000000.0,22.96
CI,2021-12-31,174069000000.0,5370000000.0,7941000000.0,7191000000.0,,,154889000000.0,47112000000.0,33670000000.0,5081000000.0,1341000000.0,15.75
CI,2022-12-31,180518000000.0,6704000000.0,8450000000.0,8656000000.0,,,143885000000.0,44675000000.0,31093000000.0,5924000000.0,1384000000.0,21.41
CI,2023-12-31,195265000000.0,5164000000.0,8536000000.0,11813000000.0,,,152761000000.0,46223000000.0,30930000000.0,7822000000.0,1450000000.0,17.39
CI,2024-12-31,247121000000.0,3434000000.0,9417000000.0,10363000000.0,,,155881000000.0,41033000000.0,31972000000.0,7550000000.0,1567000000.0,12.12
CI,2025-12-31,274900000000.0,5957000000.0,9200000000.0,9601000000.0,,,157919000000.0,41713000000.0,31463000000.0,7676000000.0,1611000000.0,22.18
CIEN,2020-10-31,3532157000.0,361291000.0,486964000.0,493654000.0,82667000.0,410987000.0,4180917000.0,2509597000.0,683286000.0,1088624000.0,,2.32
CIEN,2021-10-30,3620684000.0,500196000.0,495356000.0,541646000.0,79550000.0,462096000.0,4865227000.0,3020018000.0,677285000.0,1422546000.0,,3.1899999999999995
CIEN,2022-10-29,3632661000.0,152902000.0,222808000.0,-167756000.0,90818000.0,-258574000.0,5069632000.0,2712861000.0,1068055000.0,994352000.0,,1.0
CIEN,2023-10-28,4386549000.0,254827000.0,357545000.0,168332000.0,106197000.0,62135000.0,5601495000.0,2848361000.0,1555106000.0,1010618000.0,,1.71
CIEN,2024-11-02,4014955000.0,83956000.0,166617000.0,514532000.0,136641000.0,377891000.0,5641337000.0,2816138000.0,1544774000.0,934863000.0,,0.58
CIEN,2025-11-01,4769507000.0,123338000.0,197531000.0,806093000.0,140801000.0,665292000.0,5864667000.0,2729323000.0,1535738000.0,1091952000.0,,0.85
CINF,2020-12-31,7536000000.0,1216000000.0,1499000000.0,1491000000.0,20000000.0,1471000000.0,27542000000.0,10789000000.0,845000000.0,900000000.0,375000000.0,7.53
CINF,2021-12-31,9626000000.0,2968000000.0,3698000000.0,1981000000.0,15000000.0,1966000000.0,31387000000.0,12764000000.0,843000000.0,1139000000.0,395000000.0,18.24
CINF,2022-12-31,6563000000.0,-487000000.0,-694000000.0,2052000000.0,15000000.0,2037000000.0,29732000000.0,10562000000.0,841000000.0,1264000000.0,423000000.0,-3.0600000000000005
CINF,2023-12-31,10013000000.0,1843000000.0,2276000000.0,2052000000.0,18000000.0,2034000000.0,32769000000.0,12098000000.0,849000000.0,907000000.0,454000000.0,11.66
CINF,2024-12-31,11337000000.0,2292000000.0,2858000000.0,2649000000.0,22000000.0,2627000000.0,36501000000.0,13935000000.0,850000000.0,983000000.0,490000000.0,14.53
CINF,2025-12-31,12631000000.0,2393000000.0,2980000000.0,3112000000.0,20000000.0,3092000000.0,41002000000.0,15911000000.0,861000000.0,1431000000.0,525000000.0,15.17
CL,2020-12-31,16471000000.0,2695000000.0,3885000000.0,3719000000.0,409000000.0,3310000000.0,15920000000.0,743000000.0,7343000000.0,888000000.0,,3.13
CL,2021-12-31,17421000000.0,2166000000.0,3332000000.0,3325000000.0,567000000.0,2758000000.0,15040000000.0,609000000.0,7206000000.0,832000000.0,,2.55
CL,2022-12-31,17967000000.0,1785000000.0,2893000000.0,2556000000.0,696000000.0,1860000000.0,15731000000.0,401000000.0,8755000000.0,775000000.0,,2.13
CL,2023-12-31,19457000000.0,2300000000.0,3984000000.0,3745000000.0,705000000.0,3040000000.0,16393000000.0,609000000.0,8239000000.0,966000000.0,,2.77
CL,2024-12-31,20101000000.0,2889000000.0,4268000000.0,4107000000.0,561000000.0,3546000000.0,16046000000.0,212000000.0,7941000000.0,1096000000.0,,3.51
CL,2025-12-31,20382000000.0,2132000000.0,3306000000.0,4198000000.0,564000000.0,3634000000.0,16330000000.0,54000000.0,7986000000.0,1288000000.0,,2.63
CLX,2020-06-30,6721000000.0,939000000.0,1185000000.0,1546000000.0,254000000.0,1292000000.0,6213000000.0,908000000.0,2780000000.0,871000000.0,533000000.0,7.35
CLX,2021-06-30,7341000000.0,710000000.0,900000000.0,1276000000.0,331000000.0,945000000.0,6334000000.0,411000000.0,2784000000.0,319000000.0,558000000.0,5.54
CLX,2022-06-30,7107000000.0,462000000.0,607000000.0,786000000.0,251000000.0,535000000.0,6158000000.0,556000000.0,2474000000.0,183000000.0,571000000.0,3.7299999999999995
CLX,2023-06-30,7389000000.0,149000000.0,238000000.0,1158000000.0,228000000.0,930000000.0,5945000000.0,220000000.0,2477000000.0,367000000.0,583000000.0,1.1999999999999997
CLX,2024-06-30,7093000000.0,280000000.0,398000000.0,695000000.0,212000000.0,483000000.0,5751000000.0,328000000.0,2481000000.0,202000000.0,595000000.0,2.25
CLX,2025-06-30,7104000000.0,810000000.0,1078000000.0,981000000.0,220000000.0,761000000.0,5561000000.0,321000000.0,2484000000.0,167000000.0,602000000.0,6.52
CMCSA,2020-12-31,103564000000.0,10534000000.0,17493000000.0,24737000000.0,9179000000.0,15558000000.0,273869000000.0,90323000000.0,103760000000.0,11740000000.0,4140000000.0,2.1368322399250235
CMCSA,2021-12-31,116385000000.0,14159000000.0,20817000000.0,29146000000.0,9174000000.0,19972000000.0,275905000000.0,96092000000.0,94850000000.0,8711000000.0,4532000000.0,2.8491096532333646
CMCSA,2022-12-31,121427000000.0,5370000000.0,14041000000.0,26413000000.0,10626000000.0,15787000000.0,257275000000.0,80943000000.0,94811000000.0,4749000000.0,4741000000.0,1.134020618556701
CMCSA,2023-12-31,121572000000.0,15388000000.0,23314000000.0,28501000000.0,12242000000.0,16259000000.0,264811000000.0,82703000000.0,97090000000.0,6215000000.0,4766000000.0,3.71
CMCSA,2024-12-31,123731000000.0,16192000000.0,23297000000.0,27673000000.0,12181000000.0,15492000000.0,266211000000.0,85560000000.0,99093000000.0,7322000000.0,4814000000.0,4.14
CMCSA,2025-12-31,123707000000.0,19998000000.0,20672000000.0,33643000000.0,11750000000.0,21893000000.0,272631000000.0,96903000000.0,98937000000.0,9481000000.0,4894000000.0,5.39
CME,2020-12-31,4883600000.0,2106000000.0,2637400000.0,2715600000.0,197500000.0,2518100000.0,124659600000.0,26351500000.0,83800000.0,1633200000.0,2110000000.0,5.87
CME,2021-12-31,4689700000.0,2637000000.0,2645200000.0,2402400000.0,127200000.0,2275200000.0,196780300000.0,27399300000.0,825300000.0,2834900000.0,2189300000.0,7.290000000000001
CME,2022-12-31,5019400000.0,2691000000.0,3015900000.0,3056000000.0,89700000.0,2966300000.0,174175700000.0,26878700000.0,83800000.0,2720100000.0,2633500000.0,7.4
CME,2023-12-31,5578900000.0,3226000000.0,3435700000.0,3453800000.0,76400000.0,3377400000.0,129706100000.0,26737900000.0,59400000.0,2912000000.0,3235500000.0,8.86
CME,2024-12-31,6130100000.0,3525800000.0,3931500000.0,3690500000.0,94000000.0,3596500000.0,137447000000.0,26486900000.0,800500000.0,2892400000.0,3584200000.0,9.67
CME,2025-12-31,6520600000.0,4072200000.0,4229500000.0,4277100000.0,83500000.0,4193600000.0,198424200000.0,28728200000.0,41700000.0,4416900000.0,3933000000.0,11.16
CMG,2020-12-31,5984634000.0,355766000.0,290164000.0,663847000.0,373352000.0,290495000.0,5982896000.0,2020135000.0,0.0,607987000.0,,0.25
CMG,2021-12-31,7547061000.0,653000000.0,804943000.0,1282081000.0,442475000.0,839606000.0,6652958000.0,2297374000.0,0.0,815374000.0,,0.45799999999999996
CMG,2022-12-31,8634652000.0,899000000.0,1160403000.0,1323179000.0,479164000.0,844015000.0,6927504000.0,2368023000.0,0.0,384000000.0,,0.64
CMG,2023-12-31,9871649000.0,1229000000.0,1557813000.0,1783477000.0,560731000.0,1222746000.0,8044362000.0,3062207000.0,0.0,560609000.0,,0.8900000000000001
CMG,2024-12-31,11313853000.0,1534000000.0,1916333000.0,2105076000.0,593603000.0,1511473000.0,9204374000.0,3655546000.0,0.0,748537000.0,,1.11
CMG,2025-12-31,11925601000.0,1536000000.0,1935798000.0,2113926000.0,666336000.0,1447590000.0,8994531000.0,2830607000.0,0.0,350545000.0,,1.14
CMI,2020-12-31,19811000000.0,1789000000.0,2269000000.0,2722000000.0,528000000.0,2194000000.0,22624000000.0,8062000000.0,3672000000.0,3401000000.0,782000000.0,11.99
CMI,2021-12-31,24021000000.0,2131000000.0,2706000000.0,2256000000.0,734000000.0,1522000000.0,23710000000.0,8146000000.0,3638000000.0,2592000000.0,809000000.0,14.61
CMI,2022-12-31,28074000000.0,2151000000.0,2929000000.0,1962000000.0,916000000.0,1046000000.0,30299000000.0,8975000000.0,5071000000.0,2020000000.0,855000000.0,15.12
CMI,2023-12-31,34065000000.0,735000000.0,1761000000.0,3966000000.0,1213000000.0,2753000000.0,32005000000.0,8850000000.0,4920000000.0,2179000000.0,921000000.0,5.15
CMI,2024-12-31,34102000000.0,3946000000.0,3750000000.0,1487000000.0,1208000000.0,279000000.0,31540000000.0,10271000000.0,5444000000.0,1671000000.0,969000000.0,28.37
CMI,2025-12-31,33670000000.0,2843000000.0,4025000000.0,3621000000.0,1235000000.0,2386000000.0,33992000000.0,12349000000.0,6886000000.0,2845000000.0,1055000000.0,20.5
CMS,2020-12-31,6238000000.0,755000000.0,1230000000.0,1276000000.0,2311000000.0,-1035000000.0,29666000000.0,5496000000.0,12315000000.0,32000000.0,,2.64
CMS,2021-12-31,7075000000.0,1353000000.0,1146000000.0,1819000000.0,2076000000.0,-257000000.0,28753000000.0,6631000000.0,12419000000.0,452000000.0,,4.66
CMS,2022-12-31,8320000000.0,837000000.0,1224000000.0,855000000.0,2374000000.0,-1519000000.0,31353000000.0,7015000000.0,14212000000.0,164000000.0,,2.85
CMS,2023-12-31,7261000000.0,887000000.0,1235000000.0,2309000000.0,,,33517000000.0,7544000000.0,15483000000.0,227000000.0,,3.01
CMS,2024-12-31,7320000000.0,1003000000.0,1487000000.0,2370000000.0,,,35920000000.0,8230000000.0,16386000000.0,103000000.0,,3.33
CMS,2025-12-31,8305000000.0,1071000000.0,1727000000.0,2235000000.0,,,39941000000.0,9144000000.0,18757000000.0,509000000.0,,3.5300000000000002
CNC,2020-12-31,103800000000.0,1808000000.0,3082000000.0,5503000000.0,869000000.0,4634000000.0,68719000000.0,25773000000.0,16779000000.0,10800000000.0,,3.12
CNC,2021-12-31,117983000000.0,1347000000.0,1784000000.0,4205000000.0,910000000.0,3295000000.0,78375000000.0,26795000000.0,18838000000.0,13118000000.0,,2.28
CNC,2022-12-31,135479000000.0,1202000000.0,1318000000.0,6261000000.0,1004000000.0,5257000000.0,76870000000.0,24057000000.0,18020000000.0,12074000000.0,,2.07
CNC,2023-12-31,140095000000.0,2702000000.0,2930000000.0,8053000000.0,799000000.0,7254000000.0,84641000000.0,25840000000.0,17829000000.0,17193000000.0,,4.95
CNC,2024-12-31,145505000000.0,3305000000.0,3175000000.0,154000000.0,644000000.0,-490000000.0,82445000000.0,26410000000.0,18533000000.0,14063000000.0,,6.31
CNC,2025-12-31,174581000000.0,-6674000000.0,-7623000000.0,5088000000.0,767000000.0,4321000000.0,76747000000.0,19953000000.0,17401000000.0,17888000000.0,,-13.53
CNP,2020-12-31,7350000000.0,-773000000.0,1039000000.0,1995000000.0,2596000000.0,-601000000.0,33471000000.0,8348000000.0,13440000000.0,147000000.0,392000000.0,-1.7900000000000003
CNP,2021-12-31,8256000000.0,1486000000.0,1363000000.0,22000000.0,3164000000.0,-3142000000.0,37679000000.0,9415000000.0,16103000000.0,230000000.0,385000000.0,2.28
CNP,2022-12-31,9327000000.0,1057000000.0,1566000000.0,1810000000.0,4419000000.0,-2609000000.0,38546000000.0,10042000000.0,16856000000.0,74000000.0,440000000.0,1.59
CNP,2023-12-31,8612000000.0,917000000.0,1760000000.0,3877000000.0,4401000000.0,-524000000.0,39715000000.0,9667000000.0,18618000000.0,90000000.0,485000000.0,1.37
CNP,2024-12-31,8552000000.0,1019000000.0,1990000000.0,2139000000.0,4513000000.0,-2374000000.0,43768000000.0,10666000000.0,20963000000.0,24000000.0,522000000.0,1.58
CNP,2025-12-31,9337000000.0,1052000000.0,2110000000.0,2486000000.0,4870000000.0,-2384000000.0,46534000000.0,11153000000.0,22980000000.0,38000000.0,574000000.0,1.6
COF,2020-12-31,3737000000.0,2714000000.0,3203000000.0,16699000000.0,710000000.0,15989000000.0,421602000000.0,60204000000.0,40539000000.0,40771000000.0,460000000.0,5.18
COF,2021-12-31,4780000000.0,12390000000.0,15809000000.0,12310000000.0,698000000.0,11612000000.0,432381000000.0,61029000000.0,43086000000.0,22054000000.0,1148000000.0,26.94
COF,2022-12-31,5417000000.0,7360000000.0,9240000000.0,13809000000.0,934000000.0,12875000000.0,455249000000.0,52582000000.0,48715000000.0,31256000000.0,950000000.0,17.91
COF,2023-12-31,5645000000.0,4887000000.0,6045000000.0,20575000000.0,961000000.0,19614000000.0,478464000000.0,58089000000.0,49856000000.0,43755000000.0,931000000.0,11.95
COF,2024-12-31,5915000000.0,4750000000.0,5910000000.0,18159000000.0,1204000000.0,16955000000.0,490144000000.0,60784000000.0,45551000000.0,43671000000.0,932000000.0,11.59
COF,2025-12-31,8062000000.0,2453000000.0,2281000000.0,27718000000.0,1578000000.0,26140000000.0,669009000000.0,113616000000.0,51000000000.0,62093000000.0,1516000000.0,4.03
COHR,2021-06-30,3105891000.0,297552000.0,402119000.0,574353000.0,146337000.0,428016000.0,6512650000.0,3406170000.0,1375141000.0,1591892000.0,,2.36
COHR,2022-06-30,3316616000.0,234759000.0,414294000.0,413332000.0,314332000.0,99000000.0,7844846000.0,3616475000.0,2300426000.0,2582371000.0,,1.45
COHR,2023-06-30,5160100000.0,-259458000.0,-37120000.0,634025000.0,436060000.0,197965000.0,13711133000.0,4987551000.0,4309798000.0,821310000.0,,-2.93
COHR,2024-06-30,4707688000.0,-156154000.0,96121000.0,545731000.0,346816000.0,198915000.0,14488634000.0,5210115000.0,4100218000.0,926033000.0,,-1.84
COHR,2025-06-30,5810115000.0,49364000.0,94181000.0,633600000.0,440836000.0,192764000.0,14910936000.0,5644514000.0,3686921000.0,909200000.0,,-0.52
COHR,2026-06-30,7118181000.0,804998000.0,847733000.0,79514000.0,1102909000.0,-1023395000.0,18299852000.0,10903495000.0,3222224000.0,1162018000.0,,4.12
COIN,2020-12-31,1277481000.0,322317000.0,408951000.0,293548000.0,9913000.0,283635000.0,5855414000.0,963584000.0,0.0,1061850000.0,,1.4
COIN,2021-12-31,7839444000.0,3600000000.0,3076570000.0,4038172000.0,2910000.0,4035262000.0,21274425000.0,6381689000.0,3404855000.0,7123478000.0,,14.5
COIN,2022-12-31,3194208000.0,-2600000000.0,-2710208000.0,-1585419000.0,2933000.0,-1588352000.0,89724873000.0,5454557000.0,3413967000.0,4425021000.0,,-11.83
COIN,2023-12-31,3108383000.0,100000000.0,-161662000.0,673376000.0,,,14753901000.0,6281649000.0,2979957000.0,5489100000.0,,0.3700000000000001
COIN,2024-12-31,6564028000.0,2600000000.0,2307160000.0,3103935000.0,,,22541951000.0,10276842000.0,4234081000.0,9308266000.0,,9.48
COIN,2025-12-31,7181325000.0,1300000000.0,1435441000.0,2426383000.0,,,29671832000.0,14793058000.0,7206619000.0,11285452000.0,,4.45
COO,2020-10-31,2430900000.0,238400000.0,311800000.0,486600000.0,310400000.0,176200000.0,6737500000.0,3824600000.0,1793200000.0,115900000.0,3000000.0,1.2025000000000001
COO,2021-10-31,2922500000.0,2944700000.0,505800000.0,738600000.0,214400000.0,524200000.0,9606200000.0,6941800000.0,1479500000.0,95900000.0,3000000.0,14.79
COO,2022-10-31,3308400000.0,385800000.0,507600000.0,692400000.0,242000000.0,450400000.0,11492300000.0,7174500000.0,2759700000.0,138200000.0,3000000.0,1.94
COO,2023-10-31,3593200000.0,294200000.0,533100000.0,607500000.0,392500000.0,215000000.0,11658900000.0,7550800000.0,2565800000.0,120800000.0,3000000.0,1.48
COO,2024-10-31,3895400000.0,392300000.0,705700000.0,709300000.0,421200000.0,288100000.0,12315200000.0,8083400000.0,2581300000.0,107600000.0,0.0,1.96
COO,2025-10-31,4092400000.0,374900000.0,682900000.0,796100000.0,362400000.0,433700000.0,12394800000.0,8238900000.0,2503500000.0,110600000.0,0.0,1.87
COP,2020-12-31,13662000000.0,-2701000000.0,-3140000000.0,4802000000.0,4715000000.0,87000000.0,62618000000.0,29849000000.0,15369000000.0,2991000000.0,1831000000.0,-2.51
COP,2021-12-31,34590000000.0,8079000000.0,12712000000.0,16996000000.0,5324000000.0,11672000000.0,90661000000.0,45406000000.0,19934000000.0,5028000000.0,2359000000.0,6.07
COP,2022-12-31,61049000000.0,18680000000.0,28228000000.0,28314000000.0,10159000000.0,18155000000.0,93829000000.0,48003000000.0,16643000000.0,6458000000.0,5726000000.0,14.57
COP,2023-12-31,48522000000.0,10957000000.0,16288000000.0,19965000000.0,,,95924000000.0,49279000000.0,18937000000.0,5635000000.0,5583000000.0,9.06
COP,2024-12-31,49418000000.0,9245000000.0,13672000000.0,20124000000.0,,,122780000000.0,64796000000.0,24324000000.0,5607000000.0,3646000000.0,7.81
COP,2025-12-31,51824000000.0,7988000000.0,12656000000.0,19796000000.0,,,121939000000.0,64487000000.0,23444000000.0,6497000000.0,3995000000.0,6.35
COR,2020-09-30,189893926000.0,-3408716000.0,-5135354000.0,2207040000.0,369677000.0,1837363000.0,44274830000.0,-1018924000.0,4119520000.0,4597746000.0,343578000.0,-16.79
COR,2021-09-30,213988843000.0,1539932000.0,2354197000.0,2666586000.0,438217000.0,2228369000.0,57337805000.0,223354000.0,6683924000.0,2547142000.0,366648000.0,7.389999999999999
COR,2022-09-30,238587006000.0,1698820000.0,2366378000.0,2703088000.0,496318000.0,2206770000.0,56560616000.0,-211559000.0,5702833000.0,3388189000.0,391687000.0,8.04
COR,2023-09-30,262173411000.0,1745293000.0,2340731000.0,3911334000.0,458359000.0,3452975000.0,62558746000.0,522003000.0,4787457000.0,2592051000.0,398752000.0,8.53
COR,2024-09-30,293958599000.0,1509120000.0,2175249000.0,3484685000.0,487173000.0,2997512000.0,67101667000.0,645938000.0,4388076000.0,3132648000.0,416168000.0,7.529999999999999
COR,2025-09-30,321332819000.0,1554169000.0,2628601000.0,3875120000.0,667981000.0,3207139000.0,76590112000.0,1508019000.0,7660773000.0,4356138000.0,437081000.0,7.960000000000001
COST,2020-08-30,166761000000.0,4002000000.0,5435000000.0,8861000000.0,2810000000.0,6051000000.0,55556000000.0,18284000000.0,7609000000.0,12277000000.0,1479000000.0,9.02
COST,2021-08-29,195929000000.0,5007000000.0,6708000000.0,8958000000.0,3588000000.0,5370000000.0,59268000000.0,17564000000.0,7491000000.0,11258000000.0,5748000000.0,11.27
COST,2022-08-28,226954000000.0,5844000000.0,7793000000.0,7392000000.0,3891000000.0,3501000000.0,64166000000.0,20642000000.0,6557000000.0,10203000000.0,1498000000.0,13.14
COST,2023-09-03,242290000000.0,6292000000.0,8114000000.0,11068000000.0,4323000000.0,6745000000.0,68994000000.0,25058000000.0,6458000000.0,13700000000.0,1251000000.0,14.16
COST,2024-09-01,254453000000.0,7367000000.0,9285000000.0,11339000000.0,4710000000.0,6629000000.0,69831000000.0,23622000000.0,5897000000.0,9906000000.0,9041000000.0,16.56
COST,2025-08-31,275235000000.0,8099000000.0,10383000000.0,13335000000.0,5498000000.0,7837000000.0,77099000000.0,29164000000.0,5788000000.0,14161000000.0,2183000000.0,18.21
CPAY,2020-12-31,2388855000.0,704216000.0,972265000.0,1472589000.0,78425000.0,1394164000.0,11194579000.0,3355411000.0,1205908000.0,934900000.0,,8.129999999999999
CPAY,2021-12-31,2833736000.0,839000000.0,1242556000.0,1197063000.0,111530000.0,1085533000.0,13404653000.0,2866580000.0,7495295000.0,1520027000.0,,9.99
CPAY,2022-12-31,3427129000.0,954000000.0,1446641000.0,754797000.0,151428000.0,603369000.0,14089260000.0,2541493000.0,9350950000.0,1435163000.0,,12.42
CPAY,2023-12-31,3757719000.0,982000000.0,1656873000.0,2101132000.0,153822000.0,1947310000.0,15476252000.0,3282359000.0,8849654000.0,1389648000.0,,13.2
CPAY,2024-12-31,3974589000.0,1004000000.0,1787157000.0,1940565000.0,175176000.0,1765389000.0,17957031000.0,3122342000.0,10766054000.0,1553642000.0,,13.970000000000002
CPAY,2025-12-31,4528403000.0,1070000000.0,1994108000.0,1499901000.0,200756000.0,1299145000.0,26408135000.0,3883864000.0,13347217000.0,2408097000.0,,15.030000000000001
CPRT,2020-07-31,2205583000.0,699907000.0,816099000.0,917885000.0,591972000.0,325913000.0,3455261000.0,2489516000.0,397651000.0,477718000.0,,0.7324999999999999
CPRT,2021-07-31,2692511000.0,936495000.0,1136426000.0,990891000.0,462996000.0,527895000.0,4562143000.0,3529201000.0,398166000.0,1048260000.0,,0.97
CPRT,2022-07-31,3500921000.0,1090130000.0,1374997000.0,1176683000.0,337448000.0,839235000.0,5308864000.0,4625599000.0,2019000.0,1384236000.0,,1.13
CPRT,2023-07-31,3869518000.0,1237741000.0,1486569000.0,1364210000.0,516636000.0,847574000.0,6737879000.0,5987440000.0,10916000.0,957395000.0,,1.28
CPRT,2024-07-31,4236823000.0,1363020000.0,1572023000.0,1472564000.0,510990000.0,961574000.0,8427764000.0,7524011000.0,0.0,1514111000.0,,1.4
CPRT,2025-07-31,4646958000.0,1552449000.0,1696714000.0,1799750000.0,568990000.0,1230760000.0,10090902000.0,9187033000.0,2705000.0,2780531000.0,,1.59
CPT,2020-12-31,10800000.0,123911000.0,,519319000.0,,,7198952000.0,3444905000.0,3166600000.0,420441000.0,333360000.0,1.24
CPT,2021-12-31,10532000.0,303907000.0,,577467000.0,,,7976784000.0,4197490000.0,3170400000.0,613391000.0,343039000.0,2.96
CPT,2022-12-31,5188000.0,653613000.0,,744712000.0,,,9327935000.0,4986620000.0,3680900000.0,10687000.0,396822000.0,6.04
CPT,2023-12-31,3451000.0,403309000.0,,794950000.0,,,9383737000.0,4980757000.0,3715400000.0,259686000.0,434875000.0,3.7
CPT,2024-12-31,7137000.0,163293000.0,,774877000.0,,,8852144000.0,4675198000.0,3485600000.0,21045000.0,450965000.0,1.5
CPT,2025-12-31,12967000.0,384462000.0,,826621000.0,,,9042989000.0,4362523000.0,3900800000.0,25203000.0,460950000.0,3.54
CRH,2021-12-31,29206000000.0,2630000000.0,3327000000.0,3979000000.0,1554000000.0,2425000000.0,,21246000000.0,,5783000000.0,,
CRH,2022-12-31,32723000000.0,3862000000.0,3809000000.0,3800000000.0,1523000000.0,2277000000.0,45319000000.0,22157000000.0,9636000000.0,5936000000.0,,
CRH,2023-12-31,34949000000.0,3178000000.0,4186000000.0,5017000000.0,1817000000.0,3200000000.0,47469000000.0,20854000000.0,11642000000.0,6341000000.0,,4.33
CRH,2024-12-31,35572000000.0,3492000000.0,4925000000.0,4989000000.0,2578000000.0,2411000000.0,50613000000.0,21607000000.0,13968000000.0,3720000000.0,,5.02
CRH,2025-12-31,37447000000.0,3753000000.0,5440000000.0,5625000000.0,2713000000.0,2912000000.0,58329000000.0,24004000000.0,17653000000.0,4096000000.0,,5.51
CRL,2020-12-26,2923933000.0,364304000.0,432729000.0,546575000.0,166560000.0,380015000.0,5490831000.0,2114602000.0,1976767000.0,228424000.0,,7.2
CRL,2021-12-25,3540160000.0,390982000.0,589862000.0,760799000.0,228772000.0,532027000.0,7024292000.0,2534820000.0,2663665000.0,241214000.0,,7.6
CRL,2022-12-31,3976060000.0,486226000.0,650975000.0,619640000.0,324733000.0,294907000.0,7602770000.0,2976293000.0,2708878000.0,233912000.0,,9.48
CRL,2023-12-30,4129409000.0,474624000.0,617261000.0,683898000.0,318528000.0,365370000.0,8195001000.0,3596882000.0,2650319000.0,276771000.0,,9.22
CRL,2024-12-28,4049989000.0,22203000.0,227347000.0,734577000.0,232967000.0,501610000.0,7528345000.0,3461503000.0,2240360000.0,194606000.0,,0.20000000000000018
CRL,2025-12-27,4015382000.0,-144338000.0,25162000.0,737646000.0,219152000.0,518494000.0,7135422000.0,3164630000.0,2136526000.0,213770000.0,,-2.91
CRM,2021-01-31,21252000000.0,4072000000.0,455000000.0,4801000000.0,710000000.0,4091000000.0,66301000000.0,41493000000.0,2677000000.0,6195000000.0,,4.38
CRM,2022-01-31,26492000000.0,1444000000.0,548000000.0,6000000000.0,717000000.0,5283000000.0,95209000000.0,58131000000.0,10596000000.0,5464000000.0,,1.48
CRM,2023-01-31,31352000000.0,208000000.0,1030000000.0,7111000000.0,798000000.0,6313000000.0,98849000000.0,58359000000.0,10601000000.0,7016000000.0,0.0,0.21
CRM,2024-01-31,34857000000.0,4136000000.0,5011000000.0,10234000000.0,736000000.0,9498000000.0,99823000000.0,59646000000.0,9426000000.0,8472000000.0,0.0,4.2
CRM,2025-01-31,37895000000.0,6197000000.0,7205000000.0,13092000000.0,658000000.0,12434000000.0,102928000000.0,61173000000.0,8433000000.0,8848000000.0,1537000000.0,6.36
CRM,2026-01-31,41525000000.0,7457000000.0,8331000000.0,14996000000.0,594000000.0,14402000000.0,112305000000.0,59142000000.0,14439000000.0,7327000000.0,1587000000.0,7.8
CRWD,2021-01-31,874438000.0,-92629000.0,-92529000.0,356566000.0,52799000.0,303767000.0,2732533000.0,870574000.0,738029000.0,1918608000.0,,-0.1075
CRWD,2022-01-31,1451594000.0,-232378000.0,-142548000.0,574784000.0,112143000.0,462641000.0,3618381000.0,1025764000.0,739517000.0,1996633000.0,,-0.2575
CRWD,2023-01-31,2241236000.0,-182285000.0,-190112000.0,941007000.0,235019000.0,705988000.0,5026540000.0,1463641000.0,741005000.0,2455369000.0,,-0.1975
CRWD,2024-01-31,3055555000.0,73439000.0,-19141000.0,1166207000.0,176529000.0,989678000.0,6646520000.0,2303950000.0,742494000.0,3375069000.0,,0.075
CRWD,2025-01-31,3953624000.0,-12566000.0,-116400000.0,1381727000.0,254852000.0,1126875000.0,8701578000.0,3279494000.0,743983000.0,4323295000.0,,-0.015000000000000006
CRWD,2026-01-31,4812005000.0,-161165000.0,-293292000.0,1612349000.0,302108000.0,1310241000.0,11086684000.0,4428390000.0,745471000.0,5230125000.0,,-0.16249999999999998
CSCO,2021-07-31,49818000000.0,10591000000.0,12833000000.0,15454000000.0,692000000.0,14762000000.0,97497000000.0,41275000000.0,11526000000.0,9175000000.0,6163000000.0,2.5
CSCO,2022-07-30,51557000000.0,11812000000.0,13969000000.0,13226000000.0,477000000.0,12749000000.0,94002000000.0,39773000000.0,9515000000.0,7079000000.0,6224000000.0,2.8200000000000003
CSCO,2023-07-29,56998000000.0,12613000000.0,15031000000.0,19886000000.0,849000000.0,19037000000.0,101852000000.0,44353000000.0,8391000000.0,10123000000.0,6302000000.0,3.07
CSCO,2024-07-27,53803000000.0,10320000000.0,12181000000.0,10880000000.0,670000000.0,10210000000.0,124413000000.0,45457000000.0,30962000000.0,7508000000.0,6384000000.0,2.54
CSCO,2025-07-26,56654000000.0,10180000000.0,11760000000.0,14193000000.0,905000000.0,13288000000.0,122291000000.0,46843000000.0,28093000000.0,8346000000.0,6437000000.0,2.55
CSCO,2026-07-25,63325000000.0,13267000000.0,15368000000.0,14177000000.0,1410000000.0,12767000000.0,129637000000.0,50285000000.0,29533000000.0,7218000000.0,6553000000.0,3.33
CSGP,2020-12-31,1659019000.0,227128000.0,289202000.0,486106000.0,0.0,486106000.0,6915420000.0,5375200000.0,986715000.0,3693813000.0,,0.599
CSGP,2021-12-31,1944100000.0,292600000.0,432300000.0,469700000.0,123700000.0,346000000.0,7256871000.0,5711500000.0,987944000.0,3800000000.0,,0.74
CSGP,2022-12-31,2182400000.0,369500000.0,451000000.0,478700000.0,35200000.0,443500000.0,8402500000.0,6870000000.0,989200000.0,5000000000.0,,0.93
CSGP,2023-12-31,2455000000.0,374700000.0,282000000.0,490000000.0,118000000.0,372000000.0,8919700000.0,7338600000.0,993600000.0,5200000000.0,,0.9200000000000002
CSGP,2024-12-31,2736000000.0,138700000.0,5000000.0,393000000.0,579000000.0,-186000000.0,9257000000.0,7553000000.0,997000000.0,4681000000.0,,0.34
CSGP,2025-12-31,3247000000.0,6500000.0,-72000000.0,430000000.0,307000000.0,123000000.0,10538000000.0,8334000000.0,998000000.0,1633000000.0,,0.020000000000000004
CSX,2020-12-31,10583000000.0,2765000000.0,4362000000.0,4263000000.0,1626000000.0,2637000000.0,39793000000.0,13110000000.0,16304000000.0,3129000000.0,797000000.0,1.2
CSX,2021-12-31,12522000000.0,3781000000.0,5594000000.0,5099000000.0,1791000000.0,3308000000.0,40531000000.0,13451000000.0,16185000000.0,2239000000.0,839000000.0,1.68
CSX,2022-12-31,14853000000.0,4114000000.0,5954000000.0,5526000000.0,2113000000.0,3413000000.0,41682000000.0,12469000000.0,17896000000.0,1958000000.0,852000000.0,1.92
CSX,2023-12-31,14657000000.0,3668000000.0,5499000000.0,5514000000.0,2257000000.0,3257000000.0,42200000000.0,11985000000.0,17975000000.0,1353000000.0,882000000.0,1.8199999999999998
CSX,2024-12-31,14540000000.0,3470000000.0,5245000000.0,5247000000.0,2529000000.0,2718000000.0,42764000000.0,12507000000.0,17897000000.0,933000000.0,930000000.0,1.79
CSX,2025-12-31,14092000000.0,2889000000.0,4521000000.0,4613000000.0,2902000000.0,1711000000.0,43682000000.0,13160000000.0,18165000000.0,670000000.0,972000000.0,1.54
CTAS,2021-05-31,7116340000.0,1110968000.0,1385492000.0,1360740000.0,143470000.0,1217270000.0,8236823000.0,3687847000.0,2541903000.0,493640000.0,451327000.0,2.56
CTAS,2022-05-31,7854459000.0,1235757000.0,1587370000.0,1537625000.0,240672000.0,1296953000.0,8147256000.0,3308196000.0,2795506000.0,90471000.0,375119000.0,2.9125
CTAS,2023-05-31,8815769000.0,1348080000.0,1802664000.0,1586228000.0,331109000.0,1255119000.0,8546356000.0,3863986000.0,2486405000.0,124149000.0,449917000.0,3.25
CTAS,2024-05-31,9596615000.0,1571592000.0,2068633000.0,2068500000.0,409469000.0,1659031000.0,9168817000.0,4316372000.0,2475529000.0,342015000.0,530909000.0,3.79
CTAS,2025-05-31,10340181000.0,1812281000.0,2359726000.0,2165905000.0,408884000.0,1757021000.0,9825241000.0,4684481000.0,2424999000.0,263973000.0,611627000.0,4.4
CTAS,2026-05-31,11264761000.0,1999968000.0,2606512000.0,2276280000.0,395105000.0,1881175000.0,10529140000.0,5139887000.0,2428073000.0,289018000.0,701485000.0,4.91
CTSH,2020-12-31,16652000000.0,1392000000.0,2114000000.0,3299000000.0,398000000.0,2901000000.0,16923000000.0,10836000000.0,701000000.0,2680000000.0,480000000.0,2.57
CTSH,2021-12-31,18507000000.0,2137000000.0,2826000000.0,2495000000.0,279000000.0,2216000000.0,17852000000.0,11991000000.0,664000000.0,1792000000.0,509000000.0,4.05
CTSH,2022-12-31,19428000000.0,2290000000.0,2968000000.0,2568000000.0,332000000.0,2236000000.0,17852000000.0,12309000000.0,646000000.0,2191000000.0,564000000.0,4.41
CTSH,2023-12-31,19353000000.0,2126000000.0,2689000000.0,2330000000.0,317000000.0,2013000000.0,18483000000.0,13227000000.0,639000000.0,2621000000.0,591000000.0,4.21
CTSH,2024-12-31,19736000000.0,2240000000.0,2892000000.0,2124000000.0,297000000.0,1827000000.0,19966000000.0,14408000000.0,908000000.0,2231000000.0,600000000.0,4.51
CTSH,2025-12-31,21108000000.0,2230000000.0,3389000000.0,2883000000.0,288000000.0,2595000000.0,20692000000.0,15015000000.0,576000000.0,1901000000.0,610000000.0,4.56
CTVA,2020-12-31,14217000000.0,681000000.0,675000000.0,2064000000.0,475000000.0,1589000000.0,42649000000.0,24824000000.0,1105000000.0,3526000000.0,-388000000.0,0.98
CTVA,2021-12-31,15655000000.0,1759000000.0,2346000000.0,2727000000.0,573000000.0,2154000000.0,42344000000.0,25384000000.0,1117000000.0,4459000000.0,397000000.0,2.37
CTVA,2022-12-31,17455000000.0,1147000000.0,1426000000.0,872000000.0,605000000.0,267000000.0,42618000000.0,25302000000.0,1307000000.0,3191000000.0,418000000.0,1.58
CTVA,2023-12-31,17226000000.0,735000000.0,1093000000.0,1769000000.0,595000000.0,1174000000.0,42996000000.0,25037000000.0,2489000000.0,2644000000.0,439000000.0,1.03
CTVA,2024-12-31,16908000000.0,907000000.0,1275000000.0,2145000000.0,597000000.0,1548000000.0,40825000000.0,23789000000.0,2703000000.0,3106000000.0,458000000.0,1.2999999999999998
CTVA,2025-12-31,17401000000.0,1094000000.0,1688000000.0,3406000000.0,591000000.0,2815000000.0,42845000000.0,24144000000.0,2580000000.0,4521000000.0,475000000.0,1.6
CVNA,2020-12-31,5587000000.0,-171000000.0,,-608000000.0,360000000.0,-968000000.0,3035000000.0,388000000.0,1696000000.0,301000000.0,,-0.15457248548592617
CVNA,2021-12-31,12814000000.0,-135000000.0,,-2594000000.0,557000000.0,-3151000000.0,7015000000.0,306000000.0,5362000000.0,403000000.0,,-0.12179017813094604
CVNA,2022-12-31,13604000000.0,-1587000000.0,-2351000000.0,-1324000000.0,512000000.0,-1836000000.0,8698000000.0,-518000000.0,8212000000.0,434000000.0,,-1.4317112051393435
CVNA,2023-12-31,10771000000.0,450000000.0,-80000000.0,803000000.0,87000000.0,716000000.0,7071000000.0,243000000.0,6193000000.0,530000000.0,,0.4059672604364868
CVNA,2024-12-31,13673000000.0,210000000.0,990000000.0,918000000.0,91000000.0,827000000.0,8484000000.0,1260000000.0,5558000000.0,1716000000.0,,0.18945138820369384
CVNA,2025-12-31,20322000000.0,1407000000.0,1881000000.0,1036000000.0,147000000.0,889000000.0,13201000000.0,3441000000.0,5041000000.0,2327000000.0,,1.2693243009647488
CVS,2020-12-31,268706000000.0,7179000000.0,13911000000.0,15865000000.0,2437000000.0,13428000000.0,230715000000.0,69389000000.0,59207000000.0,7854000000.0,2624000000.0,5.46
CVS,2021-12-31,292111000000.0,8001000000.0,13310000000.0,18265000000.0,2520000000.0,15745000000.0,233052000000.0,74535000000.0,52021000000.0,9408000000.0,2625000000.0,6.02
CVS,2022-12-31,322467000000.0,4311000000.0,7954000000.0,16177000000.0,2727000000.0,13450000000.0,228275000000.0,71469000000.0,50476000000.0,12945000000.0,2907000000.0,3.26
CVS,2023-12-31,357776000000.0,8344000000.0,13743000000.0,13426000000.0,3031000000.0,10395000000.0,249728000000.0,76461000000.0,58838000000.0,8196000000.0,3132000000.0,6.47
CVS,2024-12-31,372809000000.0,4614000000.0,8516000000.0,9107000000.0,2781000000.0,6326000000.0,253215000000.0,75560000000.0,62646000000.0,8586000000.0,3373000000.0,3.66
CVS,2025-12-31,402067000000.0,1768000000.0,4660000000.0,10639000000.0,2832000000.0,7807000000.0,253538000000.0,75214000000.0,60502000000.0,8453000000.0,3397000000.0,1.3899999999999997
CVX,2020-12-31,94471000000.0,-5543000000.0,-7453000000.0,10577000000.0,8922000000.0,1655000000.0,239790000000.0,131688000000.0,54140000000.0,5596000000.0,9651000000.0,-2.96
CVX,2021-12-31,155606000000.0,15600000000.0,21639000000.0,29187000000.0,8056000000.0,21131000000.0,239535000000.0,139067000000.0,39128000000.0,5640000000.0,10179000000.0,8.14
CVX,2022-12-31,235717000000.0,35500000000.0,49674000000.0,49602000000.0,11974000000.0,37628000000.0,257709000000.0,159282000000.0,27389000000.0,17678000000.0,10968000000.0,18.28
CVX,2023-12-31,196913000000.0,21400000000.0,29584000000.0,35609000000.0,15829000000.0,19780000000.0,261632000000.0,160957000000.0,25379000000.0,8178000000.0,11336000000.0,11.36
CVX,2024-12-31,193414000000.0,17700000000.0,27506000000.0,31492000000.0,16448000000.0,15044000000.0,256938000000.0,152318000000.0,32791000000.0,8262000000.0,11801000000.0,9.72
CVX,2025-12-31,184432000000.0,12300000000.0,19743000000.0,33939000000.0,17347000000.0,16592000000.0,324012000000.0,186450000000.0,50699000000.0,7285000000.0,12751000000.0,6.630000000000001
D,2020-12-31,11551000000.0,-401000000.0,1401000000.0,5227000000.0,,,95905000000.0,26117000000.0,34852000000.0,172000000.0,2873000000.0,-0.6300000000000001
D,2021-12-31,11661000000.0,3399000000.0,1996000000.0,4037000000.0,,,99590000000.0,27308000000.0,36161000000.0,249000000.0,2036000000.0,3.98
D,2022-12-31,14552000000.0,1191000000.0,1447000000.0,3700000000.0,,,104795000000.0,27659000000.0,38007000000.0,119000000.0,2209000000.0,1.48
D,2023-12-31,13487000000.0,1962000000.0,3414000000.0,6572000000.0,,,109080000000.0,27567000000.0,37204000000.0,184000000.0,2233000000.0,2.33
D,2024-12-31,14182000000.0,2034000000.0,3247000000.0,5018000000.0,,,102415000000.0,26863000000.0,40025000000.0,310000000.0,2239000000.0,2.33
D,2025-12-31,16523000000.0,2998000000.0,4414000000.0,5361000000.0,,,115857000000.0,29083000000.0,46532000000.0,250000000.0,2278000000.0,3.46
DAL,2020-12-31,17095000000.0,-12385000000.0,-12469000000.0,-3793000000.0,1899000000.0,-5692000000.0,71996000000.0,1534000000.0,27974000000.0,8307000000.0,260000000.0,-19.49
DAL,2021-12-31,29899000000.0,280000000.0,1886000000.0,3264000000.0,3247000000.0,17000000.0,72459000000.0,3887000000.0,25084000000.0,7933000000.0,0.0,0.43999999999999995
DAL,2022-12-31,50582000000.0,1318000000.0,3661000000.0,6363000000.0,6366000000.0,-3000000.0,72288000000.0,6582000000.0,21381000000.0,3266000000.0,0.0,2.06
DAL,2023-12-31,58048000000.0,4609000000.0,5521000000.0,6464000000.0,5323000000.0,1141000000.0,73644000000.0,11105000000.0,18610000000.0,2741000000.0,128000000.0,7.17
DAL,2024-12-31,61643000000.0,3457000000.0,5995000000.0,8025000000.0,5140000000.0,2885000000.0,75372000000.0,15293000000.0,15347000000.0,3069000000.0,321000000.0,5.33
DAL,2025-12-31,63364000000.0,5005000000.0,5822000000.0,8342000000.0,4499000000.0,3843000000.0,81317000000.0,20853000000.0,13308000000.0,4310000000.0,440000000.0,7.66
DASH,2020-12-31,2886000000.0,-461000000.0,-436000000.0,252000000.0,106000000.0,146000000.0,6353000000.0,4700000000.0,364000000.0,4345000000.0,,-7.39
DASH,2021-12-31,4888000000.0,-468000000.0,-452000000.0,692000000.0,129000000.0,563000000.0,6809000000.0,4667000000.0,0.0,2504000000.0,,-1.39
DASH,2022-12-31,6583000000.0,-1365000000.0,-1124000000.0,367000000.0,176000000.0,191000000.0,9789000000.0,6754000000.0,,1977000000.0,,-3.68
DASH,2023-12-31,8635000000.0,-558000000.0,-579000000.0,1673000000.0,123000000.0,1550000000.0,10839000000.0,6806000000.0,,2656000000.0,,-1.42
DASH,2024-12-31,10722000000.0,123000000.0,-38000000.0,2132000000.0,104000000.0,2028000000.0,12845000000.0,7803000000.0,0.0,4019000000.0,,0.29
DASH,2025-12-31,13717000000.0,935000000.0,723000000.0,2431000000.0,257000000.0,2174000000.0,19659000000.0,10033000000.0,2724000000.0,4378000000.0,,2.13
DD,2020-12-31,11128000000.0,-2951000000.0,-1259000000.0,4095000000.0,1194000000.0,2901000000.0,70903000000.0,38504000000.0,15612000000.0,2544000000.0,882000000.0,-4.656903765690377
DD,2021-12-31,12566000000.0,6467000000.0,1444000000.0,2281000000.0,788000000.0,1493000000.0,45707000000.0,26433000000.0,10782000000.0,1972000000.0,630000000.0,14.92468619246862
DD,2022-12-31,13017000000.0,5868000000.0,1448000000.0,588000000.0,662000000.0,-74000000.0,41355000000.0,26569000000.0,8074000000.0,3662000000.0,652000000.0,14.748953974895397
DD,2023-12-31,6614000000.0,423000000.0,-279000000.0,845000000.0,302000000.0,543000000.0,38552000000.0,24279000000.0,7800000000.0,2392000000.0,651000000.0,2.82
DD,2024-12-31,6719000000.0,703000000.0,117000000.0,765000000.0,285000000.0,480000000.0,36636000000.0,23350000000.0,7171000000.0,1792000000.0,635000000.0,5.01
DD,2025-12-31,6849000000.0,88000000.0,200000000.0,560000000.0,333000000.0,227000000.0,21575000000.0,13919000000.0,3194000000.0,715000000.0,597000000.0,-5.55
DDOG,2020-12-31,603466000.0,-24547000.0,-13773000.0,109091000.0,5415000.0,103676000.0,1890285000.0,957432000.0,575864000.0,224927000.0,,-0.08
DDOG,2021-12-31,1028784000.0,-20750000.0,-19156000.0,286545000.0,9956000.0,276589000.0,2380794000.0,1041203000.0,735482000.0,270973000.0,,-0.07
DDOG,2022-12-31,1675100000.0,-50160000.0,-58695000.0,418407000.0,35261000.0,383146000.0,3004852000.0,1410505000.0,738847000.0,338985000.0,,-0.16
DDOG,2023-12-31,2128359000.0,48570000.0,-33464000.0,659954000.0,27586000.0,632368000.0,3936072000.0,2025354000.0,742235000.0,330339000.0,,0.14
DDOG,2024-12-31,2684275000.0,183750000.0,54284000.0,870603000.0,34719000.0,835884000.0,5785339000.0,2714363000.0,1613305000.0,1246983000.0,,0.52
DDOG,2025-12-31,3427158000.0,107700000.0,-44373000.0,1050135000.0,49578000.0,1000557000.0,6643844000.0,3732206000.0,983449000.0,401305000.0,,0.31
DE,2020-11-01,35540000000.0,2751000000.0,4305000000.0,7483000000.0,820000000.0,6663000000.0,75091000000.0,12937000000.0,41316000000.0,7066000000.0,956000000.0,8.7
DE,2021-10-31,44024000000.0,5963000000.0,8012000000.0,7726000000.0,848000000.0,6878000000.0,84114000000.0,18431000000.0,43807000000.0,8017000000.0,1040000000.0,18.99
DE,2022-10-30,52577000000.0,7131000000.0,9508000000.0,4699000000.0,1134000000.0,3565000000.0,90030000000.0,20262000000.0,12622000000.0,4774000000.0,1313000000.0,23.28
DE,2023-10-29,61251000000.0,10166000000.0,12958000000.0,8589000000.0,1498000000.0,7091000000.0,104087000000.0,21785000000.0,17988000000.0,7458000000.0,1427000000.0,34.63
DE,2024-10-27,51716000000.0,7100000000.0,9039000000.0,9231000000.0,1640000000.0,7591000000.0,107320000000.0,22836000000.0,13605000000.0,7324000000.0,1605000000.0,25.62
DE,2025-11-02,45684000000.0,5027000000.0,6257000000.0,7459000000.0,1360000000.0,6099000000.0,105996000000.0,25950000000.0,13869000000.0,8276000000.0,1720000000.0,18.5
DECK,2021-03-31,2545641000.0,382575000.0,504205000.0,596217000.0,32218000.0,563999000.0,2167705000.0,1444225000.0,0.0,1089361000.0,,2.245
DECK,2022-03-31,3150339000.0,451949000.0,564707000.0,172353000.0,51017000.0,121336000.0,2332250000.0,1538825000.0,,843527000.0,,2.716666666666667
DECK,2023-03-31,3627286000.0,516822000.0,652751000.0,537422000.0,81025000.0,456397000.0,2556203000.0,1765733000.0,,981795000.0,,3.2333333333333334
DECK,2024-03-31,4287763000.0,759563000.0,927514000.0,1033184000.0,89365000.0,943819000.0,3135579000.0,2107468000.0,,1502051000.0,,4.886666666666667
DECK,2025-03-31,4985612000.0,966091000.0,1179092000.0,1044523000.0,86171000.0,958352000.0,3570252000.0,2513013000.0,,1889188000.0,,6.33
DECK,2026-03-31,5472296000.0,1024071000.0,1262903000.0,1181955000.0,84623000.0,1097332000.0,3687765000.0,2499638000.0,,1907249000.0,,7.02
DELL,2021-01-29,86670000000.0,3250000000.0,3685000000.0,11407000000.0,2082000000.0,9325000000.0,123415000000.0,2479000000.0,39222000000.0,9508000000.0,0.0,2.1388748099341104
DELL,2022-01-28,101197000000.0,5707000000.0,4659000000.0,10307000000.0,2796000000.0,7511000000.0,92735000000.0,-1685000000.0,26954000000.0,9477000000.0,0.0,6.26
DELL,2023-02-03,102301000000.0,2422000000.0,5771000000.0,3565000000.0,3003000000.0,562000000.0,89611000000.0,-3122000000.0,29588000000.0,8607000000.0,964000000.0,3.24
DELL,2024-02-02,88425000000.0,3372000000.0,5411000000.0,8676000000.0,2756000000.0,5920000000.0,82126000000.0,-2227000000.0,25994000000.0,7366000000.0,1072000000.0,4.6
DELL,2025-01-31,95567000000.0,4576000000.0,6237000000.0,4521000000.0,2652000000.0,1869000000.0,79746000000.0,-1482000000.0,24567000000.0,3633000000.0,1275000000.0,6.39
DELL,2026-01-30,113538000000.0,5936000000.0,8149000000.0,11185000000.0,2633000000.0,8552000000.0,101286000000.0,-2470000000.0,31503000000.0,11528000000.0,1459000000.0,8.68
DG,2021-01-29,33746839000.0,2655050000.0,3554765000.0,3876159000.0,1027963000.0,2848196000.0,25862624000.0,6661238000.0,4130975000.0,1376577000.0,355926000.0,10.61
DG,2022-01-28,34220449000.0,2399232000.0,3220675000.0,2865811000.0,1070460000.0,1795351000.0,26327371000.0,6261986000.0,4172068000.0,344829000.0,392188000.0,10.17
DG,2023-02-03,37844863000.0,2415989000.0,3328302000.0,1984555000.0,1560582000.0,423973000.0,29083367000.0,5541772000.0,7009399000.0,381576000.0,493726000.0,10.68
DG,2024-02-02,38691609000.0,1661274000.0,2446300000.0,2391798000.0,1700222000.0,691576000.0,30795591000.0,6749119000.0,6231539000.0,537283000.0,517979000.0,7.55
DG,2025-01-31,40612308000.0,1125253000.0,1714074000.0,2996064000.0,1309888000.0,1686176000.0,31132733000.0,7413707000.0,5719025000.0,932576000.0,518983000.0,5.11
DG,2026-01-30,42724369000.0,1512311000.0,2203668000.0,3634500000.0,1241162000.0,2393338000.0,30963730000.0,8511962000.0,4565881000.0,1138501000.0,519510000.0,6.85
DGX,2020-12-31,9437000000.0,1431000000.0,1971000000.0,2005000000.0,418000000.0,1587000000.0,14026000000.0,6759000000.0,4015000000.0,1158000000.0,297000000.0,10.44
DGX,2021-12-31,10788000000.0,1995000000.0,2381000000.0,2233000000.0,403000000.0,1830000000.0,13611000000.0,6444000000.0,4012000000.0,872000000.0,309000000.0,15.55
DGX,2022-12-31,9883000000.0,946000000.0,1428000000.0,1718000000.0,404000000.0,1314000000.0,12837000000.0,5893000000.0,3980000000.0,315000000.0,305000000.0,7.97
DGX,2023-12-31,9252000000.0,854000000.0,1262000000.0,1272000000.0,408000000.0,864000000.0,14022000000.0,6307000000.0,4713000000.0,686000000.0,314000000.0,7.49
DGX,2024-12-31,9872000000.0,871000000.0,1346000000.0,1334000000.0,425000000.0,909000000.0,16153000000.0,6778000000.0,6217000000.0,549000000.0,331000000.0,7.6899999999999995
DGX,2025-12-31,11035000000.0,992000000.0,1556000000.0,1886000000.0,527000000.0,1359000000.0,16225000000.0,7170000000.0,5671000000.0,420000000.0,353000000.0,8.75
DHI,2020-09-30,20311100000.0,2373700000.0,2983000000.0,1421600000.0,96500000.0,1325100000.0,18912300000.0,11840000000.0,,3018500000.0,256000000.0,6.42
DHI,2021-09-30,27774200000.0,4175800000.0,5356300000.0,534400000.0,93500000.0,440900000.0,24015900000.0,14886500000.0,,3210400000.0,289300000.0,11.41
DHI,2022-09-30,33480000000.0,5857500000.0,7629700000.0,561800000.0,148200000.0,413600000.0,30351100000.0,19396300000.0,,2540500000.0,316500000.0,16.51
DHI,2023-09-30,35460400000.0,4745700000.0,6314700000.0,4304100000.0,148600000.0,4155500000.0,32582400000.0,22696200000.0,,3873600000.0,341200000.0,13.82
DHI,2024-09-30,36801400000.0,4756400000.0,6284700000.0,2189800000.0,165300000.0,2024500000.0,36104300000.0,25312800000.0,,4516400000.0,395200000.0,14.34
DHI,2025-09-30,34250400000.0,3585200000.0,4739900000.0,3420900000.0,137400000.0,3283500000.0,35471200000.0,24190400000.0,,2985400000.0,494800000.0,11.57
DHR,2020-12-31,22284000000.0,3646000000.0,4231000000.0,6208000000.0,791000000.0,5417000000.0,76161000000.0,39766000000.0,21204000000.0,6035000000.0,615000000.0,4.335106382978724
DHR,2021-12-31,24802000000.0,6433000000.0,6377000000.0,8358000000.0,1240000000.0,7118000000.0,83184000000.0,45167000000.0,22176000000.0,2586000000.0,742000000.0,8.61
DHR,2022-12-31,26643000000.0,7209000000.0,7536000000.0,8519000000.0,1118000000.0,7401000000.0,84350000000.0,50082000000.0,19677000000.0,5995000000.0,818000000.0,9.65
DHR,2023-12-31,23890000000.0,4764000000.0,5202000000.0,7164000000.0,1383000000.0,5781000000.0,84488000000.0,53486000000.0,18402000000.0,5864000000.0,821000000.0,6.39
DHR,2024-12-31,23875000000.0,3899000000.0,4863000000.0,6688000000.0,1392000000.0,5296000000.0,77542000000.0,49543000000.0,16005000000.0,2078000000.0,768000000.0,5.29
DHR,2025-12-31,24568000000.0,3614000000.0,4690000000.0,6416000000.0,1156000000.0,5260000000.0,83464000000.0,52534000000.0,18418000000.0,4615000000.0,878000000.0,5.05
DIS,2020-10-03,65388000000.0,-2864000000.0,8108000000.0,7616000000.0,4022000000.0,3594000000.0,201549000000.0,83583000000.0,58628000000.0,17914000000.0,1587000000.0,-1.5899999999999999
DIS,2021-10-02,67418000000.0,1995000000.0,7766000000.0,5566000000.0,3578000000.0,1988000000.0,203609000000.0,88553000000.0,54406000000.0,15959000000.0,0.0,1.09
DIS,2022-10-01,82722000000.0,3145000000.0,12121000000.0,6002000000.0,4943000000.0,1059000000.0,203631000000.0,95008000000.0,48369000000.0,11615000000.0,0.0,1.7200000000000002
DIS,2023-09-30,88898000000.0,2354000000.0,12863000000.0,9866000000.0,4969000000.0,4897000000.0,205579000000.0,99277000000.0,46431000000.0,14182000000.0,0.0,1.29
DIS,2024-09-28,91361000000.0,4972000000.0,15601000000.0,13971000000.0,5412000000.0,8559000000.0,196219000000.0,100696000000.0,45815000000.0,6002000000.0,1366000000.0,2.72
DIS,2025-09-27,94425000000.0,12404000000.0,17551000000.0,18101000000.0,8024000000.0,10077000000.0,197514000000.0,109869000000.0,42026000000.0,5695000000.0,1803000000.0,6.85
DLR,2020-12-31,3903609000.0,356398000.0,557526000.0,1706541000.0,,,36076291000.0,17717697000.0,233350000.0,108501000.0,1162782000.0,1.12
DLR,2021-12-31,4427882000.0,1747412000.0,694009000.0,1702228000.0,,,36369560000.0,18004568000.0,218590000.0,142698000.0,1379198000.0,5.94
DLR,2022-12-31,4691834000.0,380325000.0,589968000.0,1659388000.0,,,41484998000.0,17583334000.0,325228000.0,141773000.0,1450637000.0,1.11
DLR,2023-12-31,5477061000.0,950312000.0,524461000.0,1634780000.0,,,44113258000.0,19117534000.0,315178000.0,1625495000.0,1520644000.0,2.88
DLR,2024-12-31,5554968000.0,588327000.0,471864000.0,2261477000.0,,,45283616000.0,21340397000.0,319283000.0,3870891000.0,1633247000.0,1.61
DLR,2025-12-31,6112692000.0,1313165000.0,658492000.0,2412136000.0,,,49410468000.0,22925663000.0,340630000.0,3451647000.0,1728466000.0,3.58
DLTR,2021-01-30,25508400000.0,1341900000.0,1887900000.0,2716300000.0,898800000.0,1817500000.0,20696000000.0,7285300000.0,3226200000.0,1416700000.0,,5.66
DLTR,2022-01-29,26309800000.0,1327900000.0,1811400000.0,1431500000.0,1021200000.0,410300000.0,21721800000.0,7718500000.0,3417000000.0,984900000.0,,5.8
DLTR,2023-01-28,15405700000.0,1615400000.0,2099300000.0,1614800000.0,639000000.0,975800000.0,23022100000.0,8751500000.0,3421600000.0,642800000.0,,7.21
DLTR,2024-02-03,16770300000.0,-998400000.0,1774500000.0,2684500000.0,1193800000.0,1490700000.0,22023500000.0,7313100000.0,3426300000.0,425200000.0,,-4.6
DLTR,2025-02-01,17565800000.0,-3030100000.0,1462000000.0,2193300000.0,1300500000.0,892800000.0,18644000000.0,3977400000.0,2431200000.0,1256500000.0,,-14.090000000000002
DLTR,2026-01-31,19395700000.0,1282500000.0,1653100000.0,2190700000.0,1134000000.0,1056700000.0,13466200000.0,3754900000.0,2431700000.0,717800000.0,,6.22
DOC,2020-12-31,436494000.0,413563000.0,217683000.0,758431000.0,788895000.0,-30464000.0,15920089000.0,6733723000.0,6616855000.0,44226000.0,787072000.0,0.47000000000000003
DOC,2021-12-31,471325000.0,505540000.0,128367000.0,795248000.0,759720000.0,35528000.0,15257519000.0,6515470000.0,6169989000.0,158287000.0,650082000.0,0.93
DOC,2022-12-31,494935000.0,500449000.0,507130000.0,900261000.0,961994000.0,-61733000.0,15771229000.0,6654701000.0,6497613000.0,72032000.0,648047000.0,0.92
DOC,2023-12-31,527417000.0,306009000.0,314936000.0,956242000.0,774561000.0,181681000.0,15698850000.0,6350446000.0,6876299000.0,117635000.0,657021000.0,0.56
DOC,2024-12-31,568475000.0,243142000.0,273168000.0,1070497000.0,736763000.0,333734000.0,19938255000.0,8401276000.0,8716049000.0,119818000.0,794783000.0,0.36
DOC,2025-12-31,603989000.0,71347000.0,284294000.0,1251959000.0,894949000.0,357010000.0,20336018000.0,7500094000.0,9847894000.0,467457000.0,849095000.0,0.10000000000000002
DOV,2020-12-31,6683760000.0,683451000.0,932987000.0,1104810000.0,165692000.0,939118000.0,9152074000.0,3385773000.0,3108829000.0,513075000.0,284312000.0,4.7
DOV,2021-12-31,7907081000.0,1123818000.0,1281508000.0,1115865000.0,171465000.0,944400000.0,10403627000.0,4189528000.0,3124416000.0,385504000.0,286896000.0,7.74
DOV,2022-12-31,7844174000.0,1065376000.0,1279641000.0,805724000.0,211082000.0,594642000.0,10896519000.0,4286366000.0,3678285000.0,380868000.0,287551000.0,7.42
DOV,2023-12-31,7684476000.0,1056828000.0,1219340000.0,1336345000.0,183406000.0,1152939000.0,11348513000.0,5106605000.0,2991759000.0,398561000.0,284297000.0,7.52
DOV,2024-12-31,7745909000.0,2697126000.0,1206355000.0,1087833000.0,167533000.0,920300000.0,12509160000.0,6953996000.0,2928757000.0,1844877000.0,283117000.0,19.45
DOV,2025-12-31,8092571000.0,1093956000.0,1373361000.0,1338005000.0,220263000.0,1117742000.0,13422423000.0,7405206000.0,3327972000.0,1676808000.0,283007000.0,7.94
DOW,2020-12-31,38542000000.0,1225000000.0,2071000000.0,6226000000.0,1252000000.0,4974000000.0,61470000000.0,12435000000.0,16647000000.0,5104000000.0,2071000000.0,1.6199999999999999
DOW,2021-12-31,54968000000.0,6311000000.0,8145000000.0,7009000000.0,1501000000.0,5508000000.0,62990000000.0,18165000000.0,14441000000.0,2988000000.0,2073000000.0,8.38
DOW,2022-12-31,56902000000.0,4582000000.0,6090000000.0,7475000000.0,1823000000.0,5652000000.0,60603000000.0,20718000000.0,15060000000.0,3886000000.0,2006000000.0,6.28
DOW,2023-12-31,44622000000.0,589000000.0,656000000.0,5196000000.0,2356000000.0,2840000000.0,57967000000.0,18607000000.0,14969000000.0,2987000000.0,1972000000.0,0.8200000000000001
DOW,2024-12-31,42964000000.0,1116000000.0,1600000000.0,2914000000.0,2940000000.0,-26000000.0,57312000000.0,17355000000.0,15711000000.0,2189000000.0,1966000000.0,1.57
DOW,2025-12-31,39968000000.0,-2623000000.0,-2511000000.0,1032000000.0,2479000000.0,-1447000000.0,58538000000.0,16008000000.0,17849000000.0,3816000000.0,1490000000.0,-3.7
DPZ,2021-01-03,4117411000.0,491296000.0,725642000.0,592794000.0,88768000.0,504026000.0,1567168000.0,-3300405000.0,4118873000.0,168821000.0,121925000.0,12.39
DPZ,2022-01-02,4357373000.0,510467000.0,780408000.0,654206000.0,94172000.0,560034000.0,1671816000.0,-4209536000.0,5018726000.0,148160000.0,139399000.0,13.54
DPZ,2023-01-01,4537158000.0,452263000.0,767925000.0,475317000.0,87234000.0,388083000.0,1602221000.0,-4189065000.0,4970733000.0,60356000.0,157531000.0,12.53
DPZ,2023-12-31,4479358000.0,519118000.0,819519000.0,590864000.0,105396000.0,485468000.0,1674899000.0,-4070367000.0,4938840000.0,114098000.0,169772000.0,14.66
DPZ,2024-12-29,4706416000.0,584170000.0,878999000.0,624897000.0,112885000.0,512012000.0,1737013000.0,-3962291000.0,3825759000.0,186126000.0,209945000.0,16.69
DPZ,2025-12-28,4939994000.0,601704000.0,953974000.0,792062000.0,120558000.0,671504000.0,1716459000.0,-3901142000.0,4810783000.0,125675000.0,236861000.0,17.57
DRI,2021-05-30,7196100000.0,629300000.0,648700000.0,1193500000.0,254900000.0,938600000.0,10656100000.0,2813100000.0,929800000.0,1214700000.0,202600000.0,4.77
DRI,2022-05-29,9630000000.0,952800000.0,1162200000.0,1264600000.0,376900000.0,887700000.0,10135800000.0,2198200000.0,901000000.0,420600000.0,563000000.0,7.39
DRI,2023-05-28,10487800000.0,981900000.0,1201800000.0,1552800000.0,564900000.0,987900000.0,10241500000.0,2201500000.0,884900000.0,367800000.0,589800000.0,7.99
DRI,2024-05-26,11390000000.0,1027600000.0,1314200000.0,1621700000.0,601200000.0,1020500000.0,11323000000.0,2242500000.0,1457200000.0,194800000.0,628400000.0,8.51
DRI,2025-05-25,12076700000.0,1049600000.0,1362300000.0,1707000000.0,644600000.0,1062400000.0,12587000000.0,2311300000.0,2128900000.0,240000000.0,658500000.0,8.86
DRI,2026-05-31,13210900000.0,1206700000.0,1582800000.0,1853100000.0,734000000.0,1119100000.0,12862400000.0,2207500000.0,2331300000.0,219500000.0,693000000.0,10.38
DTE,2012-12-31,8791000000.0,610000000.0,1279000000.0,2209000000.0,,,26339000000.0,7373000000.0,6854000000.0,65000000.0,407000000.0,3.021276595744681
DTE,2013-12-31,9661000000.0,661000000.0,1203000000.0,2154000000.0,,,25935000000.0,7921000000.0,7312000000.0,52000000.0,445000000.0,3.2085106382978723
DTE,2014-12-31,12301000000.0,905000000.0,1590000000.0,1845000000.0,,,27827000000.0,8327000000.0,8021000000.0,48000000.0,470000000.0,4.340425531914893
DTE,2015-12-31,10337000000.0,727000000.0,1239000000.0,1916000000.0,,,28662000000.0,8772000000.0,8745000000.0,37000000.0,501000000.0,3.4553191489361703
DTE,2016-12-31,10630000000.0,868000000.0,1486000000.0,2084000000.0,,,32041000000.0,9011000000.0,11005000000.0,92000000.0,531000000.0,4.102127659574468
DTE,2017-12-31,12607000000.0,1134000000.0,1711000000.0,2117000000.0,,,33767000000.0,9512000000.0,11660000000.0,66000000.0,592000000.0,5.3872340425531915
DUK,2020-12-31,23253000000.0,1377000000.0,4571000000.0,8856000000.0,9907000000.0,-1051000000.0,162388000000.0,47964000000.0,59863000000.0,259000000.0,2812000000.0,1.72
DUK,2021-12-31,24486000000.0,3908000000.0,5500000000.0,8290000000.0,9715000000.0,-1425000000.0,169587000000.0,49296000000.0,63835000000.0,341000000.0,3114000000.0,4.93
DUK,2022-12-31,28675000000.0,2550000000.0,6012000000.0,5927000000.0,11367000000.0,-5440000000.0,178086000000.0,49322000000.0,69751000000.0,409000000.0,3179000000.0,3.17
DUK,2023-12-31,28674000000.0,2841000000.0,7070000000.0,9878000000.0,12604000000.0,-2726000000.0,176893000000.0,49112000000.0,75252000000.0,253000000.0,,3.5500000000000003
DUK,2024-12-31,30050000000.0,4524000000.0,7926000000.0,12328000000.0,12280000000.0,48000000.0,186343000000.0,50127000000.0,80689000000.0,314000000.0,,5.71
DUK,2025-12-31,31741000000.0,4968000000.0,8626000000.0,12330000000.0,14024000000.0,-1694000000.0,195736000000.0,51842000000.0,87212000000.0,245000000.0,,6.31
DVA,2020-12-31,11039709000.0,773642000.0,1694636000.0,1979028000.0,674541000.0,1304487000.0,16988516000.0,1383566000.0,7917263000.0,324958000.0,0.0,6.29
DVA,2021-12-31,11618797000.0,1211762000.0,1797370000.0,1930876000.0,641465000.0,1289411000.0,17121488000.0,755508000.0,8729150000.0,461900000.0,0.0,8.9
DVA,2022-12-31,11609894000.0,781643000.0,1339062000.0,1564570000.0,603429000.0,961141000.0,16928252000.0,712326000.0,8692617000.0,244086000.0,0.0,5.85
DVA,2023-12-31,12140147000.0,956978000.0,1602784000.0,2059031000.0,567985000.0,1491046000.0,16893578000.0,1056097000.0,8268334000.0,380063000.0,0.0,7.42
DVA,2024-12-31,12815550000.0,1250737000.0,2090483000.0,2022038000.0,555443000.0,1466595000.0,17285268000.0,121122000.0,9175903000.0,794933000.0,0.0,10.73
DVA,2025-12-31,13643069000.0,1078716000.0,2043615000.0,1886500000.0,575864000.0,1310636000.0,17480103000.0,-651082000.0,10163988000.0,676438000.0,0.0,9.84
DVN,2020-12-31,4673000000.0,-2680000000.0,-3090000000.0,1464000000.0,1153000000.0,311000000.0,9912000000.0,2885000000.0,4298000000.0,2047000000.0,257000000.0,-7.12
DVN,2021-12-31,13750000000.0,2808000000.0,2898000000.0,4899000000.0,1989000000.0,2910000000.0,21025000000.0,9262000000.0,6482000000.0,2099000000.0,1315000000.0,4.19
DVN,2022-12-31,19827000000.0,6031000000.0,7775000000.0,8530000000.0,2542000000.0,5988000000.0,23271000000.0,11167000000.0,6440000000.0,1314000000.0,3379000000.0,9.12
DVN,2023-12-31,15140000000.0,3739000000.0,4623000000.0,6544000000.0,3883000000.0,2661000000.0,24490000000.0,12061000000.0,6155000000.0,853000000.0,1858000000.0,5.84
DVN,2024-12-31,15919000000.0,2893000000.0,3712000000.0,6600000000.0,3645000000.0,2955000000.0,30489000000.0,14496000000.0,8883000000.0,811000000.0,937000000.0,4.56
DVN,2025-12-31,16786000000.0,2642000000.0,3466000000.0,6711000000.0,3592000000.0,3119000000.0,31599000000.0,15528000000.0,8389000000.0,1384000000.0,319000000.0,4.17
DXCM,2020-12-31,1926700000.0,549700000.0,299500000.0,475600000.0,199000000.0,276600000.0,4290500000.0,1551900000.0,2041900000.0,817600000.0,,1.33
DXCM,2021-12-31,2448500000.0,216900000.0,265800000.0,442500000.0,389200000.0,53300000.0,4933300000.0,2042100000.0,1981800000.0,1052600000.0,,0.53
DXCM,2022-12-31,2909800000.0,341200000.0,391200000.0,669500000.0,364800000.0,304700000.0,5391700000.0,2131800000.0,1970300000.0,642300000.0,,0.82
DXCM,2023-12-31,3622300000.0,541500000.0,597700000.0,748500000.0,236600000.0,511900000.0,6264500000.0,2068600000.0,2434200000.0,566300000.0,,1.3
DXCM,2024-12-31,4033000000.0,576200000.0,600000000.0,989500000.0,358800000.0,630700000.0,6484500000.0,2102600000.0,2441400000.0,606100000.0,,1.42
DXCM,2025-12-31,4662000000.0,836300000.0,911800000.0,1440700000.0,363500000.0,1077200000.0,6339900000.0,2746000000.0,1240900000.0,917700000.0,,2.09
EBAY,2020-12-31,8894000000.0,5667000000.0,2636000000.0,2419000000.0,463000000.0,1956000000.0,19310000000.0,3561000000.0,7746000000.0,1101000000.0,447000000.0,7.71
EBAY,2021-12-31,10420000000.0,13608000000.0,2923000000.0,2657000000.0,444000000.0,2213000000.0,26626000000.0,9778000000.0,9082000000.0,1379000000.0,466000000.0,20.25
EBAY,2022-12-31,9795000000.0,-1269000000.0,2350000000.0,2254000000.0,449000000.0,1805000000.0,20850000000.0,5153000000.0,8871000000.0,2154000000.0,489000000.0,-2.27
EBAY,2023-12-31,10112000000.0,2767000000.0,1941000000.0,2426000000.0,456000000.0,1970000000.0,21620000000.0,6396000000.0,7723000000.0,1985000000.0,528000000.0,5.19
EBAY,2024-12-31,10283000000.0,1975000000.0,2318000000.0,2414000000.0,458000000.0,1956000000.0,19365000000.0,5158000000.0,7425000000.0,2433000000.0,533000000.0,3.94
EBAY,2025-12-31,11100000000.0,2031000000.0,2277000000.0,1959000000.0,525000000.0,1434000000.0,17437000000.0,4483000000.0,6746000000.0,1867000000.0,531000000.0,4.34
ECHO,2020-12-31,1887907000.0,-40150000.0,112473000.0,534388000.0,408798000.0,125590000.0,7073352000.0,3542334000.0,2393493000.0,896005000.0,,-0.41000000000000003
ECHO,2021-12-31,19818678000.0,2486285000.0,3422404000.0,4655373000.0,1619312000.0,3036061000.0,6045204000.0,3353827000.0,1495994000.0,535894000.0,,7.94
ECHO,2022-12-31,18634246000.0,2477720000.0,2232838000.0,3621190000.0,3050472000.0,570718000.0,58748281000.0,21487641000.0,1544843000.0,2497536000.0,,8.05
ECHO,2023-12-31,17015598000.0,-1702057000.0,-277909000.0,2432647000.0,3100921000.0,-668274000.0,57108894000.0,19880177000.0,19773725000.0,1821376000.0,,-6.48
ECHO,2024-12-31,15825516000.0,-119546000.0,-304070000.0,1252697000.0,1544877000.0,-292180000.0,60938687000.0,20191372000.0,25690669000.0,4305393000.0,,-0.43999999999999984
ECHO,2025-12-31,15004989000.0,-14497180000.0,-17723146000.0,-99374000.0,965730000.0,-1065104000.0,43016355000.0,5765784000.0,18700122000.0,1883074000.0,,-50.41
ECL,2020-12-31,11790200000.0,-1205100000.0,1395700000.0,1860200000.0,489000000.0,1371200000.0,18126000000.0,6166500000.0,6686600000.0,1260200000.0,560800000.0,-4.12
ECL,2021-12-31,12733100000.0,1129900000.0,1598600000.0,2061900000.0,643000000.0,1418900000.0,21206400000.0,7224200000.0,8758200000.0,359900000.0,566400000.0,3.91
ECL,2022-12-31,14187800000.0,1091700000.0,1562500000.0,1788400000.0,712800000.0,1075600000.0,21464300000.0,7236100000.0,8580400000.0,598600000.0,602800000.0,3.8200000000000003
ECL,2023-12-31,15320200000.0,1372300000.0,1992300000.0,2411800000.0,774800000.0,1637000000.0,21846600000.0,8044700000.0,8181800000.0,919500000.0,617300000.0,4.79
ECL,2024-12-31,15741400000.0,2112400000.0,2802400000.0,2813900000.0,994500000.0,1819400000.0,22387800000.0,8757300000.0,7564900000.0,1256800000.0,664300000.0,7.38
ECL,2025-12-31,16081200000.0,2075600000.0,2737600000.0,2952600000.0,1048300000.0,1904300000.0,24696300000.0,9770800000.0,8236300000.0,646200000.0,753600000.0,7.28
ED,2020-12-31,12026000000.0,1101000000.0,2654000000.0,2198000000.0,4085000000.0,-1887000000.0,62895000000.0,18847000000.0,22349000000.0,1272000000.0,975000000.0,3.28
ED,2021-12-31,13456000000.0,1346000.0,2826000000.0,2733000000.0,3964000000.0,-1231000000.0,63116000000.0,20037000000.0,23044000000.0,992000000.0,1030000000.0,3.8500000000000005
ED,2022-12-31,15455000000.0,1660000.0,2624000000.0,3935000000.0,4465000000.0,-530000000.0,69065000000.0,20687000000.0,23441000000.0,1282000000.0,1089000000.0,4.66
ED,2023-12-31,14476000000.0,2519000.0,3196000000.0,2156000000.0,,,66331000000.0,21158000000.0,22240000000.0,1189000000.0,1096000000.0,7.21
ED,2024-12-31,15469000000.0,1820000.0,2670000000.0,3614000000.0,,,70562000000.0,21962000000.0,24710000000.0,1324000000.0,1100000000.0,5.24
ED,2025-12-31,17049000000.0,2023000.0,2935000000.0,4800000000.0,,,74603000000.0,24190000000.0,25801000000.0,1629000000.0,1166000000.0,5.64
EFX,2020-12-31,4127500000.0,520100000.0,676600000.0,946200000.0,421300000.0,524900000.0,9611800000.0,3168400000.0,4378400000.0,1684600000.0,189500000.0,4.24
EFX,2021-12-31,4923900000.0,744200000.0,1138000000.0,1334800000.0,469000000.0,865800000.0,11040900000.0,3584400000.0,5294900000.0,224700000.0,190000000.0,6.02
EFX,2022-12-31,5122200000.0,696200000.0,1056000000.0,757100000.0,624500000.0,132600000.0,11547900000.0,3956500000.0,5787300000.0,285200000.0,191100000.0,5.65
EFX,2023-12-31,5265200000.0,545300000.0,933600000.0,1116800000.0,601300000.0,515500000.0,12280000000.0,4534100000.0,5711200000.0,216800000.0,191800000.0,4.4
EFX,2024-12-31,5681100000.0,604100000.0,1042100000.0,1324500000.0,511500000.0,813000000.0,11759400000.0,4796900000.0,5010500000.0,169900000.0,193200000.0,4.84
EFX,2025-12-31,6074500000.0,660300000.0,1095200000.0,1615700000.0,481400000.0,1134300000.0,11864200000.0,4604300000.0,5093300000.0,180800000.0,232800000.0,5.32
EG,2020-12-31,9598000000.0,262000000.0,585000000.0,2874000000.0,,,32711503000.0,9726000000.0,,802000000.0,249000000.0,12.84
EG,2021-12-31,11866000000.0,1379000000.0,1546000000.0,3833000000.0,,,38185000000.0,10139000000.0,,1441000000.0,247000000.0,34.62
EG,2022-12-31,12060000000.0,597000000.0,588000000.0,3695000000.0,,,39966000000.0,8441000000.0,,1398000000.0,255000000.0,15.19
EG,2023-12-31,14587000000.0,2517000000.0,2154000000.0,4553000000.0,,,49399000000.0,13202000000.0,,1437000000.0,288000000.0,60.19
EG,2024-12-31,17281000000.0,1373000000.0,1493000000.0,4957000000.0,,,56341000000.0,13875000000.0,,1549000000.0,334000000.0,31.779999999999998
EG,2025-12-31,17496000000.0,1591000000.0,1887000000.0,3068000000.0,,,62514000000.0,15461000000.0,,1318000000.0,335000000.0,37.8
EIX,2020-12-31,13578000000.0,739000000.0,1217000000.0,1263000000.0,5484000000.0,-4221000000.0,69372000000.0,14048000000.0,20661000000.0,87000000.0,928000000.0,1.98
EIX,2021-12-31,14905000000.0,759000000.0,1477000000.0,11000000.0,5505000000.0,-5494000000.0,74745000000.0,15888000000.0,25247000000.0,390000000.0,988000000.0,2.0
EIX,2022-12-31,17220000000.0,612000000.0,1483000000.0,3216000000.0,5778000000.0,-2562000000.0,78041000000.0,15621000000.0,29639000000.0,914000000.0,1050000000.0,1.6
EIX,2023-12-31,16338000000.0,1197000000.0,2627000000.0,3401000000.0,5448000000.0,-2047000000.0,81758000000.0,15501000000.0,33013000000.0,345000000.0,1112000000.0,3.1100000000000003
EIX,2024-12-31,17599000000.0,1284000000.0,2930000000.0,5014000000.0,5707000000.0,-693000000.0,85579000000.0,15565000000.0,35583000000.0,193000000.0,1198000000.0,3.31
EIX,2025-12-31,19317000000.0,4459000000.0,7093000000.0,5800000000.0,6515000000.0,-715000000.0,94026000000.0,17579000000.0,37998000000.0,158000000.0,1274000000.0,11.55
EL,2021-06-30,16215000000.0,2870000000.0,2618000000.0,3631000000.0,637000000.0,2994000000.0,21971000000.0,6057000000.0,5569000000.0,4958000000.0,753000000.0,7.79
EL,2022-06-30,17737000000.0,2390000000.0,3170000000.0,3040000000.0,1040000000.0,2000000000.0,20910000000.0,5590000000.0,5412000000.0,3957000000.0,840000000.0,6.55
EL,2023-06-30,15910000000.0,1006000000.0,1509000000.0,1731000000.0,1003000000.0,728000000.0,23415000000.0,5585000000.0,8114000000.0,4029000000.0,925000000.0,2.79
EL,2024-06-30,15608000000.0,390000000.0,970000000.0,2360000000.0,919000000.0,1441000000.0,21677000000.0,5314000000.0,7771000000.0,3395000000.0,947000000.0,1.08
EL,2025-06-30,14326000000.0,-1133000000.0,-785000000.0,1272000000.0,602000000.0,670000000.0,19892000000.0,3865000000.0,7317000000.0,2921000000.0,618000000.0,-3.15
EL,2026-06-30,15049000000.0,182000000.0,780000000.0,1773000000.0,457000000.0,1316000000.0,19762000000.0,3806000000.0,7306000000.0,3498000000.0,508000000.0,0.49999999999999994
ELV,2020-12-31,121867000000.0,4572000000.0,6360000000.0,10688000000.0,1021000000.0,9667000000.0,86615000000.0,33199000000.0,20035000000.0,5741000000.0,954000000.0,17.91
ELV,2021-12-31,138639000000.0,6158000000.0,7559000000.0,8364000000.0,1087000000.0,7277000000.0,97456000000.0,36095000000.0,22756000000.0,4880000000.0,1104000000.0,24.95
ELV,2022-12-31,156595000000.0,5894000000.0,8283000000.0,8399000000.0,1152000000.0,7247000000.0,102755000000.0,36243000000.0,23849000000.0,7387000000.0,1229000000.0,24.28
ELV,2023-12-31,171340000000.0,5987000000.0,8499000000.0,8061000000.0,1296000000.0,6765000000.0,108928000000.0,39306000000.0,24895000000.0,6526000000.0,1395000000.0,25.22
ELV,2024-12-31,177011000000.0,5980000000.0,7862000000.0,5808000000.0,1256000000.0,4552000000.0,116889000000.0,41315000000.0,30867000000.0,8288000000.0,1508000000.0,25.68
ELV,2025-12-31,199125000000.0,5662000000.0,7199000000.0,4290000000.0,1116000000.0,3174000000.0,121494000000.0,43882000000.0,31896000000.0,9491000000.0,1529000000.0,25.21
EME,2020-12-31,8797061000.0,132943000.0,256834000.0,806366000.0,47969000.0,758397000.0,5063840000.0,2052668000.0,263614000.0,902867000.0,17674000.0,2.39
EME,2021-12-31,9903580000.0,383532000.0,530800000.0,318817000.0,36192000.0,282625000.0,5441446000.0,2252387000.0,248770000.0,821345000.0,28163000.0,7.06
EME,2022-12-31,11076120000.0,406122000.0,564877000.0,497933000.0,49289000.0,448644000.0,5524607000.0,1973589000.0,234277000.0,456439000.0,27187000.0,8.1
EME,2023-12-31,12582873000.0,632994000.0,875756000.0,899655000.0,78404000.0,821251000.0,6609721000.0,2469778000.0,5303000.0,789750000.0,32684000.0,13.31
EME,2024-12-31,14566116000.0,1007145000.0,1344863000.0,1407894000.0,74950000.0,1332944000.0,7716473000.0,2937657000.0,2246000.0,1339550000.0,43384000.0,21.52
EME,2025-12-31,16986422000.0,1272817000.0,1713418000.0,1302063000.0,112750000.0,1189313000.0,9291399000.0,3673944000.0,6300000.0,1111968000.0,45023000.0,28.19
EMR,2021-09-30,12932000000.0,2303000000.0,1762000000.0,3575000000.0,404000000.0,3171000000.0,24715000000.0,9883000000.0,6665000000.0,2354000000.0,1210000000.0,3.8200000000000003
EMR,2022-09-30,13804000000.0,3231000000.0,2432000000.0,2922000000.0,299000000.0,2623000000.0,35672000000.0,10364000000.0,10374000000.0,1804000000.0,1223000000.0,5.41
EMR,2022-12-31,1660000000.0,,,,,,36241000000.0,10727000000.0,9951000000.0,2271000000.0,,7.88
EMR,2023-09-30,15165000000.0,13219000000.0,2903000000.0,637000000.0,363000000.0,274000000.0,42746000000.0,20689000000.0,8157000000.0,8051000000.0,1198000000.0,22.92
EMR,2024-09-30,17492000000.0,1968000000.0,2020000000.0,3332000000.0,419000000.0,2913000000.0,44246000000.0,21636000000.0,7687000000.0,3588000000.0,1201000000.0,3.42
EMR,2025-09-30,18016000000.0,2293000000.0,2934000000.0,3098000000.0,431000000.0,2667000000.0,41964000000.0,20282000000.0,13116000000.0,1544000000.0,1192000000.0,4.04
EOG,2020-12-31,11032000000.0,-605000000.0,-544000000.0,5008000000.0,,,35805000000.0,20302000000.0,5816000000.0,3329000000.0,,-1.04
EOG,2021-12-31,18642000000.0,4664000000.0,6102000000.0,8791000000.0,,,38236000000.0,22180000000.0,5109000000.0,5209000000.0,,7.99
EOG,2022-12-31,25702000000.0,7759000000.0,9966000000.0,11093000000.0,,,41371000000.0,24779000000.0,5078000000.0,5972000000.0,,13.22
EOG,2023-12-31,24186000000.0,7594000000.0,9603000000.0,11340000000.0,,,43857000000.0,28090000000.0,3799000000.0,5278000000.0,,13.0
EOG,2024-12-31,23698000000.0,6403000000.0,8082000000.0,12143000000.0,,,47186000000.0,29351000000.0,4752000000.0,7092000000.0,,11.25
EOG,2025-12-31,22632000000.0,4980000000.0,6385000000.0,10044000000.0,,,51799000000.0,29833000000.0,7936000000.0,3396000000.0,,9.12
EQIX,2020-12-31,5998545000.0,369777000.0,1052928000.0,2309826000.0,2282504000.0,27322000.0,27006841000.0,10633988000.0,10784067000.0,1604869000.0,947933000.0,4.21
EQIX,2021-12-31,6635537000.0,500191000.0,1108162000.0,2547206000.0,2751512000.0,-204306000.0,27918698000.0,10882082000.0,11722148000.0,1536358000.0,1042909000.0,5.53
EQIX,2022-12-31,7263000000.0,705000000.0,1200000000.0,2963000000.0,2278000000.0,685000000.0,30310742000.0,11506000000.0,12880507000.0,1906000000.0,1152000000.0,7.67
EQIX,2023-12-31,8188000000.0,969000000.0,1443000000.0,3217000000.0,2781000000.0,436000000.0,32651000000.0,12489000000.0,14838646000.0,2096000000.0,1375000000.0,10.31
EQIX,2024-12-31,8748000000.0,815000000.0,1328000000.0,3249000000.0,3066000000.0,183000000.0,35085000000.0,13528000000.0,16533000000.0,3081000000.0,1643000000.0,8.5
EQIX,2025-12-31,9217000000.0,1350000000.0,1848000000.0,3911000000.0,4311000000.0,-400000000.0,40141000000.0,14156000000.0,1985000000.0,1727000000.0,1856000000.0,13.76
EQT,2020-12-31,2650299000.0,-958799000.0,-877666000.0,1537701000.0,1042231000.0,495470000.0,18113469000.0,9167462000.0,5050688000.0,18210000.0,7664000.0,-3.68
EQT,2021-12-31,6804020000.0,-1142747000.0,-1360975000.0,1662448000.0,1055128000.0,607320000.0,21607388000.0,9954763000.0,5591072000.0,113963000.0,0.0,-3.54
EQT,2022-12-31,12114168000.0,1770965000.0,2717997000.0,3465560000.0,1400443000.0,2065117000.0,22669926000.0,11172474000.0,5678965000.0,1458644000.0,203629000.0,4.38
EQT,2023-12-31,5044768000.0,1735232000.0,2314411000.0,3178850000.0,2019037000.0,1159813000.0,25285098000.0,14773200000.0,5795113000.0,80977000.0,228339000.0,4.22
EQT,2024-12-31,5273309000.0,230577000.0,685296000.0,2826973000.0,2253709000.0,573264000.0,39830255000.0,20597628000.0,9324177000.0,202093000.0,326581000.0,0.44999999999999996
EQT,2025-12-31,8644211000.0,2039247000.0,3249619000.0,5125952000.0,2288425000.0,2837527000.0,41792874000.0,23752677000.0,7800328000.0,110795000.0,389633000.0,3.31
ERIE,2020-12-31,2536489000.0,293304000.0,338157000.0,342595000.0,55528000.0,287067000.0,2117122000.0,1188048000.0,95864000.0,161240000.0,272902000.0,5.609193735199332
ERIE,2021-12-31,2633977000.0,297860000.0,318097000.0,402794000.0,148800000.0,253994000.0,2242057000.0,1342478000.0,93832000.0,183702000.0,192801000.0,5.696323425410062
ERIE,2022-12-31,2840124000.0,298569000.0,376214000.0,366152000.0,67204000.0,298948000.0,2239456000.0,1448408000.0,0.0,142090000.0,206772000.0,5.709882457534603
ERIE,2023-12-31,3268940000.0,446061000.0,520256000.0,381205000.0,92647000.0,288558000.0,2471964000.0,1662835000.0,,144055000.0,221675000.0,8.530543622714825
ERIE,2024-12-31,3795115000.0,600314000.0,676455000.0,611249000.0,124845000.0,486404000.0,2888614000.0,1987258000.0,,298397000.0,237508000.0,11.480503259254737
ERIE,2025-12-31,4067258000.0,559335000.0,717184000.0,686657000.0,115692000.0,570965000.0,3355481000.0,2283374000.0,,345874000.0,254275000.0,10.69681415145282
ES,2020-12-31,8766500000.0,1212686000.0,1988734000.0,1682572000.0,2942996000.0,-1260424000.0,46099598000.0,14063566000.0,16179062000.0,264950000.0,744665000.0,3.55
ES,2021-12-31,9815000000.0,1228000000.0,1993321000.0,1962600000.0,3175080000.0,-1212480000.0,48492144000.0,14599844000.0,18216674000.0,66800000.0,805439000.0,3.54
ES,2022-12-31,12270200000.0,1412400000.0,2198154000.0,2401293000.0,3441852000.0,-1040559000.0,53230900000.0,15473158000.0,21044123000.0,374600000.0,860033000.0,4.05
ES,2023-12-31,11890600000.0,-434700000.0,2399335000.0,1646161000.0,4336849000.0,-2690688000.0,55612245000.0,14173892000.0,24413463000.0,53900000.0,918995000.0,-1.2599999999999998
ES,2024-12-31,11801800000.0,811653000.0,2408709000.0,2159737000.0,4480529000.0,-2320792000.0,59594529000.0,15039387000.0,26704777000.0,26700000.0,1001488000.0,2.27
ES,2025-12-31,13493100000.0,1692372000.0,2988589000.0,4113572000.0,4158669000.0,-45097000.0,63786711000.0,16197271000.0,28265381000.0,135351000.0,1093074000.0,4.56
ESS,2020-12-31,9598000.0,568870000.0,491441000.0,803108000.0,,,12936177000.0,6000410000.0,643550000.0,73629000.0,,8.69
ESS,2021-12-31,9138000.0,488554000.0,529995000.0,905259000.0,,,12997873000.0,5993603000.0,638959000.0,48420000.0,,7.51
ESS,2022-12-31,11139000.0,408315000.0,595229000.0,975649000.0,,,12372905000.0,5716372000.0,,33295000.0,,6.27
ESS,2023-12-31,11131000.0,405825000.0,584342000.0,980064000.0,,,12361427000.0,5422746000.0,,391749000.0,,6.32
ESS,2024-12-31,10265000.0,741522000.0,703095000.0,1068305000.0,,,12927359000.0,5537046000.0,,66795000.0,,11.54
ESS,2025-12-31,9381000.0,669666000.0,899316000.0,1074423000.0,,,13159009000.0,5541372000.0,,76241000.0,,10.4
ETN,2020-12-31,17858000000.0,1410000000.0,1746000000.0,2944000000.0,389000000.0,2555000000.0,31824000000.0,14930000000.0,7011000000.0,438000000.0,1175000000.0,3.49
ETN,2021-12-31,19628000000.0,2144000000.0,2896000000.0,2163000000.0,575000000.0,1588000000.0,34027000000.0,16413000000.0,6844000000.0,297000000.0,1219000000.0,5.34
ETN,2022-12-31,20752000000.0,2462000000.0,2911000000.0,2533000000.0,598000000.0,1935000000.0,35014000000.0,17038000000.0,8645000000.0,294000000.0,1299000000.0,6.140000000000001
ETN,2023-12-31,23196000000.0,3218000000.0,3827000000.0,3624000000.0,757000000.0,2867000000.0,38432000000.0,19036000000.0,8252000000.0,488000000.0,1379000000.0,8.02
ETN,2024-12-31,24878000000.0,3794000000.0,4566000000.0,4327000000.0,808000000.0,3519000000.0,38381000000.0,18488000000.0,8478000000.0,555000000.0,1500000000.0,9.5
ETN,2025-12-31,27448000000.0,4087000000.0,4932000000.0,4472000000.0,919000000.0,3553000000.0,41251000000.0,19425000000.0,8759000000.0,622000000.0,1626000000.0,10.45
ETR,2020-12-31,10113636000.0,1388334000.0,1769195000.0,2689866000.0,247121000.0,2442745000.0,58239212000.0,10926142000.0,22369776000.0,1759099000.0,748342000.0,3.4499999999999997
ETR,2021-12-31,11742896000.0,1118492000.0,1845626000.0,2300713000.0,168304000.0,2132409000.0,59454242000.0,11637284000.0,25880901000.0,442559000.0,775122000.0,2.77
ETR,2022-12-31,13764237000.0,1103166000.0,2050775000.0,2585490000.0,5065126000.0,-2479636000.0,58595191000.0,12966985000.0,25932549000.0,224164000.0,841677000.0,2.6799999999999997
ETR,2023-12-31,12147412000.0,2356536000.0,2617975000.0,4294328000.0,4440652000.0,-146324000.0,59703396000.0,14622647000.0,25107896000.0,132548000.0,918193000.0,5.55
ETR,2024-12-31,11879653000.0,1055590000.0,2651090000.0,4488510000.0,4838339000.0,-349829000.0,64790032000.0,15083908000.0,27991595000.0,859703000.0,981659000.0,2.45
ETR,2025-12-31,12946686000.0,1758272000.0,3202278000.0,5150651000.0,7684922000.0,-2534271000.0,71890730000.0,16923076000.0,30277161000.0,1928916000.0,1074151000.0,3.91
EVRG,2020-12-31,4781600000.0,618300000.0,1143900000.0,1753800000.0,1560300000.0,193500000.0,27114800000.0,8733400000.0,9627300000.0,144900000.0,465000000.0,2.72
EVRG,2021-12-31,5329100000.0,879700000.0,1354900000.0,1351700000.0,1972500000.0,-620800000.0,28520500000.0,9244400000.0,9687200000.0,26200000.0,497900000.0,3.83
EVRG,2022-12-31,5589200000.0,752700000.0,1267200000.0,1801900000.0,2166500000.0,-364600000.0,29489900000.0,9483700000.0,10344800000.0,25200000.0,534800000.0,3.27
EVRG,2023-12-31,5345100000.0,731300000.0,1282400000.0,1980200000.0,2334000000.0,-353800000.0,30976100000.0,9663100000.0,11853300000.0,27700000.0,569600000.0,3.17
EVRG,2024-12-31,5704400000.0,873500000.0,1468000000.0,1983700000.0,2336600000.0,-352900000.0,32282100000.0,9955000000.0,12460900000.0,22000000.0,596700000.0,3.79
EVRG,2025-12-31,5705100000.0,855600000.0,1532900000.0,2045200000.0,2796900000.0,-751700000.0,33948500000.0,10221300000.0,13406200000.0,19800000.0,613100000.0,3.66
EW,2020-12-31,4386300000.0,823400000.0,897600000.0,1054300000.0,407000000.0,647300000.0,7237100000.0,4574300000.0,595000000.0,1183200000.0,,1.3
EW,2021-12-31,5232500000.0,1503100000.0,1690300000.0,1732100000.0,325800000.0,1406300000.0,8502600000.0,5835900000.0,595700000.0,862800000.0,,2.38
EW,2022-12-31,4464000000.0,1521900000.0,1498400000.0,1218200000.0,244600000.0,973600000.0,8292500000.0,5806700000.0,596300000.0,769000000.0,,2.44
EW,2023-12-31,5010000000.0,1402400000.0,1308900000.0,895800000.0,253000000.0,642800000.0,9363200000.0,6650000000.0,597000000.0,1132300000.0,,2.3
EW,2024-12-31,5439500000.0,4174600000.0,1378700000.0,542300000.0,252400000.0,289900000.0,13055300000.0,9998400000.0,597700000.0,3045200000.0,,6.97
EW,2025-12-31,6067600000.0,1073500000.0,1264200000.0,1595200000.0,260200000.0,1335000000.0,13697200000.0,10337600000.0,598300000.0,2938000000.0,,1.83
EXC,2020-12-31,16663000000.0,1963000000.0,2191000000.0,4235000000.0,8048000000.0,-3813000000.0,129317000000.0,32585000000.0,31149000000.0,432000000.0,1492000000.0,2.01
EXC,2021-12-31,17938000000.0,1706000000.0,2682000000.0,3012000000.0,7981000000.0,-4969000000.0,133013000000.0,34393000000.0,32902000000.0,672000000.0,1497000000.0,1.74
EXC,2022-12-31,19078000000.0,2170000000.0,3315000000.0,4870000000.0,7147000000.0,-2277000000.0,95349000000.0,24744000000.0,37074000000.0,407000000.0,1334000000.0,2.08
EXC,2023-12-31,21727000000.0,2328000000.0,4023000000.0,4703000000.0,7408000000.0,-2705000000.0,101856000000.0,25755000000.0,41095000000.0,445000000.0,1433000000.0,2.34
EXC,2024-12-31,23028000000.0,2460000000.0,4319000000.0,5569000000.0,7097000000.0,-1528000000.0,107784000000.0,26921000000.0,44400000000.0,357000000.0,1524000000.0,2.45
EXC,2025-12-31,24258000000.0,2768000000.0,5148000000.0,6254000000.0,8529000000.0,-2275000000.0,116570000000.0,28798000000.0,49078000000.0,626000000.0,1617000000.0,2.73
EXE,2019-12-31,4517000000.0,-308000000.0,-31000000.0,1623000000.0,,,16193000000.0,4364000000.0,9458000000.0,6000000.0,0.0,-44.58
EXE,2020-12-31,2745000000.0,-9734000000.0,-8703000000.0,1164000000.0,1142000000.0,22000000.0,6584000000.0,-5341000000.0,1929000000.0,279000000.0,0.0,-999.9100000000001
EXE,2022-12-31,11743000000.0,4936000000.0,3780000000.0,4125000000.0,1823000000.0,2302000000.0,15468000000.0,9124000000.0,3093000000.0,130000000.0,1212000000.0,33.36
EXE,2023-12-31,8721000000.0,2419000000.0,3142000000.0,2380000000.0,1829000000.0,551000000.0,14376000000.0,10729000000.0,2028000000.0,1079000000.0,487000000.0,16.92
EXE,2024-12-31,4235000000.0,-714000000.0,-803000000.0,1565000000.0,1557000000.0,8000000.0,27894000000.0,17565000000.0,5680000000.0,317000000.0,388000000.0,-4.55
EXE,2025-12-31,12124000000.0,1819000000.0,2471000000.0,4575000000.0,2736000000.0,1839000000.0,28287000000.0,18578000000.0,5009000000.0,616000000.0,765000000.0,7.57
EXPD,2020-12-31,9584393000.0,696140000.0,940437000.0,654969000.0,47543000.0,607426000.0,4927503000.0,2659637000.0,,1527791000.0,174929000.0,4.08
EXPD,2021-12-31,16523517000.0,1415492000.0,1909326000.0,868494000.0,36247000.0,832247000.0,7609929000.0,3494426000.0,,1728692000.0,195766000.0,8.27
EXPD,2022-12-31,17071284000.0,1357399000.0,1824371000.0,2129675000.0,86824000.0,2042851000.0,5590434000.0,3110021000.0,,2034131000.0,213799000.0,8.26
EXPD,2023-12-31,9300110000.0,752883000.0,939933000.0,1053191000.0,39314000.0,1013877000.0,4523809000.0,2390350000.0,,1512883000.0,202029000.0,5.01
EXPD,2024-12-31,10600515000.0,810073000.0,1041323000.0,723361000.0,40466000.0,682895000.0,4754458000.0,2223012000.0,,1148320000.0,204087000.0,5.72
EXPD,2025-12-31,11069009000.0,810332000.0,1052546000.0,1006501000.0,53101000.0,953400000.0,4893638000.0,2355633000.0,,1314285000.0,207437000.0,5.95
EXPE,2020-12-31,5199000000.0,-2612000000.0,-2719000000.0,-3834000000.0,797000000.0,-4631000000.0,18690000000.0,1510000000.0,8216000000.0,3363000000.0,48000000.0,-19.03
EXPE,2021-12-31,8598000000.0,15000000.0,186000000.0,3748000000.0,673000000.0,3075000000.0,21548000000.0,2057000000.0,8450000000.0,4111000000.0,,-1.8000000000000003
EXPE,2022-12-31,11667000000.0,343000000.0,1085000000.0,3440000000.0,662000000.0,2778000000.0,21561000000.0,2283000000.0,6240000000.0,4096000000.0,,2.17
EXPE,2023-12-31,12839000000.0,688000000.0,1033000000.0,2690000000.0,846000000.0,1844000000.0,21642000000.0,1534000000.0,6253000000.0,4225000000.0,0.0,5.31
EXPE,2024-12-31,13691000000.0,1224000000.0,1319000000.0,3085000000.0,756000000.0,2329000000.0,22388000000.0,1557000000.0,6266000000.0,4183000000.0,0.0,8.95
EXPE,2025-12-31,14733000000.0,1301000000.0,1871000000.0,3880000000.0,770000000.0,3110000000.0,24452000000.0,1284000000.0,6161000000.0,5413000000.0,200000000.0,9.81
EXR,2020-12-31,52129000.0,481779000.0,666140000.0,771232000.0,,,9395848000.0,2547779000.0,55003000.0,109124000.0,467765000.0,3.71
EXR,2021-12-31,66264000.0,827649000.0,975953000.0,952436000.0,,,10474477000.0,3116496000.0,124537000.0,71126000.0,600994000.0,6.19
EXR,2022-12-31,83904000.0,860688000.0,1050402000.0,1238139000.0,1193261000.0,44878000.0,12167458000.0,3259597000.0,145553000.0,92868000.0,805311000.0,6.41
EXR,2023-12-31,101986000.0,803198000.0,1170141000.0,1402474000.0,135577000.0,1266897000.0,27456262000.0,14390921000.0,143603000.0,99062000.0,1046341000.0,4.74
EXR,2024-12-31,120855000.0,854681000.0,1323360000.0,1887430000.0,479059000.0,1408371000.0,28847926000.0,13947535000.0,500000000.0,138222000.0,1375003000.0,4.03
EXR,2025-12-31,129476000.0,973999000.0,1412691000.0,1850193000.0,561723000.0,1288470000.0,29264046000.0,13433166000.0,140535000.0,138920000.0,1374298000.0,4.59
F,2020-12-31,127144000000.0,-1279000000.0,-4408000000.0,24269000000.0,5742000000.0,18527000000.0,267261000000.0,30690000000.0,291000000.0,25243000000.0,596000000.0,-0.31999999999999995
F,2021-12-31,136341000000.0,17937000000.0,4523000000.0,15787000000.0,6227000000.0,9560000000.0,257035000000.0,48519000000.0,565000000.0,20540000000.0,403000000.0,4.45
F,2022-12-31,158057000000.0,-1981000000.0,6276000000.0,6853000000.0,6866000000.0,-13000000.0,255884000000.0,43242000000.0,574000000.0,25134000000.0,2009000000.0,-0.48999999999999994
F,2023-12-31,176191000000.0,4347000000.0,5458000000.0,14918000000.0,8236000000.0,6682000000.0,273310000000.0,42773000000.0,638000000.0,24862000000.0,4995000000.0,1.08
F,2024-12-31,184992000000.0,5879000000.0,5219000000.0,15423000000.0,8684000000.0,6739000000.0,285196000000.0,44835000000.0,805000000.0,22935000000.0,3118000000.0,1.46
F,2025-12-31,187267000000.0,-8182000000.0,-9169000000.0,21282000000.0,8815000000.0,12467000000.0,289160000000.0,35952000000.0,890000000.0,23356000000.0,2989000000.0,-2.06
FANG,2020-12-31,2756000000.0,-4517000000.0,-5476000000.0,2118000000.0,,,17619000000.0,8794000000.0,5815000000.0,104000000.0,236000000.0,-28.61
FANG,2021-12-31,6747000000.0,2276000000.0,4001000000.0,3944000000.0,,,22898000000.0,12088000000.0,6687000000.0,654000000.0,312000000.0,12.24
FANG,2022-12-31,9566000000.0,4562000000.0,6508000000.0,6325000000.0,,,26209000000.0,15009000000.0,6248000000.0,157000000.0,1572000000.0,24.61
FANG,2023-12-31,8412000000.0,3336000000.0,4570000000.0,5920000000.0,,,29001000000.0,16625000000.0,6641000000.0,582000000.0,1444000000.0,17.34
FANG,2024-12-31,11066000000.0,3701000000.0,4396000000.0,6413000000.0,,,67292000000.0,37736000000.0,12975000000.0,161000000.0,1578000000.0,15.53
FANG,2025-12-31,15026000000.0,1547000000.0,1266000000.0,8758000000.0,,,71059000000.0,36972000000.0,14489000000.0,104000000.0,1156000000.0,5.730000000000001
FAST,2020-12-31,5647300000.0,859100000.0,1141800000.0,1101800000.0,168100000.0,933700000.0,3964700000.0,2733200000.0,405000000.0,245700000.0,803400000.0,0.745
FAST,2021-12-31,6010900000.0,925000000.0,1217400000.0,770100000.0,156600000.0,613500000.0,4299000000.0,3042200000.0,390000000.0,236200000.0,643700000.0,0.8
FAST,2022-12-31,6980600000.0,1086900000.0,1453600000.0,941000000.0,173800000.0,767200000.0,4548600000.0,3163200000.0,555000000.0,230100000.0,711300000.0,0.945
FAST,2023-12-31,7346700000.0,1155000000.0,1528700000.0,1432700000.0,172800000.0,1259900000.0,4462900000.0,3348800000.0,260000000.0,221300000.0,1016800000.0,1.01
FAST,2024-12-31,7546000000.0,1150600000.0,1510000000.0,1173300000.0,226500000.0,946800000.0,4698000000.0,3616300000.0,200000000.0,255800000.0,893300000.0,1.0
FAST,2025-12-31,8200500000.0,1258400000.0,1655700000.0,1295900000.0,245300000.0,1050600000.0,5052900000.0,3943600000.0,125000000.0,276800000.0,1004200000.0,1.09
FCX,2020-12-31,13894000000.0,599000000.0,2437000000.0,3017000000.0,1961000000.0,1056000000.0,42144000000.0,10174000000.0,9711000000.0,3657000000.0,73000000.0,0.41
FCX,2021-12-31,22422000000.0,4306000000.0,8366000000.0,7715000000.0,2115000000.0,5600000000.0,48022000000.0,13980000000.0,9450000000.0,8068000000.0,331000000.0,2.9
FCX,2022-12-31,23271000000.0,3468000000.0,7037000000.0,5139000000.0,3469000000.0,1670000000.0,51093000000.0,15555000000.0,10620000000.0,8146000000.0,866000000.0,2.39
FCX,2023-12-31,22703000000.0,1848000000.0,6225000000.0,5279000000.0,4824000000.0,455000000.0,52506000000.0,16693000000.0,9422000000.0,4758000000.0,863000000.0,1.28
FCX,2024-12-31,25169000000.0,1889000000.0,6864000000.0,7160000000.0,4808000000.0,2352000000.0,54848000000.0,17581000000.0,8948000000.0,3923000000.0,865000000.0,1.2999999999999998
FCX,2025-12-31,25186000000.0,2204000000.0,6518000000.0,5610000000.0,4494000000.0,1116000000.0,58167000000.0,18899000000.0,9379000000.0,3824000000.0,865000000.0,1.52
FDS,2020-08-31,1494111000.0,372938000.0,439660000.0,505840000.0,77642000.0,428198000.0,2083388000.0,896375000.0,574354000.0,585605000.0,110439000.0,9.65
FDS,2021-08-31,1591445000.0,399590000.0,474041000.0,555226000.0,61325000.0,493901000.0,2224940000.0,1016353000.0,574535000.0,681865000.0,117927000.0,10.36
FDS,2022-08-31,1843892000.0,396917000.0,475482000.0,538277000.0,51156000.0,487121000.0,4014305000.0,1331408000.0,1982424000.0,503273000.0,125934000.0,10.25
FDS,2023-08-31,2085508000.0,468173000.0,629207000.0,645573000.0,60786000.0,584787000.0,3962922000.0,1619930000.0,1612700000.0,425444000.0,138601000.0,12.04
FDS,2024-08-31,2203056000.0,537126000.0,701299000.0,700338000.0,85681000.0,614657000.0,4055040000.0,1912460000.0,1365973000.0,422979000.0,150667000.0,13.91
FDS,2025-08-31,2321748000.0,597040000.0,748303000.0,726260000.0,108806000.0,617454000.0,4304272000.0,2186413000.0,1368260000.0,337651000.0,159973000.0,15.55
FDX,2021-05-31,83959000000.0,5231000000.0,5857000000.0,10135000000.0,5884000000.0,4251000000.0,82777000000.0,24168000000.0,20829000000.0,7087000000.0,686000000.0,15.672844480257854
FDX,2022-05-31,93512000000.0,3826.0,6245000000.0,9832000000.0,6763000000.0,3069000000.0,85994000000.0,24939000000.0,20214000000.0,6897000000.0,793000000.0,11.547139403706687
FDX,2023-05-31,90155000000.0,3972.0,4912000000.0,8848000000.0,6174000000.0,2674000000.0,87143000000.0,26088000000.0,20528000000.0,6856000000.0,1177000000.0,12.473811442385173
FDX,2024-05-31,87693000000.0,4331.0,5559000000.0,8312000000.0,5176000000.0,3136000000.0,87007000000.0,27582000000.0,20153000000.0,6501000000.0,1259000000.0,17.21
FDX,2025-05-31,87926000000.0,4092.0,5217000000.0,7036000000.0,4055000000.0,2981000000.0,87627000000.0,28074000000.0,19151000000.0,5502000000.0,1339000000.0,16.81
FDX,2026-05-31,94720000000.0,4433.0,5463000000.0,8925000000.0,3809000000.0,5116000000.0,98937000000.0,31647000000.0,24038000000.0,13311000000.0,1374000000.0,18.55
FDXF,2024-05-31,9424000000.0,1574000000.0,1753000000.0,1541000000.0,461000000.0,1080000000.0,,2124000000.0,,,0.0,10.53
FDXF,2025-05-31,8892000000.0,1346000000.0,1404000000.0,1531000000.0,437000000.0,1094000000.0,5022000000.0,2393000000.0,66000000.0,,0.0,9.0
FDXF,2026-05-31,8795000000.0,655000000.0,540000000.0,167000000.0,379000000.0,-212000000.0,6884000000.0,-497000000.0,4484000000.0,,48000000.0,4.38
FE,2020-12-31,10701000000.0,1079000000.0,2162000000.0,1423000000.0,2657000000.0,-1234000000.0,44464000000.0,7237000000.0,22277000000.0,1734000000.0,845000000.0,1.9900000000000002
FE,2021-12-31,11112000000.0,1283000000.0,1726000000.0,2811000000.0,2487000000.0,324000000.0,45432000000.0,8675000000.0,23854000000.0,1462000000.0,849000000.0,2.35
FE,2022-12-31,12459000000.0,406000000.0,1910000000.0,2683000000.0,2848000000.0,-165000000.0,46108000000.0,10166000000.0,21554000000.0,160000000.0,891000000.0,0.71
FE,2023-12-31,12870000000.0,1102000000.0,2266000000.0,1387000000.0,3356000000.0,-1969000000.0,48767000000.0,10437000000.0,24135000000.0,137000000.0,906000000.0,1.92
FE,2024-12-31,13472000000.0,978000000.0,2375000000.0,2891000000.0,4030000000.0,-1139000000.0,52044000000.0,12455000000.0,23473000000.0,111000000.0,970000000.0,1.7
FE,2025-12-31,15090000000.0,1020000000.0,2206000000.0,3700000000.0,4705000000.0,-1005000000.0,55904000000.0,12510000000.0,26231000000.0,57000000.0,1016000000.0,1.76
FFIV,2020-09-30,2350822000.0,307441000.0,392267000.0,660898000.0,59940000.0,600958000.0,4677920000.0,2232268000.0,388322000.0,849556000.0,,5.02
FFIV,2021-09-30,2603416000.0,331241000.0,394025000.0,645196000.0,30651000.0,614545000.0,4997280000.0,2360213000.0,369047000.0,580977000.0,,5.34
FFIV,2022-09-30,2695845000.0,322160000.0,403792000.0,442631000.0,33624000.0,409007000.0,5276194000.0,2468978000.0,349772000.0,758012000.0,,5.27
FFIV,2023-09-30,2813169000.0,394948000.0,472568000.0,653409000.0,54184000.0,599225000.0,5248333000.0,2800232000.0,0.0,797163000.0,,6.550000000000001
FFIV,2024-09-30,2816120000.0,566778000.0,658591000.0,792419000.0,30412000.0,762007000.0,5613004000.0,3129378000.0,,1074602000.0,,9.55
FFIV,2025-09-30,3088072000.0,692380000.0,765949000.0,949666000.0,43260000.0,906406000.0,6319492000.0,3591999000.0,,1344273000.0,,11.8
FICO,2020-09-30,1294562000.0,236411000.0,295969000.0,364916000.0,21989000.0,342927000.0,1606240000.0,331082000.0,834435000.0,157394000.0,,7.89
FICO,2021-09-30,1316536000.0,392084000.0,505489000.0,423817000.0,7569000.0,416248000.0,1567776000.0,-110942000.0,1259018000.0,195354000.0,,13.4
FICO,2022-09-30,1377270000.0,373541000.0,542414000.0,509450000.0,6029000.0,503421000.0,1442034000.0,-801947000.0,1853669000.0,133202000.0,,14.18
FICO,2023-09-30,1513557000.0,429375000.0,642830000.0,468915000.0,4237000.0,464678000.0,1575281000.0,-687990000.0,1861658000.0,136778000.0,,16.93
FICO,2024-09-30,1717526000.0,512811000.0,733629000.0,632964000.0,8884000.0,624080000.0,1717884000.0,-962679000.0,2209021000.0,150667000.0,,20.45
FICO,2025-09-30,1990869000.0,651946000.0,924850000.0,778807000.0,8922000.0,769885000.0,1868133000.0,-1745784000.0,3055691000.0,134136000.0,,26.54
FIS,2020-12-31,12552000000.0,158000000.0,552000000.0,4442000000.0,263000000.0,4179000000.0,83842000000.0,49300000000.0,17265000000.0,1959000000.0,868000000.0,0.24999999999999997
FIS,2021-12-31,9339000000.0,417000000.0,1040000000.0,4810000000.0,320000000.0,4490000000.0,82931000000.0,47347000000.0,16442000000.0,2010000000.0,961000000.0,0.67
FIS,2022-12-31,9720000000.0,-16752000000.0,1176000000.0,3939000000.0,227000000.0,3712000000.0,63278000000.0,27218000000.0,16336000000.0,456000000.0,1138000000.0,1.24
FIS,2023-12-31,9831000000.0,-6655000000.0,1447000000.0,4335000000.0,115000000.0,4220000000.0,54973000000.0,19050000000.0,14318000000.0,440000000.0,1231000000.0,-11.25
FIS,2024-12-31,10127000000.0,1450000000.0,1709000000.0,2175000000.0,97000000.0,2078000000.0,33784000000.0,15698000000.0,10654000000.0,834000000.0,800000000.0,2.62
FIS,2025-12-31,10677000000.0,382000000.0,1741000000.0,2608000000.0,154000000.0,2454000000.0,33488000000.0,13899000000.0,10353000000.0,599000000.0,847000000.0,0.73
FISV,2020-12-31,14852000000.0,958000000.0,1852000000.0,4147000000.0,900000000.0,3247000000.0,74619000000.0,32330000000.0,20684000000.0,906000000.0,,1.4
FISV,2021-12-31,16226000000.0,1334000000.0,2288000000.0,4034000000.0,1160000000.0,2874000000.0,76249000000.0,30952000000.0,21237000000.0,835000000.0,,1.99
FISV,2022-12-31,17737000000.0,2530000000.0,3740000000.0,4618000000.0,1479000000.0,3139000000.0,83869000000.0,30828000000.0,21418000000.0,902000000.0,,3.91
FISV,2023-12-31,19093000000.0,3068000000.0,5014000000.0,5162000000.0,1388000000.0,3774000000.0,90890000000.0,29857000000.0,23118000000.0,1204000000.0,,4.98
FISV,2024-12-31,20456000000.0,3131000000.0,5879000000.0,6631000000.0,1569000000.0,5062000000.0,77176000000.0,27068000000.0,24840000000.0,1236000000.0,,5.38
FISV,2025-12-31,21193000000.0,3480000000.0,5818000000.0,6062000000.0,1763000000.0,4299000000.0,80133000000.0,25792000000.0,28997000000.0,798000000.0,,6.34
FITB,2018-12-31,549000000.0,2193000000.0,2765000000.0,2856000000.0,192000000.0,2664000000.0,146069000000.0,16250000000.0,14999000000.0,2681000000.0,467000000.0,3.0600000000000005
FITB,2019-12-31,565000000.0,2512000000.0,3202000000.0,1824000000.0,243000000.0,1581000000.0,169369000000.0,21203000000.0,15981000000.0,3278000000.0,660000000.0,3.33
FITB,2020-12-31,559000000.0,1427000000.0,1797000000.0,371000000.0,305000000.0,66000000.0,204680000000.0,23111000000.0,16165000000.0,3147000000.0,858000000.0,1.83
FITB,2021-12-31,600000000.0,2770000000.0,3517000000.0,2704000000.0,309000000.0,2395000000.0,211116000000.0,22210000000.0,12801000000.0,2994000000.0,897000000.0,3.73
FITB,2022-12-31,589000000.0,2446000000.0,3093000000.0,6428000000.0,348000000.0,6080000000.0,207452000000.0,17327000000.0,18552000000.0,3466000000.0,927000000.0,3.35
FITB,2023-12-31,577000000.0,2349000000.0,2988000000.0,4509000000.0,491000000.0,4018000000.0,214574000000.0,19172000000.0,19241000000.0,3142000000.0,1060000000.0,3.2200000000000006
FIX,2020-12-31,2856659000.0,150139000.0,190651000.0,286510000.0,24131000.0,262379000.0,1757355000.0,696429000.0,235733000.0,54896000.0,15499000.0,4.09
FIX,2021-12-31,3073636000.0,143348000.0,188438000.0,180151000.0,22330000.0,157821000.0,2209114000.0,805666000.0,388030000.0,58776000.0,17384000.0,3.93
FIX,2022-12-31,4140364000.0,245947000.0,253849000.0,301531000.0,48359000.0,253172000.0,2597478000.0,999923000.0,256245000.0,57214000.0,20077000.0,6.82
FIX,2023-12-31,5206760000.0,323398000.0,418388000.0,639568000.0,94838000.0,544730000.0,3305579000.0,1277829000.0,44212000.0,205150000.0,30379000.0,9.01
FIX,2024-12-31,7027476000.0,522433000.0,749369000.0,849057000.0,111071000.0,737986000.0,4711088000.0,1704676000.0,68335000.0,549939000.0,42766000.0,14.6
FIX,2025-12-31,1831286000.0,1022558000.0,209098000.0,1186356000.0,154903000.0,1031453000.0,6441169000.0,2448774000.0,145226000.0,981898000.0,68833000.0,28.88
FLEX,2021-03-31,24124000000.0,613000000.0,795000000.0,144000000.0,351000000.0,-207000000.0,15836000000.0,3436000000.0,3783000000.0,2637000000.0,,0.9042954031650339
FLEX,2022-03-31,24633000000.0,936000000.0,890000000.0,1024000000.0,443000000.0,581000000.0,19325000000.0,4129000000.0,4197000000.0,2964000000.0,,1.4619442351168048
FLEX,2023-03-31,28502000000.0,793000000.0,1017000000.0,950000000.0,635000000.0,315000000.0,21407000000.0,5351000000.0,3694000000.0,3164000000.0,,1.71
FLEX,2024-03-31,26415000000.0,872000000.0,853000000.0,1326000000.0,530000000.0,796000000.0,18257000000.0,5325000000.0,3261000000.0,2474000000.0,,2.3
FLEX,2025-03-31,25813000000.0,838000000.0,1169000000.0,1505000000.0,438000000.0,1067000000.0,18381000000.0,5002000000.0,3692000000.0,2289000000.0,,2.12
FLEX,2026-03-31,27914000000.0,880000000.0,1368000000.0,1685000000.0,633000000.0,1052000000.0,22060000000.0,5144000000.0,3751000000.0,2389000000.0,,2.33
FOX,2021-06-30,12909000000.0,2150000000.0,2918000000.0,2639000000.0,484000000.0,2155000000.0,22926000000.0,11123000000.0,7951000000.0,5886000000.0,330000000.0,3.59
FOX,2022-06-30,13974000000.0,1205000000.0,1694000000.0,1884000000.0,307000000.0,1577000000.0,22185000000.0,11339000000.0,7206000000.0,5200000000.0,307000000.0,2.11
FOX,2023-06-30,14913000000.0,1239000000.0,1736000000.0,1800000000.0,357000000.0,1443000000.0,21866000000.0,10378000000.0,7210000000.0,4272000000.0,299000000.0,2.33
FOX,2024-06-30,13980000000.0,1501000000.0,2104000000.0,1840000000.0,345000000.0,1495000000.0,21972000000.0,10714000000.0,7197000000.0,4319000000.0,281000000.0,3.13
FOX,2025-06-30,16300000000.0,2263000000.0,3061000000.0,3324000000.0,331000000.0,2993000000.0,23195000000.0,11962000000.0,6602000000.0,5351000000.0,277000000.0,4.91
FOX,2026-06-30,17126000000.0,1685000000.0,2278000000.0,1970000000.0,502000000.0,1468000000.0,22482000000.0,11628000000.0,6606000000.0,4205000000.0,287000000.0,3.84
FOXA,2021-06-30,12909000000.0,2150000000.0,2918000000.0,2639000000.0,484000000.0,2155000000.0,22926000000.0,11123000000.0,7951000000.0,5886000000.0,330000000.0,3.59
FOXA,2022-06-30,13974000000.0,1205000000.0,1694000000.0,1884000000.0,307000000.0,1577000000.0,22185000000.0,11339000000.0,7206000000.0,5200000000.0,307000000.0,2.11
FOXA,2023-06-30,14913000000.0,1239000000.0,1736000000.0,1800000000.0,357000000.0,1443000000.0,21866000000.0,10378000000.0,7210000000.0,4272000000.0,299000000.0,2.33
FOXA,2024-06-30,13980000000.0,1501000000.0,2104000000.0,1840000000.0,345000000.0,1495000000.0,21972000000.0,10714000000.0,7197000000.0,4319000000.0,281000000.0,3.13
FOXA,2025-06-30,16300000000.0,2263000000.0,3061000000.0,3324000000.0,331000000.0,2993000000.0,23195000000.0,11962000000.0,6602000000.0,5351000000.0,277000000.0,4.91
FOXA,2026-06-30,17126000000.0,1685000000.0,2278000000.0,1970000000.0,502000000.0,1468000000.0,22482000000.0,11628000000.0,6606000000.0,4205000000.0,287000000.0,3.84
FRT,2020-12-31,835494000.0,131706000.0,289524000.0,369929000.0,,,7607624000.0,2464157000.0,4308505000.0,798329000.0,,1.62
FRT,2021-12-31,951224000.0,261498000.0,394725000.0,471352000.0,,,7622320000.0,2580602000.0,4063414000.0,162132000.0,,3.26
FRT,2022-12-31,1074378000.0,385491000.0,526408000.0,516769000.0,,,8233991000.0,2954012000.0,4344474000.0,85558000.0,,4.71
FRT,2023-12-31,1132154000.0,236985000.0,406470000.0,555830000.0,,,8436512000.0,2963509000.0,4615731000.0,250825000.0,,2.8
FRT,2024-12-31,1202452000.0,295208000.0,472356000.0,574563000.0,,,8524757000.0,3171594000.0,4496724000.0,123409000.0,,3.42
FRT,2025-12-31,1278975000.0,411077000.0,602199000.0,622378000.0,,,9130460000.0,3248731000.0,4963602000.0,107415000.0,,4.68
FSLR,2020-12-31,2711332000.0,398355000.0,317489000.0,37120000.0,416635000.0,-379515000.0,7108931000.0,5520928000.0,279231000.0,1227002000.0,,3.73
FSLR,2021-12-31,2923377000.0,468693000.0,586751000.0,237559000.0,540291000.0,-302732000.0,7413746000.0,5959551000.0,239901000.0,1450654000.0,,4.38
FSLR,2022-12-31,2619319000.0,-44166000.0,-27236000.0,873369000.0,903605000.0,-30236000.0,8251228000.0,5836055000.0,184349000.0,1481269000.0,,-0.41
FSLR,2023-12-31,3318602000.0,830777000.0,857266000.0,602260000.0,1386775000.0,-784515000.0,10365132000.0,6687469000.0,560306000.0,1946994000.0,,7.74
FSLR,2024-12-31,4206289000.0,1292044000.0,1394420000.0,1217999000.0,1526076000.0,-308077000.0,12124361000.0,7977577000.0,609778000.0,1621376000.0,,12.02
FSLR,2025-12-31,5219376000.0,1528229000.0,1596864000.0,2057105000.0,869875000.0,1187230000.0,13321310000.0,9537993000.0,498572000.0,2803514000.0,,14.21
FTNT,2020-12-31,2594400000.0,488500000.0,531800000.0,1083700000.0,125900000.0,957800000.0,4044500000.0,856000000.0,0.0,1061800000.0,,0.58
FTNT,2021-12-31,3342200000.0,606792011.0,650400000.0,1499700000.0,295900000.0,1203800000.0,5919100000.0,781700000.0,988400000.0,1319100000.0,,0.73
FTNT,2022-12-31,4417400000.0,857302079.0,969600000.0,1730600000.0,281200000.0,1449400000.0,6228000000.0,-281600000.0,990400000.0,1682900000.0,,1.06
FTNT,2023-12-31,5304800000.0,1147780499.0,1241100000.0,1935500000.0,204100000.0,1731400000.0,7258900000.0,-463400000.0,992300000.0,1397900000.0,,1.46
FTNT,2024-12-31,5955800000.0,1745218820.0,1803400000.0,2258100000.0,378900000.0,1879200000.0,9763100000.0,1493800000.0,994300000.0,2875900000.0,,2.26
FTNT,2025-12-31,6799600000.0,1853442685.0,2084700000.0,2590600000.0,364800000.0,2225800000.0,10389200000.0,1237500000.0,996300000.0,2495300000.0,,2.42
FTV,2020-12-31,4634400000.0,1544300000.0,539400000.0,1436700000.0,75700000.0,1361000000.0,16051500000.0,8964200000.0,4230100000.0,1824800000.0,94400000.0,3.300678221552374
FTV,2021-12-31,5254700000.0,608400000.0,812800000.0,961100000.0,50000000.0,911100000.0,16465500000.0,9512200000.0,3959000000.0,819300000.0,97700000.0,1.2132629992464206
FTV,2022-12-31,5825700000.0,755200000.0,987400000.0,1303200000.0,95800000.0,1207400000.0,15890600000.0,9683400000.0,3251300000.0,709200000.0,99500000.0,1.5825169555388094
FTV,2023-12-31,3913900000.0,865800000.0,574000000.0,1353600000.0,78600000.0,1275000000.0,16911800000.0,10318900000.0,3646200000.0,1888800000.0,102000000.0,2.43
FTV,2024-12-31,4080900000.0,832900000.0,716300000.0,1526800000.0,86100000.0,1440700000.0,17016100000.0,10188600000.0,3707300000.0,813300000.0,111200000.0,2.36
FTV,2025-12-31,4159100000.0,532700000.0,720200000.0,1083200000.0,105100000.0,978100000.0,11737700000.0,6453400000.0,3206000000.0,375500000.0,92200000.0,1.73
GD,2020-12-31,37925000000.0,3167000000.0,4133000000.0,3858000000.0,967000000.0,2891000000.0,51308000000.0,15661000000.0,12998000000.0,2824000000.0,1240000000.0,11.0
GD,2021-12-31,38469000000.0,3257000000.0,4163000000.0,4271000000.0,887000000.0,3384000000.0,50073000000.0,17641000000.0,11495000000.0,1603000000.0,1315000000.0,11.55
GD,2022-12-31,39407000000.0,3390000000.0,4211000000.0,4579000000.0,1114000000.0,3465000000.0,51585000000.0,18568000000.0,10496000000.0,1242000000.0,1369000000.0,12.19
GD,2023-12-31,42272000000.0,3315000000.0,4245000000.0,4710000000.0,904000000.0,3806000000.0,54810000000.0,21299000000.0,9261000000.0,1913000000.0,1428000000.0,12.02
GD,2024-12-31,47716000000.0,3782000000.0,4796000000.0,4112000000.0,916000000.0,3196000000.0,55880000000.0,22063000000.0,8762000000.0,1697000000.0,1529000000.0,13.63
GD,2025-12-31,52550000000.0,4210000000.0,5356000000.0,5120000000.0,1161000000.0,3959000000.0,57249000000.0,25622000000.0,8013000000.0,2333000000.0,1593000000.0,15.45
GDDY,2020-12-31,3316700000.0,-495100000.0,272200000.0,764600000.0,66500000.0,698100000.0,6432900000.0,-12900000.0,3114400000.0,765200000.0,,
GDDY,2021-12-31,3815700000.0,242300000.0,382100000.0,829300000.0,51100000.0,778200000.0,7417100000.0,81700000.0,3882300000.0,1255700000.0,,
GDDY,2022-12-31,4091300000.0,352200000.0,498800000.0,979700000.0,59700000.0,920000000.0,6973500000.0,-331800000.0,3831100000.0,774000000.0,,
GDDY,2023-12-31,4254100000.0,1374800000.0,547400000.0,1047600000.0,42000000.0,1005600000.0,7564900000.0,62200000.0,3816400000.0,458800000.0,,
GDDY,2024-12-31,4573200000.0,936900000.0,893500000.0,1287700000.0,26600000.0,1261100000.0,8235400000.0,692100000.0,3795000000.0,1089000000.0,,
GDDY,2025-12-31,4951100000.0,875000000.0,1127300000.0,1599400000.0,23900000.0,1575500000.0,8034900000.0,215100000.0,3780300000.0,1080900000.0,,6.22
GE,2020-12-31,58025000000.0,5704000000.0,-8492000000.0,3411000000.0,1323000000.0,2088000000.0,256211000000.0,35552000000.0,74902000000.0,36530000000.0,,2.859647384917884
GE,2021-12-31,56469000000.0,-6337000000.0,-5695000000.0,3481000000.0,1007000000.0,2474000000.0,205378000000.0,32044000000.0,35114000000.0,15174000000.0,,-4.788507581803671
GE,2022-12-31,29139000000.0,336000000.0,1522000000.0,5917000000.0,1061000000.0,4856000000.0,188851000000.0,33696000000.0,24059000000.0,15810000000.0,,0.03192338387869109
GE,2023-12-31,35348000000.0,9482000000.0,10441000000.0,5189000000.0,862000000.0,4327000000.0,173300000000.0,27403000000.0,20525000000.0,15204000000.0,,8.37
GE,2024-12-31,38702000000.0,6556000000.0,7620000000.0,4710000000.0,1032000000.0,3678000000.0,123140000000.0,19342000000.0,19273000000.0,13619000000.0,,6.0
GE,2025-12-31,45855000000.0,8704000000.0,10000000000.0,8537000000.0,1273000000.0,7264000000.0,130169000000.0,18677000000.0,20494000000.0,12392000000.0,,8.14
GEHC,2021-12-31,17585000000.0,2247000000.0,2795000000.0,1607000000.0,248000000.0,1359000000.0,,16676000000.0,,561000000.0,0.0,
GEHC,2022-12-31,18341000000.0,1916000000.0,2522000000.0,2134000000.0,310000000.0,1824000000.0,27539000000.0,9357000000.0,8241000000.0,1440000000.0,0.0,4.22
GEHC,2023-12-31,19552000000.0,1568000000.0,2435000000.0,2101000000.0,387000000.0,1714000000.0,32454000000.0,7133000000.0,9438000000.0,2494000000.0,41000000.0,3.03
GEHC,2024-12-31,19672000000.0,1993000000.0,2625000000.0,1955000000.0,401000000.0,1554000000.0,33089000000.0,8446000000.0,8949000000.0,2874000000.0,55000000.0,4.34
GEHC,2025-12-31,20625000000.0,2084000000.0,2763000000.0,1987000000.0,482000000.0,1505000000.0,36906000000.0,10379000000.0,9997000000.0,4492000000.0,64000000.0,4.55
GEN,2021-04-02,2551000000.0,554000000.0,896000000.0,706000000.0,6000000.0,700000000.0,6361000000.0,-500000000.0,3601000000.0,933000000.0,373000000.0,0.92
GEN,2022-04-01,2796000000.0,836000000.0,1005000000.0,974000000.0,6000000.0,968000000.0,6943000000.0,-126000000.0,3736000000.0,1887000000.0,303000000.0,1.4100000000000001
GEN,2023-03-31,3317000000.0,1334000000.0,1206000000.0,757000000.0,6000000.0,751000000.0,15947000000.0,2152000000.0,9762000000.0,750000000.0,314000000.0,2.14
GEN,2024-03-29,3800000000.0,607000000.0,1110000000.0,2064000000.0,20000000.0,2044000000.0,15793000000.0,2140000000.0,8604000000.0,846000000.0,323000000.0,0.95
GEN,2025-03-28,3935000000.0,643000000.0,1610000000.0,1221000000.0,15000000.0,1206000000.0,15495000000.0,2269000000.0,8259000000.0,1006000000.0,313000000.0,1.03
GEN,2026-04-03,5000000000.0,973000000.0,2120000000.0,1545000000.0,22000000.0,1523000000.0,15589000000.0,2611000000.0,8196000000.0,411000000.0,312000000.0,1.57
GEV,2022-12-31,29654000000.0,-2736000000.0,-2881000000.0,-114000000.0,513000000.0,-627000000.0,,11607000000.0,,2067000000.0,,
GEV,2023-12-31,33239000000.0,-438000000.0,-923000000.0,1186000000.0,744000000.0,442000000.0,46121000000.0,7416000000.0,429000000.0,1551000000.0,0.0,
GEV,2024-12-31,34935000000.0,1552000000.0,471000000.0,2583000000.0,883000000.0,1700000000.0,51485000000.0,9546000000.0,308000000.0,8205000000.0,0.0,5.58
GEV,2025-12-31,38068000000.0,4884000000.0,1388000000.0,4987000000.0,1277000000.0,3710000000.0,63016000000.0,11178000000.0,328000000.0,8848000000.0,275000000.0,17.69
GILD,2020-12-31,24689000000.0,123000000.0,4071000000.0,8168000000.0,650000000.0,7518000000.0,68407000000.0,18202000000.0,31402000000.0,5997000000.0,3449000000.0,0.0799999999999998
GILD,2021-12-31,27305000000.0,6225000000.0,9918000000.0,11384000000.0,579000000.0,10805000000.0,67952000000.0,21069000000.0,26695000000.0,5338000000.0,3605000000.0,4.93
GILD,2022-12-31,27281000000.0,4592000000.0,7330000000.0,9072000000.0,728000000.0,8344000000.0,63171000000.0,21240000000.0,25230000000.0,5412000000.0,3709000000.0,3.64
GILD,2023-12-31,27116000000.0,5665000000.0,7605000000.0,8006000000.0,585000000.0,7421000000.0,62125000000.0,22833000000.0,24987000000.0,6085000000.0,3809000000.0,4.5
GILD,2024-12-31,28754000000.0,480000000.0,1662000000.0,10828000000.0,523000000.0,10305000000.0,58995000000.0,19330000000.0,26711000000.0,9991000000.0,3918000000.0,0.3799999999999999
GILD,2025-12-31,29443000000.0,8510000000.0,10022000000.0,10019000000.0,563000000.0,9456000000.0,59023000000.0,22703000000.0,24936000000.0,7564000000.0,4003000000.0,6.78
GIS,2021-05-30,18127000000.0,2339800000.0,3144800000.0,2983200000.0,530800000.0,2452400000.0,31841900000.0,9470400000.0,12250700000.0,1505200000.0,1246400000.0,3.7800000000000002
GIS,2022-05-29,18992800000.0,2735000000.0,3475800000.0,3316100000.0,568700000.0,2747400000.0,31090100000.0,10542400000.0,10809000000.0,569400000.0,1244500000.0,4.43
GIS,2023-05-28,20094200000.0,2610000000.0,3433800000.0,2778600000.0,689500000.0,2089100000.0,31451700000.0,10449600000.0,9996800000.0,585500000.0,1287900000.0,4.3100000000000005
GIS,2024-05-26,19857200000.0,2519000000.0,3431700000.0,3302600000.0,774100000.0,2528500000.0,31469900000.0,9396700000.0,11316000000.0,418000000.0,1363400000.0,4.31
GIS,2025-05-25,19486600000.0,2319000000.0,3304800000.0,2918200000.0,625300000.0,2292900000.0,33071100000.0,9199200000.0,14201600000.0,363900000.0,1338700000.0,4.1
GIS,2026-05-31,18424600000.0,-85000000.0,885800000.0,2166200000.0,539900000.0,1626300000.0,30016700000.0,7368400000.0,13469600000.0,453800000.0,1315300000.0,-0.17999999999999994
GL,2020-12-31,4737921000.0,731773000.0,905363000.0,1476434000.0,41756000.0,1434678000.0,29046731000.0,8771092000.0,1667886000.0,94847000.0,78192000.0,6.83
GL,2021-12-31,5112038000.0,1031114000.0,1227190000.0,1437680000.0,38244000.0,1399436000.0,29768048000.0,2003808000.0,1696246000.0,92163000.0,80043000.0,9.99
GL,2022-12-31,5226740000.0,894386000.0,1186466000.0,1422194000.0,27929000.0,1394265000.0,25986797000.0,3949577000.0,1793452000.0,92559000.0,80547000.0,9.03
GL,2023-12-31,5447533000.0,970755000.0,1265012000.0,1482425000.0,49553000.0,1432872000.0,28051499000.0,4486803000.0,1629559000.0,103156000.0,84116000.0,10.08
GL,2024-12-31,5778069000.0,1070762000.0,1326637000.0,1402440000.0,71045000.0,1331395000.0,29076181000.0,5305520000.0,2739652000.0,165325000.0,85485000.0,11.94
GL,2025-12-31,5994318000.0,1161238000.0,1435975000.0,1396391000.0,142484000.0,1253907000.0,30813692000.0,5974579000.0,2625449000.0,144704000.0,86067000.0,14.07
GLW,2020-12-31,11303000000.0,512000000.0,509000000.0,2180000000.0,1377000000.0,803000000.0,30775000000.0,13257000000.0,7972000000.0,2672000000.0,,0.54
GLW,2021-12-31,14082000000.0,1906000000.0,2112000000.0,3412000000.0,1637000000.0,1775000000.0,30154000000.0,12333000000.0,7044000000.0,2148000000.0,,1.28
GLW,2022-12-31,14189000000.0,1316000000.0,1438000000.0,2615000000.0,1604000000.0,1011000000.0,29499000000.0,12008000000.0,6911000000.0,1671000000.0,,1.54
GLW,2023-12-31,12588000000.0,581000000.0,890000000.0,2005000000.0,1390000000.0,615000000.0,28500000000.0,11551000000.0,7526000000.0,1779000000.0,,0.6800000000000002
GLW,2024-12-31,13118000000.0,506000000.0,1135000000.0,1939000000.0,965000000.0,974000000.0,27735000000.0,10686000000.0,7211000000.0,1768000000.0,,0.58
GLW,2025-12-31,15629000000.0,1596000000.0,2279000000.0,2695000000.0,1282000000.0,1413000000.0,30976000000.0,11807000000.0,8434000000.0,1526000000.0,,1.83
GM,2020-12-31,108673000000.0,6427000000.0,6634000000.0,16670000000.0,5300000000.0,11370000000.0,235194000000.0,45030000000.0,110024000000.0,19992000000.0,669000000.0,4.33
GM,2021-12-31,113590000000.0,9945000000.0,9324000000.0,15188000000.0,7509000000.0,7679000000.0,244718000000.0,59744000000.0,109867000000.0,20067000000.0,186000000.0,6.7
GM,2022-12-31,143975000000.0,9708000000.0,10315000000.0,16043000000.0,9238000000.0,6805000000.0,264037000000.0,67792000000.0,116217000000.0,19153000000.0,397000000.0,6.13
GM,2023-12-31,157658000000.0,9840000000.0,9298000000.0,20930000000.0,10970000000.0,9960000000.0,273064000000.0,64286000000.0,123494000000.0,18853000000.0,597000000.0,7.32
GM,2024-12-31,171606000000.0,5963000000.0,12784000000.0,20129000000.0,10830000000.0,9299000000.0,279761000000.0,63072000000.0,131758000000.0,19872000000.0,653000000.0,6.37
GM,2025-12-31,167971000000.0,2780000000.0,2909000000.0,26867000000.0,9303000000.0,17564000000.0,281284000000.0,61119000000.0,131574000000.0,20945000000.0,657000000.0,3.2699999999999996
GNRC,2020-12-31,2485200000.0,350576000.0,479106000.0,486533000.0,62128000.0,424405000.0,3235423000.0,1390293000.0,835826000.0,655128000.0,0.0,5.48
GNRC,2021-12-31,3737184000.0,556600000.0,721136000.0,411156000.0,109992000.0,301164000.0,4877780000.0,2213774000.0,883781000.0,147339000.0,0.0,8.31
GNRC,2022-12-31,4564737000.0,408900000.0,566330000.0,58516000.0,86188000.0,-27672000.0,5169462000.0,2257381000.0,1381049000.0,132723000.0,309000.0,5.4399999999999995
GNRC,2023-12-31,4022667000.0,217100000.0,386199000.0,521670000.0,129060000.0,392610000.0,5093312000.0,2340252000.0,1476935000.0,200994000.0,0.0,3.29
GNRC,2024-12-31,4295834000.0,316900000.0,536742000.0,741301000.0,136733000.0,604568000.0,5109331000.0,2494278000.0,1272003000.0,281277000.0,273000.0,5.39
GNRC,2025-12-31,4209147000.0,161400000.0,289191000.0,437978000.0,169850000.0,268128000.0,5573679000.0,2632422000.0,1206479000.0,341413000.0,293000.0,2.69
GOOG,2020-12-31,182527000000.0,40269000000.0,41224000000.0,65124000000.0,22281000000.0,42843000000.0,319616000000.0,222544000000.0,14931000000.0,26465000000.0,,2.93
GOOG,2021-12-31,257637000000.0,76033000000.0,78714000000.0,91652000000.0,24640000000.0,67012000000.0,359268000000.0,251635000000.0,14817000000.0,20945000000.0,,5.609999999999999
GOOG,2022-12-31,282836000000.0,59972000000.0,74842000000.0,91495000000.0,31485000000.0,60010000000.0,365264000000.0,256144000000.0,14701000000.0,21879000000.0,0.0,4.56
GOOG,2023-12-31,307394000000.0,73795000000.0,84293000000.0,101746000000.0,32251000000.0,69495000000.0,402392000000.0,283379000000.0,12870000000.0,24048000000.0,0.0,5.8
GOOG,2024-12-31,350018000000.0,100118000000.0,112390000000.0,125299000000.0,52535000000.0,72764000000.0,450256000000.0,325084000000.0,11882000000.0,23466000000.0,7363000000.0,8.04
GOOG,2025-12-31,402836000000.0,132170000000.0,129039000000.0,164713000000.0,91447000000.0,73266000000.0,595281000000.0,415265000000.0,48543000000.0,30708000000.0,10049000000.0,10.81
GOOGL,2020-12-31,182527000000.0,40269000000.0,41224000000.0,65124000000.0,22281000000.0,42843000000.0,319616000000.0,222544000000.0,14931000000.0,26465000000.0,,2.93
GOOGL,2021-12-31,257637000000.0,76033000000.0,78714000000.0,91652000000.0,24640000000.0,67012000000.0,359268000000.0,251635000000.0,14817000000.0,20945000000.0,,5.609999999999999
GOOGL,2022-12-31,282836000000.0,59972000000.0,74842000000.0,91495000000.0,31485000000.0,60010000000.0,365264000000.0,256144000000.0,14701000000.0,21879000000.0,0.0,4.56
GOOGL,2023-12-31,307394000000.0,73795000000.0,84293000000.0,101746000000.0,32251000000.0,69495000000.0,402392000000.0,283379000000.0,12870000000.0,24048000000.0,0.0,5.8
GOOGL,2024-12-31,350018000000.0,100118000000.0,112390000000.0,125299000000.0,52535000000.0,72764000000.0,450256000000.0,325084000000.0,11882000000.0,23466000000.0,7363000000.0,8.04
GOOGL,2025-12-31,402836000000.0,132170000000.0,129039000000.0,164713000000.0,91447000000.0,73266000000.0,595281000000.0,415265000000.0,48543000000.0,30708000000.0,10049000000.0,10.81
GPC,2020-12-31,16537433000.0,-29102000.0,379368000.0,2014522000.0,153502000.0,1861020000.0,13440215000.0,3204796000.0,2677145000.0,990166000.0,453277000.0,-0.2200000000000002
GPC,2021-12-31,18870510000.0,898790000.0,1200346000.0,1258285000.0,266136000.0,992149000.0,14352102000.0,3490742000.0,2409363000.0,714701000.0,465649000.0,6.24
GPC,2022-12-31,22095973000.0,1182701000.0,1572602000.0,1466971000.0,339632000.0,1127339000.0,16495379000.0,3790363000.0,3328823000.0,653463000.0,495917000.0,8.31
GPC,2023-12-31,23090610000.0,1316524000.0,1742348000.0,1435610000.0,512675000.0,922935000.0,17968454000.0,4401047000.0,3906228000.0,1102007000.0,526674000.0,9.33
GPC,2024-12-31,23486569000.0,904076000.0,1175968000.0,1251251000.0,567339000.0,683912000.0,19282705000.0,4337407000.0,4242640000.0,479991000.0,554931000.0,6.47
GPC,2025-12-31,24300141000.0,65945000.0,52168000.0,890762000.0,469838000.0,420924000.0,20795540000.0,4422991000.0,3852211000.0,477179000.0,563842000.0,0.4700000000000002
GPN,2020-12-31,7423558000.0,584520000.0,893953000.0,2314150000.0,436236000.0,1877914000.0,44201545000.0,27332370000.0,8825105000.0,1945868000.0,233216000.0,1.95
GPN,2021-12-31,8523762000.0,965460000.0,1358876000.0,2780825000.0,493216000.0,2287609000.0,45279713000.0,25628201000.0,11899011000.0,1979308000.0,259726000.0,3.29
GPN,2022-12-31,6828887000.0,111493000.0,309517000.0,2540194000.0,615652000.0,1924542000.0,44809014000.0,22303506000.0,13036359000.0,1997566000.0,273955000.0,0.4
GPN,2023-12-31,7379784000.0,986233000.0,1315614000.0,2549805000.0,658142000.0,1891663000.0,50570186000.0,22999210000.0,16555925000.0,1906931000.0,260431000.0,3.77
GPN,2024-12-31,7735970000.0,1570365000.0,1974500000.0,3057583000.0,674917000.0,2382666000.0,46890255000.0,22280686000.0,15582860000.0,2356470000.0,252811000.0,6.16
GPN,2025-12-31,7705878000.0,1400107000.0,1754624000.0,2656592000.0,617769000.0,2038823000.0,53338484000.0,22888767000.0,19886519000.0,8336402000.0,238521000.0,5.78
GRMN,2020-12-26,4186573000.0,992324000.0,1054240000.0,1135267000.0,185401000.0,949866000.0,7031373000.0,5516116000.0,,1458442000.0,450631000.0,5.16
GRMN,2021-12-25,4982795000.0,1082200000.0,1218620000.0,1012427000.0,307645000.0,704782000.0,7854427000.0,6114159000.0,,1498058000.0,491457000.0,5.61
GRMN,2022-12-31,4860286000.0,973585000.0,1027845000.0,788259000.0,244286000.0,543973000.0,7731170000.0,6204340000.0,,1279194000.0,679096000.0,5.04
GRMN,2023-12-30,5228252000.0,1289636000.0,1092160000.0,1376265000.0,193524000.0,1182741000.0,8603569000.0,7012060000.0,,1693452000.0,558769000.0,6.71
GRMN,2024-12-28,6296903000.0,1411436000.0,1593994000.0,1432471000.0,193571000.0,1238900000.0,9630527000.0,7848398000.0,,2079468000.0,572355000.0,7.3
GRMN,2025-12-27,7245519000.0,1663887000.0,1876076000.0,1633359000.0,270446000.0,1362913000.0,10993669000.0,8972564000.0,,2278646000.0,663885000.0,8.59
GS,2020-12-31,44560000000.0,9459000000.0,12479000000.0,-18535000000.0,6309000000.0,-24844000000.0,1163028000000.0,95932000000.0,2048000000.0,155842000000.0,2336000000.0,24.74
GS,2021-12-31,59339000000.0,21635000000.0,27044000000.0,6298000000.0,4667000000.0,1631000000.0,1463988000000.0,109926000000.0,2034000000.0,261036000000.0,2725000000.0,59.45
GS,2022-12-31,47365000000.0,11261000000.0,13486000000.0,8708000000.0,3748000000.0,4960000000.0,1441799000000.0,117189000000.0,60961000000.0,241825000000.0,3682000000.0,30.059999999999995
GS,2023-12-31,46254000000.0,8516000000.0,10739000000.0,-12587000000.0,2316000000.0,-14903000000.0,1641594000000.0,116905000000.0,75945000000.0,241577000000.0,4189000000.0,22.87
GS,2024-12-31,53512000000.0,14276000000.0,18397000000.0,-13212000000.0,2091000000.0,-15303000000.0,1675972000000.0,121996000000.0,69709000000.0,182092000000.0,4497000000.0,40.54
GS,2025-12-31,58283000000.0,17176000000.0,21852000000.0,-45154000000.0,2064000000.0,-47218000000.0,1809320000000.0,124972000000.0,355959000000.0,164259000000.0,5277000000.0,51.32
GWW,2020-12-31,11797000000.0,695000000.0,1019000000.0,1123000000.0,197000000.0,926000000.0,6295000000.0,1828000000.0,2397000000.0,585000000.0,338000000.0,12.82
GWW,2021-12-31,13022000000.0,1043000000.0,1547000000.0,937000000.0,255000000.0,682000000.0,6592000000.0,1874000000.0,2362000000.0,241000000.0,357000000.0,19.84
GWW,2022-12-31,15228000000.0,1547000000.0,2215000000.0,1333000000.0,256000000.0,1077000000.0,7588000000.0,2440000000.0,2319000000.0,325000000.0,370000000.0,30.06
GWW,2023-12-31,16478000000.0,1829000000.0,2565000000.0,2031000000.0,445000000.0,1586000000.0,8147000000.0,3115000000.0,2300000000.0,660000000.0,392000000.0,36.23
GWW,2024-12-31,17168000000.0,1909000000.0,2637000000.0,2111000000.0,541000000.0,1570000000.0,8829000000.0,3358000000.0,2778000000.0,1036000000.0,421000000.0,38.71
GWW,2025-12-31,17942000000.0,1706000000.0,2495000000.0,2015000000.0,684000000.0,1331000000.0,8962000000.0,3736000000.0,2488000000.0,585000000.0,467000000.0,35.4
HAL,2020-12-31,14445000000.0,-2945000000.0,-2436000000.0,1881000000.0,728000000.0,1153000000.0,20680000000.0,4974000000.0,9827000000.0,2563000000.0,278000000.0,-3.34
HAL,2021-12-31,15295000000.0,1457000000.0,1800000000.0,1911000000.0,799000000.0,1112000000.0,22321000000.0,6713000000.0,9138000000.0,3044000000.0,161000000.0,
HAL,2022-12-31,20297000000.0,1572000000.0,2707000000.0,2242000000.0,1011000000.0,1231000000.0,23255000000.0,7948000000.0,7928000000.0,2346000000.0,435000000.0,
HAL,2023-12-31,23018000000.0,2638000000.0,4083000000.0,3458000000.0,1379000000.0,2079000000.0,24683000000.0,9391000000.0,7636000000.0,2264000000.0,576000000.0,
HAL,2024-12-31,22944000000.0,2501000000.0,3822000000.0,3865000000.0,1442000000.0,2423000000.0,25587000000.0,10506000000.0,7541000000.0,2618000000.0,600000000.0,2.83
HAL,2025-12-31,22184000000.0,1283000000.0,2260000000.0,2926000000.0,1254000000.0,1672000000.0,25010000000.0,10461000000.0,7158000000.0,2206000000.0,579000000.0,1.5
HAS,2020-12-27,5465400000.0,222500000.0,501800000.0,976300000.0,125800000.0,850500000.0,10818400000.0,2936700000.0,5092600000.0,1449700000.0,372700000.0,1.61
HAS,2021-12-26,6420400000.0,428700000.0,763300000.0,817900000.0,132700000.0,685200000.0,10037800000.0,3063100000.0,4024300000.0,1019200000.0,374500000.0,3.1
HAS,2022-12-25,5856700000.0,203500000.0,407700000.0,372900000.0,128200000.0,244700000.0,9295900000.0,2861900000.0,3824400000.0,513100000.0,385300000.0,1.46
HAS,2023-12-31,5003300000.0,-1489300000.0,-1538800000.0,725600000.0,135500000.0,590100000.0,6540900000.0,1087000000.0,3465800000.0,545400000.0,388000000.0,-10.73
HAS,2024-12-29,4135500000.0,385600000.0,690000000.0,847400000.0,87200000.0,760200000.0,6340300000.0,1185000000.0,3380800000.0,695000000.0,389900000.0,2.75
HAS,2025-12-28,4701300000.0,-322400000.0,11100000.0,893200000.0,63300000.0,829900000.0,5552000000.0,565500000.0,3264900000.0,776600000.0,392500000.0,-2.3
HBAN,2020-12-31,884000000.0,817000000.0,972000000.0,1323000000.0,119000000.0,1204000000.0,123038000000.0,12993000000.0,8535000000.0,6595000000.0,614000000.0,0.69
HBAN,2021-12-31,1113000000.0,1295000000.0,1591000000.0,2062000000.0,247000000.0,1815000000.0,174064000000.0,19297000000.0,7442000000.0,5522000000.0,750000000.0,0.9
HBAN,2022-12-31,1318000000.0,2238000000.0,2764000000.0,4027000000.0,214000000.0,3813000000.0,182906000000.0,17731000000.0,11713000000.0,6704000000.0,897000000.0,1.45
HBAN,2023-12-31,1400000000.0,1951000000.0,2384000000.0,2657000000.0,140000000.0,2517000000.0,189368000000.0,19353000000.0,13014000000.0,10129000000.0,900000000.0,1.2400000000000002
HBAN,2024-12-31,1468000000.0,1940000000.0,2403000000.0,1836000000.0,143000000.0,1693000000.0,204230000000.0,19740000000.0,16573000000.0,12847000000.0,903000000.0,1.22
HBAN,2025-12-31,1562000000.0,2211000000.0,2688000000.0,2482000000.0,267000000.0,2215000000.0,225106000000.0,24342000000.0,18482000000.0,13495000000.0,908000000.0,1.39
HCA,2020-12-31,51533000000.0,3754000000.0,5430000000.0,9232000000.0,2835000000.0,6397000000.0,47490000000.0,572000000.0,31004000000.0,1793000000.0,153000000.0,17.9
HCA,2021-12-31,58752000000.0,6956000000.0,9833000000.0,8959000000.0,3577000000.0,5382000000.0,50742000000.0,-933000000.0,34579000000.0,1451000000.0,624000000.0,21.16
HCA,2022-12-31,60233000000.0,5643000000.0,8580000000.0,8522000000.0,4395000000.0,4127000000.0,52438000000.0,-2767000000.0,38084000000.0,908000000.0,653000000.0,19.15
HCA,2023-12-31,64968000000.0,5242000000.0,7706000000.0,9431000000.0,4744000000.0,4687000000.0,56211000000.0,-1774000000.0,39593000000.0,935000000.0,661000000.0,18.97
HCA,2024-12-31,70603000000.0,5760000000.0,8523000000.0,10514000000.0,4875000000.0,5639000000.0,59513000000.0,-2499000000.0,43031000000.0,1933000000.0,690000000.0,22.0
HCA,2025-12-31,75600000000.0,6784000000.0,9832000000.0,12636000000.0,4944000000.0,7692000000.0,60720000000.0,-6027000000.0,46492000000.0,1040000000.0,679000000.0,28.33
HD,2021-01-31,132110000000.0,12866000000.0,18278000000.0,18839000000.0,2463000000.0,16376000000.0,70581000000.0,3299000000.0,35822000000.0,7895000000.0,6451000000.0,11.94
HD,2022-01-30,151157000000.0,16430000000.0,23040000000.0,16571000000.0,2566000000.0,14005000000.0,71876000000.0,-1696000000.0,37639000000.0,2343000000.0,6985000000.0,15.53
HD,2023-01-29,157403000000.0,17110000000.0,24039000000.0,14615000000.0,3119000000.0,11496000000.0,76445000000.0,1562000000.0,41962000000.0,2757000000.0,7789000000.0,16.69
HD,2024-01-28,152669000000.0,15140000000.0,21689000000.0,21172000000.0,3226000000.0,17946000000.0,76530000000.0,1044000000.0,42743000000.0,3760000000.0,8383000000.0,15.11
HD,2025-02-02,159514000000.0,14810000000.0,21526000000.0,19810000000.0,3485000000.0,16325000000.0,96119000000.0,6640000000.0,48801000000.0,1659000000.0,8929000000.0,14.91
HD,2026-02-01,164683000000.0,14160000000.0,20890000000.0,16325000000.0,3679000000.0,12646000000.0,105095000000.0,12813000000.0,50805000000.0,1389000000.0,9152000000.0,14.23
HIG,2020-12-31,1360000000.0,1737000000.0,2120000000.0,3871000000.0,114000000.0,3757000000.0,74111000000.0,18556000000.0,4352000000.0,239000000.0,457000000.0,4.76
HIG,2021-12-31,1569000000.0,2371000000.0,2905000000.0,4093000000.0,133000000.0,3960000000.0,76578000000.0,17805000000.0,4944000000.0,337000000.0,485000000.0,6.64
HIG,2022-12-31,1423000000.0,1819000000.0,2262000000.0,4008000000.0,175000000.0,3833000000.0,73008000000.0,13676000000.0,4357000000.0,344000000.0,506000000.0,5.46
HIG,2023-12-31,1382000000.0,2504000000.0,3088000000.0,4220000000.0,215000000.0,4005000000.0,76780000000.0,15327000000.0,4362000000.0,189000000.0,528000000.0,7.989999999999999
HIG,2024-12-31,1458000000.0,3111000000.0,3849000000.0,5909000000.0,145000000.0,5764000000.0,80917000000.0,16447000000.0,4366000000.0,234000000.0,556000000.0,10.35
HIG,2025-12-31,1506000000.0,3836000000.0,4760000000.0,5922000000.0,169000000.0,5753000000.0,86029000000.0,18979000000.0,4371000000.0,166000000.0,592000000.0,13.32
HII,2020-12-31,9361000000.0,696000000.0,799000000.0,1093000000.0,353000000.0,740000000.0,8157000000.0,1901000000.0,1686000000.0,512000000.0,172000000.0,17.130000000000003
HII,2021-12-31,9524000000.0,544000000.0,513000000.0,760000000.0,331000000.0,429000000.0,10627000000.0,2808000000.0,3298000000.0,627000000.0,186000000.0,13.5
HII,2022-12-31,10676000000.0,579000000.0,565000000.0,766000000.0,284000000.0,482000000.0,10857000000.0,3489000000.0,2905000000.0,467000000.0,192000000.0,14.44
HII,2023-12-31,11454000000.0,681000000.0,781000000.0,970000000.0,292000000.0,678000000.0,11215000000.0,4093000000.0,2445000000.0,430000000.0,200000000.0,17.07
HII,2024-12-31,11535000000.0,550000000.0,535000000.0,393000000.0,367000000.0,26000000.0,12141000000.0,4666000000.0,3203000000.0,831000000.0,206000000.0,13.96
HII,2025-12-31,12484000000.0,605000000.0,657000000.0,1196000000.0,402000000.0,794000000.0,12749000000.0,5073000000.0,2700000000.0,774000000.0,213000000.0,15.39
HLT,2020-12-31,4307000000.0,-715000000.0,-418000000.0,708000000.0,46000000.0,662000000.0,16755000000.0,-1490000000.0,10487000000.0,3218000000.0,42000000.0,-2.58
HLT,2021-12-31,5788000000.0,410000000.0,1010000000.0,109000000.0,35000000.0,74000000.0,15441000000.0,-821000000.0,8762000000.0,1427000000.0,0.0,1.46
HLT,2022-12-31,8773000000.0,1255000000.0,2094000000.0,1681000000.0,39000000.0,1642000000.0,15512000000.0,-1102000000.0,8746000000.0,1209000000.0,123000000.0,4.53
HLT,2023-12-31,10235000000.0,1141000000.0,2225000000.0,1946000000.0,151000000.0,1795000000.0,15401000000.0,-2360000000.0,9191000000.0,800000000.0,158000000.0,4.33
HLT,2024-12-31,11174000000.0,1535000000.0,2370000000.0,2013000000.0,96000000.0,1917000000.0,16522000000.0,-3727000000.0,10651000000.0,1301000000.0,150000000.0,6.14
HLT,2025-12-31,12039000000.0,1457000000.0,2693000000.0,2129000000.0,101000000.0,2028000000.0,16774000000.0,-5388000000.0,12363000000.0,918000000.0,143000000.0,6.120000000000001
HON,2020-12-31,32637000000.0,4779000000.0,6012000000.0,6208000000.0,906000000.0,5302000000.0,64586000000.0,17549000000.0,19939000000.0,14275000000.0,2592000000.0,6.642524910704004
HON,2021-12-31,34392000000.0,5542000000.0,7235000000.0,6038000000.0,895000000.0,5143000000.0,64470000000.0,18569000000.0,17796000000.0,10959000000.0,2626000000.0,7.818805363641171
HON,2022-12-31,35466000000.0,4966000000.0,8022000000.0,5274000000.0,766000000.0,4508000000.0,62275000000.0,16697000000.0,17840000000.0,9627000000.0,2719000000.0,7.186183943574123
HON,2023-12-31,33009000000.0,5658000000.0,7563000000.0,5340000000.0,741000000.0,4599000000.0,61525000000.0,15856000000.0,18647000000.0,7925000000.0,2855000000.0,8.883062401678028
HON,2024-12-31,34717000000.0,5705000000.0,7667000000.0,6097000000.0,871000000.0,5226000000.0,75196000000.0,18619000000.0,29713000000.0,9906000000.0,2902000000.0,9.134766649187204
HON,2025-12-31,37442000000.0,4729000000.0,8127000000.0,6408000000.0,986000000.0,5422000000.0,73681000000.0,13904000000.0,33034000000.0,12487000000.0,2976000000.0,10.038961719979024
HOOD,2020-12-31,958000000.0,7000000.0,13000000.0,1876000000.0,24000000.0,1852000000.0,10988474000.0,-55000000.0,0.0,1403000000.0,,
HOOD,2021-12-31,1815000000.0,-3687000000.0,-3685000000.0,-885000000.0,63000000.0,-948000000.0,19769000000.0,7293000000.0,,6253000000.0,,-7.49
HOOD,2022-12-31,1358000000.0,-1028000000.0,-1027000000.0,-852000000.0,28000000.0,-880000000.0,23337000000.0,6956000000.0,,6339000000.0,,-1.17
HOOD,2023-12-31,1865000000.0,-541000000.0,-533000000.0,1181000000.0,,,17624000000.0,6696000000.0,,4835000000.0,,-0.6100000000000001
HOOD,2024-12-31,2951000000.0,1411000000.0,1064000000.0,-157000000.0,,,26187000000.0,7972000000.0,,4332000000.0,,1.56
HOOD,2025-12-31,4473000000.0,1883000000.0,2108000000.0,1638000000.0,,,38137000000.0,9151000000.0,0.0,4261000000.0,,2.05
HPE,2020-10-31,26982000000.0,-322000000.0,-329000000.0,2240000000.0,2383000000.0,-143000000.0,54015000000.0,16049000000.0,15941000000.0,4233000000.0,618000000.0,-0.26
HPE,2021-10-31,27784000000.0,3427000000.0,1132000000.0,5871000000.0,2502000000.0,3369000000.0,57699000000.0,19971000000.0,13448000000.0,3996000000.0,625000000.0,2.58
HPE,2022-10-31,28496000000.0,868000000.0,782000000.0,4593000000.0,3122000000.0,1471000000.0,57123000000.0,19864000000.0,12465000000.0,4163000000.0,621000000.0,0.66
HPE,2023-10-31,29135000000.0,2025000000.0,2089000000.0,4428000000.0,2828000000.0,1600000000.0,57153000000.0,21182000000.0,12355000000.0,4270000000.0,619000000.0,1.54
HPE,2024-10-31,30127000000.0,2579000000.0,2190000000.0,4341000000.0,2367000000.0,1974000000.0,71262000000.0,24816000000.0,18246000000.0,14846000000.0,676000000.0,1.93
HPE,2025-10-31,34296000000.0,57000000.0,-437000000.0,2919000000.0,2292000000.0,627000000.0,75906000000.0,24688000000.0,22365000000.0,5773000000.0,684000000.0,-0.04000000000000001
HPQ,2020-10-31,56638000000.0,2815000000.0,3442000000.0,4316000000.0,580000000.0,3736000000.0,34681000000.0,-2275000000.0,6217000000.0,4864000000.0,997000000.0,1.98
HPQ,2021-10-31,63460000000.0,6541000000.0,5359000000.0,6409000000.0,582000000.0,5827000000.0,38605000000.0,-1644000000.0,7492000000.0,4299000000.0,938000000.0,5.36
HPQ,2022-10-31,62910000000.0,3132000000.0,4559000000.0,4463000000.0,765000000.0,3698000000.0,38494000000.0,-3025000000.0,11014000000.0,3145000000.0,1037000000.0,2.98
HPQ,2023-10-31,53718000000.0,3263000000.0,3456000000.0,3571000000.0,593000000.0,2978000000.0,37004000000.0,-1069000000.0,9484000000.0,3107000000.0,1037000000.0,3.26
HPQ,2024-10-31,53559000000.0,2775000000.0,3818000000.0,3749000000.0,592000000.0,3157000000.0,39909000000.0,-1323000000.0,9669000000.0,3238000000.0,1075000000.0,2.81
HPQ,2025-10-31,55295000000.0,2529000000.0,3174000000.0,3697000000.0,897000000.0,2800000000.0,41769000000.0,-346000000.0,9666000000.0,3690000000.0,1088000000.0,2.65
HRL,2020-10-25,9608462000.0,908082000.0,1100220000.0,1128024000.0,367501000.0,760523000.0,9908282000.0,6425548000.0,1303627000.0,1714309000.0,487376000.0,1.67
HRL,2021-10-31,11386189000.0,908839000.0,1122599000.0,1001934000.0,232416000.0,769518000.0,12696329000.0,6972883000.0,3323903000.0,613530000.0,523114000.0,1.66
HRL,2022-10-30,12458806000.0,999987000.0,1312607000.0,1134977000.0,278918000.0,856059000.0,13306919000.0,7535284000.0,3299345000.0,982107000.0,557839000.0,1.82
HRL,2023-10-29,12110010000.0,793572000.0,1072046000.0,1047847000.0,270211000.0,777636000.0,13448772000.0,7734885000.0,3309248000.0,736532000.0,592932000.0,1.45
HRL,2024-10-27,11920797000.0,805038000.0,1067932000.0,1266738000.0,256441000.0,1010297000.0,13434729000.0,7993420000.0,2858757000.0,741881000.0,614960000.0,1.47
HRL,2025-10-26,12106160000.0,478197000.0,718603000.0,845251000.0,310902000.0,534349000.0,13393119000.0,7901171000.0,2857424000.0,670679000.0,633192000.0,0.8700000000000001
HSIC,2020-12-26,10119000000.0,404000000.0,535000000.0,599000000.0,49000000.0,550000000.0,7773000000.0,3348172000.0,589139000.0,421000000.0,,2.81
HSIC,2021-12-25,12401000000.0,660000000.0,852000000.0,710000000.0,79000000.0,631000000.0,8481000000.0,3425000000.0,862000000.0,118000000.0,,4.45
HSIC,2022-12-31,12647000000.0,566000000.0,747000000.0,602000000.0,96000000.0,506000000.0,8607000000.0,3446000000.0,1143000000.0,117000000.0,,3.91
HSIC,2023-12-30,12339000000.0,436000000.0,615000000.0,500000000.0,147000000.0,353000000.0,10573000000.0,3655000000.0,2201000000.0,171000000.0,,3.16
HSIC,2024-12-28,12673000000.0,398000000.0,621000000.0,848000000.0,148000000.0,700000000.0,10218000000.0,3393000000.0,2480000000.0,122000000.0,,3.05
HSIC,2025-12-27,13184000000.0,419000000.0,653000000.0,712000000.0,139000000.0,573000000.0,11215000000.0,3245000000.0,3074000000.0,156000000.0,,3.27
HST,2020-12-31,1620000000.0,-732000000.0,-953000000.0,-307000000.0,343000000.0,-650000000.0,12890000000.0,6321000000.0,442000000.0,2335000000.0,320000000.0,
HST,2021-12-31,2890000000.0,-11000000.0,-250000000.0,292000000.0,293000000.0,-1000000.0,12352000000.0,6441000000.0,436000000.0,807000000.0,0.0,-0.020000000000000046
HST,2022-12-31,4907000000.0,633000000.0,775000000.0,1416000000.0,307000000.0,1109000000.0,12269000000.0,6710000000.0,758000000.0,667000000.0,150000000.0,0.8800000000000001
HST,2023-12-31,5311000000.0,740000000.0,827000000.0,1441000000.0,195000000.0,1246000000.0,12243000000.0,6633000000.0,746000000.0,1144000000.0,547000000.0,1.04
HST,2024-12-31,5684000000.0,697000000.0,875000000.0,1498000000.0,260000000.0,1238000000.0,13048000000.0,6609000000.0,896000000.0,554000000.0,737000000.0,0.99
HST,2025-12-31,6114000000.0,765000000.0,855000000.0,1510000000.0,282000000.0,1228000000.0,13049000000.0,6558000000.0,1274000000.0,768000000.0,623000000.0,1.1
HSY,2020-12-31,8149719000.0,1278708000.0,1782698000.0,1699657000.0,441626000.0,1258031000.0,9131845000.0,2234352000.0,4528584000.0,1143987000.0,640732000.0,6.3640851999304395
HSY,2021-12-31,8971337000.0,1477512000.0,2043722000.0,2082884000.0,495877000.0,1587007000.0,10412231000.0,2757229000.0,4089471000.0,329266000.0,685987000.0,7.353525786903362
HSY,2022-12-31,10419294000.0,1644817000.0,2260787000.0,2327837000.0,519481000.0,1808356000.0,10948820000.0,3299544000.0,4097555000.0,463889000.0,775030000.0,8.18619694746102
HSY,2023-12-31,11164992000.0,1861787000.0,2560867000.0,2323190000.0,771109000.0,1552081000.0,11902941000.0,4099086000.0,4094190000.0,401902000.0,889071000.0,9.266049084015188
HSY,2024-12-31,11202263000.0,2221239000.0,2898232000.0,2531596000.0,605942000.0,1925654000.0,12946861000.0,4714654000.0,3795175000.0,730746000.0,1084802000.0,11.055029174298035
HSY,2025-12-31,11692576000.0,883259000.0,1441528000.0,2277367000.0,454622000.0,1822745000.0,13741297000.0,4636750000.0,5184521000.0,925859000.0,1085296000.0,4.39594929382264
HUBB,2020-12-31,3682500000.0,351200000.0,494500000.0,648000000.0,82800000.0,565200000.0,5085100000.0,2070000000.0,1590000000.0,258600000.0,201400000.0,6.43
HUBB,2021-12-31,4194100000.0,399500000.0,532300000.0,513700000.0,90200000.0,423500000.0,5281500000.0,2229800000.0,1445200000.0,286200000.0,,7.28
HUBB,2022-12-31,4947900000.0,545900000.0,709100000.0,636200000.0,129300000.0,506900000.0,5402600000.0,2360900000.0,1442600000.0,440500000.0,,10.07
HUBB,2023-12-31,5372900000.0,751400000.0,1027400000.0,880800000.0,165700000.0,715100000.0,7081100000.0,2877000000.0,2140600000.0,336100000.0,,13.89
HUBB,2024-12-31,5628500000.0,779000000.0,1093100000.0,991200000.0,180400000.0,810800000.0,6847700000.0,3396200000.0,1568100000.0,329100000.0,,14.379999999999999
HUBB,2025-12-31,5844600000.0,887100000.0,1208800000.0,1029800000.0,155100000.0,874700000.0,8228800000.0,3847900000.0,2325400000.0,482500000.0,,16.55
HUM,2020-12-31,1815000000.0,3367000000.0,4986000000.0,5639000000.0,964000000.0,4675000000.0,34969000000.0,13728000000.0,6660000000.0,4673000000.0,323000000.0,25.31
HUM,2021-12-31,3055000000.0,2933000000.0,3148000000.0,2262000000.0,1342000000.0,920000000.0,44358000000.0,16080000000.0,12494000000.0,3394000000.0,90000000.0,22.67
HUM,2022-12-31,4776000000.0,2806000000.0,3800000000.0,4587000000.0,1137000000.0,3450000000.0,43055000000.0,15311000000.0,11126000000.0,5061000000.0,98000000.0,22.08
HUM,2023-12-31,4033000000.0,2489000000.0,4013000000.0,3981000000.0,1004000000.0,2977000000.0,47065000000.0,16262000000.0,11656000000.0,4694000000.0,431000000.0,20.0
HUM,2024-12-31,4431000000.0,1207000000.0,2562000000.0,2966000000.0,575000000.0,2391000000.0,46479000000.0,16375000000.0,11721000000.0,2221000000.0,431000000.0,9.98
HUM,2025-12-31,5833000000.0,1188000000.0,2704000000.0,921000000.0,546000000.0,375000000.0,48909000000.0,17657000000.0,12369000000.0,4200000000.0,430000000.0,9.84
HWM,2020-12-31,5259000000.0,261000000.0,626000000.0,9000000.0,267000000.0,-258000000.0,11443000000.0,3577000000.0,5075000000.0,1610000000.0,,0.62
HWM,2021-12-31,4972000000.0,258000000.0,748000000.0,449000000.0,199000000.0,250000000.0,10219000000.0,3508000000.0,4232000000.0,720000000.0,,0.59
HWM,2022-12-31,5663000000.0,469000000.0,919000000.0,733000000.0,193000000.0,540000000.0,10255000000.0,3601000000.0,4162000000.0,791000000.0,,1.11
HWM,2023-12-31,6640000000.0,765000000.0,1203000000.0,901000000.0,219000000.0,682000000.0,10428000000.0,4037000000.0,3706000000.0,610000000.0,,1.83
HWM,2024-12-31,7430000000.0,1155000000.0,1633000000.0,1298000000.0,321000000.0,977000000.0,10519000000.0,4554000000.0,3315000000.0,564000000.0,,2.8100000000000005
HWM,2025-12-31,8252000000.0,1508000000.0,2046000000.0,1884000000.0,453000000.0,1431000000.0,11179000000.0,5353000000.0,3050000000.0,742000000.0,,3.71
IBKR,2020-12-31,1287000000.0,195000000.0,1256000000.0,8068000000.0,,,95679000000.0,1951000000.0,118000000.0,4292000000.0,32000000.0,0.605
IBKR,2021-12-31,1568000000.0,308000000.0,1787000000.0,5896000000.0,,,109113000000.0,2395000000.0,27000000.0,2395000000.0,38000000.0,0.81
IBKR,2022-12-31,1506000000.0,380000000.0,1998000000.0,3968000000.0,,,115143000000.0,2848000000.0,18000000.0,3436000000.0,40000000.0,0.9375
IBKR,2023-12-31,1557000000.0,600000000.0,3069000000.0,4544000000.0,,,128251000000.0,3584000000.0,17000000.0,3753000000.0,42000000.0,1.42
IBKR,2024-12-31,1977000000.0,755000000.0,3695000000.0,8724000000.0,,,150142000000.0,4280000000.0,14000000.0,3633000000.0,92000000.0,1.73
IBKR,2025-12-31,2440000000.0,984000000.0,4771000000.0,15811000000.0,,,203240000000.0,5363000000.0,19000000.0,4963000000.0,134000000.0,2.22
IBM,2020-12-31,55179000000.0,5590000000.0,2572000000.0,18197000000.0,2618000000.0,15579000000.0,155971000000.0,20597000000.0,61333000000.0,13188000000.0,5797000000.0,6.23
IBM,2021-12-31,57350000000.0,5743000000.0,4837000000.0,12796000000.0,2062000000.0,10734000000.0,132001000000.0,18901000000.0,51704000000.0,6650000000.0,5869000000.0,6.35
IBM,2022-12-31,60530000000.0,1639000000.0,1156000000.0,10435000000.0,1346000000.0,9089000000.0,127243000000.0,21944000000.0,50949000000.0,7886000000.0,5948000000.0,1.8
IBM,2023-12-31,61860000000.0,7502000000.0,8690000000.0,13931000000.0,1245000000.0,12686000000.0,135241000000.0,22533000000.0,56547000000.0,13068000000.0,6040000000.0,8.14
IBM,2024-12-31,62753000000.0,6023000000.0,5797000000.0,13445000000.0,1048000000.0,12397000000.0,137175000000.0,27307000000.0,54973000000.0,13947000000.0,6147000000.0,6.43
IBM,2025-12-31,67535000000.0,10593000000.0,10328000000.0,13193000000.0,1091000000.0,12102000000.0,151880000000.0,32648000000.0,61260000000.0,13587000000.0,6255000000.0,11.17
ICE,2020-12-31,8244000000.0,2089000000.0,3033000000.0,2881000000.0,207000000.0,2674000000.0,126200000000.0,19498000000.0,16537000000.0,583000000.0,669000000.0,3.76
ICE,2021-12-31,9168000000.0,4058000000.0,3449000000.0,3123000000.0,179000000.0,2944000000.0,193502000000.0,22709000000.0,13918000000.0,607000000.0,747000000.0,7.18
ICE,2022-12-31,9636000000.0,1446000000.0,3638000000.0,3554000000.0,225000000.0,3329000000.0,194338000000.0,22706000000.0,18122000000.0,1799000000.0,853000000.0,2.58
ICE,2023-12-31,9903000000.0,2368000000.0,3694000000.0,3542000000.0,190000000.0,3352000000.0,136084000000.0,25717000000.0,22613000000.0,899000000.0,955000000.0,4.19
ICE,2024-12-31,11761000000.0,2754000000.0,4309000000.0,4609000000.0,406000000.0,4203000000.0,139428000000.0,27647000000.0,20368000000.0,844000000.0,1039000000.0,4.78
ICE,2025-12-31,12640000000.0,3315000000.0,4929000000.0,4662000000.0,373000000.0,4289000000.0,136887000000.0,28915000000.0,19644000000.0,837000000.0,1105000000.0,5.77
IDXX,2020-12-31,2706655000.0,581776000.0,694524000.0,648063000.0,106958000.0,541105000.0,2294561000.0,632088000.0,908480000.0,383928000.0,,6.71
IDXX,2021-12-31,3215360000.0,744845000.0,932028000.0,755546000.0,119549000.0,635997000.0,2437203000.0,689992000.0,850201000.0,144454000.0,,8.6
IDXX,2022-12-31,3367324000.0,679089000.0,898765000.0,542984000.0,148838000.0,394146000.0,2746765000.0,608737000.0,769369000.0,112546000.0,,8.03
IDXX,2023-12-31,3660953000.0,845042000.0,1097128000.0,906510000.0,133631000.0,772879000.0,3259925000.0,1484530000.0,697880000.0,453932000.0,,10.06
IDXX,2024-12-31,3897504000.0,887867000.0,1128337000.0,929001000.0,120922000.0,808079000.0,3293443000.0,1595313000.0,617573000.0,288266000.0,,10.669999999999998
IDXX,2025-12-31,4303702000.0,1059464000.0,1360031000.0,1181805000.0,124676000.0,1057129000.0,3350759000.0,1605383000.0,449837000.0,180070000.0,,13.08
IEX,2020-12-31,2351600000.0,377800000.0,520700000.0,569300000.0,51600000.0,517700000.0,4414400000.0,2540200000.0,1044488000.0,1025900000.0,151800000.0,4.95
IEX,2021-12-31,2764800000.0,449400000.0,637000000.0,565300000.0,72700000.0,492600000.0,4917200000.0,2803100000.0,1190300000.0,855400000.0,161100000.0,5.88
IEX,2022-12-31,3181900000.0,586900000.0,751400000.0,557400000.0,68000000.0,489400000.0,5511900000.0,3039300000.0,1468700000.0,430200000.0,177400000.0,7.71
IEX,2023-12-31,3273900000.0,596100000.0,732500000.0,716700000.0,89900000.0,626800000.0,5865200000.0,3541400000.0,1325700000.0,534300000.0,190700000.0,7.85
IEX,2024-12-31,3268800000.0,505000000.0,677200000.0,668100000.0,65100000.0,603000000.0,6745300000.0,3794700000.0,1960200000.0,620800000.0,205300000.0,6.64
IEX,2025-12-31,3457500000.0,483200000.0,699300000.0,680400000.0,63600000.0,616800000.0,6927000000.0,4027500000.0,1820800000.0,580000000.0,212600000.0,6.41
IFF,2020-12-31,5084000000.0,363000000.0,566000000.0,714000000.0,192000000.0,522000000.0,13555000000.0,6310000000.0,4413000000.0,650000000.0,323000000.0,3.21
IFF,2021-12-31,11656000000.0,270000000.0,585000000.0,1437000000.0,393000000.0,1044000000.0,39658000000.0,21082000000.0,11076000000.0,711000000.0,667000000.0,1.1
IFF,2022-12-31,12440000000.0,-1871000000.0,-1326000000.0,397000000.0,504000000.0,-107000000.0,35522000000.0,17655000000.0,10783000000.0,483000000.0,810000000.0,-7.32
IFF,2023-12-31,11479000000.0,-2591000000.0,-2110000000.0,1455000000.0,503000000.0,952000000.0,30978000000.0,14611000000.0,10071000000.0,703000000.0,826000000.0,-10.14
IFF,2024-12-31,11484000000.0,263000000.0,766000000.0,1070000000.0,463000000.0,607000000.0,28723000000.0,13834000000.0,8977000000.0,469000000.0,514000000.0,1.04
IFF,2025-12-31,10890000000.0,-361000000.0,-382000000.0,850000000.0,594000000.0,256000000.0,25539000000.0,14154000000.0,5992000000.0,590000000.0,409000000.0,-1.41
INCY,2020-12-31,2666702000.0,-295697000.0,-263676000.0,-124599000.0,187379000.0,-311978000.0,3560918000.0,2611268000.0,34857000.0,1513008000.0,,-1.4
INCY,2021-12-31,2986267000.0,948600000.0,585777000.0,749488000.0,181006000.0,568482000.0,4933352000.0,3770004000.0,34267000.0,2057440000.0,,4.27
INCY,2022-12-31,3394635000.0,340700000.0,579440000.0,969941000.0,77833000.0,892108000.0,5840984000.0,4370119000.0,33262000.0,2951422000.0,,1.52
INCY,2023-12-31,3695649000.0,597600000.0,620525000.0,496487000.0,,,6782107000.0,5189837000.0,32601000.0,3213376000.0,,2.65
INCY,2024-12-31,4241217000.0,32600000.0,61366000.0,335337000.0,,,5444322000.0,3447628000.0,37961000.0,1687829000.0,,0.15000000000000002
INCY,2025-12-31,5141242000.0,1286700000.0,1514859000.0,1413498000.0,,,6957973000.0,5167478000.0,34715000.0,3097817000.0,,6.41
INTC,2020-12-26,77867000000.0,20899000000.0,23678000000.0,35864000000.0,14259000000.0,21605000000.0,153091000000.0,81073000000.0,36401000000.0,5865000000.0,5568000000.0,4.94
INTC,2021-12-25,79024000000.0,19868000000.0,19456000000.0,29456000000.0,18733000000.0,10723000000.0,168406000000.0,95391000000.0,38101000000.0,4827000000.0,5644000000.0,4.86
INTC,2022-12-31,63054000000.0,8014000000.0,2334000000.0,15433000000.0,24844000000.0,-9411000000.0,182103000000.0,101423000000.0,42051000000.0,11144000000.0,5997000000.0,1.9399999999999997
INTC,2023-12-30,54228000000.0,1689000000.0,93000000.0,11471000000.0,25750000000.0,-14279000000.0,191572000000.0,105590000000.0,49266000000.0,7079000000.0,3088000000.0,0.4000000000000001
INTC,2024-12-28,53101000000.0,-18756000000.0,-11678000000.0,8288000000.0,23944000000.0,-15656000000.0,196485000000.0,99270000000.0,50011000000.0,8249000000.0,1599000000.0,-4.38
INTC,2025-12-27,52853000000.0,-267000000.0,-2214000000.0,9697000000.0,14646000000.0,-4949000000.0,211429000000.0,114281000000.0,46585000000.0,14265000000.0,0.0,-0.06
INTU,2020-07-31,7679000000.0,1826000000.0,2176000000.0,2414000000.0,59000000.0,2355000000.0,10931000000.0,5106000000.0,3369000000.0,6442000000.0,561000000.0,6.92
INTU,2021-07-31,9633000000.0,2062000000.0,2500000000.0,3250000000.0,53000000.0,3197000000.0,15516000000.0,9869000000.0,2034000000.0,2562000000.0,646000000.0,7.56
INTU,2022-07-31,12726000000.0,2066000000.0,2571000000.0,3889000000.0,157000000.0,3732000000.0,27734000000.0,16441000000.0,6914000000.0,2796000000.0,774000000.0,7.28
INTU,2023-07-31,14368000000.0,2384000000.0,3141000000.0,5046000000.0,210000000.0,4836000000.0,27780000000.0,17269000000.0,6120000000.0,2848000000.0,889000000.0,8.42
INTU,2024-07-31,16285000000.0,2963000000.0,3630000000.0,4884000000.0,191000000.0,4693000000.0,32132000000.0,18436000000.0,6038000000.0,3609000000.0,1034000000.0,10.43
INTU,2025-07-31,18831000000.0,3869000000.0,4923000000.0,6207000000.0,84000000.0,6123000000.0,36958000000.0,19710000000.0,5973000000.0,2884000000.0,1189000000.0,13.67
INVH,2020-12-31,1822828000.0,196212000.0,,696712000.0,98769000.0,597943000.0,17506222000.0,8504825000.0,8031504000.0,213422000.0,332151000.0,0.35
INVH,2021-12-31,1996615000.0,261425000.0,,907660000.0,77408000.0,830252000.0,18537846000.0,9797742000.0,7998659000.0,610166000.0,393812000.0,0.45
INVH,2022-12-31,2238121000.0,383329000.0,,1023587000.0,122371000.0,901216000.0,18536708000.0,10291342000.0,7769077000.0,262870000.0,539033000.0,0.63
INVH,2023-12-31,2432278000.0,519470000.0,,1107088000.0,30207000.0,1076881000.0,19220967000.0,10155971000.0,8546052000.0,700618000.0,638129000.0,0.85
INVH,2024-12-31,2618942000.0,453917000.0,,1081805000.0,30605000.0,1051200000.0,18700951000.0,9756764000.0,8202302000.0,174491000.0,689244000.0,0.74
INVH,2025-12-31,2729296000.0,587924000.0,,1206230000.0,28332000.0,1177898000.0,18680290000.0,9530132000.0,8380020000.0,129971000.0,712842000.0,0.96
IP,2020-12-31,17565000000.0,482000000.0,329000000.0,3063000000.0,663000000.0,2400000000.0,31718000000.0,7854000000.0,8068000000.0,595000000.0,806000000.0,1.2200000000000002
IP,2021-12-31,19363000000.0,1752000000.0,999000000.0,2030000000.0,480000000.0,1550000000.0,25243000000.0,9082000000.0,5579000000.0,1295000000.0,780000000.0,4.45
IP,2022-12-31,21161000000.0,1504000000.0,1511000000.0,2174000000.0,931000000.0,1243000000.0,23940000000.0,8497000000.0,5579000000.0,804000000.0,673000000.0,4.07
IP,2023-12-31,16033000000.0,288000000.0,402000000.0,1833000000.0,1141000000.0,692000000.0,23261000000.0,8355000000.0,5593000000.0,1113000000.0,642000000.0,0.8199999999999998
IP,2024-12-31,15835000000.0,557000000.0,369000000.0,1678000000.0,921000000.0,757000000.0,22800000000.0,8173000000.0,5553000000.0,1062000000.0,643000000.0,1.5699999999999998
IP,2025-12-31,23634000000.0,-3516000000.0,-3368000000.0,1698000000.0,1857000000.0,-159000000.0,37964000000.0,14827000000.0,9831000000.0,1145000000.0,977000000.0,-6.709999999999999
IQV,2020-12-31,11359000000.0,279000000.0,731000000.0,1959000000.0,616000000.0,1343000000.0,24564000000.0,6001000000.0,12533000000.0,1814000000.0,,1.43
IQV,2021-12-31,13874000000.0,966000000.0,1393000000.0,2942000000.0,640000000.0,2302000000.0,24689000000.0,6042000000.0,12125000000.0,1366000000.0,,4.95
IQV,2022-12-31,14410000000.0,1091000000.0,1799000000.0,2260000000.0,674000000.0,1586000000.0,25337000000.0,5765000000.0,12747000000.0,1216000000.0,,5.72
IQV,2023-12-31,14984000000.0,1358000000.0,1977000000.0,2149000000.0,649000000.0,1500000000.0,26681000000.0,6112000000.0,13673000000.0,1376000000.0,,7.29
IQV,2024-12-31,15405000000.0,1373000000.0,2202000000.0,2716000000.0,602000000.0,2114000000.0,26899000000.0,6067000000.0,13983000000.0,1702000000.0,,7.49
IQV,2025-12-31,16310000000.0,1360000000.0,2182000000.0,2654000000.0,603000000.0,2051000000.0,29944000000.0,6503000000.0,15724000000.0,1980000000.0,,7.84
IR,2020-12-31,3973200000.0,-33300000.0,59600000.0,914300000.0,42000000.0,872300000.0,16058600000.0,9119700000.0,3859100000.0,1750900000.0,0.0,-0.08999999999999997
IR,2021-12-31,5152400000.0,562500000.0,565700000.0,627800000.0,64100000.0,563700000.0,15154500000.0,9001500000.0,3440600000.0,2109600000.0,8200000.0,1.34
IR,2022-12-31,5916300000.0,604700000.0,817300000.0,865400000.0,94600000.0,770800000.0,14765900000.0,9195800000.0,2752600000.0,1613000000.0,32400000.0,1.47
IR,2023-12-31,6876100000.0,778700000.0,1164300000.0,1377400000.0,105400000.0,1272000000.0,15563500000.0,9783800000.0,2723600000.0,1595500000.0,32400000.0,1.9
IR,2024-12-31,7235000000.0,838600000.0,1300100000.0,1396700000.0,149100000.0,1247600000.0,18009800000.0,10179000000.0,4757500000.0,1541200000.0,32300000.0,2.06
IR,2025-12-31,7650900000.0,581400000.0,1144600000.0,1355700000.0,135600000.0,1220100000.0,18297200000.0,10089800000.0,4784700000.0,1248800000.0,31800000.0,1.45
IRM,2020-12-31,4147270000.0,342693000.0,934785000.0,987657000.0,438263000.0,549394000.0,14149267000.0,1136729000.0,8703314000.0,205063000.0,716290000.0,1.19
IRM,2021-12-31,4491531000.0,450219000.0,854172000.0,758902000.0,611082000.0,147820000.0,14450031000.0,855952000.0,9271941000.0,255828000.0,718340000.0,1.5500000000000003
IRM,2022-12-31,5103574000.0,556981000.0,1049871000.0,927695000.0,875378000.0,52317000.0,16140514000.0,636668000.0,10568995000.0,141797000.0,724388000.0,1.9
IRM,2023-12-31,5480289000.0,184234000.0,921778000.0,1113567000.0,1339223000.0,-225656000.0,17473802000.0,211648000.0,11933170000.0,222789000.0,737650000.0,0.63
IRM,2024-12-31,6149909000.0,180156000.0,1009519000.0,1196708000.0,1791564000.0,-594856000.0,18717115000.0,-503122000.0,13719086000.0,155716000.0,789527000.0,0.61
IRM,2025-12-31,6901737000.0,144591000.0,1163822000.0,1339999000.0,2271628000.0,-931629000.0,21125019000.0,-981007000.0,16431959000.0,158535000.0,919388000.0,0.49
ISRG,2020-12-31,4358400000.0,1060600000.0,1049800000.0,1484800000.0,341500000.0,1143300000.0,11168900000.0,9731500000.0,,1622600000.0,,8.81
ISRG,2021-12-31,5710100000.0,1704600000.0,1821000000.0,2089400000.0,339500000.0,1749900000.0,13555000000.0,11901100000.0,,1290900000.0,,4.66
ISRG,2022-12-31,6222200000.0,1322300000.0,1577100000.0,1490800000.0,532400000.0,958400000.0,12974000000.0,11041900000.0,,1581200000.0,,3.65
ISRG,2023-12-31,7124100000.0,1798000000.0,1766800000.0,1813800000.0,1064200000.0,749600000.0,15441500000.0,13307600000.0,,2750100000.0,,5.03
ISRG,2024-12-31,8352100000.0,2322600000.0,2348900000.0,2415000000.0,1111200000.0,1303800000.0,18743200000.0,16433700000.0,,2027400000.0,,6.42
ISRG,2025-12-31,10064700000.0,2856000000.0,2945500000.0,3030500000.0,539800000.0,2490700000.0,20458700000.0,17824000000.0,,3368000000.0,,7.87
IT,2020-12-31,4099403000.0,266745000.0,490150000.0,903278000.0,83888000.0,819390000.0,7315967000.0,1090428000.0,1978801000.0,712583000.0,,2.96
IT,2021-12-31,4733962000.0,794000000.0,915751000.0,1312470000.0,59834000.0,1252636000.0,7416324000.0,371058000.0,2462764000.0,756493000.0,,9.21
IT,2022-12-31,5475846000.0,808000000.0,1100106000.0,1101422000.0,108050000.0,993372000.0,7299736000.0,227798000.0,2461407000.0,697999000.0,,9.96
IT,2023-12-31,5906956000.0,882000000.0,1236894000.0,1155737000.0,103124000.0,1052613000.0,7835919000.0,680634000.0,2458296000.0,1318999000.0,,11.08
IT,2024-12-31,6267411000.0,1254000000.0,1156287000.0,1484922000.0,101737000.0,1383185000.0,8534671000.0,1359169000.0,2459915000.0,1933147000.0,,16.0
IT,2025-12-31,6497226000.0,729000000.0,1025711000.0,1290365000.0,115142000.0,1175223000.0,8085400000.0,319908000.0,2981674000.0,1722521000.0,,9.65
ITW,2020-12-31,12574000000.0,2109000000.0,2882000000.0,2807000000.0,236000000.0,2571000000.0,15612000000.0,3182000000.0,8122000000.0,2564000000.0,1379000000.0,6.63
ITW,2021-12-31,14455000000.0,2694000000.0,3477000000.0,2557000000.0,296000000.0,2261000000.0,16077000000.0,3626000000.0,7687000000.0,1527000000.0,1463000000.0,8.51
ITW,2022-12-31,15932000000.0,3034000000.0,3790000000.0,2348000000.0,412000000.0,1936000000.0,15422000000.0,3089000000.0,7763000000.0,708000000.0,1542000000.0,9.77
ITW,2023-12-31,16107000000.0,2957000000.0,4040000000.0,3539000000.0,455000000.0,3084000000.0,15518000000.0,3013000000.0,8164000000.0,1065000000.0,1615000000.0,9.74
ITW,2024-12-31,15898000000.0,3488000000.0,4264000000.0,3281000000.0,437000000.0,2844000000.0,15067000000.0,3317000000.0,7863000000.0,948000000.0,1695000000.0,11.71
ITW,2025-12-31,16044000000.0,3066000000.0,4216000000.0,3126000000.0,419000000.0,2707000000.0,16148000000.0,3226000000.0,8969000000.0,851000000.0,1785000000.0,10.49
IVZ,2020-12-31,6145600000.0,524800000.0,920400000.0,1230300000.0,115000000.0,1115300000.0,36504100000.0,14361800000.0,2082600000.0,1408400000.0,357400000.0,1.13
IVZ,2021-12-31,6894500000.0,1393000000.0,1788200000.0,1078100000.0,108800000.0,969300000.0,32685600000.0,15495800000.0,2085100000.0,1896400000.0,307700000.0,2.99
IVZ,2022-12-31,6048900000.0,683900000.0,1317700000.0,703200000.0,192900000.0,510300000.0,29756800000.0,15213600000.0,1487600000.0,1234700000.0,334800000.0,1.49
IVZ,2023-12-31,5716400000.0,-333700000.0,-434800000.0,1300800000.0,164300000.0,1136500000.0,28933800000.0,14597600000.0,1489500000.0,1469200000.0,357900000.0,-0.73
IVZ,2024-12-31,6067000000.0,538000000.0,832100000.0,1190000000.0,69100000.0,1120900000.0,27008900000.0,14559900000.0,890600000.0,986500000.0,371500000.0,1.18
IVZ,2025-12-31,6377100000.0,-726300000.0,-695700000.0,1525300000.0,84300000.0,1441000000.0,27094000000.0,12231000000.0,1825100000.0,1037500000.0,377300000.0,-1.6000000000000003
J,2020-10-02,13566975000.0,491845000.0,535973000.0,806849000.0,118269000.0,688580000.0,12354353000.0,5815712000.0,1676941000.0,862424000.0,97900000.0,3.0687279254241213
J,2021-10-01,14092632000.0,477030000.0,688089000.0,726276000.0,92814000.0,633462000.0,14632609000.0,5940041000.0,2893389000.0,1014249000.0,107188000.0,2.646881229476331
J,2022-09-30,9783074000.0,644039000.0,539884000.0,474709000.0,127615000.0,347094000.0,14660419000.0,6060056000.0,3407671000.0,1140479000.0,115948000.0,4.930693069306931
J,2023-09-29,10851420000.0,665777000.0,676484000.0,974763000.0,137486000.0,837277000.0,14617109000.0,6546220000.0,2865244000.0,770853000.0,128420000.0,5.237623762376238
J,2024-09-27,11500941000.0,806093000.0,692436000.0,1054673000.0,121114000.0,933559000.0,11759005000.0,4549467000.0,2219009000.0,1144795000.0,142779000.0,6.278910891089109
J,2025-09-26,12029783000.0,289336000.0,863634000.0,686704000.0,79232000.0,607472000.0,11252535000.0,3640807000.0,2236456000.0,1235448000.0,153027000.0,2.38
JBHT,2020-12-31,9636573000.0,506035000.0,713119000.0,1122859000.0,738545000.0,384314000.0,5928348000.0,2600138000.0,1305424000.0,313302000.0,114234000.0,4.74
JBHT,2021-12-31,12168302000.0,760806000.0,1045530000.0,1223898000.0,947563000.0,276335000.0,6794348000.0,3117816000.0,1301229000.0,355549000.0,124442000.0,7.14
JBHT,2022-12-31,14813999000.0,969351000.0,1331553000.0,1776882000.0,1540796000.0,236086000.0,7787000000.0,3666768000.0,1261738000.0,51927000.0,166724000.0,9.21
JBHT,2023-12-31,12829665000.0,728287000.0,993196000.0,1744618000.0,1862431000.0,-117813000.0,8588000000.0,4103758000.0,1576068000.0,53344000.0,173898000.0,6.97
JBHT,2024-12-31,12087204000.0,570886000.0,831225000.0,1483156000.0,865373000.0,617783000.0,8312270000.0,4014505000.0,1477702000.0,46983000.0,175543000.0,5.56
JBHT,2025-12-31,11999096000.0,598282000.0,865069000.0,1678272000.0,730687000.0,947585000.0,7927155000.0,3565085000.0,1466797000.0,17284000.0,171048000.0,6.12
JBL,2020-08-31,27266000000.0,54000000.0,500000000.0,1257000000.0,983000000.0,274000000.0,14397000000.0,1811000000.0,2728000000.0,1394000000.0,50000000.0,0.35
JBL,2021-08-31,29285000000.0,696000000.0,1055000000.0,1433000000.0,1159000000.0,274000000.0,16654000000.0,2136000000.0,2878000000.0,1567000000.0,50000000.0,4.58
JBL,2022-08-31,33478000000.0,996000000.0,1393000000.0,1651000000.0,1385000000.0,266000000.0,19717000000.0,2451000000.0,2875000000.0,1478000000.0,48000000.0,6.9
JBL,2023-08-31,34702000000.0,818000000.0,1537000000.0,1734000000.0,1030000000.0,704000000.0,19424000000.0,2866000000.0,2875000000.0,1804000000.0,45000000.0,6.02
JBL,2024-08-31,28883000000.0,1388000000.0,2013000000.0,1716000000.0,784000000.0,932000000.0,17351000000.0,1737000000.0,2880000000.0,2201000000.0,42000000.0,11.17
JBL,2025-08-31,29802000000.0,657000000.0,1182000000.0,1640000000.0,468000000.0,1172000000.0,18543000000.0,1513000000.0,2885000000.0,1933000000.0,36000000.0,5.92
JCI,2020-09-30,22317000000.0,631000000.0,903000000.0,2479000000.0,443000000.0,2036000000.0,40815000000.0,17447000000.0,7557000000.0,1951000000.0,790000000.0,0.84
JCI,2021-09-30,23668000000.0,1637000000.0,2614000000.0,2551000000.0,552000000.0,1999000000.0,41890000000.0,17562000000.0,7514000000.0,1336000000.0,762000000.0,2.27
JCI,2022-09-30,20637000000.0,1532000000.0,1112000000.0,1237000000.0,487000000.0,750000000.0,42158000000.0,16268000000.0,8095000000.0,2029000000.0,916000000.0,2.19
JCI,2023-09-30,22331000000.0,1849000000.0,1113000000.0,1856000000.0,446000000.0,1410000000.0,42242000000.0,16545000000.0,8179000000.0,828000000.0,980000000.0,2.69
JCI,2024-09-30,22952000000.0,1705000000.0,1522000000.0,1568000000.0,494000000.0,1074000000.0,42695000000.0,16098000000.0,8957000000.0,606000000.0,1000000000.0,2.52
JCI,2025-09-30,23596000000.0,3291000000.0,1969000000.0,2554000000.0,434000000.0,2120000000.0,37939000000.0,12927000000.0,9314000000.0,379000000.0,976000000.0,5.03
JKHY,2021-06-30,1758225000.0,311469000.0,398719000.0,462129000.0,22988000.0,439141000.0,2336156000.0,1319292000.0,100193000.0,50992000.0,133800000.0,4.12
JKHY,2022-06-30,1942884000.0,362916000.0,474619000.0,504631000.0,34659000.0,469972000.0,2455564000.0,1381623000.0,115067000.0,48787000.0,139070000.0,4.94
JKHY,2023-06-30,2077702000.0,366646000.0,480688000.0,381559000.0,39179000.0,342380000.0,2773826000.0,1608510000.0,275000000.0,12243000.0,147237000.0,5.02
JKHY,2024-06-30,2215543000.0,381816000.0,489391000.0,568041000.0,58118000.0,509923000.0,2924481000.0,1842364000.0,150000000.0,38284000.0,155877000.0,5.23
JKHY,2025-06-30,2375288000.0,455748000.0,568715000.0,641504000.0,53358000.0,588146000.0,3043970000.0,2130832000.0,0.0,101953000.0,164644000.0,6.24
JKHY,2026-06-30,2544339000.0,502776000.0,635033000.0,761960000.0,67103000.0,694857000.0,3145711000.0,2051949000.0,40000000.0,12056000.0,170405000.0,6.98
JNJ,2021-01-03,82584000000.0,14714000000.0,16497000000.0,23536000000.0,3347000000.0,20189000000.0,174894000000.0,63278000000.0,35235000000.0,13985000000.0,,5.51
JNJ,2022-01-02,78740000000.0,20878000000.0,19178000000.0,23410000000.0,3652000000.0,19758000000.0,182018000000.0,74023000000.0,33785000000.0,14487000000.0,,7.81
JNJ,2023-01-01,79990000000.0,17941000000.0,19359000000.0,21194000000.0,4009000000.0,17185000000.0,187378000000.0,76804000000.0,39686000000.0,12889000000.0,,6.74
JNJ,2023-12-31,85159000000.0,35153000000.0,15062000000.0,22791000000.0,4543000000.0,18248000000.0,167558000000.0,68774000000.0,29381000000.0,21859000000.0,,13.81
JNJ,2024-12-29,88821000000.0,14066000000.0,16687000000.0,24266000000.0,4424000000.0,19842000000.0,180104000000.0,71490000000.0,36651000000.0,24105000000.0,,5.79
JNJ,2025-12-28,94193000000.0,26804000000.0,32581000000.0,24530000000.0,4832000000.0,19698000000.0,199210000000.0,81544000000.0,47938000000.0,19709000000.0,,11.030000000000001
JPM,2020-12-31,119951000000.0,29131000000.0,35815000000.0,-79910000000.0,,,3384757000000.0,279354000000.0,326893000000.0,527609000000.0,12690000000.0,8.88
JPM,2021-12-31,121649000000.0,48300000000.0,59562000000.0,78084000000.0,,,3743567000000.0,294127000000.0,354599000000.0,740834000000.0,12858000000.0,15.36
JPM,2022-12-31,128695000000.0,37700000000.0,46166000000.0,107119000000.0,,,3665743000000.0,292332000000.0,339892000000.0,567234000000.0,13562000000.0,12.09
JPM,2023-12-31,158104000000.0,49600000000.0,61612000000.0,12974000000.0,,,3875393000000.0,327878000000.0,436537000000.0,624151000000.0,13463000000.0,16.23
JPM,2024-12-31,177556000000.0,58500000000.0,75081000000.0,-42012000000.0,,,4002814000000.0,344758000000.0,454311000000.0,469317000000.0,14783000000.0,19.75
JPM,2025-12-31,182447000000.0,57000000000.0,72595000000.0,-147782000000.0,,,4424900000000.0,362438000000.0,499982000000.0,343338000000.0,16625000000.0,20.02
KDP,2020-12-31,11618000000.0,1325000000.0,2480000000.0,2456000000.0,461000000.0,1995000000.0,49779000000.0,23829000000.0,13488000000.0,240000000.0,846000000.0,0.9299999999999999
KDP,2021-12-31,12683000000.0,2146000000.0,2894000000.0,2874000000.0,423000000.0,2451000000.0,50598000000.0,24972000000.0,11882000000.0,567000000.0,955000000.0,1.5
KDP,2022-12-31,14057000000.0,1436000000.0,2605000000.0,2837000000.0,353000000.0,2484000000.0,51837000000.0,25126000000.0,11967000000.0,535000000.0,1080000000.0,1.01
KDP,2023-12-31,14814000000.0,2181000000.0,3192000000.0,1329000000.0,425000000.0,904000000.0,52130000000.0,25676000000.0,13191000000.0,267000000.0,1142000000.0,1.55
KDP,2024-12-31,15351000000.0,1441000000.0,2591000000.0,2219000000.0,563000000.0,1656000000.0,53430000000.0,24243000000.0,15554000000.0,510000000.0,1194000000.0,1.0499999999999998
KDP,2025-12-31,16603000000.0,2079000000.0,3575000000.0,1991000000.0,486000000.0,1505000000.0,55459000000.0,25516000000.0,16141000000.0,1026000000.0,1250000000.0,1.53
KEY,2020-12-31,1428000000.0,1343000000.0,1556000000.0,1673000000.0,63000000.0,1610000000.0,170336000000.0,17981000000.0,13709000000.0,1091000000.0,829000000.0,1.27
KEY,2021-12-31,1823000000.0,2625000000.0,3254000000.0,1153000000.0,66000000.0,1087000000.0,186346000000.0,17423000000.0,12042000000.0,913000000.0,823000000.0,2.63
KEY,2022-12-31,1594000000.0,1917000000.0,2333000000.0,4469000000.0,96000000.0,4373000000.0,189813000000.0,13454000000.0,19307000000.0,887000000.0,854000000.0,1.93
KEY,2023-12-31,1435000000.0,967000000.0,1160000000.0,2903000000.0,142000000.0,2761000000.0,188281000000.0,14637000000.0,19554000000.0,941000000.0,911000000.0,0.88
KEY,2024-12-31,1643000000.0,-161000000.0,-306000000.0,664000000.0,65000000.0,599000000.0,187168000000.0,18176000000.0,14235000000.0,1743000000.0,927000000.0,-0.32
KEY,2025-12-31,1749000000.0,1829000000.0,2304000000.0,2208000000.0,107000000.0,2101000000.0,184381000000.0,20381000000.0,10988000000.0,1287000000.0,1054000000.0,1.52
KEYS,2020-10-31,4221000000.0,627000000.0,765000000.0,1016000000.0,117000000.0,899000000.0,7218000000.0,3297000000.0,1789000000.0,1756000000.0,,3.31
KEYS,2021-10-31,4941000000.0,894000000.0,1080000000.0,1322000000.0,174000000.0,1148000000.0,7781000000.0,3784000000.0,1791000000.0,2052000000.0,,4.78
KEYS,2022-10-31,5420000000.0,1124000000.0,1334000000.0,1144000000.0,185000000.0,959000000.0,8098000000.0,4161000000.0,1793000000.0,2042000000.0,,6.18
KEYS,2023-10-31,5464000000.0,1057000000.0,1358000000.0,1408000000.0,197000000.0,1211000000.0,8683000000.0,4654000000.0,1794000000.0,2472000000.0,,5.91
KEYS,2024-10-31,4979000000.0,614000000.0,833000000.0,1052000000.0,154000000.0,898000000.0,9269000000.0,5105000000.0,1790000000.0,1796000000.0,,3.51
KEYS,2025-10-31,5375000000.0,850000000.0,876000000.0,1409000000.0,128000000.0,1281000000.0,11301000000.0,5881000000.0,2534000000.0,1873000000.0,,4.91
KHC,2020-12-26,26185000000.0,356000000.0,2128000000.0,4929000000.0,596000000.0,4333000000.0,99830000000.0,50103000000.0,28076000000.0,3417000000.0,1958000000.0,0.28999999999999987
KHC,2021-12-25,26042000000.0,1012000000.0,3460000000.0,5364000000.0,905000000.0,4459000000.0,93394000000.0,49298000000.0,21075000000.0,3445000000.0,1959000000.0,0.82
KHC,2022-12-31,26485000000.0,2363000000.0,3634000000.0,2469000000.0,916000000.0,1553000000.0,90513000000.0,48678000000.0,19239000000.0,1040000000.0,1960000000.0,1.91
KHC,2023-12-30,26640000000.0,2855000000.0,4572000000.0,3976000000.0,1013000000.0,2963000000.0,90339000000.0,49526000000.0,19394000000.0,1400000000.0,1965000000.0,2.31
KHC,2024-12-28,25846000000.0,2744000000.0,1683000000.0,4184000000.0,1024000000.0,3160000000.0,88287000000.0,49185000000.0,19240000000.0,1334000000.0,1931000000.0,2.26
KHC,2025-12-27,24942000000.0,-5846000000.0,-4669000000.0,4462000000.0,801000000.0,3661000000.0,81786000000.0,41664000000.0,19341000000.0,2615000000.0,1898000000.0,-4.93
KIM,2020-12-31,13005000.0,1000833000.0,332612000.0,589913000.0,,,11614498000.0,5608044000.0,5044200000.0,292953000.0,379874000.0,2.25
KIM,2021-12-31,14883000.0,818600000.0,424286000.0,618875000.0,,,18459199000.0,9899389000.0,7027100000.0,325631000.0,382132000.0,1.6
KIM,2022-12-31,16836000.0,100800000.0,565464000.0,861114000.0,,,17826122000.0,9515508000.0,6781000000.0,146970000.0,544740000.0,0.16000000000000003
KIM,2023-12-31,1783400000.0,629300000.0,638777000.0,1071607000.0,,,18274022000.0,9525465000.0,7262900000.0,780518000.0,657460000.0,1.02
KIM,2024-12-31,2037014000.0,375700000.0,629088000.0,1005621000.0,,,20309896000.0,10652547000.0,7964700000.0,688622000.0,682845000.0,0.55
KIM,2025-12-31,2140116000.0,554400000.0,770823000.0,1120015000.0,18400000.0,1101615000.0,19688250000.0,10391836000.0,7718700000.0,211648000.0,711745000.0,0.82
KKR,2020-12-31,2006791000.0,2002509000.0,5726695000.0,-5953693000.0,,,79806502000.0,13716818000.0,33501204000.0,5363009000.0,297324000.0,2.230870742837215
KKR,2021-12-31,16226040000.0,4732406000.0,13846599000.0,-7176708000.0,,,,17582164000.0,36914472000.0,10526304000.0,331429000.0,5.272079220930989
KKR,2022-12-31,5704180000.0,-521664000.0,-292221000.0,-5279259000.0,,,275346636000.0,18807767000.0,,13385370000.0,444341000.0,-0.5811534206295367
KKR,2023-12-31,14499312000.0,3732261000.0,6554609000.0,-1493812000.0,,,317294194000.0,22858694000.0,,20808120000.0,563285000.0,4.157879874463669
KKR,2024-12-31,21878698000.0,3076245000.0,5860433000.0,6649878000.0,,,360099411000.0,23651568000.0,,15367953000.0,612068000.0,3.4270532458527123
KKR,2025-12-31,19464307000.0,2370463000.0,7099160000.0,477760000.0,,,410144072000.0,30902561000.0,,17151790000.0,649942000.0,2.6407854115402896
KLAC,2021-06-30,6918734000.0,2078292000.0,2360454000.0,2185026000.0,231628000.0,1953398000.0,10271124000.0,3377554000.0,3442767000.0,1434610000.0,559353000.0,1.339
KLAC,2022-06-30,9211883000.0,3321807000.0,3489237000.0,3312702000.0,307320000.0,3005382000.0,12597088000.0,1401351000.0,6660718000.0,1584908000.0,638528000.0,2.192
KLAC,2023-06-30,10496056000.0,3387277000.0,3789190000.0,3669805000.0,341591000.0,3328214000.0,14072357000.0,2919753000.0,5890736000.0,1927865000.0,732556000.0,2.415
KLAC,2024-06-30,9812247000.0,2761896000.0,3190032000.0,3308575000.0,277384000.0,3031191000.0,15433566000.0,3368328000.0,6630135000.0,1977129000.0,773041000.0,2.03
KLAC,2025-06-30,12156162000.0,4061643000.0,4644448000.0,4081903000.0,335259000.0,3746644000.0,16067926000.0,4692453000.0,5884257000.0,2078908000.0,904594000.0,3.04
KLAC,2026-06-30,13579476000.0,4830771000.0,5605925000.0,4143079000.0,375945000.0,3767134000.0,17951535000.0,6349820000.0,5887415000.0,1649842000.0,1057832000.0,3.66
KMB,2020-12-31,19140000000.0,2352000000.0,3244000000.0,3729000000.0,1217000000.0,2512000000.0,17523000000.0,626000000.0,8364000000.0,303000000.0,1451000000.0,6.87
KMB,2021-12-31,19440000000.0,1814000000.0,2561000000.0,2730000000.0,1007000000.0,1723000000.0,17837000000.0,514000000.0,8574000000.0,270000000.0,1516000000.0,5.35
KMB,2022-12-31,16952000000.0,1934000000.0,2309000000.0,2733000000.0,876000000.0,1857000000.0,17970000000.0,547000000.0,8422000000.0,427000000.0,1558000000.0,5.72
KMB,2023-12-31,17146000000.0,1764000000.0,1928000000.0,3542000000.0,766000000.0,2776000000.0,17344000000.0,915000000.0,7949000000.0,1075000000.0,1588000000.0,5.21
KMB,2024-12-31,16805000000.0,2545000000.0,2700000000.0,3234000000.0,721000000.0,2513000000.0,16546000000.0,840000000.0,7418000000.0,1010000000.0,1628000000.0,7.55
KMB,2025-12-31,16447000000.0,2021000000.0,2351000000.0,2777000000.0,1138000000.0,1639000000.0,17098000000.0,1502000000.0,7168000000.0,688000000.0,1660000000.0,6.07
KMI,2020-12-31,10097000000.0,119000000.0,1560000000.0,4550000000.0,1707000000.0,2843000000.0,71973000000.0,31436000000.0,34689000000.0,1184000000.0,2362000000.0,0.04999999999999999
KMI,2021-12-31,16154000000.0,1784000000.0,2916000000.0,5708000000.0,1281000000.0,4427000000.0,70416000000.0,30823000000.0,33320000000.0,1140000000.0,2443000000.0,0.78
KMI,2022-12-31,18128000000.0,2548000000.0,4065000000.0,4967000000.0,1621000000.0,3346000000.0,70078000000.0,30742000000.0,31788000000.0,745000000.0,2504000000.0,1.12
KMI,2023-12-31,13647000000.0,2391000000.0,4263000000.0,6491000000.0,2317000000.0,4174000000.0,71020000000.0,30306000000.0,32116000000.0,83000000.0,2529000000.0,1.06
KMI,2024-12-31,13483000000.0,2613000000.0,4384000000.0,5635000000.0,2629000000.0,3006000000.0,71407000000.0,30531000000.0,31890000000.0,88000000.0,2557000000.0,1.17
KMI,2025-12-31,15202000000.0,3056000000.0,4724000000.0,5917000000.0,3026000000.0,2891000000.0,72748000000.0,31162000000.0,32003000000.0,63000000.0,2604000000.0,1.37
KO,2020-12-31,33014000000.0,7747000000.0,8997000000.0,9844000000.0,1177000000.0,8667000000.0,87296000000.0,19299000000.0,40610000000.0,6795000000.0,7047000000.0,1.79
KO,2021-12-31,38655000000.0,9771000000.0,10308000000.0,12625000000.0,1367000000.0,11258000000.0,94354000000.0,22999000000.0,39454000000.0,9684000000.0,7252000000.0,2.25
KO,2022-12-31,43004000000.0,9542000000.0,10909000000.0,11018000000.0,1484000000.0,9534000000.0,92763000000.0,24105000000.0,36776000000.0,9519000000.0,7616000000.0,2.19
KO,2023-12-31,45754000000.0,10714000000.0,11311000000.0,11599000000.0,1852000000.0,9747000000.0,97703000000.0,25941000000.0,37507000000.0,9366000000.0,7952000000.0,2.47
KO,2024-12-31,47061000000.0,10631000000.0,9992000000.0,6805000000.0,2064000000.0,4741000000.0,100549000000.0,24856000000.0,42735000000.0,10828000000.0,8359000000.0,2.46
KO,2025-12-31,47941000000.0,13107000000.0,13762000000.0,7408000000.0,2112000000.0,5296000000.0,104816000000.0,32169000000.0,42175000000.0,10270000000.0,8779000000.0,3.04
KR,2021-01-30,132498000000.0,2585000000.0,2780000000.0,6815000000.0,2865000000.0,3950000000.0,48662000000.0,9576000000.0,12410000000.0,1687000000.0,534000000.0,3.27
KR,2022-01-29,137888000000.0,1665000000.0,3477000000.0,6190000000.0,2614000000.0,3576000000.0,49086000000.0,9452000000.0,11745000000.0,1821000000.0,589000000.0,2.17
KR,2023-01-28,148258000000.0,2244000000.0,4126000000.0,4498000000.0,3078000000.0,1420000000.0,49623000000.0,10042000000.0,11292000000.0,1015000000.0,682000000.0,3.06
KR,2024-02-03,150039000000.0,2164000000.0,3096000000.0,6788000000.0,3904000000.0,2884000000.0,50505000000.0,11615000000.0,10187000000.0,1883000000.0,796000000.0,2.96
KR,2025-02-01,147123000000.0,2665000000.0,3849000000.0,5794000000.0,4017000000.0,1777000000.0,52616000000.0,8285000000.0,15909000000.0,3959000000.0,883000000.0,3.67
KR,2026-01-31,147642000000.0,1016000000.0,1890000000.0,7311000000.0,3855000000.0,3456000000.0,49953000000.0,5927000000.0,15875000000.0,3334000000.0,885000000.0,1.54
KVUE,2022-01-02,15054000000.0,2078000000.0,2920000000.0,334000000.0,295000000.0,39000000.0,,20491000000.0,,740000000.0,0.0,
KVUE,2023-01-01,14950000000.0,2064000000.0,2675000000.0,2525000000.0,375000000.0,2150000000.0,27316000000.0,19970000000.0,0.0,1231000000.0,0.0,1.2
KVUE,2023-12-31,15444000000.0,1664000000.0,2512000000.0,3168000000.0,469000000.0,2699000000.0,27851000000.0,11211000000.0,8286000000.0,1382000000.0,766000000.0,0.9
KVUE,2024-12-29,15455000000.0,1030000000.0,1841000000.0,1769000000.0,434000000.0,1335000000.0,25601000000.0,9668000000.0,9357000000.0,1070000000.0,1552000000.0,0.54
KVUE,2025-12-28,15124000000.0,1470000000.0,2414000000.0,2197000000.0,475000000.0,1722000000.0,27076000000.0,10765000000.0,9274000000.0,1062000000.0,1581000000.0,0.76
L,2020-12-31,2820000000.0,-931000000.0,-1464000000.0,1745000000.0,710000000.0,1035000000.0,80236000000.0,17860000000.0,10109000000.0,478000000.0,70000000.0,-3.21
L,2021-12-31,2005000000.0,1562000000.0,2160000000.0,2623000000.0,482000000.0,2141000000.0,81626000000.0,17846000000.0,8986000000.0,621000000.0,65000000.0,6.0
L,2022-12-31,2087000000.0,822000000.0,1114000000.0,3314000000.0,660000000.0,2654000000.0,75567000000.0,14349000000.0,8165000000.0,532000000.0,61000000.0,3.37
L,2023-12-31,2360000000.0,1434000000.0,1996000000.0,3907000000.0,686000000.0,3221000000.0,79197000000.0,15704000000.0,7919000000.0,399000000.0,57000000.0,6.29
L,2024-12-31,2893000000.0,1414000000.0,1874000000.0,3025000000.0,632000000.0,2393000000.0,81943000000.0,17066000000.0,8939000000.0,541000000.0,55000000.0,6.41
L,2025-12-31,3174000000.0,1667000000.0,2283000000.0,3279000000.0,579000000.0,2700000000.0,86348000000.0,18686000000.0,8437000000.0,495000000.0,52000000.0,7.97
LDOS,2021-01-01,12197000000.0,628000000.0,998000000.0,1334000000.0,183000000.0,1151000000.0,12511000000.0,3862000000.0,4744000000.0,524000000.0,,4.36
LDOS,2021-12-31,13617000000.0,753000000.0,1152000000.0,1033000000.0,104000000.0,929000000.0,13261000000.0,4291000000.0,5076000000.0,727000000.0,,5.27
LDOS,2022-12-30,14287000000.0,685000000.0,1088000000.0,992000000.0,129000000.0,863000000.0,13071000000.0,4299000000.0,4920000000.0,516000000.0,,4.96
LDOS,2023-12-29,15339000000.0,199000000.0,621000000.0,1187000000.0,207000000.0,980000000.0,12695000000.0,4201000000.0,4682000000.0,641000000.0,,1.44
LDOS,2025-01-03,16576000000.0,1254000000.0,1827000000.0,1435000000.0,149000000.0,1286000000.0,13010000000.0,4412000000.0,4670000000.0,849000000.0,,9.22
LDOS,2026-01-02,17107000000.0,1448000000.0,2109000000.0,1750000000.0,125000000.0,1625000000.0,13493000000.0,4916000000.0,4648000000.0,1108000000.0,,11.14
LEN,2020-11-30,22488854000.0,2465036000.0,3482206000.0,4190819000.0,72752000.0,4118067000.0,29935177000.0,17994856000.0,7421583000.0,2863038000.0,195043000.0,7.60890609874153
LEN,2021-11-30,27130676000.0,4430111000.0,5819058000.0,2532774000.0,65172000.0,2467602000.0,33207778000.0,20816425000.0,,2955683000.0,309776000.0,13.814133591481124
LEN,2022-11-30,33671010000.0,4614125000.0,6014566000.0,3265668000.0,57214000.0,3208454000.0,37984295000.0,24100500000.0,,4815770000.0,438038000.0,15.72
LEN,2023-11-30,34233366000.0,3938511000.0,5202304000.0,5179738000.0,99799000.0,5079939000.0,39234303000.0,26580664000.0,,6570938000.0,430560000.0,13.73
LEN,2024-11-30,35441452000.0,3932533000.0,5184908000.0,2403379000.0,171503000.0,2231876000.0,41312781000.0,27870135000.0,4189239000.0,4909664000.0,548823000.0,14.31
LEN,2025-11-30,34186934000.0,2078179000.0,2813863000.0,216812000.0,188629000.0,28183000.0,34430437000.0,21959417000.0,5874995000.0,3756305000.0,520959000.0,7.98
LH,2020-12-31,13978500000.0,1556100000.0,2445400000.0,2135300000.0,381700000.0,1753600000.0,20071700000.0,9436600000.0,5795700000.0,1320800000.0,,13.642611683848799
LH,2021-12-31,13136100000.0,2377000000.0,3048600000.0,3109600000.0,421500000.0,2688100000.0,20385400000.0,10273400000.0,5418000000.0,1472700000.0,,24.39
LH,2022-12-31,11863900000.0,1279000000.0,1436500000.0,1955900000.0,429300000.0,1526600000.0,20155100000.0,10096600000.0,5340100000.0,320600000.0,195200000.0,13.97
LH,2023-12-31,12161600000.0,418000000.0,725600000.0,1327700000.0,453600000.0,874100000.0,16725100000.0,7875000000.0,5054500000.0,536800000.0,254000000.0,4.77
LH,2024-12-31,13008900000.0,746000000.0,1086700000.0,1585800000.0,489900000.0,1095900000.0,18379000000.0,8052200000.0,6331500000.0,1518700000.0,243100000.0,8.84
LH,2025-12-31,13951700000.0,877000000.0,1384700000.0,1640500000.0,434500000.0,1206000000.0,18392700000.0,8619800000.0,5584700000.0,532300000.0,240700000.0,10.46
LHX,2020-01-03,12856000000.0,1333000000.0,1493000000.0,,,,38336000000.0,22587000000.0,6697000000.0,824000000.0,,
LHX,2021-01-01,18194000000.0,1119000000.0,2162000000.0,2790000000.0,368000000.0,2422000000.0,36960000000.0,20724000000.0,6945000000.0,1276000000.0,725000000.0,5.190000000000001
LHX,2021-12-31,17814000000.0,1846000000.0,2109000000.0,2687000000.0,342000000.0,2345000000.0,34709000000.0,19213000000.0,7050000000.0,941000000.0,817000000.0,9.09
LHX,2022-12-30,17062000000.0,1062000000.0,1127000000.0,2158000000.0,252000000.0,1906000000.0,33524000000.0,18523000000.0,6227000000.0,880000000.0,864000000.0,5.49
LHX,2023-12-29,19419000000.0,1227000000.0,1426000000.0,2096000000.0,449000000.0,1647000000.0,41687000000.0,18765000000.0,12762000000.0,560000000.0,868000000.0,6.44
LHX,2025-01-03,21325000000.0,1502000000.0,1918000000.0,2559000000.0,408000000.0,2151000000.0,42001000000.0,19514000000.0,11596000000.0,615000000.0,886000000.0,7.87
LII,2020-12-31,3634100000.0,356300000.0,478500000.0,612400000.0,78500000.0,533900000.0,2032500000.0,-17100000.0,980600000.0,123900000.0,118100000.0,9.24
LII,2021-12-31,4194100000.0,464000000.0,590300000.0,515500000.0,106800000.0,408700000.0,2171900000.0,-269000000.0,1237800000.0,31000000.0,126500000.0,12.39
LII,2022-12-31,4718400000.0,497100000.0,656200000.0,302300000.0,101100000.0,201200000.0,2567600000.0,-203100000.0,1524800000.0,52600000.0,142000000.0,13.88
LII,2023-12-31,4981900000.0,591200000.0,791500000.0,736200000.0,250200000.0,486000000.0,2941000000.0,393000000.0,1155200000.0,60700000.0,153400000.0,16.58
LII,2024-12-31,5341300000.0,811100000.0,1040400000.0,945700000.0,163600000.0,782100000.0,3620000000.0,962100000.0,1147600000.0,415100000.0,160300000.0,22.66
LII,2025-12-31,5195300000.0,805800000.0,1041500000.0,757600000.0,118800000.0,638800000.0,4081800000.0,1163100000.0,1162400000.0,34200000.0,173000000.0,22.79
LIN,2020-12-31,27243000000.0,2501000000.0,3322000000.0,7429000000.0,3400000000.0,4029000000.0,88229000000.0,47317000000.0,15403000000.0,3754000000.0,2028000000.0,4.71
LIN,2021-12-31,30793000000.0,3826000000.0,4984000000.0,9725000000.0,3086000000.0,6639000000.0,81605000000.0,44035000000.0,13044000000.0,2823000000.0,2189000000.0,7.33
LIN,2022-12-31,33364000000.0,4147000000.0,5369000000.0,8864000000.0,3173000000.0,5691000000.0,79658000000.0,40028000000.0,13797000000.0,5436000000.0,2344000000.0,8.23
LIN,2023-12-31,32854000000.0,6199000000.0,8024000000.0,9305000000.0,3787000000.0,5518000000.0,80811000000.0,39720000000.0,14660000000.0,4664000000.0,2482000000.0,12.59
LIN,2024-12-31,33005000000.0,6565000000.0,8635000000.0,9423000000.0,4497000000.0,4926000000.0,80147000000.0,38092000000.0,17400000000.0,4850000000.0,2655000000.0,13.62
LIN,2025-12-31,33986000000.0,6898000000.0,8923000000.0,10350000000.0,5261000000.0,5089000000.0,86817000000.0,38245000000.0,22479000000.0,5056000000.0,2811000000.0,14.61
LITE,2021-07-03,1742800000.0,397300000.0,527000000.0,738700000.0,84800000.0,653900000.0,3551600000.0,1972800000.0,1923000000.0,774300000.0,,5.05
LITE,2022-07-02,1712600000.0,198900000.0,303300000.0,459300000.0,91200000.0,368100000.0,4162200000.0,1875000000.0,1876000000.0,1290200000.0,,2.68
LITE,2023-07-01,1767000000.0,-131600000.0,-115700000.0,179800000.0,128500000.0,51300000.0,4632100000.0,1355800000.0,2811600000.0,859000000.0,,-1.93
LITE,2024-06-29,1359200000.0,-546500000.0,-434000000.0,24700000.0,133000000.0,-108300000.0,3931900000.0,957300000.0,2503200000.0,436700000.0,,-8.12
LITE,2025-06-28,1645000000.0,25900000.0,-180100000.0,126300000.0,231000000.0,-104700000.0,4218700000.0,1134700000.0,2573200000.0,520700000.0,,0.3700000000000001
LITE,2026-06-27,3014000000.0,-6935100000.0,524800000.0,751400000.0,451300000.0,300100000.0,7307500000.0,4643900000.0,1637400000.0,2043500000.0,,-92.96
LLY,2020-12-31,24539800000.0,6193700000.0,7229900000.0,6499600000.0,,,46633100000.0,5641600000.0,16595300000.0,3657100000.0,2687100000.0,6.79
LLY,2021-12-31,28318400000.0,5581700000.0,6155500000.0,7365900000.0,,,48806000000.0,8979200000.0,16884700000.0,3818500000.0,3086800000.0,6.12
LLY,2022-12-31,28541400000.0,6244800000.0,6806400000.0,7585700000.0,,,49489800000.0,10649800000.0,16238600000.0,2067000000.0,3535800000.0,6.9
LLY,2023-12-31,34124000000.0,5240000000.0,6554000000.0,4240000000.0,,,64006300000.0,10771900000.0,25225300000.0,2818600000.0,4069000000.0,5.8
LLY,2024-12-31,45043000000.0,10590000000.0,12680000000.0,8818000000.0,,,78715000000.0,14272000000.0,33644000000.0,3268000000.0,4680000000.0,11.71
LLY,2025-12-31,65179000000.0,20640000000.0,25731000000.0,16813000000.0,,,112476000000.0,26535000000.0,42503000000.0,7268000000.0,5384000000.0,22.95
LMT,2020-12-31,65398000000.0,6833000000.0,8644000000.0,8183000000.0,1766000000.0,6417000000.0,50710000000.0,6015000000.0,12169000000.0,3160000000.0,2764000000.0,24.3
LMT,2021-12-31,67044000000.0,6315000000.0,9123000000.0,9221000000.0,1522000000.0,7699000000.0,50873000000.0,10959000000.0,11676000000.0,3604000000.0,2940000000.0,22.76
LMT,2022-12-31,65984000000.0,5732000000.0,8348000000.0,7802000000.0,1670000000.0,6132000000.0,52880000000.0,9266000000.0,15547000000.0,2547000000.0,3016000000.0,21.66
LMT,2023-12-31,67571000000.0,6920000000.0,8507000000.0,7920000000.0,1691000000.0,6229000000.0,52456000000.0,6835000000.0,17459000000.0,1442000000.0,3056000000.0,27.550000000000004
LMT,2024-12-31,71043000000.0,5336000000.0,7013000000.0,6972000000.0,1685000000.0,5287000000.0,55617000000.0,6333000000.0,20270000000.0,2483000000.0,3059000000.0,22.31
LMT,2025-12-31,75048000000.0,5017000000.0,7731000000.0,8557000000.0,1649000000.0,6908000000.0,59840000000.0,6721000000.0,21700000000.0,4121000000.0,3131000000.0,21.49
LNT,2020-12-31,3416000000.0,624000000.0,740000000.0,501000000.0,1366000000.0,-865000000.0,17710000000.0,5688000000.0,6777000000.0,54000000.0,377000000.0,2.4700000000000006
LNT,2021-12-31,3669000000.0,674000000.0,795000000.0,582000000.0,1169000000.0,-587000000.0,18553000000.0,5990000000.0,7368000000.0,39000000.0,403000000.0,2.63
LNT,2022-12-31,4205000000.0,686000000.0,928000000.0,486000000.0,1484000000.0,-998000000.0,20163000000.0,6276000000.0,8076000000.0,20000000.0,428000000.0,2.7300000000000004
LNT,2023-12-31,4027000000.0,703000000.0,943000000.0,867000000.0,,,21237000000.0,6777000000.0,9034000000.0,62000000.0,456000000.0,2.78
LNT,2024-12-31,3981000000.0,690000000.0,886000000.0,1167000000.0,,,22714000000.0,7004000000.0,9848000000.0,81000000.0,492000000.0,2.69
LNT,2025-12-31,4362000000.0,810000000.0,1025000000.0,1169000000.0,,,24991000000.0,7334000000.0,12028000000.0,556000000.0,521000000.0,3.14
LOW,2021-01-29,89597000000.0,5835000000.0,9647000000.0,11049000000.0,1791000000.0,9258000000.0,46735000000.0,1437000000.0,20668000000.0,4690000000.0,1704000000.0,7.75
LOW,2022-01-28,96250000000.0,8442000000.0,12093000000.0,10113000000.0,1853000000.0,8260000000.0,44640000000.0,-4816000000.0,23859000000.0,1133000000.0,1984000000.0,12.04
LOW,2023-02-03,97059000000.0,6437000000.0,10159000000.0,8589000000.0,1829000000.0,6760000000.0,43708000000.0,-14254000000.0,33375000000.0,1348000000.0,2370000000.0,10.17
LOW,2024-02-02,86377000000.0,7726000000.0,11557000000.0,8140000000.0,1964000000.0,6176000000.0,41795000000.0,-15050000000.0,35384000000.0,921000000.0,2531000000.0,13.2
LOW,2025-01-31,83674000000.0,6957000000.0,10466000000.0,9625000000.0,1927000000.0,7698000000.0,43102000000.0,-14231000000.0,32988000000.0,1761000000.0,2566000000.0,12.23
LOW,2026-01-30,86286000000.0,6654000000.0,10153000000.0,9864000000.0,2213000000.0,7651000000.0,54144000000.0,-9917000000.0,37490000000.0,982000000.0,2636000000.0,11.849999999999998
LRCX,2021-06-27,14626150000.0,3908458000.0,4482023000.0,3588163000.0,349096000.0,3239067000.0,15892152000.0,6027188000.0,4960935000.0,4418263000.0,726992000.0,2.69
LRCX,2022-06-26,17227039000.0,4605286000.0,5381822000.0,3099674000.0,546034000.0,2553640000.0,17195632000.0,6278366000.0,4962459000.0,3522001000.0,815290000.0,3.275
LRCX,2023-06-25,17428516000.0,4510931000.0,5174860000.0,5178938000.0,501568000.0,4677370000.0,18781643000.0,8210172000.0,4965365000.0,5337056000.0,907907000.0,3.32
LRCX,2024-06-30,14905386000.0,3827772000.0,4263913000.0,4652269000.0,396670000.0,4255599000.0,18744728000.0,8539454000.0,4967361000.0,5847856000.0,1018915000.0,2.9
LRCX,2025-06-29,18435591000.0,5358217000.0,5900968000.0,6173264000.0,759186000.0,5414078000.0,21345260000.0,9861619000.0,4469364000.0,6390659000.0,1149542000.0,4.15
LRCX,2026-06-28,23232690000.0,7265396000.0,8199795000.0,5857657000.0,966405000.0,4891252000.0,23529743000.0,12470921000.0,3722061000.0,5579171000.0,1270635000.0,5.76
LULU,2021-01-31,4401879000.0,588913000.0,819986000.0,803336000.0,229226000.0,574110000.0,4185215000.0,2558566000.0,0.0,1150517000.0,,4.5
LULU,2022-01-30,6256617000.0,975322000.0,1333355000.0,1389108000.0,394502000.0,994606000.0,4942478000.0,2740046000.0,0.0,1259871000.0,,7.49
LULU,2023-01-29,8110518000.0,854800000.0,1328408000.0,966463000.0,638657000.0,327806000.0,5607038000.0,3148799000.0,0.0,1154867000.0,,6.68
LULU,2024-01-28,9619278000.0,1550190000.0,2132676000.0,2296164000.0,651865000.0,1644299000.0,7091941000.0,4232081000.0,0.0,2243971000.0,,12.2
LULU,2025-02-02,10588126000.0,1814616000.0,2505697000.0,2272713000.0,689232000.0,1583481000.0,7603292000.0,4324047000.0,0.0,1984336000.0,,14.64
LULU,2026-02-01,11102600000.0,1579183000.0,2210615000.0,1602477000.0,680802000.0,921675000.0,8456743000.0,4961840000.0,,1807202000.0,,13.260000000000002
LUV,2020-12-31,9048000000.0,-3074000000.0,-3816000000.0,-1127000000.0,515000000.0,-1642000000.0,34588000000.0,8876000000.0,10194000000.0,11063000000.0,188000000.0,-5.31
LUV,2021-12-31,15790000000.0,977000000.0,1721000000.0,2322000000.0,505000000.0,1817000000.0,36320000000.0,10414000000.0,10356000000.0,12480000000.0,0.0,1.61
LUV,2022-12-31,23814000000.0,539000000.0,1017000000.0,3790000000.0,3924000000.0,-134000000.0,35369000000.0,10687000000.0,8088000000.0,9492000000.0,0.0,0.8700000000000001
LUV,2023-12-31,26091000000.0,465000000.0,224000000.0,3164000000.0,3520000000.0,-356000000.0,36487000000.0,10515000000.0,8007000000.0,9288000000.0,428000000.0,0.76
LUV,2024-12-31,27483000000.0,465000000.0,321000000.0,462000000.0,2054000000.0,-1592000000.0,33750000000.0,10350000000.0,5091000000.0,7509000000.0,430000000.0,0.76
LUV,2025-12-31,28063000000.0,441000000.0,428000000.0,1842000000.0,2673000000.0,-831000000.0,29061000000.0,7981000000.0,4602000000.0,3231000000.0,399000000.0,0.79
LVS,2020-12-31,2940000000.0,-1685000000.0,-1393000000.0,-1312000000.0,1227000000.0,-2539000000.0,20807000000.0,2973000000.0,13941000000.0,2082000000.0,911000000.0,-2.21
LVS,2021-12-31,4234000000.0,-961000000.0,-689000000.0,-243000000.0,828000000.0,-1071000000.0,20059000000.0,1996000000.0,14731000000.0,1854000000.0,0.0,-1.26
LVS,2022-12-31,4110000000.0,1832000000.0,-792000000.0,-944000000.0,651000000.0,-1595000000.0,22039000000.0,3881000000.0,13955000000.0,6311000000.0,0.0,2.4
LVS,2023-12-31,10372000000.0,1221000000.0,2313000000.0,3227000000.0,1017000000.0,2210000000.0,21778000000.0,4118000000.0,12138000000.0,5105000000.0,305000000.0,1.6
LVS,2024-12-31,11298000000.0,1446000000.0,2402000000.0,3204000000.0,1567000000.0,1637000000.0,20666000000.0,2884000000.0,10602000000.0,3650000000.0,590000000.0,1.97
LVS,2025-12-31,13017000000.0,1627000000.0,2818000000.0,3023000000.0,1168000000.0,1855000000.0,21920000000.0,1590000000.0,14674000000.0,3841000000.0,833000000.0,2.34
LYB,2020-12-31,26995000000.0,1427000000.0,1559000000.0,3404000000.0,1947000000.0,1457000000.0,35403000000.0,7971000000.0,15949000000.0,1763000000.0,1405000000.0,4.24
LYB,2021-12-31,46173000000.0,5617000000.0,6773000000.0,7695000000.0,1959000000.0,5736000000.0,36742000000.0,11858000000.0,11608000000.0,1472000000.0,1486000000.0,16.75
LYB,2022-12-31,50451000000.0,3889000000.0,5101000000.0,6119000000.0,1890000000.0,4229000000.0,36365000000.0,12615000000.0,10889000000.0,2151000000.0,3246000000.0,11.81
LYB,2023-12-31,33336000000.0,2121000000.0,2725000000.0,4942000000.0,1531000000.0,3411000000.0,37000000000.0,12930000000.0,10450000000.0,3390000000.0,1610000000.0,6.46
LYB,2024-12-31,33394000000.0,1367000000.0,1918000000.0,3819000000.0,1839000000.0,1980000000.0,35746000000.0,12462000000.0,10651000000.0,3375000000.0,1720000000.0,4.15
LYB,2025-12-31,30153000000.0,-738000000.0,-420000000.0,2262000000.0,1878000000.0,384000000.0,34003000000.0,10082000000.0,12350000000.0,3443000000.0,1764000000.0,-2.34
LYV,2020-12-31,1861178000.0,-1724535000.0,-1653192000.0,-1083388000.0,213746000.0,-1297134000.0,10589303000.0,-471772000.0,4855096000.0,2537787000.0,,-8.12
LYV,2021-12-31,6268447000.0,-650904000.0,-417858000.0,1780568000.0,152734000.0,1627834000.0,14402318000.0,-582651000.0,5145484000.0,4884729000.0,,-3.09
LYV,2022-12-31,16681254000.0,266440000.0,722031000.0,1835047000.0,347206000.0,1487841000.0,16460841000.0,-367569000.0,5283467000.0,5606457000.0,,0.52
LYV,2023-12-31,22726317000.0,556893000.0,1084933000.0,1362974000.0,438604000.0,924370000.0,19029640000.0,-52305000.0,5829026000.0,6231866000.0,,1.3399999999999999
LYV,2024-12-31,23155625000.0,896287000.0,824510000.0,1725175000.0,646634000.0,1078541000.0,19638771000.0,173263000.0,6177168000.0,6095424000.0,,2.74
LYV,2025-12-31,25201406000.0,495972000.0,1251217000.0,1395316000.0,1061705000.0,333611000.0,22912533000.0,271007000.0,7612018000.0,7094200000.0,,-0.2400000000000001
MA,2020-12-31,23616000000.0,6411000000.0,8081000000.0,7224000000.0,339000000.0,6885000000.0,33584000000.0,6391000000.0,12672000000.0,10113000000.0,1605000000.0,6.37
MA,2021-12-31,29845000000.0,8687000000.0,10082000000.0,9463000000.0,407000000.0,9056000000.0,37669000000.0,7312000000.0,13901000000.0,7421000000.0,1741000000.0,8.76
MA,2022-12-31,22237000000.0,9930000000.0,12264000000.0,11195000000.0,442000000.0,10753000000.0,38724000000.0,6298000000.0,14023000000.0,7008000000.0,1903000000.0,10.22
MA,2023-12-31,25098000000.0,11195000000.0,14008000000.0,11980000000.0,371000000.0,11609000000.0,42448000000.0,6929000000.0,15681000000.0,8588000000.0,2158000000.0,11.830000000000002
MA,2024-12-31,28167000000.0,12874000000.0,15582000000.0,14780000000.0,474000000.0,14306000000.0,48081000000.0,6485000000.0,18226000000.0,8442000000.0,2448000000.0,13.89
MA,2025-12-31,32791000000.0,14968000000.0,18897000000.0,17648000000.0,489000000.0,17159000000.0,54157000000.0,7737000000.0,19000000000.0,10566000000.0,2756000000.0,16.52
MAA,2020-12-31,1677984000.0,254962000.0,265841000.0,823949000.0,225506000.0,598443000.0,11194791000.0,5871633000.0,,25198000.0,457355000.0,2.19
MAA,2021-12-31,1778082000.0,533791000.0,563128000.0,894967000.0,279635000.0,615332000.0,11285182000.0,5965177000.0,,54302000.0,470401000.0,4.61
MAA,2022-12-31,2019866000.0,637436000.0,646989000.0,1058479000.0,296176000.0,762303000.0,11241165000.0,6005089000.0,,38659000.0,539605000.0,5.48
MAA,2023-12-31,2148468000.0,552806000.0,570845000.0,1137187000.0,341224000.0,795963000.0,11484503000.0,6094071000.0,,41314000.0,651717000.0,4.71
MAA,2024-12-31,2191015000.0,527543000.0,544865000.0,1098292000.0,322372000.0,775920000.0,11812369000.0,5942131000.0,,43018000.0,686900000.0,4.49
MAA,2025-12-31,2209126000.0,446909000.0,459086000.0,1078175000.0,360238000.0,717937000.0,11975383000.0,5662851000.0,,60258000.0,709024000.0,3.7800000000000002
MAR,2020-12-31,10571000000.0,-267000000.0,84000000.0,1639000000.0,135000000.0,1504000000.0,24701000000.0,430000000.0,9210000000.0,877000000.0,156000000.0,-0.82
MAR,2021-12-31,13857000000.0,1099000000.0,1750000000.0,1177000000.0,183000000.0,994000000.0,25553000000.0,1414000000.0,9340000000.0,1393000000.0,0.0,3.34
MAR,2022-12-31,20773000000.0,2358000000.0,3462000000.0,2363000000.0,332000000.0,2031000000.0,24815000000.0,568000000.0,9388000000.0,507000000.0,321000000.0,7.24
MAR,2023-12-31,23713000000.0,3083000000.0,3864000000.0,3170000000.0,452000000.0,2718000000.0,25674000000.0,-682000000.0,11328000000.0,338000000.0,587000000.0,10.18
MAR,2024-12-31,25100000000.0,2375000000.0,3767000000.0,2749000000.0,750000000.0,1999000000.0,26182000000.0,-2992000000.0,13147000000.0,396000000.0,682000000.0,8.33
MAR,2025-12-31,26186000000.0,2601000000.0,4141000000.0,3212000000.0,604000000.0,2608000000.0,27540000000.0,-3771000000.0,15006000000.0,358000000.0,718000000.0,9.51
MAS,2020-12-31,7188000000.0,1224000000.0,1295000000.0,953000000.0,114000000.0,839000000.0,5777000000.0,195000000.0,2795000000.0,1326000000.0,145000000.0,4.56
MAS,2021-12-31,8375000000.0,410000000.0,1405000000.0,930000000.0,128000000.0,802000000.0,5575000000.0,-179000000.0,2959000000.0,926000000.0,211000000.0,1.62
MAS,2022-12-31,8680000000.0,844000000.0,1297000000.0,840000000.0,224000000.0,616000000.0,5187000000.0,-480000000.0,3151000000.0,452000000.0,258000000.0,3.63
MAS,2023-12-31,7967000000.0,908000000.0,1348000000.0,1413000000.0,243000000.0,1170000000.0,5363000000.0,-126000000.0,2948000000.0,634000000.0,257000000.0,4.02
MAS,2024-12-31,7828000000.0,822000000.0,1363000000.0,1075000000.0,168000000.0,907000000.0,5016000000.0,-279000000.0,2948000000.0,634000000.0,254000000.0,3.76
MAS,2025-12-31,7562000000.0,810000000.0,1248000000.0,1022000000.0,156000000.0,866000000.0,5201000000.0,-185000000.0,2947000000.0,647000000.0,261000000.0,3.8600000000000003
MCD,2020-12-31,19207800000.0,4730500000.0,7324000000.0,6265200000.0,1640800000.0,4624400000.0,52626800000.0,-7824900000.0,37440400000.0,3449100000.0,3752900000.0,6.31
MCD,2021-12-31,23222900000.0,7545000000.0,10356000000.0,9141500000.0,2040000000.0,7101500000.0,53854300000.0,-4601000000.0,35622700000.0,4709200000.0,3918600000.0,10.04
MCD,2022-12-31,23183000000.0,6177000000.0,9371000000.0,7387000000.0,1899000000.0,5488000000.0,50436000000.0,-6003000000.0,35903500000.0,2583800000.0,4168000000.0,8.33
MCD,2023-12-31,25494000000.0,8469000000.0,11647000000.0,9612000000.0,2357000000.0,7255000000.0,56147000000.0,-4707000000.0,39345000000.0,4579000000.0,4533000000.0,11.56
MCD,2024-12-31,25920000000.0,8223000000.0,11712000000.0,9447000000.0,2775000000.0,6672000000.0,55182000000.0,-3797000000.0,38424000000.0,1085000000.0,4870000000.0,11.39
MCD,2025-12-31,26885000000.0,8563000000.0,12393000000.0,10551000000.0,3365000000.0,7186000000.0,59515000000.0,-1791000000.0,40698000000.0,774000000.0,5115000000.0,11.95
MCHP,2021-03-31,5438400000.0,349400000.0,998100000.0,1916500000.0,92600000.0,1823900000.0,16478800000.0,5337100000.0,8904100000.0,280000000.0,,0.65
MCHP,2022-03-31,6820900000.0,1285500000.0,1849600000.0,2842700000.0,370100000.0,2472600000.0,16199500000.0,5894800000.0,7687400000.0,317400000.0,,2.27
MCHP,2023-03-31,8438700000.0,2237700000.0,3116000000.0,3621000000.0,486200000.0,3134800000.0,16370300000.0,6513600000.0,6439900000.0,234000000.0,,4.02
MCHP,2024-03-31,7634400000.0,1906900000.0,2571000000.0,2892700000.0,285100000.0,2607600000.0,15873200000.0,6657800000.0,5999800000.0,319700000.0,911500000.0,3.48
MCHP,2025-03-31,4401600000.0,-500000.0,296300000.0,898100000.0,126000000.0,772100000.0,15374600000.0,7078300000.0,5630400000.0,771700000.0,975700000.0,-0.010000000000000037
MCHP,2026-03-31,4713100000.0,230000000.0,490100000.0,962100000.0,91100000.0,871000000.0,14370100000.0,6432400000.0,5496400000.0,240300000.0,984000000.0,0.22
MCK,2021-03-31,238228000000.0,-4539000000.0,-5040000000.0,4542000000.0,451000000.0,4091000000.0,65015000000.0,-21000000.0,6406000000.0,6278000000.0,276000000.0,-28.62
MCK,2022-03-31,263966000000.0,1114000000.0,2038000000.0,4434000000.0,388000000.0,4046000000.0,63298000000.0,-2272000000.0,5080000000.0,3532000000.0,277000000.0,7.23
MCK,2023-03-31,276711000000.0,3560000000.0,4381000000.0,5159000000.0,390000000.0,4769000000.0,62320000000.0,-1857000000.0,4626000000.0,4678000000.0,292000000.0,25.03
MCK,2024-03-31,308951000000.0,3002000000.0,3909000000.0,4314000000.0,431000000.0,3883000000.0,67443000000.0,-1971000000.0,5579000000.0,4583000000.0,314000000.0,22.39
MCK,2025-03-31,359051000000.0,3295000000.0,4422000000.0,6085000000.0,537000000.0,5548000000.0,75140000000.0,-2074000000.0,4495000000.0,5691000000.0,345000000.0,25.72
MCK,2026-03-31,403430000000.0,4762000000.0,6212000000.0,6155000000.0,436000000.0,5719000000.0,82323000000.0,-2172000000.0,5296000000.0,3975000000.0,381000000.0,38.38
MCO,2020-12-31,5371000000.0,1778000000.0,2388000000.0,2146000000.0,103000000.0,2043000000.0,12409000000.0,1569000000.0,6422000000.0,2597000000.0,420000000.0,9.39
MCO,2021-12-31,6218000000.0,2214000000.0,2844000000.0,2005000000.0,139000000.0,1866000000.0,14680000000.0,2727000000.0,7413000000.0,1811000000.0,463000000.0,11.78
MCO,2022-12-31,5468000000.0,1374000000.0,1883000000.0,1474000000.0,283000000.0,1191000000.0,14349000000.0,2519000000.0,7389000000.0,1769000000.0,515000000.0,7.440000000000001
MCO,2023-12-31,5916000000.0,1607000000.0,2137000000.0,2151000000.0,271000000.0,1880000000.0,14622000000.0,3318000000.0,7001000000.0,2130000000.0,564000000.0,8.73
MCO,2024-12-31,7088000000.0,2058000000.0,2875000000.0,2838000000.0,317000000.0,2521000000.0,15505000000.0,3565000000.0,7428000000.0,2408000000.0,620000000.0,11.26
MCO,2025-12-31,7718000000.0,2459000000.0,3351000000.0,2901000000.0,326000000.0,2575000000.0,15830000000.0,4054000000.0,6994000000.0,2384000000.0,701000000.0,13.67
MDLZ,2020-12-31,26581000000.0,3555000000.0,3853000000.0,3964000000.0,863000000.0,3101000000.0,67810000000.0,27578000000.0,17305000000.0,3650000000.0,1678000000.0,2.47
MDLZ,2021-12-31,28720000000.0,4300000000.0,4653000000.0,4141000000.0,965000000.0,3176000000.0,67092000000.0,28269000000.0,17766000000.0,3553000000.0,1826000000.0,3.04
MDLZ,2022-12-31,31496000000.0,2717000000.0,3534000000.0,3908000000.0,906000000.0,3002000000.0,71161000000.0,26883000000.0,22550000000.0,1948000000.0,1985000000.0,1.96
MDLZ,2023-12-31,36016000000.0,4959000000.0,5502000000.0,4714000000.0,1112000000.0,3602000000.0,71391000000.0,28332000000.0,17307000000.0,1884000000.0,2160000000.0,3.62
MDLZ,2024-12-31,36441000000.0,4611000000.0,6345000000.0,4910000000.0,1387000000.0,3523000000.0,68497000000.0,26932000000.0,15735000000.0,1400000000.0,2349000000.0,3.42
MDLZ,2025-12-31,38537000000.0,2451000000.0,3548000000.0,4514000000.0,1279000000.0,3235000000.0,71487000000.0,25838000000.0,19910000000.0,2195000000.0,2487000000.0,1.89
MDT,2021-04-30,30117000000.0,3606000000.0,4484000000.0,6240000000.0,1355000000.0,4885000000.0,93083000000.0,51428000000.0,26389000000.0,3593000000.0,3120000000.0,2.66
MDT,2022-04-29,31686000000.0,5039.0,5752000000.0,7346000000.0,1368000000.0,5978000000.0,90981000000.0,52551000000.0,24114000000.0,3714000000.0,3383000000.0,3.7300000000000004
MDT,2023-04-28,31227000000.0,3758.0,5485000000.0,6039000000.0,1459000000.0,4580000000.0,90948000000.0,51483000000.0,24364000000.0,1543000000.0,3616000000.0,2.82
MDT,2024-04-26,32364000000.0,3676.0,5144000000.0,6787000000.0,1587000000.0,5200000000.0,89981000000.0,50214000000.0,25024000000.0,1284000000.0,3666000000.0,2.76
MDT,2025-04-25,33537000000.0,4662.0,5955000000.0,7044000000.0,1859000000.0,5185000000.0,91680000000.0,48024000000.0,28516000000.0,2218000000.0,3589000000.0,3.6100000000000003
MDT,2026-04-24,36364000000.0,4801.0,6467000000.0,7330000000.0,1904000000.0,5426000000.0,93028000000.0,49463000000.0,27961000000.0,1949000000.0,3639000000.0,3.73
MET,2020-12-31,1354000000.0,5407000000.0,6927000000.0,11639000000.0,,,795146000000.0,74558000000.0,14996000000.0,19795000000.0,1657000000.0,5.65
MET,2021-12-31,2074000000.0,6353000000.0,8518000000.0,12347000000.0,,,759708000000.0,67482000000.0,14274000000.0,20047000000.0,1647000000.0,7.65
MET,2022-12-31,2110000000.0,2354000000.0,5978000000.0,13044000000.0,,,663072000000.0,29881000000.0,14822000000.0,20195000000.0,1598000000.0,6.3
MET,2023-12-31,2229000000.0,1380000000.0,5723000000.0,13721000000.0,,,687584000000.0,30015000000.0,15667000000.0,20639000000.0,1566000000.0,1.83
MET,2024-12-31,2245000000.0,4226000000.0,5996000000.0,14598000000.0,,,677457000000.0,27445000000.0,15551000000.0,20068000000.0,1527000000.0,5.94
MET,2025-12-31,2436000000.0,3173000000.0,6137000000.0,17092000000.0,,,745166000000.0,28398000000.0,14822000000.0,22032000000.0,1509000000.0,4.71
META,2020-12-31,85965000000.0,29146000000.0,32671000000.0,38747000000.0,15163000000.0,23584000000.0,159316000000.0,128290000000.0,523000000.0,17576000000.0,,10.09
META,2021-12-31,117929000000.0,39370000000.0,46753000000.0,57683000000.0,18690000000.0,38993000000.0,165987000000.0,124879000000.0,75000000.0,16601000000.0,,13.77
META,2022-12-31,116609000000.0,23200000000.0,28944000000.0,50475000000.0,31186000000.0,19289000000.0,185727000000.0,125713000000.0,10052000000.0,14681000000.0,0.0,8.59
META,2023-12-31,134902000000.0,39098000000.0,46751000000.0,71113000000.0,27045000000.0,44068000000.0,229623000000.0,153168000000.0,18475000000.0,41862000000.0,0.0,14.87
META,2024-12-31,164501000000.0,62360000000.0,69380000000.0,91328000000.0,37256000000.0,54072000000.0,276054000000.0,182637000000.0,28902000000.0,43889000000.0,5072000000.0,23.86
META,2025-12-31,200966000000.0,60458000000.0,83276000000.0,115800000000.0,69691000000.0,46109000000.0,366021000000.0,217243000000.0,59052000000.0,35873000000.0,5324000000.0,23.49
MGM,2020-12-31,5162082000.0,-1032724000.0,-642434000.0,-1493043000.0,270579000.0,-1763622000.0,36494934000.0,6504726000.0,12376684000.0,5101637000.0,77606000.0,-2.02
MGM,2021-12-31,9680140000.0,1254370000.0,2278699000.0,1373423000.0,490697000.0,882726000.0,40899116000.0,6070645000.0,12770797000.0,4703059000.0,4789000.0,2.41
MGM,2022-12-31,13127485000.0,1473093000.0,1439372000.0,1756462000.0,765067000.0,991395000.0,45692206000.0,4831529000.0,8719290000.0,5911893000.0,4048000.0,3.49
MGM,2023-12-31,16164249000.0,1142180000.0,1891497000.0,2690777000.0,931813000.0,1758964000.0,42368548000.0,3811170000.0,6343810000.0,2927833000.0,0.0,3.19
MGM,2024-12-31,17240545000.0,746558000.0,1490456000.0,2362495000.0,1150589000.0,1211906000.0,42231627000.0,3023481000.0,6436289000.0,2415532000.0,0.0,2.4
MGM,2025-12-31,17537683000.0,205862000.0,1001780000.0,2529378000.0,1068927000.0,1460451000.0,41373786000.0,2429917000.0,6307054000.0,2062994000.0,,0.76
MKC,2020-11-30,5601300000.0,747400000.0,999500000.0,1041300000.0,225300000.0,816000000.0,12089700000.0,3926100000.0,4017700000.0,423600000.0,330100000.0,2.77
MKC,2021-11-30,6317900000.0,755300000.0,1015100000.0,828300000.0,278000000.0,550300000.0,12905800000.0,4411000000.0,4743600000.0,351700000.0,363300000.0,2.8
MKC,2022-11-30,6350500000.0,682000000.0,863600000.0,651500000.0,262000000.0,389500000.0,13124900000.0,4680500000.0,3912900000.0,334000000.0,396700000.0,2.52
MKC,2023-11-30,6662200000.0,680600000.0,963000000.0,1237300000.0,263900000.0,973400000.0,12862300000.0,5060700000.0,4139200000.0,166600000.0,418500000.0,2.52
MKC,2024-11-30,6723700000.0,788500000.0,1060300000.0,921900000.0,274900000.0,647000000.0,13070300000.0,5291000000.0,3858800000.0,186100000.0,451000000.0,2.92
MKC,2025-11-30,6840300000.0,789400000.0,1070800000.0,962200000.0,221800000.0,740400000.0,13200400000.0,5736500000.0,3614900000.0,95900000.0,483000000.0,2.93
MLM,2020-12-31,4729900000.0,721000000.0,1005400000.0,1050100000.0,359700000.0,690400000.0,10580800000.0,5890700000.0,2629100000.0,207300000.0,140300000.0,11.54
MLM,2021-12-31,5414000000.0,702770000.0,973800000.0,1137700000.0,423100000.0,714600000.0,14393000000.0,6535300000.0,5100900000.0,258400000.0,147800000.0,11.22
MLM,2022-12-31,6161000000.0,866740000.0,1207000000.0,991000000.0,482000000.0,509000000.0,14993600000.0,7170500000.0,5040000000.0,358000000.0,160000000.0,13.87
MLM,2023-12-31,5851000000.0,1169400000.0,1333000000.0,1528000000.0,650000000.0,878000000.0,15125000000.0,8034000000.0,4346000000.0,1272000000.0,174000000.0,18.82
MLM,2024-12-31,5662000000.0,1995810000.0,2479000000.0,1459000000.0,855000000.0,604000000.0,18170000000.0,9453000000.0,5413000000.0,670000000.0,189000000.0,32.41
MLM,2025-12-31,6150000000.0,1137610000.0,1437000000.0,1785000000.0,807000000.0,978000000.0,18711000000.0,10032000000.0,5323000000.0,67000000.0,197000000.0,18.77
MMM,2020-12-31,32184000000.0,5449000000.0,7161000000.0,8113000000.0,1501000000.0,6612000000.0,47344000000.0,12867000000.0,18795000000.0,4634000000.0,3388000000.0,7.801003344481606
MMM,2021-12-31,35355000000.0,5921000000.0,7369000000.0,7454000000.0,1603000000.0,5851000000.0,47072000000.0,15046000000.0,17363000000.0,4564000000.0,3420000000.0,8.461538461538462
MMM,2022-12-31,26161000000.0,5777000000.0,4369000000.0,5591000000.0,1749000000.0,3842000000.0,46455000000.0,14722000000.0,15939000000.0,3655000000.0,3369000000.0,10.18
MMM,2023-12-31,24610000000.0,-6995000000.0,-10689000000.0,6680000000.0,1615000000.0,5065000000.0,50580000000.0,4807000000.0,16035000000.0,5933000000.0,3311000000.0,-12.629999999999999
MMM,2024-12-31,24575000000.0,4173000000.0,4822000000.0,1819000000.0,1181000000.0,638000000.0,39868000000.0,3842000000.0,13044000000.0,5600000000.0,1982000000.0,7.55
MMM,2025-12-31,24948000000.0,3250000000.0,4629000000.0,2306000000.0,910000000.0,1396000000.0,37733000000.0,4702000000.0,12602000000.0,5235000000.0,1562000000.0,6.0
MNST,2020-12-31,4598638000.0,1409594000.0,1633153000.0,1364163000.0,48722000.0,1315441000.0,6202716000.0,5160860000.0,823000.0,1180413000.0,,0.66
MNST,2021-12-31,5541352000.0,1377475000.0,1797467000.0,1155741000.0,43868000.0,1111873000.0,7804784000.0,6566951000.0,1001000.0,1326462000.0,,0.645
MNST,2022-12-31,6311050000.0,1191624000.0,1584721000.0,887699000.0,188726000.0,698973000.0,8293105000.0,7025041000.0,798000.0,1307141000.0,,0.56
MNST,2023-12-31,7140027000.0,1630988000.0,1953355000.0,1717753000.0,221428000.0,1496325000.0,9686522000.0,8228744000.0,0.0,2297675000.0,,0.77
MNST,2024-12-31,7492709000.0,1509048000.0,1930294000.0,1928533000.0,264074000.0,1664459000.0,7719089000.0,5957718000.0,373951000.0,1533287000.0,,0.745
MNST,2025-12-31,8294343000.0,1905432000.0,2419354000.0,2098177000.0,132275000.0,1965902000.0,9988945000.0,8254108000.0,,2088117000.0,,0.97
MO,2020-12-31,26153000000.0,4467000000.0,10873000000.0,8385000000.0,231000000.0,8154000000.0,47414000000.0,2839000000.0,29471000000.0,4945000000.0,6290000000.0,2.39
MO,2021-12-31,26013000000.0,2475000000.0,11560000000.0,8405000000.0,169000000.0,8236000000.0,39523000000.0,-1606000000.0,28044000000.0,4544000000.0,6446000000.0,1.34
MO,2022-12-31,25096000000.0,5764000000.0,11919000000.0,8256000000.0,205000000.0,8051000000.0,36954000000.0,-3973000000.0,26680000000.0,4030000000.0,6599000000.0,3.19
MO,2023-12-31,24483000000.0,8130000000.0,11547000000.0,9287000000.0,196000000.0,9091000000.0,38570000000.0,-3540000000.0,26233000000.0,3686000000.0,6779000000.0,4.57
MO,2024-12-31,24018000000.0,11264000000.0,11241000000.0,8753000000.0,142000000.0,8611000000.0,35177000000.0,-2238000000.0,24926000000.0,3127000000.0,6845000000.0,6.54
MO,2025-12-31,23279000000.0,6947000000.0,9899000000.0,9290000000.0,216000000.0,9074000000.0,35017000000.0,-3502000000.0,25709000000.0,4474000000.0,6960000000.0,4.12
MOS,2020-12-31,8681700000.0,666100000.0,412900000.0,1582600000.0,1170600000.0,412000000.0,19789800000.0,9581400000.0,4073900000.0,574000000.0,75800000.0,1.75
MOS,2021-12-31,12357400000.0,1631000000.0,2468500000.0,2187000000.0,1288600000.0,898400000.0,22036400000.0,10604100000.0,3685000000.0,769500000.0,103700000.0,4.27
MOS,2022-12-31,19125200000.0,3583000000.0,4785300000.0,3935800000.0,1247300000.0,2688500000.0,23386000000.0,12054600000.0,2636800000.0,735400000.0,197700000.0,10.059999999999999
MOS,2023-12-31,13696100000.0,1165000000.0,1338100000.0,2407200000.0,1402400000.0,1004800000.0,23032800000.0,12290200000.0,3631300000.0,348800000.0,351600000.0,3.5
MOS,2024-12-31,11122800000.0,175000000.0,621500000.0,1299200000.0,1251800000.0,47400000.0,22924000000.0,11482400000.0,4179400000.0,272800000.0,270700000.0,0.55
MOS,2025-12-31,12052400000.0,541000000.0,821500000.0,824800000.0,1359400000.0,-534600000.0,24480100000.0,12084900000.0,5010800000.0,276600000.0,280400000.0,1.7
MPC,2020-12-31,69779000000.0,-9826000000.0,-12247000000.0,2419000000.0,2787000000.0,-368000000.0,85158000000.0,22199000000.0,31584000000.0,415000000.0,1510000000.0,-15.66
MPC,2021-12-31,119983000000.0,9738000000.0,4300000000.0,4360000000.0,1464000000.0,2896000000.0,85373000000.0,26206000000.0,25539000000.0,5291000000.0,1484000000.0,15.24
MPC,2022-12-31,177453000000.0,14516000000.0,21469000000.0,16361000000.0,2420000000.0,13941000000.0,89904000000.0,27715000000.0,26700000000.0,8625000000.0,1279000000.0,28.12
MPC,2023-12-31,148379000000.0,9681000000.0,14514000000.0,14117000000.0,1890000000.0,12227000000.0,85987000000.0,24404000000.0,27283000000.0,5443000000.0,1261000000.0,23.630000000000003
MPC,2024-12-31,138864000000.0,3445000000.0,6796000000.0,8665000000.0,2533000000.0,6132000000.0,78858000000.0,17745000000.0,27481000000.0,3210000000.0,1154000000.0,10.079999999999998
MPC,2025-12-31,132699000000.0,4047000000.0,8291000000.0,8253000000.0,3486000000.0,4767000000.0,83955000000.0,17314000000.0,32876000000.0,3672000000.0,1140000000.0,13.22
MPWR,2020-12-31,844452000.0,164375000.0,158882000.0,267803000.0,55610000.0,212193000.0,1208491000.0,966587000.0,,334944000.0,88786000.0,3.5
MPWR,2021-12-31,1207798000.0,242023000.0,262417000.0,320010000.0,94420000.0,225590000.0,1585825000.0,1243985000.0,,189265000.0,109364000.0,5.05
MPWR,2022-12-31,1794148000.0,437672000.0,526785000.0,246674000.0,58843000.0,187831000.0,2058885000.0,1668602000.0,,288607000.0,137965000.0,9.05
MPWR,2023-12-31,1821072000.0,427374000.0,481736000.0,638213000.0,57578000.0,580635000.0,2434353000.0,2049939000.0,,527843000.0,185844000.0,8.76
MPWR,2024-12-31,2207100000.0,1592058000.0,539358000.0,788410000.0,146118000.0,642292000.0,3515822000.0,2951125000.0,,691816000.0,240623000.0,32.6
MPWR,2025-12-31,2790459000.0,621483000.0,728636000.0,838202000.0,172013000.0,666189000.0,4194199000.0,3531497000.0,,1099302000.0,284797000.0,12.86
MRK,2020-12-31,41518000000.0,7067000000.0,5863000000.0,10253000000.0,4429000000.0,5824000000.0,91588000000.0,25317000000.0,31791000000.0,8050000000.0,6215000000.0,2.7800000000000002
MRK,2021-12-31,48704000000.0,12345000000.0,13879000000.0,13122000000.0,4448000000.0,8674000000.0,105694000000.0,38184000000.0,33102000000.0,8096000000.0,6610000000.0,5.14
MRK,2022-12-31,59283000000.0,14519000000.0,16444000000.0,19095000000.0,4388000000.0,14707000000.0,109160000000.0,45991000000.0,30691000000.0,12694000000.0,7012000000.0,5.71
MRK,2023-12-31,60115000000.0,365000000.0,1889000000.0,13006000000.0,3863000000.0,9143000000.0,106675000000.0,37581000000.0,35055000000.0,6841000000.0,7445000000.0,0.14
MRK,2024-12-31,64168000000.0,17117000000.0,19936000000.0,21468000000.0,3372000000.0,18096000000.0,117106000000.0,46313000000.0,37111000000.0,13242000000.0,7840000000.0,6.74
MRK,2025-12-31,65011000000.0,18254000000.0,21067000000.0,16472000000.0,4112000000.0,12360000000.0,136866000000.0,52606000000.0,49339000000.0,14565000000.0,8176000000.0,7.28
MRNA,2020-12-31,803000000.0,-747000000.0,-763000000.0,2027000000.0,68000000.0,1959000000.0,7337000000.0,2561000000.0,134000000.0,2624000000.0,,-1.96
MRNA,2021-12-31,18471000000.0,12202000000.0,13296000000.0,13620000000.0,284000000.0,13336000000.0,24669000000.0,14145000000.0,764000000.0,6848000000.0,,28.29
MRNA,2022-12-31,19263000000.0,8362000000.0,9420000000.0,4981000000.0,400000000.0,4581000000.0,25858000000.0,19123000000.0,1073000000.0,3205000000.0,,20.12
MRNA,2023-12-31,6848000000.0,-4714000000.0,-4239000000.0,-3118000000.0,707000000.0,-3825000000.0,18426000000.0,13854000000.0,575000000.0,2907000000.0,,-12.33
MRNA,2024-12-31,3236000000.0,-3561000000.0,-3945000000.0,-3004000000.0,1051000000.0,-4055000000.0,14142000000.0,10901000000.0,23000000.0,1927000000.0,,-9.28
MRNA,2025-12-31,1944000000.0,-2822000000.0,-3074000000.0,-1873000000.0,192000000.0,-2065000000.0,12338000000.0,8650000000.0,615000000.0,2595000000.0,,-7.26
MRSH,2020-12-31,17224000000.0,2016000000.0,3066000000.0,3382000000.0,348000000.0,3034000000.0,33049000000.0,9260000000.0,11313000000.0,2089000000.0,943000000.0,3.95
MRSH,2021-12-31,19820000000.0,3143000000.0,4312000000.0,3516000000.0,406000000.0,3110000000.0,44010000000.0,11222000000.0,10950000000.0,1752000000.0,1026000000.0,6.129999999999999
MRSH,2022-12-31,20720000000.0,3050000000.0,4280000000.0,3465000000.0,470000000.0,2995000000.0,44114000000.0,10749000000.0,11495000000.0,1442000000.0,1138000000.0,6.04
MRSH,2023-12-31,22736000000.0,3756000000.0,5282000000.0,4258000000.0,416000000.0,3842000000.0,48030000000.0,12370000000.0,13463000000.0,3358000000.0,1298000000.0,7.53
MRSH,2024-12-31,24458000000.0,4060000000.0,5817000000.0,4302000000.0,316000000.0,3986000000.0,56481000000.0,13535000000.0,19947000000.0,2398000000.0,1513000000.0,8.18
MRSH,2025-12-31,26981000000.0,4160000000.0,6223000000.0,5292000000.0,291000000.0,5001000000.0,58710000000.0,15315000000.0,19587000000.0,2687000000.0,1699000000.0,8.43
MRVL,2021-01-30,2968900000.0,-277300000.0,-258400000.0,817300000.0,106800000.0,710500000.0,10764924000.0,8435800000.0,1192811000.0,748467000.0,160600000.0,-0.41
MRVL,2022-01-29,4462400000.0,-421000000.0,-347700000.0,819300000.0,169200000.0,650100000.0,22108600000.0,15702100000.0,4548000000.0,613500000.0,191000000.0,-0.53
MRVL,2023-01-28,5919600000.0,-163500000.0,238000000.0,1288800000.0,206200000.0,1082600000.0,22522100000.0,15637200000.0,4492100000.0,911000000.0,204400000.0,-0.19
MRVL,2024-02-03,5507700000.0,-933400000.0,-567700000.0,1370500000.0,336300000.0,1034200000.0,21228500000.0,14831400000.0,4165900000.0,950800000.0,206800000.0,-1.08
MRVL,2025-02-01,5767300000.0,-885000000.0,-720300000.0,1681200000.0,284600000.0,1396600000.0,20204500000.0,13427000000.0,4063800000.0,948300000.0,207500000.0,-1.02
MRVL,2026-01-31,8194600000.0,2670100000.0,1322900000.0,1750500000.0,354100000.0,1396400000.0,22285300000.0,14308400000.0,4470600000.0,2638800000.0,205100000.0,3.07
MS,2020-12-31,48757000000.0,10996000000.0,14418000000.0,-25231000000.0,,,1115862000000.0,101781000000.0,237629000000.0,105654000000.0,2739000000.0,6.4399999999999995
MS,2021-12-31,59755000000.0,15034000000.0,19668000000.0,33971000000.0,,,1188140000000.0,105441000000.0,227363000000.0,127725000000.0,4171000000.0,8.03
MS,2022-12-31,53668000000.0,11029000000.0,14089000000.0,-6397000000.0,,,1180231000000.0,100141000000.0,233867000000.0,128127000000.0,5401000000.0,6.15
MS,2023-12-31,54143000000.0,9087000000.0,11813000000.0,-33536000000.0,,,1193693000000.0,99038000000.0,260544000000.0,89232000000.0,5763000000.0,5.18
MS,2024-12-31,61761000000.0,13390000000.0,17596000000.0,1362000000.0,,,1215071000000.0,104511000000.0,284307000000.0,105386000000.0,6138000000.0,7.95
MS,2025-12-31,70645000000.0,16861000000.0,21954000000.0,-17889000000.0,,,1420270000000.0,111632000000.0,341681000000.0,111695000000.0,6593000000.0,10.21
MSCI,2020-12-31,1695390000.0,601822000.0,884764000.0,811109000.0,21826000.0,789283000.0,4198647000.0,-443234000.0,3366777000.0,1300521000.0,246444000.0,7.12
MSCI,2021-12-31,2043544000.0,725983000.0,1072725000.0,936069000.0,13509000.0,922560000.0,5506703000.0,-163467000.0,4161422000.0,1421449000.0,302449000.0,8.7
MSCI,2022-12-31,2248598000.0,870573000.0,1207640000.0,1095369000.0,13617000.0,1081752000.0,4997535000.0,-1007925000.0,4511946000.0,993564000.0,372915000.0,10.719999999999999
MSCI,2023-12-31,2528920000.0,1148592000.0,1384609000.0,1236029000.0,22757000.0,1213272000.0,5518219000.0,-739764000.0,4507728000.0,461693000.0,440993000.0,14.39
MSCI,2024-12-31,2856128000.0,1109128000.0,1528518000.0,1501627000.0,33762000.0,1467865000.0,5445439000.0,-940000000.0,4510816000.0,409351000.0,509109000.0,14.05
MSCI,2025-12-31,3134459000.0,1202305000.0,1713567000.0,1588446000.0,39319000.0,1549127000.0,5702500000.0,-2654500000.0,6202300000.0,515300000.0,556521000.0,15.690000000000001
MSFT,2021-06-30,168088000000.0,61271000000.0,69916000000.0,76740000000.0,20622000000.0,56118000000.0,333779000000.0,141988000000.0,58146000000.0,14224000000.0,16521000000.0,8.05
MSFT,2022-06-30,198270000000.0,72738000000.0,83383000000.0,89035000000.0,23886000000.0,65149000000.0,364840000000.0,166542000000.0,49781000000.0,13931000000.0,18135000000.0,9.65
MSFT,2023-06-30,211915000000.0,72361000000.0,88523000000.0,87582000000.0,28107000000.0,59475000000.0,411976000000.0,206223000000.0,47237000000.0,34704000000.0,19800000000.0,9.68
MSFT,2024-06-30,245122000000.0,88136000000.0,109433000000.0,118548000000.0,44477000000.0,74071000000.0,512163000000.0,268477000000.0,44937000000.0,18315000000.0,21771000000.0,11.8
MSFT,2025-06-30,281724000000.0,101832000000.0,128528000000.0,136162000000.0,64551000000.0,71611000000.0,619003000000.0,343479000000.0,43151000000.0,30242000000.0,24082000000.0,13.64
MSFT,2026-06-30,331839000000.0,133749000000.0,155237000000.0,182935000000.0,115948000000.0,66987000000.0,758376000000.0,442387000000.0,40294000000.0,20935000000.0,26445000000.0,17.95
MSI,2020-12-31,7414000000.0,949000000.0,1383000000.0,1613000000.0,217000000.0,1396000000.0,10876000000.0,-558000000.0,5175000000.0,1254000000.0,436000000.0,5.45
MSI,2021-12-31,8171000000.0,1245000000.0,1667000000.0,1837000000.0,243000000.0,1594000000.0,12189000000.0,-40000000.0,5693000000.0,1874000000.0,482000000.0,7.17
MSI,2022-12-31,9112000000.0,1363000000.0,1661000000.0,1823000000.0,256000000.0,1567000000.0,12814000000.0,116000000.0,6014000000.0,1325000000.0,530000000.0,7.93
MSI,2023-12-31,9978000000.0,1709000000.0,2294000000.0,2044000000.0,253000000.0,1791000000.0,13336000000.0,724000000.0,6018000000.0,1705000000.0,589000000.0,9.93
MSI,2024-12-31,10817000000.0,1577000000.0,2688000000.0,2391000000.0,257000000.0,2134000000.0,14595000000.0,1703000000.0,5997000000.0,2102000000.0,654000000.0,9.23
MSI,2025-12-31,11682000000.0,2154000000.0,2988000000.0,2837000000.0,265000000.0,2572000000.0,19389000000.0,2410000000.0,8413000000.0,1165000000.0,728000000.0,12.75
MTB,2020-12-31,5954761000.0,1353152000.0,1769521000.0,789187000.0,172000000.0,617187000.0,142601105000.0,16187000000.0,4441675000.0,1553000000.0,568112000.0,9.94
MTB,2021-12-31,5992000000.0,1859000000.0,2455000000.0,2715000000.0,149000000.0,2566000000.0,155107160000.0,17903000000.0,3532415000.0,1338000000.0,580000000.0,13.8
MTB,2022-12-31,1525000000.0,1992000000.0,2612000000.0,4574000000.0,214000000.0,4360000000.0,200730000000.0,25318000000.0,7520000000.0,26479000000.0,784000000.0,11.53
MTB,2023-12-31,1484000000.0,2741000000.0,3619000000.0,3905000000.0,256000000.0,3649000000.0,208264000000.0,26957000000.0,13517000000.0,29800000000.0,868000000.0,15.79
MTB,2024-12-31,1541000000.0,2588000000.0,3310000000.0,3610000000.0,,,208105000000.0,29027000000.0,13665000000.0,20782000000.0,895000000.0,14.64
MTB,2025-12-31,1657000000.0,2851000000.0,3692000000.0,3003000000.0,,,213510000000.0,29177000000.0,13060000000.0,18769000000.0,899000000.0,17.0
MTD,2020-12-31,3085177000.0,602739000.0,748743000.0,724699000.0,92494000.0,632205000.0,2814549000.0,282675000.0,1334491000.0,94254000.0,,24.96
MTD,2021-12-31,3717930000.0,768985000.0,949361000.0,908825000.0,107580000.0,801245000.0,3326798000.0,171421000.0,1681942000.0,98564000.0,,32.78
MTD,2022-12-31,3919709000.0,872502000.0,1070592000.0,859067000.0,121241000.0,737826000.0,3492395000.0,24793000.0,2014534000.0,95966000.0,,38.41
MTD,2023-12-31,3788309000.0,788778000.0,973728000.0,965874000.0,105323000.0,860551000.0,3355555000.0,-149938000.0,2080839000.0,69807000.0,,35.9
MTD,2024-12-31,3872361000.0,863140000.0,1037223000.0,968346000.0,103898000.0,864448000.0,3239999000.0,-126890000.0,2013888000.0,59362000.0,,40.48
MTD,2025-12-31,4026399000.0,869193000.0,1048909000.0,955772000.0,107124000.0,848648000.0,3712646000.0,-23636000.0,2152172000.0,66888000.0,,42.05
MU,2020-09-03,21435000000.0,2687000000.0,3003000000.0,8306000000.0,8223000000.0,83000000.0,53678000000.0,38996000000.0,6643000000.0,7624000000.0,0.0,2.37
MU,2021-09-02,27705000000.0,5861000000.0,6283000000.0,12468000000.0,10030000000.0,2438000000.0,58849000000.0,43933000000.0,6776000000.0,7763000000.0,0.0,5.14
MU,2022-09-01,30758000000.0,8687000000.0,9702000000.0,15181000000.0,12067000000.0,3114000000.0,66283000000.0,49907000000.0,6906000000.0,8262000000.0,461000000.0,7.75
MU,2023-08-31,15540000000.0,-5833000000.0,-5745000000.0,1559000000.0,7676000000.0,-6117000000.0,64254000000.0,44120000000.0,13330000000.0,8577000000.0,504000000.0,-5.34
MU,2024-08-29,25111000000.0,778000000.0,1304000000.0,8507000000.0,8386000000.0,121000000.0,69416000000.0,45131000000.0,13397000000.0,7041000000.0,513000000.0,0.7
MU,2025-08-28,37378000000.0,8539000000.0,9770000000.0,17525000000.0,15857000000.0,1668000000.0,82798000000.0,54165000000.0,14577000000.0,9642000000.0,522000000.0,7.59
NCLH,2020-12-31,1279908000.0,-4012514000.0,-3484135000.0,-2556243000.0,946545000.0,-3502788000.0,18399317000.0,4354105000.0,11686377000.0,3300482000.0,,-16.8
NCLH,2021-12-31,647986000.0,-4506600000.0,-2552348000.0,-2468009000.0,752843000.0,-3220852000.0,18729837000.0,2432650000.0,11569700000.0,1506647000.0,,-12.4
NCLH,2022-12-31,4843760000.0,-2269900000.0,-1551757000.0,210020000.0,1783857000.0,-1573837000.0,18557694000.0,68591000.0,12630402000.0,946987000.0,,-5.41
NCLH,2023-12-31,8549924000.0,166200000.0,930911000.0,2005714000.0,2750362000.0,-744648000.0,19492990000.0,300807000.0,12314147000.0,402415000.0,,0.38999999999999996
NCLH,2024-12-31,9479651000.0,910300000.0,1465906000.0,2049823000.0,1210952000.0,838871000.0,19969811000.0,1425439000.0,11776721000.0,190765000.0,,1.89
NCLH,2025-12-31,9827592000.0,423200000.0,1560868000.0,2089746000.0,3259606000.0,-1169860000.0,22541401000.0,2209888000.0,13730277000.0,209893000.0,,0.92
NDAQ,2020-12-31,5625000000.0,933000000.0,1234000000.0,1252000000.0,188000000.0,1064000000.0,17979000000.0,6433000000.0,5541000000.0,2745000000.0,320000000.0,1.86
NDAQ,2021-12-31,5886000000.0,1187000000.0,1441000000.0,1083000000.0,163000000.0,920000000.0,20115000000.0,6395000000.0,5830000000.0,393000000.0,350000000.0,2.35
NDAQ,2022-12-31,6226000000.0,1125000000.0,1564000000.0,1706000000.0,152000000.0,1554000000.0,20868000000.0,6151000000.0,5399000000.0,502000000.0,383000000.0,2.26
NDAQ,2023-12-31,6064000000.0,1059000000.0,1578000000.0,1696000000.0,158000000.0,1538000000.0,32294000000.0,10816000000.0,10454000000.0,453000000.0,441000000.0,2.08
NDAQ,2024-12-31,7400000000.0,1117000000.0,1798000000.0,1939000000.0,207000000.0,1732000000.0,30395000000.0,11191000000.0,9480000000.0,592000000.0,541000000.0,1.93
NDAQ,2025-12-31,8262000000.0,1788000000.0,2331000000.0,2255000000.0,266000000.0,1989000000.0,31053000000.0,12227000000.0,9004000000.0,604000000.0,601000000.0,3.09
NDSN,2020-10-31,2121100000.0,249539000.0,349545000.0,502421000.0,50535000.0,451886000.0,3674656000.0,1758991000.0,1105995000.0,208293000.0,88347000.0,4.2700000000000005
NDSN,2021-10-31,2362209000.0,454368000.0,615127000.0,545927000.0,38303000.0,507624000.0,3790961000.0,2159130000.0,815897000.0,299972000.0,97683000.0,7.74
NDSN,2022-10-31,2590278000.0,513103000.0,702360000.0,513131000.0,51428000.0,461703000.0,3820375000.0,2294375000.0,737857000.0,163457000.0,125914000.0,8.81
NDSN,2023-10-31,2628632000.0,487493000.0,672761000.0,641282000.0,34583000.0,606699000.0,5251770000.0,2598060000.0,1737056000.0,115679000.0,150356000.0,8.46
NDSN,2024-10-31,2689921000.0,467284000.0,674001000.0,556193000.0,64410000.0,491783000.0,6000966000.0,2932192000.0,2205125000.0,115952000.0,161438000.0,8.11
NDSN,2025-10-31,2791687000.0,484474000.0,711725000.0,719175000.0,58060000.0,661115000.0,5917681000.0,3043571000.0,1996254000.0,108442000.0,179069000.0,8.51
NEE,2020-12-31,17000000000.0,2919000000.0,5116000000.0,7983000000.0,,,127684000000.0,36513000000.0,46082000000.0,1105000000.0,2743000000.0,1.48
NEE,2021-12-31,18800000000.0,3573000000.0,2913000000.0,7553000000.0,,,140912000000.0,37202000000.0,52745000000.0,639000000.0,3024000000.0,1.81
NEE,2022-12-31,23000000000.0,4147000000.0,4081000000.0,8262000000.0,,,158935000000.0,39229000000.0,61889000000.0,1601000000.0,3352000000.0,2.1
NEE,2023-12-31,24800000000.0,7310000000.0,10237000000.0,11301000000.0,,,177489000000.0,47468000000.0,68306000000.0,2690000000.0,3782000000.0,3.6
NEE,2024-12-31,23500000000.0,6946000000.0,7479000000.0,13260000000.0,,,190144000000.0,50101000000.0,80446000000.0,1487000000.0,4235000000.0,3.37
NEE,2025-12-31,25800000000.0,6835000000.0,8280000000.0,12485000000.0,,,212721000000.0,54608000000.0,93056000000.0,2812000000.0,4680000000.0,3.3
NEM,2020-12-31,11497000000.0,2829000000.0,3143000000.0,4882000000.0,1302000000.0,3580000000.0,41369000000.0,23008000000.0,6031000000.0,5540000000.0,834000000.0,3.51
NEM,2021-12-31,12222000000.0,1166000000.0,1108000000.0,4279000000.0,1653000000.0,2626000000.0,40564000000.0,22022000000.0,5652000000.0,4992000000.0,1757000000.0,1.46
NEM,2022-12-31,11915000000.0,-429000000.0,-51000000.0,3220000000.0,2131000000.0,1089000000.0,38482000000.0,19354000000.0,5571000000.0,2877000000.0,1746000000.0,-0.54
NEM,2023-12-31,11812000000.0,-2494000000.0,-2031000000.0,2763000000.0,2666000000.0,97000000.0,55506000000.0,29027000000.0,8874000000.0,3002000000.0,1415000000.0,-2.97
NEM,2024-12-31,18682000000.0,3348000000.0,4577000000.0,6363000000.0,3402000000.0,2961000000.0,56349000000.0,29928000000.0,8476000000.0,3619000000.0,1145000000.0,2.92
NEM,2025-12-31,22669000000.0,7085000000.0,11342000000.0,10334000000.0,3035000000.0,7299000000.0,57121000000.0,33867000000.0,5115000000.0,7647000000.0,1106000000.0,6.39
NFLX,2020-12-31,24996056000.0,2761395000.0,4585289000.0,2427077000.0,497923000.0,1929154000.0,39280359000.0,11065240000.0,16308973000.0,8205550000.0,,0.609
NFLX,2021-12-31,29697844000.0,5116000000.0,6194509000.0,392610000.0,524585000.0,-131975000.0,44584663000.0,15849248000.0,15392895000.0,6027804000.0,,1.124
NFLX,2022-12-31,31615550000.0,4492000000.0,5632831000.0,2026257000.0,407729000.0,1618528000.0,48594768000.0,20777401000.0,14353076000.0,5147176000.0,,0.9949999999999999
NFLX,2023-12-31,33723297000.0,5408000000.0,6954003000.0,7274301000.0,348552000.0,6925749000.0,48731992000.0,20588313000.0,14543261000.0,7116913000.0,,1.2
NFLX,2024-12-31,39000966000.0,8712000000.0,10417614000.0,7361364000.0,439538000.0,6921826000.0,53630374000.0,24743567000.0,15582804000.0,7804733000.0,,1.98
NFLX,2025-12-31,45183036000.0,10981000000.0,13326603000.0,10149273000.0,688220000.0,9461053000.0,55596993000.0,26615488000.0,14462836000.0,9033681000.0,,2.53
NI,2020-12-31,4473200000.0,-17600000.0,550800000.0,1104000000.0,1758100000.0,-654100000.0,22040500000.0,5752200000.0,9722800000.0,116500000.0,321600000.0,-0.2
NI,2021-12-31,4731300000.0,584900000.0,1006900000.0,1217900000.0,1838000000.0,-620100000.0,24156900000.0,6947300000.0,9743400000.0,84200000.0,345200000.0,1.27
NI,2022-12-31,5738600000.0,804100000.0,1265800000.0,1409400000.0,2203100000.0,-793700000.0,26736600000.0,7575400000.0,11285500000.0,40800000.0,381500000.0,1.7
NI,2023-12-31,5347800000.0,714300000.0,1295500000.0,1935100000.0,2645800000.0,-710700000.0,31077200000.0,8269600000.0,11079300000.0,2245400000.0,413500000.0,1.48
NI,2024-12-31,5282900000.0,760400000.0,1455500000.0,1781500000.0,2614000000.0,-832500000.0,31788100000.0,8684200000.0,13355700000.0,156600000.0,481000000.0,1.62
NI,2025-12-31,6522800000.0,929500000.0,1835300000.0,2362300000.0,2782300000.0,-420000000.0,35858700000.0,9450100000.0,15477500000.0,110100000.0,530400000.0,1.95
NKE,2021-05-31,44538000000.0,5727000000.0,6661000000.0,6657000000.0,695000000.0,5962000000.0,37740000000.0,12767000000.0,9413000000.0,9889000000.0,1638000000.0,3.56
NKE,2022-05-31,46710000000.0,6046000000.0,6651000000.0,5188000000.0,758000000.0,4430000000.0,40321000000.0,15281000000.0,9420000000.0,8574000000.0,1837000000.0,3.75
NKE,2023-05-31,51217000000.0,5070000000.0,6201000000.0,5841000000.0,969000000.0,4872000000.0,37531000000.0,14004000000.0,8927000000.0,7441000000.0,2012000000.0,3.2299999999999995
NKE,2024-05-31,51362000000.0,5700000000.0,6700000000.0,7429000000.0,812000000.0,6617000000.0,38110000000.0,14430000000.0,8903000000.0,9860000000.0,2169000000.0,3.7299999999999995
NKE,2025-05-31,46309000000.0,3219000000.0,3885000000.0,3698000000.0,430000000.0,3268000000.0,36579000000.0,13213000000.0,7961000000.0,7464000000.0,2300000000.0,2.16
NKE,2026-05-31,46398000000.0,3108000000.0,3900000000.0,2868000000.0,684000000.0,2184000000.0,38410000000.0,14865000000.0,7942000000.0,7563000000.0,2407000000.0,2.1
NOC,2020-12-31,36799000000.0,3189000000.0,4065000000.0,4305000000.0,1420000000.0,2885000000.0,44469000000.0,10579000000.0,15003000000.0,4907000000.0,953000000.0,19.02
NOC,2021-12-31,35667000000.0,7005000000.0,5651000000.0,3567000000.0,1415000000.0,2152000000.0,42579000000.0,12926000000.0,12783000000.0,3530000000.0,983000000.0,43.54
NOC,2022-12-31,36602000000.0,4896000000.0,3601000000.0,2901000000.0,1435000000.0,1466000000.0,43755000000.0,15312000000.0,12877000000.0,2577000000.0,1052000000.0,31.47
NOC,2023-12-31,39290000000.0,2056000000.0,2537000000.0,3875000000.0,1775000000.0,2100000000.0,46544000000.0,14795000000.0,13856000000.0,3109000000.0,1116000000.0,13.53
NOC,2024-12-31,41033000000.0,4174000000.0,4370000000.0,4388000000.0,1767000000.0,2621000000.0,49359000000.0,15290000000.0,16274000000.0,4353000000.0,1186000000.0,28.34
NOC,2025-12-31,41954000000.0,4182000000.0,4511000000.0,4757000000.0,1450000000.0,3307000000.0,51377000000.0,16674000000.0,15696000000.0,4403000000.0,1293000000.0,29.08
NOW,2020-12-31,4519000000.0,119000000.0,199000000.0,1786000000.0,419000000.0,1367000000.0,8715000000.0,2834000000.0,1640000000.0,1677000000.0,,0.118
NOW,2021-12-31,5896000000.0,230000000.0,257000000.0,2191000000.0,392000000.0,1799000000.0,10798000000.0,3695000000.0,1576000000.0,1728000000.0,,0.22599999999999998
NOW,2022-12-31,7245000000.0,325000000.0,355000000.0,2723000000.0,550000000.0,2173000000.0,13299000000.0,5032000000.0,1486000000.0,1470000000.0,,0.32
NOW,2023-12-31,8971000000.0,1731000000.0,762000000.0,3398000000.0,694000000.0,2704000000.0,17387000000.0,7628000000.0,1488000000.0,1897000000.0,,1.68
NOW,2024-12-31,10984000000.0,1425000000.0,1364000000.0,4267000000.0,852000000.0,3415000000.0,20383000000.0,9609000000.0,1489000000.0,2304000000.0,,1.37
NOW,2025-12-31,13278000000.0,1748000000.0,1824000000.0,5444000000.0,868000000.0,4576000000.0,26038000000.0,12964000000.0,1491000000.0,3726000000.0,,1.67
NRG,2020-12-31,8690000000.0,510000000.0,1105000000.0,1837000000.0,230000000.0,1607000000.0,14902000000.0,1680000000.0,8692000000.0,3905000000.0,295000000.0,2.0699999999999994
NRG,2021-12-31,26777000000.0,2187000000.0,3341000000.0,493000000.0,269000000.0,224000000.0,23182000000.0,3600000000.0,7970000000.0,250000000.0,319000000.0,8.93
NRG,2022-12-31,31488000000.0,1221000000.0,2018000000.0,360000000.0,367000000.0,-7000000.0,29146000000.0,3828000000.0,8039000000.0,430000000.0,332000000.0,5.170000000000001
NRG,2023-12-31,28256000000.0,-202000000.0,384000000.0,-221000000.0,598000000.0,-819000000.0,26038000000.0,2906000000.0,10753000000.0,541000000.0,381000000.0,-1.1200000000000003
NRG,2024-12-31,27748000000.0,1125000000.0,2424000000.0,2306000000.0,472000000.0,1834000000.0,24022000000.0,2478000000.0,10808000000.0,966000000.0,405000000.0,4.99
NRG,2025-12-31,30347000000.0,864000000.0,1845000000.0,1913000000.0,1147000000.0,766000000.0,29140000000.0,1681000000.0,16443000000.0,4708000000.0,411000000.0,4.01
NSC,2020-12-31,9789000000.0,2013000000.0,3002000000.0,3637000000.0,1494000000.0,2143000000.0,37962000000.0,14791000000.0,12102000000.0,1115000000.0,960000000.0,7.86
NSC,2021-12-31,11142000000.0,3005000000.0,4447000000.0,4255000000.0,1470000000.0,2785000000.0,38493000000.0,13641000000.0,13840000000.0,839000000.0,1028000000.0,12.11
NSC,2022-12-31,12745000000.0,3270000000.0,4809000000.0,4222000000.0,1948000000.0,2274000000.0,38885000000.0,12733000000.0,15182000000.0,456000000.0,1167000000.0,13.88
NSC,2023-12-31,12156000000.0,1827000000.0,2851000000.0,3179000000.0,2327000000.0,852000000.0,41652000000.0,12781000000.0,17179000000.0,1568000000.0,1225000000.0,8.02
NSC,2024-12-31,12123000000.0,2622000000.0,4071000000.0,4052000000.0,2381000000.0,1671000000.0,43682000000.0,14306000000.0,17206000000.0,1641000000.0,1221000000.0,11.57
NSC,2025-12-31,12180000000.0,2873000000.0,4356000000.0,4361000000.0,2204000000.0,2157000000.0,45236000000.0,15547000000.0,17087000000.0,1530000000.0,1215000000.0,12.75
NTAP,2021-04-30,5744000000.0,730000000.0,1031000000.0,1333000000.0,162000000.0,1171000000.0,9360000000.0,685000000.0,2632000000.0,4529000000.0,427000000.0,3.23
NTAP,2022-04-29,6318000000.0,937000000.0,1157000000.0,1211000000.0,226000000.0,985000000.0,10026000000.0,838000000.0,2636000000.0,4112000000.0,446000000.0,4.09
NTAP,2023-04-28,6362000000.0,1274000000.0,1018000000.0,1107000000.0,239000000.0,868000000.0,9818000000.0,1159000000.0,2389000000.0,2316000000.0,432000000.0,5.79
NTAP,2024-04-26,6268000000.0,986000000.0,1214000000.0,1685000000.0,155000000.0,1530000000.0,9887000000.0,1146000000.0,2392000000.0,1903000000.0,416000000.0,4.63
NTAP,2025-04-25,6572000000.0,1186000000.0,1337000000.0,1506000000.0,168000000.0,1338000000.0,10823000000.0,1040000000.0,3235000000.0,2742000000.0,424000000.0,5.67
NTAP,2026-04-24,6925000000.0,1276000000.0,1674000000.0,2067000000.0,198000000.0,1869000000.0,10744000000.0,1351000000.0,2487000000.0,2070000000.0,413000000.0,6.35
NTRS,2020-12-31,3995000000.0,1209300000.0,1627600000.0,1896800000.0,135800000.0,1761000000.0,170003900000.0,11688300000.0,,4389500000.0,584600000.0,5.46
NTRS,2021-12-31,4361100000.0,1545300000.0,2010100000.0,1356000000.0,95500000.0,1260500000.0,183889800000.0,12016800000.0,,3056800000.0,583300000.0,7.14
NTRS,2022-12-31,4432600000.0,1336000000.0,1766300000.0,2392400000.0,128600000.0,2263800000.0,155036700000.0,11259500000.0,,4654200000.0,750200000.0,6.140000000000001
NTRS,2023-12-31,4361800000.0,1107300000.0,1464800000.0,2625600000.0,116500000.0,2509100000.0,150783100000.0,11897900000.0,,4791500000.0,621500000.0,5.08
NTRS,2024-12-31,4727800000.0,2031100000.0,2659500000.0,-486000000.0,101500000.0,-587500000.0,155508400000.0,12788400000.0,,4677200000.0,602300000.0,9.77
NTRS,2025-12-31,5017800000.0,1736900000.0,2339500000.0,5533500000.0,74000000.0,5459500000.0,177132700000.0,12957900000.0,,5873100000.0,591600000.0,8.74
NUE,2020-12-31,20139658000.0,721470000.0,835538000.0,2696877000.0,1543219000.0,1153658000.0,20125394000.0,10788665000.0,5329695000.0,2639671000.0,491655000.0,2.36
NUE,2021-12-31,36483939000.0,6827461000.0,9200858000.0,6230776000.0,1621989000.0,4608787000.0,25823072000.0,14016389000.0,5562410000.0,2364858000.0,483469000.0,23.39
NUE,2022-12-31,41512000000.0,7607000000.0,10245000000.0,10072000000.0,1948000000.0,8124000000.0,32479000000.0,18414694000.0,6623687000.0,4280852000.0,534000000.0,28.73
NUE,2023-12-31,34714000000.0,4525000000.0,6273000000.0,7112000000.0,2214000000.0,4898000000.0,35340000000.0,20940000000.0,6709000000.0,6383000000.0,515000000.0,17.990000000000002
NUE,2024-12-31,30734000000.0,2027000000.0,2902000000.0,3979000000.0,3173000000.0,806000000.0,33940000000.0,20294000000.0,6708000000.0,3558000000.0,522000000.0,8.41
NUE,2025-12-31,32494000000.0,1744000000.0,2568000000.0,3234000000.0,3422000000.0,-188000000.0,35104000000.0,20936000000.0,6975000000.0,2260000000.0,512000000.0,7.52
NVDA,2021-01-31,16675000000.0,4332000000.0,4532000000.0,5822000000.0,,,28791000000.0,16893000000.0,6963000000.0,847000000.0,395000000.0,0.173
NVDA,2022-01-30,26914000000.0,9752000000.0,10041000000.0,9108000000.0,976000000.0,8132000000.0,44187000000.0,26612000000.0,10946000000.0,1990000000.0,399000000.0,0.385
NVDA,2023-01-29,26974000000.0,4368000000.0,4224000000.0,5641000000.0,1833000000.0,3808000000.0,41182000000.0,22101000000.0,10953000000.0,3389000000.0,398000000.0,0.17
NVDA,2024-01-28,60922000000.0,29760000000.0,32972000000.0,28090000000.0,1069000000.0,27021000000.0,65728000000.0,42978000000.0,9709000000.0,7280000000.0,395000000.0,1.19
NVDA,2025-01-26,130497000000.0,72880000000.0,81453000000.0,64089000000.0,3236000000.0,60853000000.0,111601000000.0,79327000000.0,8463000000.0,8589000000.0,834000000.0,2.9400000000000004
NVDA,2026-01-25,215938000000.0,120067000000.0,130387000000.0,102718000000.0,6042000000.0,96676000000.0,206803000000.0,157293000000.0,8468000000.0,10605000000.0,974000000.0,4.9
NVR,2020-12-31,7536923000.0,901248000.0,,925269000.0,16119000.0,909150000.0,5777141000.0,3103074000.0,16173000.0,2809782000.0,,229.5
NVR,2021-12-31,8951025000.0,1236719000.0,,1242393000.0,17875000.0,1224518000.0,5834475000.0,3002378000.0,15413000.0,2636984000.0,,320.48
NVR,2022-12-31,10526434000.0,1725575000.0,,1870101000.0,18428000.0,1851673000.0,5660973000.0,3506849000.0,15002000.0,2574518000.0,,491.82
NVR,2023-12-31,9518202000.0,1591611000.0,,1497993000.0,24877000.0,1473116000.0,6601757000.0,4364725000.0,14965000.0,3215444000.0,,463.31
NVR,2024-12-31,10524479000.0,1681928000.0,,1374462000.0,29212000.0,1345250000.0,6380988000.0,4210072000.0,40036000.0,2664667000.0,,506.68999999999994
NVR,2025-12-31,10323959000.0,1339816000.0,,1121320000.0,24508000.0,1096812000.0,5856930000.0,3864869000.0,42474000.0,1956881000.0,,436.55
NWS,2021-06-30,9358000000.0,330000000.0,450000000.0,1237000000.0,390000000.0,847000000.0,16771000000.0,8211000000.0,2313000000.0,2236000000.0,163000000.0,0.56
NWS,2022-06-30,8437000000.0,623000000.0,837000000.0,1354000000.0,310000000.0,1044000000.0,17221000000.0,8222000000.0,3069000000.0,1771000000.0,175000000.0,1.05
NWS,2023-06-30,8012000000.0,149000000.0,380000000.0,1092000000.0,347000000.0,745000000.0,16921000000.0,8064000000.0,2189000000.0,1761000000.0,174000000.0,0.26
NWS,2024-06-30,8252000000.0,266000000.0,585000000.0,1098000000.0,357000000.0,741000000.0,16684000000.0,8120000000.0,2102000000.0,1872000000.0,172000000.0,0.46
NWS,2025-06-30,8452000000.0,1180000000.0,923000000.0,978000000.0,407000000.0,571000000.0,15504000000.0,8774000000.0,1962000000.0,2403000000.0,185000000.0,2.08
NWS,2026-06-30,9028000000.0,573000000.0,1046000000.0,1237000000.0,426000000.0,811000000.0,15544000000.0,8526000000.0,1989000000.0,2095000000.0,204000000.0,1.03
NWSA,2021-06-30,9358000000.0,330000000.0,450000000.0,1237000000.0,390000000.0,847000000.0,16771000000.0,8211000000.0,2313000000.0,2236000000.0,163000000.0,0.56
NWSA,2022-06-30,8437000000.0,623000000.0,837000000.0,1354000000.0,310000000.0,1044000000.0,17221000000.0,8222000000.0,3069000000.0,1771000000.0,175000000.0,1.05
NWSA,2023-06-30,8012000000.0,149000000.0,380000000.0,1092000000.0,347000000.0,745000000.0,16921000000.0,8064000000.0,2189000000.0,1761000000.0,174000000.0,0.26
NWSA,2024-06-30,8252000000.0,266000000.0,585000000.0,1098000000.0,357000000.0,741000000.0,16684000000.0,8120000000.0,2102000000.0,1872000000.0,172000000.0,0.46
NWSA,2025-06-30,8452000000.0,1180000000.0,923000000.0,978000000.0,407000000.0,571000000.0,15504000000.0,8774000000.0,1962000000.0,2403000000.0,185000000.0,2.08
NWSA,2026-06-30,9028000000.0,573000000.0,1046000000.0,1237000000.0,426000000.0,811000000.0,15544000000.0,8526000000.0,1989000000.0,2095000000.0,204000000.0,1.03
NXPI,2020-12-31,8612000000.0,52000000.0,418000000.0,2482000000.0,392000000.0,2090000000.0,19847000000.0,8944000000.0,7609000000.0,2275000000.0,420000000.0,0.18000000000000008
NXPI,2021-12-31,11063000000.0,1871000000.0,2583000000.0,3077000000.0,767000000.0,2310000000.0,20864000000.0,6528000000.0,10572000000.0,2830000000.0,562000000.0,6.79
NXPI,2022-12-31,13205000000.0,2787000000.0,3797000000.0,3895000000.0,1063000000.0,2832000000.0,23236000000.0,7449000000.0,11165000000.0,3845000000.0,815000000.0,10.55
NXPI,2023-12-31,13276000000.0,2797000000.0,3661000000.0,3513000000.0,827000000.0,2686000000.0,24353000000.0,8644000000.0,11175000000.0,3862000000.0,1006000000.0,10.7
NXPI,2024-12-31,12614000000.0,2510000000.0,3417000000.0,2782000000.0,727000000.0,2055000000.0,24385000000.0,9183000000.0,10854000000.0,3292000000.0,1038000000.0,9.73
NXPI,2025-12-31,12269000000.0,2021000000.0,3047000000.0,2820000000.0,397000000.0,2423000000.0,26560000000.0,10056000000.0,12222000000.0,3267000000.0,1025000000.0,7.949999999999999
O,2020-12-31,1647087000.0,395486000.0,411199000.0,1115543000.0,8708000.0,1106835000.0,20740285000.0,10985483000.0,0.0,824476000.0,964167000.0,1.1143410852713178
O,2021-12-31,2080463000.0,359456000.0,392404000.0,1322189000.0,19080000.0,1303109000.0,43137502000.0,25052574000.0,901400000.0,258579000.0,1169026000.0,0.87
O,2022-12-31,3343681000.0,869408000.0,917599000.0,2563856000.0,95514000.0,2468342000.0,49673092000.0,28713149000.0,701800000.0,171102000.0,1813431000.0,1.42
O,2023-12-31,4078993000.0,872309000.0,928935000.0,2958769000.0,68692000.0,2890077000.0,57779357000.0,32941467000.0,764400000.0,232923000.0,2111793000.0,1.26
O,2024-12-31,5271142000.0,860772000.0,933942000.0,3573276000.0,121411000.0,3451865000.0,68835039000.0,38840738000.0,67300000.0,444962000.0,2691719000.0,0.98
O,2025-12-31,5749377000.0,1058590000.0,1155129000.0,3994754000.0,131800000.0,3862954000.0,72795612000.0,39438695000.0,516800000.0,434842000.0,2920895000.0,1.17
ODFL,2020-12-31,4015129000.0,672682000.0,906882000.0,933024000.0,225081000.0,707943000.0,4369410000.0,3326288000.0,99931000.0,401430000.0,71023000.0,2.84
ODFL,2021-12-31,5256328000.0,1034375000.0,1391602000.0,1212606000.0,550077000.0,662529000.0,4821544000.0,3679807000.0,99947000.0,462564000.0,92366000.0,4.445
ODFL,2022-12-31,6260077000.0,1377159000.0,1840632000.0,1691582000.0,775148000.0,916434000.0,4838610000.0,3652917000.0,99963000.0,186312000.0,134484000.0,6.09
ODFL,2023-12-31,5866152000.0,1239502000.0,1640673000.0,1569135000.0,757309000.0,811826000.0,5512393000.0,4257811000.0,79977000.0,433799000.0,175089000.0,5.63
ODFL,2024-12-31,5814810000.0,1186073000.0,1543998000.0,1659283000.0,771318000.0,887965000.0,5491395000.0,4244588000.0,59987000.0,108676000.0,223618000.0,5.48
ODFL,2025-12-31,5496389000.0,1023703000.0,1361045000.0,1370133000.0,415034000.0,955099000.0,5470160000.0,4311057000.0,39995000.0,120091000.0,235641000.0,4.84
OKE,2020-12-31,8542242000.0,612809000.0,1361357000.0,1899068000.0,2195381000.0,-296313000.0,23078754000.0,6043000000.0,14236071000.0,524496000.0,1605366000.0,1.3699999999999999
OKE,2021-12-31,16540000000.0,1499000000.0,2596000000.0,2546000000.0,697000000.0,1849000000.0,23622000000.0,6016000000.0,13643450000.0,146391000.0,1667000000.0,3.3500000000000005
OKE,2022-12-31,22387000000.0,1722000000.0,2807000000.0,2906000000.0,1202000000.0,1704000000.0,24379000000.0,6494000000.0,13621000000.0,220000000.0,1672000000.0,3.84
OKE,2023-12-31,17677000000.0,2659000000.0,4072000000.0,4421000000.0,1595000000.0,2826000000.0,44266000000.0,16484000000.0,21667000000.0,338000000.0,1839000000.0,5.48
OKE,2024-12-31,21698000000.0,3035000000.0,4989000000.0,4888000000.0,2021000000.0,2867000000.0,64069000000.0,17036000000.0,32077000000.0,733000000.0,2313000000.0,5.17
OKE,2025-12-31,33629000000.0,3393000000.0,5741000000.0,5599000000.0,3152000000.0,2447000000.0,66641000000.0,22485000000.0,31996000000.0,78000000.0,2583000000.0,5.42
OMC,2020-12-31,13171100000.0,945400000.0,1598800000.0,1724600000.0,75400000.0,1649200000.0,27647200000.0,3084400000.0,5826900000.0,5600500000.0,562700000.0,4.37
OMC,2021-12-31,14289400000.0,1407800000.0,2197900000.0,1945400000.0,665800000.0,1279600000.0,28421800000.0,3270200000.0,5736600000.0,5316800000.0,592300000.0,6.53
OMC,2022-12-31,14289100000.0,1316500000.0,2083300000.0,926500000.0,78200000.0,848300000.0,27002500000.0,3252100000.0,5628700000.0,4281800000.0,581100000.0,6.36
OMC,2023-12-31,14692200000.0,1391400000.0,2104700000.0,1421900000.0,78400000.0,1343500000.0,28044600000.0,3616300000.0,5680800000.0,4432000000.0,562700000.0,6.91
OMC,2024-12-31,15689100000.0,1480600000.0,2274600000.0,1733500000.0,140600000.0,1592900000.0,29620700000.0,4193500000.0,6094300000.0,4339400000.0,552700000.0,7.460000000000001
OMC,2025-12-31,17271900000.0,-54500000.0,444700000.0,2938200000.0,149800000.0,2788400000.0,54415300000.0,12045800000.0,9334900000.0,6881100000.0,549600000.0,-0.26999999999999935
ON,2020-12-31,5255000000.0,234200000.0,348700000.0,884300000.0,383600000.0,500700000.0,8668000000.0,3538500000.0,3491300000.0,1080700000.0,,0.56
ON,2021-12-31,6739800000.0,1009600000.0,1287600000.0,1782000000.0,444600000.0,1337400000.0,9626000000.0,4585400000.0,3074600000.0,1352600000.0,,2.27
ON,2022-12-31,8326200000.0,1902200000.0,2360000000.0,2633100000.0,1036000000.0,1597100000.0,11978500000.0,6188500000.0,3193500000.0,2919000000.0,,4.25
ON,2023-12-31,8253000000.0,2183700000.0,2538700000.0,1977500000.0,1539100000.0,438400000.0,13215200000.0,7782600000.0,3336600000.0,2483000000.0,,4.89
ON,2024-12-31,7082300000.0,1572800000.0,1767700000.0,1906400000.0,694000000.0,1212400000.0,14089800000.0,8796400000.0,3345900000.0,2691300000.0,,3.63
ON,2025-12-31,5995400000.0,121000000.0,84200000.0,1759800000.0,341200000.0,1418600000.0,12524100000.0,7673300000.0,2980500000.0,2147600000.0,,0.29
ORCL,2021-05-31,40479000000.0,13746000000.0,15213000000.0,15887000000.0,2135000000.0,13752000000.0,131107000000.0,5238000000.0,84245000000.0,30098000000.0,3063000000.0,4.55
ORCL,2022-05-31,42440000000.0,6717000000.0,10926000000.0,9539000000.0,4511000000.0,5028000000.0,109297000000.0,-6220000000.0,3749000000.0,21383000000.0,3457000000.0,2.41
ORCL,2023-05-31,49954000000.0,8503000000.0,13093000000.0,17165000000.0,8695000000.0,8470000000.0,134384000000.0,1073000000.0,90481000000.0,9765000000.0,3668000000.0,3.07
ORCL,2024-05-31,52961000000.0,10467000000.0,15353000000.0,18673000000.0,6866000000.0,11807000000.0,140976000000.0,8704000000.0,86869000000.0,10454000000.0,4391000000.0,3.71
ORCL,2025-05-31,57399000000.0,12443000000.0,17678000000.0,20821000000.0,21215000000.0,-394000000.0,168361000000.0,20451000000.0,92568000000.0,10786000000.0,4743000000.0,4.34
ORCL,2026-05-31,67357000000.0,17087000000.0,20606000000.0,31977000000.0,55663000000.0,-23686000000.0,261759000000.0,42508000000.0,129541000000.0,31289000000.0,5787000000.0,5.83
ORLY,2020-12-31,11604493000.0,1752302000.0,2419336000.0,2836603000.0,465579000.0,2371024000.0,11596642000.0,140258000.0,4123217000.0,465640000.0,,1.5693333333333332
ORLY,2021-12-31,13327563000.0,2164685000.0,2917168000.0,3207310000.0,442853000.0,2764457000.0,11718707000.0,-66423000.0,3826978000.0,362113000.0,,2.0733333333333333
ORLY,2022-12-31,14409860000.0,2172650000.0,2954491000.0,3148250000.0,563342000.0,2584908000.0,12627979000.0,-1060752000.0,4371653000.0,108583000.0,,2.2326666666666664
ORLY,2023-12-31,15812250000.0,2346581000.0,3186376000.0,3034084000.0,1006264000.0,2027820000.0,13872995000.0,-1739278000.0,5570125000.0,279132000.0,,2.5653333333333332
ORLY,2024-12-31,16708479000.0,2386680000.0,3251157000.0,3049576000.0,1023387000.0,2026189000.0,14893741000.0,-1370961000.0,5520932000.0,130245000.0,,2.71
ORLY,2025-12-31,17781992000.0,2538209000.0,3460612000.0,2761993000.0,1168815000.0,1593178000.0,16538253000.0,-763352000.0,6016904000.0,193793000.0,,2.97
OTIS,2020-12-31,12756000000.0,906000000.0,1639000000.0,1480000000.0,183000000.0,1297000000.0,10710000000.0,-3862000000.0,5262000000.0,1782000000.0,260000000.0,2.09
OTIS,2021-12-31,14298000000.0,1246000000.0,2108000000.0,1750000000.0,156000000.0,1594000000.0,12279000000.0,-3625000000.0,7273000000.0,1565000000.0,393000000.0,2.8899999999999997
OTIS,2022-12-31,13685000000.0,1253000000.0,2033000000.0,1560000000.0,115000000.0,1445000000.0,9819000000.0,-4870000000.0,6768000000.0,1189000000.0,465000000.0,2.96
OTIS,2023-12-31,14209000000.0,1406000000.0,2186000000.0,1627000000.0,138000000.0,1489000000.0,10117000000.0,-4924000000.0,6898000000.0,1274000000.0,539000000.0,3.39
OTIS,2024-12-31,14261000000.0,1645000000.0,2008000000.0,1563000000.0,126000000.0,1437000000.0,11316000000.0,-4848000000.0,8324000000.0,2300000000.0,606000000.0,4.07
OTIS,2025-12-31,14431000000.0,1384000000.0,2133000000.0,1596000000.0,152000000.0,1444000000.0,10653000000.0,-5392000000.0,7956000000.0,1096000000.0,647000000.0,3.5
OXY,2020-12-31,17130000000.0,-14831000000.0,-15705000000.0,3955000000.0,2535000000.0,1420000000.0,80064000000.0,18573000000.0,36185000000.0,2008000000.0,1845000000.0,-17.06
OXY,2021-12-31,25959000000.0,2322000000.0,3705000000.0,10434000000.0,2870000000.0,7564000000.0,75036000000.0,20327000000.0,29617000000.0,2764000000.0,839000000.0,1.58
OXY,2022-12-31,36234000000.0,13304000000.0,14117000000.0,16810000000.0,4497000000.0,12313000000.0,72609000000.0,30085000000.0,19813000000.0,984000000.0,1184000000.0,12.4
OXY,2023-12-31,23230000000.0,4696000000.0,4662000000.0,12308000000.0,5696000000.0,6612000000.0,74008000000.0,30250000000.0,18682000000.0,1426000000.0,,3.9
OXY,2024-12-31,22710000000.0,2364000000.0,4024000000.0,11439000000.0,6263000000.0,5176000000.0,85445000000.0,34159000000.0,25113000000.0,2125000000.0,,2.4400000000000004
OXY,2025-12-31,21569000000.0,1612000000.0,3128000000.0,10532000000.0,6427000000.0,4105000000.0,84186000000.0,36034000000.0,20821000000.0,1968000000.0,,1.6099999999999999
PANW,2020-07-31,3408400000.0,-267000000.0,-179000000.0,1035700000.0,214400000.0,821300000.0,9065400000.0,1101800000.0,3084100000.0,2958000000.0,,-0.4583333333333333
PANW,2021-07-31,4256100000.0,-498900000.0,-304100000.0,1503000000.0,116000000.0,1387000000.0,10241600000.0,634500000.0,4783900000.0,1874200000.0,,-0.865
PANW,2022-07-31,5501500000.0,-267000000.0,-188800000.0,1984700000.0,192800000.0,1791900000.0,12253600000.0,210000000.0,7353600000.0,2118500000.0,,-0.45000000000000007
PANW,2023-07-31,6892700000.0,439700000.0,387300000.0,2777500000.0,146300000.0,2631200000.0,14501100000.0,1748400000.0,3983000000.0,1135300000.0,,0.64
PANW,2024-07-31,8027500000.0,2577600000.0,683900000.0,3257600000.0,156800000.0,3100800000.0,19990900000.0,5169000000.0,963900000.0,1535200000.0,,3.64
PANW,2025-07-31,9221500000.0,1133900000.0,1242900000.0,3716000000.0,246200000.0,3469800000.0,23576000000.0,7824000000.0,0.0,2269000000.0,,1.6
PAYX,2021-05-31,3997500000.0,1097500000.0,1460700000.0,1260300000.0,118400000.0,1141900000.0,9227200000.0,2948000000.0,804700000.0,995200000.0,908700000.0,3.03
PAYX,2022-05-31,4554000000.0,1393000000.0,1840000000.0,1589700000.0,133800000.0,1455900000.0,9635200000.0,3085200000.0,806400000.0,370000000.0,999600000.0,3.84
PAYX,2023-05-31,4907300000.0,1557000000.0,2033100000.0,1706200000.0,143000000.0,1563200000.0,10546400000.0,3493200000.0,808400000.0,1222000000.0,1175000000.0,4.3
PAYX,2024-05-31,5132000000.0,1690.0,2174100000.0,1897700000.0,161400000.0,1736300000.0,10383100000.0,3801000000.0,798600000.0,1468900000.0,1315300000.0,4.67
PAYX,2025-05-31,5410000000.0,1657000000.0,2207700000.0,1900900000.0,191800000.0,1709100000.0,16564100000.0,4128000000.0,4948200000.0,1628600000.0,1448500000.0,4.58
PAYX,2026-05-31,6301100000.0,1760000000.0,2510500000.0,2556700000.0,234900000.0,2321800000.0,16174500000.0,3735100000.0,4556100000.0,1088200000.0,1589600000.0,4.89
PCAR,2020-12-31,18728500000.0,1301200000.0,1661600000.0,2987200000.0,550400000.0,2436800000.0,28450000000.0,10533300000.0,1000000.0,,1239800000.0,2.493333333333333
PCAR,2021-12-31,23522300000.0,1865500000.0,2396300000.0,2186700000.0,559100000.0,1627600000.0,29509400000.0,11594000000.0,900000.0,,708000000.0,3.57
PCAR,2022-12-31,28819700000.0,3011600000.0,3848700000.0,3027000000.0,525000000.0,2502000000.0,33275500000.0,13167100000.0,2600000.0,,1004700000.0,5.75
PCAR,2023-12-31,35127400000.0,4600800000.0,5718200000.0,4190000000.0,695000000.0,3495000000.0,40823400000.0,15878800000.0,2400000.0,,1518600000.0,8.76
PCAR,2024-12-31,33663800000.0,4162000000.0,5400900000.0,4640900000.0,838700000.0,3802200000.0,43418900000.0,17506900000.0,1600000.0,,2288500000.0,7.9
PCAR,2025-12-31,28444800000.0,2375800000.0,3023500000.0,4415800000.0,743000000.0,3672800000.0,44336200000.0,19264000000.0,900000.0,,2267100000.0,4.51
PCG,2020-12-31,18469000000.0,-1318000000.0,1755000000.0,-19130000000.0,7690000000.0,-26820000000.0,97856000000.0,21001000000.0,37316000000.0,484000000.0,,-1.0499999999999998
PCG,2021-12-31,20642000000.0,-102.0,1883000000.0,2262000000.0,7689000000.0,-5427000000.0,103327000000.0,20971000000.0,42706000000.0,291000000.0,,-0.04999999999999999
PCG,2022-12-31,21680000000.0,1800.0,1837000000.0,3721000000.0,9584000000.0,-5863000000.0,118644000000.0,22823000000.0,50010000000.0,734000000.0,0.0,0.84
PCG,2023-12-31,24428000000.0,2242.0,2671000000.0,4747000000.0,9714000000.0,-4967000000.0,125698000000.0,25040000000.0,52351000000.0,635000000.0,0.0,1.05
PCG,2024-12-31,24419000000.0,2475.0,4459000000.0,8035000000.0,10369000000.0,-2334000000.0,133660000000.0,30149000000.0,55715000000.0,940000000.0,86000000.0,1.15
PCG,2025-12-31,24935000000.0,2593.0,4749000000.0,8716000000.0,11787000000.0,-3071000000.0,141611000000.0,32540000000.0,58208000000.0,713000000.0,,1.18
PEG,2020-12-31,9099000000.0,1905000000.0,2270000000.0,3102000000.0,2923000000.0,179000000.0,50050000000.0,15984000000.0,16180000000.0,543000000.0,991000000.0,3.76
PEG,2021-12-31,10315000000.0,-648000000.0,-856000000.0,1736000000.0,2719000000.0,-983000000.0,48999000000.0,14438000000.0,15919000000.0,818000000.0,1031000000.0,-1.29
PEG,2022-12-31,11231000000.0,1031000000.0,1381000000.0,1503000000.0,2888000000.0,-1385000000.0,48718000000.0,13729000000.0,18070000000.0,465000000.0,1079000000.0,2.06
PEG,2023-12-31,9254000000.0,2563000000.0,3685000000.0,3806000000.0,3325000000.0,481000000.0,50741000000.0,15477000000.0,19284000000.0,54000000.0,1137000000.0,5.13
PEG,2024-12-31,9874000000.0,1772000000.0,2353000000.0,2133000000.0,3380000000.0,-1247000000.0,54640000000.0,16114000000.0,21114000000.0,125000000.0,1196000000.0,3.54
PEG,2025-12-31,12123000000.0,2111000000.0,2980000000.0,3298000000.0,3272000000.0,26000000.0,57576000000.0,16982000000.0,22545000000.0,132000000.0,1258000000.0,4.22
PEP,2020-12-26,70372000000.0,7120000000.0,10080000000.0,10613000000.0,4240000000.0,6373000000.0,92918000000.0,13454000000.0,44150000000.0,8185000000.0,5509000000.0,5.12
PEP,2021-12-25,79474000000.0,7618000000.0,11162000000.0,11616000000.0,4625000000.0,6991000000.0,92377000000.0,16043000000.0,40334000000.0,5596000000.0,5815000000.0,5.49
PEP,2022-12-31,86392000000.0,8910000000.0,11512000000.0,10811000000.0,5207000000.0,5604000000.0,92187000000.0,17149000000.0,39071000000.0,4954000000.0,6172000000.0,6.42
PEP,2023-12-30,91471000000.0,9074000000.0,11986000000.0,13442000000.0,5518000000.0,7924000000.0,100495000000.0,18503000000.0,44105000000.0,9711000000.0,6682000000.0,6.56
PEP,2024-12-28,91854000000.0,9578000000.0,12887000000.0,12507000000.0,5318000000.0,7189000000.0,99467000000.0,18041000000.0,44306000000.0,8505000000.0,7229000000.0,6.95
PEP,2025-12-27,93925000000.0,8240000000.0,11498000000.0,12087000000.0,4415000000.0,7672000000.0,107399000000.0,20406000000.0,49182000000.0,9159000000.0,7638000000.0,6.0
PFE,2020-12-31,41651000000.0,9159000000.0,7036000000.0,14403000000.0,2226000000.0,12177000000.0,154229000000.0,63238000000.0,39836000000.0,1786000000.0,,1.63
PFE,2021-12-31,73636000000.0,21979000000.0,24311000000.0,32580000000.0,2711000000.0,29869000000.0,181476000000.0,77201000000.0,38436000000.0,1944000000.0,,3.85
PFE,2022-12-31,91793000000.0,31372000000.0,34729000000.0,29267000000.0,3236000000.0,26031000000.0,197205000000.0,95661000000.0,35829000000.0,416000000.0,,5.47
PFE,2023-12-31,50914000000.0,2119000000.0,1058000000.0,8700000000.0,3907000000.0,4793000000.0,226501000000.0,89014000000.0,71888000000.0,2853000000.0,,0.37
PFE,2024-12-31,63627000000.0,8031000000.0,8023000000.0,12744000000.0,2909000000.0,9835000000.0,213396000000.0,88203000000.0,64351000000.0,1043000000.0,,1.41
PFE,2025-12-31,62579000000.0,7771000000.0,7520000000.0,11704000000.0,2629000000.0,9075000000.0,208160000000.0,86476000000.0,64795000000.0,1142000000.0,,1.3600000000000003
PFG,2020-12-31,14741700000.0,1395800000.0,,3709300000.0,,,296627700000.0,16558900000.0,4363900000.0,2849800000.0,614500000.0,5.04
PFG,2021-12-31,14427800000.0,1757400000.0,,3254400000.0,,,304657200000.0,16069400000.0,4360000000.0,2332000000.0,654100000.0,5.790000000000001
PFG,2022-12-31,17536100000.0,4852200000.0,,3172900000.0,,,290867000000.0,9976700000.0,4077700000.0,4848000000.0,642300000.0,18.63
PFG,2023-12-31,13665800000.0,670100000.0,,3792400000.0,,,305046700000.0,10916000000.0,3992000000.0,4707700000.0,625500000.0,2.55
PFG,2024-12-31,16127700000.0,1597900000.0,,4602900000.0,,,313663600000.0,11086400000.0,4108000000.0,4211900000.0,658400000.0,6.68
PFG,2025-12-31,15625500000.0,1255500000.0,,4536700000.0,,,341376500000.0,11883900000.0,3954000000.0,4431000000.0,684000000.0,5.25
PG,2021-06-30,76118000000.0,14306000000.0,17986000000.0,18371000000.0,2787000000.0,15584000000.0,119307000000.0,46654000000.0,31988000000.0,10288000000.0,8263000000.0,5.5
PG,2022-06-30,80187000000.0,14742000000.0,17813000000.0,16723000000.0,3156000000.0,13567000000.0,117208000000.0,46854000000.0,31493000000.0,7214000000.0,8770000000.0,5.8100000000000005
PG,2023-06-30,82006000000.0,14653000000.0,18134000000.0,16848000000.0,3062000000.0,13786000000.0,120829000000.0,47065000000.0,34607000000.0,8246000000.0,8999000000.0,5.9
PG,2024-06-30,84039000000.0,14879000000.0,18545000000.0,19846000000.0,3322000000.0,16524000000.0,122370000000.0,50559000000.0,32460000000.0,9482000000.0,9312000000.0,6.02
PG,2025-06-30,84284000000.0,15974000000.0,20451000000.0,17817000000.0,3773000000.0,14044000000.0,125231000000.0,52284000000.0,34508000000.0,9556000000.0,9872000000.0,6.51
PG,2026-06-30,87032000000.0,16046000000.0,19748000000.0,19556000000.0,4409000000.0,15147000000.0,126521000000.0,54311000000.0,34138000000.0,9942000000.0,10232000000.0,6.620000000000001
PGR,2020-12-31,42658100000.0,5704600000.0,7173200000.0,6905600000.0,223500000.0,6682100000.0,64098300000.0,17038600000.0,500000000.0,76500000.0,1551000000.0,9.66
PGR,2021-12-31,47702000000.0,3350900000.0,4210000000.0,7761700000.0,243500000.0,7518200000.0,71132300000.0,18231600000.0,0.0,202000000.0,3746500000.0,5.66
PGR,2022-12-31,49611000000.0,722000000.0,922000000.0,6849000000.0,292000000.0,6557000000.0,75465000000.0,15891000000.0,0.0,221000000.0,234000000.0,1.18
PGR,2023-12-31,62109000000.0,3903000000.0,4904000000.0,10643000000.0,252000000.0,10391000000.0,88691000000.0,20277000000.0,0.0,100000000.0,234000000.0,6.58
PGR,2024-12-31,75372000000.0,8480000000.0,10713000000.0,15119000000.0,285000000.0,14834000000.0,105745000000.0,25591000000.0,0.0,154000000.0,674000000.0,14.4
PGR,2025-12-31,87671000000.0,11308000000.0,14223000000.0,17548000000.0,348000000.0,17200000000.0,123039000000.0,30323000000.0,0.0,138000000.0,2871000000.0,19.23
PH,2021-06-30,14347640000.0,1746100000.0,2459941000.0,2575001000.0,209957000.0,2365044000.0,20341200000.0,8398307000.0,6584872000.0,733117000.0,475174000.0,13.35
PH,2022-06-30,15861608000.0,1315605000.0,2975035000.0,2441730000.0,230044000.0,2211686000.0,25943943000.0,8848011000.0,10058105000.0,535799000.0,569855000.0,10.09
PH,2023-06-30,19065000000.0,2082936000.0,3404000000.0,2980000000.0,381000000.0,2599000000.0,29964000000.0,10326888000.0,10770655000.0,475182000.0,704000000.0,16.04
PH,2024-06-30,19930000000.0,2844215000.0,4069000000.0,3384000000.0,400000000.0,2984000000.0,29298000000.0,12072000000.0,8412000000.0,422000000.0,782000000.0,21.84
PH,2025-06-30,19850000000.0,3531000000.0,4347000000.0,3776000000.0,435000000.0,3341000000.0,29494000000.0,13682000000.0,7501000000.0,467000000.0,861000000.0,27.12
PH,2026-06-30,21499000000.0,3648000000.0,5068000000.0,4364000000.0,459000000.0,3905000000.0,30877000000.0,15404000000.0,7472000000.0,501000000.0,936000000.0,28.48
PHM,2020-12-31,11036082000.0,1406839000.0,,1784342000.0,58354000.0,1725988000.0,12205498000.0,6569989000.0,,2582205000.0,130179000.0,5.19
PHM,2021-12-31,13736995000.0,1946320000.0,,1004021000.0,72781000.0,931240000.0,13352631000.0,7489515000.0,63900000.0,1779088000.0,147834000.0,7.43
PHM,2022-12-31,16002979000.0,2617317000.0,,668466000.0,112661000.0,555805000.0,14796515000.0,8914098000.0,77300000.0,1053104000.0,144115000.0,11.01
PHM,2023-12-31,16061578000.0,2602372000.0,,2196762000.0,92201000.0,2104561000.0,16087050000.0,10383257000.0,73500000.0,1806583000.0,142459000.0,11.719999999999999
PHM,2024-12-31,17946950000.0,3083262000.0,,1680794000.0,118545000.0,1562249000.0,17363763000.0,12121964000.0,31100000.0,1613327000.0,167707000.0,14.689999999999998
PHM,2025-12-31,17311953000.0,2218730000.0,,1871249000.0,122716000.0,1748533000.0,18048423000.0,12985442000.0,43900000.0,1980869000.0,176684000.0,11.120000000000001
PKG,2020-12-31,6658200000.0,461000000.0,723900000.0,1032800000.0,421200000.0,611600000.0,7433200000.0,3246300000.0,2479400000.0,974600000.0,299600000.0,4.84
PKG,2021-12-31,7730300000.0,841100000.0,1241400000.0,1094100000.0,605100000.0,489000000.0,7836800000.0,3607200000.0,2473200000.0,618700000.0,379800000.0,8.83
PKG,2022-12-31,8478000000.0,1029800000.0,1420700000.0,1495000000.0,824200000.0,670800000.0,8003800000.0,3667100000.0,2473600000.0,320000000.0,420300000.0,11.030000000000001
PKG,2023-12-31,7802400000.0,765200000.0,1075100000.0,1315100000.0,469700000.0,845400000.0,8681100000.0,3997300000.0,2871800000.0,648000000.0,448900000.0,8.48
PKG,2024-12-31,8383300000.0,805100000.0,1101300000.0,1191200000.0,669700000.0,521500000.0,8833200000.0,4404000000.0,2474200000.0,685000000.0,448800000.0,8.93
PKG,2025-12-31,8989300000.0,774100000.0,1107000000.0,1557500000.0,828900000.0,728600000.0,10725500000.0,4598000000.0,3969600000.0,529000000.0,449600000.0,8.58
PLD,2020-12-31,4438735000.0,1481814000.0,2118944000.0,2937005000.0,,,56065005000.0,31971547000.0,16849076000.0,598000000.0,1722989000.0,2.02
PLD,2021-12-31,4759440000.0,2939723000.0,3206996000.0,2996042000.0,,,58486220000.0,33426873000.0,215300000.0,556000000.0,1872861000.0,3.94
PLD,2022-12-31,5973692000.0,3364856000.0,3467538000.0,4126430000.0,,,87897448000.0,53237282000.0,23875961000.0,278000000.0,2494723000.0,4.35
PLD,2023-12-31,8023469000.0,3059214000.0,3707792000.0,5373058000.0,,,93020840000.0,53181724000.0,29000501000.0,530000000.0,3228589000.0,3.29
PLD,2024-12-31,8201610000.0,3731635000.0,4415920000.0,4912209000.0,,,95328909000.0,53951138000.0,30879263000.0,1318591000.0,3570480000.0,4.0
PLD,2025-12-31,8790127000.0,3328231000.0,4357864000.0,5008434000.0,,,98724256000.0,53193178000.0,35037073000.0,1145647000.0,3764745000.0,3.55
PLTR,2020-12-31,1092673000.0,-1166391000.0,-1173679000.0,-296608000.0,12236000.0,-308844000.0,2690504000.0,1522550000.0,197977000.0,2011323000.0,,-1.2
PLTR,2021-12-31,1541889000.0,-520379000.0,-411046000.0,333851000.0,12627000.0,321224000.0,3247450000.0,2291030000.0,0.0,2290674000.0,,-0.27
PLTR,2022-12-31,1905871000.0,-373705000.0,-161201000.0,223737000.0,40027000.0,183710000.0,3461239000.0,2565326000.0,,2598540000.0,,-0.18
PLTR,2023-12-31,2225012000.0,209825000.0,119966000.0,712183000.0,15114000.0,697069000.0,4522425000.0,3475561000.0,,831047000.0,,0.09
PLTR,2024-12-31,2865507000.0,462190000.0,310403000.0,1153865000.0,12634000.0,1141231000.0,6340884000.0,5003275000.0,,2098524000.0,,0.19
PLTR,2025-12-31,4475446000.0,1625033000.0,1414015000.0,2134473000.0,33882000.0,2100591000.0,8900392000.0,7387268000.0,,1423796000.0,,0.63
PM,2020-12-31,28694000000.0,8056000000.0,11668000000.0,9812000000.0,602000000.0,9210000000.0,44815000000.0,-12567000000.0,28412000000.0,7280000000.0,7364000000.0,5.17
PM,2021-12-31,31405000000.0,9109000000.0,12975000000.0,11967000000.0,748000000.0,11219000000.0,41290000000.0,-10106000000.0,25008000000.0,4496000000.0,7580000000.0,5.83
PM,2022-12-31,31762000000.0,9048000000.0,12246000000.0,10803000000.0,1077000000.0,9726000000.0,61681000000.0,-8957000000.0,40512000000.0,3207000000.0,7812000000.0,5.8100000000000005
PM,2023-12-31,35174000000.0,7813000000.0,11556000000.0,9204000000.0,1321000000.0,7883000000.0,65304000000.0,-11225000000.0,43211000000.0,3060000000.0,7964000000.0,5.02
PM,2024-12-31,37878000000.0,7057000000.0,13402000000.0,12217000000.0,1444000000.0,10773000000.0,61784000000.0,-11750000000.0,42303000000.0,4216000000.0,8197000000.0,4.52
PM,2025-12-31,40648000000.0,11348000000.0,14892000000.0,12233000000.0,1569000000.0,10664000000.0,69185000000.0,-9994000000.0,45302000000.0,4872000000.0,8624000000.0,7.26
PNC,2020-12-31,16901000000.0,2716000000.0,3429000000.0,4659000000.0,,,466679000000.0,54010000000.0,37195000000.0,7017000000.0,1980000000.0,16.96
PNC,2021-12-31,19211000000.0,5409000000.0,6988000000.0,7214000000.0,,,557191000000.0,55695000000.0,30784000000.0,82254000000.0,2056000000.0,12.7
PNC,2022-12-31,21120000000.0,5708000000.0,7473000000.0,9083000000.0,,,557263000000.0,45774000000.0,58726000000.0,34363000000.0,2391000000.0,13.85
PNC,2023-12-31,21490000000.0,5126000000.0,6736000000.0,10111000000.0,,,561580000000.0,51105000000.0,72737000000.0,50725000000.0,2461000000.0,12.79
PNC,2024-12-31,21555000000.0,5496000000.0,7242000000.0,7880000000.0,,,560038000000.0,54425000000.0,61673000000.0,46251000000.0,2537000000.0,13.74
PNC,2025-12-31,23099000000.0,6576000000.0,8486000000.0,4384000000.0,,,573572000000.0,60585000000.0,57101000000.0,39713000000.0,2635000000.0,16.59
PNR,2020-12-31,3017800000.0,358600000.0,461400000.0,573600000.0,62200000.0,511400000.0,4197200000.0,2106300000.0,839600000.0,82100000.0,127100000.0,2.13
PNR,2021-12-31,3764800000.0,553000000.0,636900000.0,613200000.0,60200000.0,553000000.0,4753600000.0,2421900000.0,894100000.0,94500000.0,133000000.0,3.3
PNR,2022-12-31,4121800000.0,480900000.0,595300000.0,363300000.0,85200000.0,278100000.0,6447500000.0,2708100000.0,2317300000.0,108900000.0,138600000.0,2.9
PNR,2023-12-31,4104500000.0,622700000.0,739200000.0,619200000.0,76000000.0,543200000.0,6563300000.0,3217100000.0,1988300000.0,170300000.0,145200000.0,3.75
PNR,2024-12-31,4082800000.0,625400000.0,803800000.0,766700000.0,74400000.0,692300000.0,6446500000.0,3562900000.0,1648000000.0,118700000.0,152300000.0,3.74
PNR,2025-12-31,4176000000.0,653800000.0,857500000.0,814800000.0,68800000.0,746000000.0,6868800000.0,3869200000.0,1638600000.0,101600000.0,164300000.0,3.96
PNW,2020-12-31,3586982000.0,550559000.0,788152000.0,966365000.0,1326584000.0,-360219000.0,20020421000.0,5633503000.0,6483266000.0,59968000.0,350577000.0,4.87
PNW,2021-12-31,3803835000.0,618720000.0,805310000.0,860014000.0,1473475000.0,-613461000.0,22003222000.0,5906200000.0,7205735000.0,9969000.0,369478000.0,5.47
PNW,2022-12-31,4324385000.0,483602000.0,731911000.0,1241441000.0,1707490000.0,-466049000.0,22723405000.0,6048647000.0,8082006000.0,4832000.0,378881000.0,4.26
PNW,2023-12-31,4695991000.0,501557000.0,824640000.0,1207697000.0,1846370000.0,-638673000.0,24661153000.0,6177664000.0,8415622000.0,4955000.0,386486000.0,4.41
PNW,2024-12-31,5124915000.0,608806000.0,1012063000.0,1609823000.0,2249195000.0,-639372000.0,26102760000.0,6754311000.0,8858648000.0,3838000.0,394663000.0,5.24
PNW,2025-12-31,5339939000.0,616531000.0,1067630000.0,1805095000.0,2624618000.0,-819523000.0,30031599000.0,7046458000.0,9805676000.0,6604000.0,422792000.0,5.05
PODD,2020-12-31,904400000.0,6800000.0,51500000.0,84000000.0,129000000.0,-45000000.0,1872900000.0,603600000.0,1059300000.0,907200000.0,,0.1
PODD,2021-12-31,1040600000.0,16800000.0,126000000.0,-68100000.0,111900000.0,-180000000.0,2048800000.0,556300000.0,1273900000.0,806400000.0,,0.24
PODD,2022-12-31,1055400000.0,4600000.0,37600000.0,119000000.0,122900000.0,-3900000.0,2251100000.0,476400000.0,1401800000.0,689800000.0,,0.07000000000000002
PODD,2023-12-31,1697100000.0,206300000.0,220100000.0,145700000.0,75600000.0,70100000.0,2588200000.0,732700000.0,1415800000.0,704200000.0,,2.94
PODD,2024-12-31,2071600000.0,418300000.0,308900000.0,430200000.0,124900000.0,305300000.0,3087700000.0,1211600000.0,1379900000.0,953400000.0,,5.779999999999999
PODD,2025-12-31,2708100000.0,247100000.0,473800000.0,569300000.0,191600000.0,377700000.0,3190400000.0,1515200000.0,949200000.0,716100000.0,,3.48
PPG,2020-12-31,13834000000.0,1059000000.0,2109000000.0,2130000000.0,304000000.0,1826000000.0,19556000000.0,5689000000.0,5749000000.0,1826000000.0,496000000.0,4.45
PPG,2021-12-31,16802000000.0,1439000000.0,2171000000.0,1562000000.0,371000000.0,1191000000.0,21351000000.0,6286000000.0,6581000000.0,1005000000.0,536000000.0,6.01
PPG,2022-12-31,15614000000.0,1026000000.0,2042000000.0,963000000.0,486000000.0,477000000.0,20744000000.0,6592000000.0,6816000000.0,1099000000.0,570000000.0,4.32
PPG,2023-12-31,16242000000.0,1270000000.0,2675000000.0,2411000000.0,516000000.0,1895000000.0,21647000000.0,7832000000.0,6054000000.0,1493000000.0,598000000.0,5.35
PPG,2024-12-31,15845000000.0,1116000000.0,1852000000.0,1420000000.0,721000000.0,699000000.0,19433000000.0,6785000000.0,5815000000.0,1270000000.0,622000000.0,4.75
PPG,2025-12-31,15875000000.0,1576000000.0,2045000000.0,1941000000.0,778000000.0,1163000000.0,22098000000.0,7941000000.0,7308000000.0,2163000000.0,628000000.0,6.940000000000001
PPL,2020-12-31,5429000000.0,1469000000.0,1586000000.0,2746000000.0,2270000000.0,476000000.0,48116000000.0,13373000000.0,14689000000.0,442000000.0,1275000000.0,1.91
PPL,2021-12-31,5838000000.0,-1480000000.0,1424000000.0,2270000000.0,1973000000.0,297000000.0,33223000000.0,13723000000.0,11140000000.0,3571000000.0,1279000000.0,-1.9299999999999997
PPL,2022-12-31,7786000000.0,756000000.0,1374000000.0,1730000000.0,2155000000.0,-425000000.0,37837000000.0,13915000000.0,13243000000.0,356000000.0,787000000.0,1.03
PPL,2023-12-31,8290000000.0,740000000.0,1630000000.0,1758000000.0,2390000000.0,-632000000.0,39236000000.0,13933000000.0,14612000000.0,331000000.0,704000000.0,1.0
PPL,2024-12-31,8444000000.0,888000000.0,1740000000.0,2340000000.0,2805000000.0,-465000000.0,41069000000.0,14077000000.0,16503000000.0,306000000.0,747000000.0,1.2
PPL,2025-12-31,9170000000.0,1181000000.0,2129000000.0,2629000000.0,4030000000.0,-1401000000.0,45244000000.0,14881000000.0,18894000000.0,1071000000.0,794000000.0,1.6
PRU,2020-12-31,57033000000.0,-374000000.0,-323000000.0,8368000000.0,,,940722000000.0,67425000000.0,20643000000.0,13701000000.0,1766000000.0,-1.09
PRU,2021-12-31,71247000000.0,8868000000.0,10835000000.0,9812000000.0,,,937582000000.0,61876000000.0,19344000000.0,12888000000.0,1814000000.0,22.4
PRU,2022-12-31,56881000000.0,-1647000000.0,-1892000000.0,5158000000.0,,,689029000000.0,30593000000.0,20683000000.0,17251000000.0,1817000000.0,-4.46
PRU,2023-12-31,53979000000.0,2488000000.0,3072000000.0,6510000000.0,,,721212000000.0,27820000000.0,19500000000.0,19419000000.0,1846000000.0,6.6899999999999995
PRU,2024-12-31,70405000000.0,2727000000.0,3209000000.0,8502000000.0,,,735587000000.0,27872000000.0,20140000000.0,18497000000.0,1891000000.0,7.5
PRU,2025-12-31,60774000000.0,3576000000.0,4656000000.0,6271000000.0,,,773740000000.0,32438000000.0,20299000000.0,19712000000.0,1926000000.0,9.99
PSA,2020-12-31,2915068000.0,1357213000.0,,2042902000.0,,,11816546000.0,8558867000.0,2544992000.0,257560000.0,,6.290000000000001
PSA,2021-12-31,3415824000.0,1953263000.0,1972004000.0,2543555000.0,,,17380908000.0,9335177000.0,7475279000.0,734599000.0,,9.87
PSA,2022-12-31,4182163000.0,4349147000.0,4380600000.0,3117141000.0,,,17552307000.0,10073402000.0,6870826000.0,775253000.0,,23.5
PSA,2023-12-31,4517690000.0,2148327000.0,2170941000.0,3246648000.0,,,19809216000.0,10013178000.0,9103277000.0,370002000.0,,11.06
PSA,2024-12-31,4695616000.0,2072011000.0,2089079000.0,3128255000.0,,,19754934000.0,9712606000.0,9353034000.0,447416000.0,,10.64
PSA,2025-12-31,4824113000.0,1784348000.0,1789804000.0,3186449000.0,,,20208604000.0,9248128000.0,10253881000.0,318095000.0,,9.01
PSKY,2023-12-31,29652000000.0,-608000000.0,-451000000.0,475000000.0,328000000.0,147000000.0,,23050000000.0,,,389000000.0,-1.02
PSKY,2024-12-31,29213000000.0,-6190000000.0,-5269000000.0,752000000.0,263000000.0,489000000.0,46172000000.0,16320000000.0,14501000000.0,2661000000.0,139000000.0,-9.34
PSX,2020-12-31,64129000000.0,-3975000000.0,-4964000000.0,2111000000.0,,,54721000000.0,18984000000.0,15893000000.0,2514000000.0,1575000000.0,-9.040000000000001
PSX,2021-12-31,111476000000.0,1317000000.0,,6017000000.0,,,55594000000.0,19166000000.0,14448000000.0,3147000000.0,1585000000.0,2.97
PSX,2022-12-31,169990000000.0,11024000000.0,,10813000000.0,,,76442000000.0,29494000000.0,17190000000.0,6133000000.0,1793000000.0,23.27
PSX,2023-12-31,147399000000.0,7015000000.0,,7029000000.0,,,75501000000.0,30583000000.0,19359000000.0,3323000000.0,1882000000.0,15.48
PSX,2024-12-31,143153000000.0,2117000000.0,,4191000000.0,,,72582000000.0,27408000000.0,20062000000.0,1738000000.0,1882000000.0,4.99
PSX,2025-12-31,132376000000.0,4403000000.0,,4962000000.0,,,73680000000.0,29093000000.0,19716000000.0,1116000000.0,1922000000.0,10.79
PTC,2020-09-30,1458415000.0,130695000.0,210863000.0,233808000.0,20196000.0,213612000.0,3382738000.0,1438248000.0,1005314000.0,275458000.0,,1.12
PTC,2021-09-30,1807159000.0,476923000.0,380748000.0,368809000.0,24713000.0,344096000.0,4507560000.0,2038468000.0,1439471000.0,326532000.0,,4.03
PTC,2022-09-30,1933347000.0,313081000.0,447362000.0,435326000.0,19496000.0,415830000.0,4687268000.0,2296034000.0,1350628000.0,272182000.0,,2.65
PTC,2023-09-30,2097053000.0,245540000.0,458474000.0,610861000.0,23814000.0,587047000.0,6288842000.0,2677290000.0,1695785000.0,288103000.0,,2.06
PTC,2024-09-30,2298472000.0,376333000.0,588062000.0,749984000.0,14378000.0,735606000.0,6383542000.0,3214398000.0,1748572000.0,265808000.0,,3.12
PTC,2025-09-30,2739226000.0,733997000.0,982385000.0,867696000.0,11008000.0,856688000.0,6617172000.0,3826229000.0,1197434000.0,184415000.0,,6.08
PWR,2020-12-31,11202672000.0,445596000.0,611371000.0,1115977000.0,260052000.0,855925000.0,8398272000.0,4344181000.0,1189058000.0,184620000.0,28891000.0,3.07
PWR,2021-12-31,12980213000.0,491983000.0,663521000.0,582390000.0,385852000.0,196538000.0,12855189000.0,5112301000.0,3753640000.0,229097000.0,34022000.0,3.34
PWR,2022-12-31,17073903000.0,511643000.0,872058000.0,1130312000.0,427630000.0,702682000.0,13464337000.0,5383464000.0,3729927000.0,428505000.0,41058000.0,3.3200000000000003
PWR,2023-12-31,20882206000.0,750689000.0,1127976000.0,1575952000.0,434803000.0,1141149000.0,16237225000.0,6272241000.0,4198706000.0,1290248000.0,47752000.0,5.0
PWR,2024-12-31,23672795000.0,927283000.0,1346468000.0,2081196000.0,604078000.0,1477118000.0,18683894000.0,7317731000.0,4162436000.0,741960000.0,54196000.0,6.03
PWR,2025-12-31,28479697000.0,1041917000.0,1611509000.0,2229970000.0,609154000.0,1620816000.0,24926901000.0,8938249000.0,5994906000.0,439508000.0,60416000.0,6.799999999999999
PYPL,2020-12-31,21454000000.0,4202000000.0,3289000000.0,6219000000.0,866000000.0,5353000000.0,70379000000.0,20019000000.0,8939000000.0,4794000000.0,,3.54
PYPL,2021-12-31,25371000000.0,4169000000.0,4262000000.0,5797000000.0,908000000.0,4889000000.0,75803000000.0,21727000000.0,8049000000.0,5197000000.0,,3.5200000000000005
PYPL,2022-12-31,27518000000.0,2419000000.0,3837000000.0,5813000000.0,706000000.0,5107000000.0,78624000000.0,20274000000.0,10417000000.0,7776000000.0,,2.09
PYPL,2023-12-31,29771000000.0,4246000000.0,5028000000.0,4843000000.0,623000000.0,4220000000.0,82166000000.0,21051000000.0,9676000000.0,9081000000.0,0.0,3.84
PYPL,2024-12-31,31797000000.0,4147000000.0,5325000000.0,7450000000.0,683000000.0,6767000000.0,78725000000.0,20417000000.0,9884000000.0,6662000000.0,0.0,3.99
PYPL,2025-12-31,33172000000.0,5233000000.0,6065000000.0,6416000000.0,852000000.0,5564000000.0,80173000000.0,20256000000.0,9994000000.0,8049000000.0,130000000.0,5.41
Q,2023-12-31,4035000000.0,507000000.0,632000000.0,882000000.0,231000000.0,651000000.0,,11184000000.0,,,0.0,
Q,2024-12-31,4335000000.0,693000000.0,901000000.0,1061000000.0,200000000.0,861000000.0,12273000000.0,10644000000.0,0.0,166000000.0,0.0,
Q,2025-12-31,4754000000.0,729000000.0,962000000.0,1273000000.0,285000000.0,988000000.0,14070000000.0,7095000000.0,4027000000.0,915000000.0,13000000.0,3.3
QCOM,2020-09-27,23531000000.0,5198000000.0,6255000000.0,5814000000.0,1407000000.0,4407000000.0,35594000000.0,6077000000.0,15726000000.0,6707000000.0,,4.53
QCOM,2021-09-26,33566000000.0,9043000000.0,9789000000.0,10536000000.0,1888000000.0,8648000000.0,41240000000.0,9950000000.0,15745000000.0,7116000000.0,,7.87
QCOM,2022-09-25,44200000000.0,12936000000.0,15860000000.0,9096000000.0,2262000000.0,6834000000.0,49014000000.0,18013000000.0,15482000000.0,2773000000.0,,11.37
QCOM,2023-09-24,35820000000.0,7232000000.0,7788000000.0,11299000000.0,1450000000.0,9849000000.0,51040000000.0,21581000000.0,15398000000.0,8450000000.0,,6.42
QCOM,2024-09-29,38962000000.0,10142000000.0,10071000000.0,12202000000.0,1041000000.0,11161000000.0,55154000000.0,26274000000.0,14634000000.0,7849000000.0,,8.97
QCOM,2025-09-28,44284000000.0,5541000000.0,12355000000.0,14012000000.0,1192000000.0,12820000000.0,50143000000.0,21206000000.0,14811000000.0,5520000000.0,,5.01
RCL,2020-12-31,2208805000.0,-5797462000.0,-4601557000.0,-3731653000.0,1965131000.0,-5696784000.0,32465187000.0,8760669000.0,19329043000.0,3684474000.0,326421000.0,-27.12
RCL,2021-12-31,1532000000.0,-5261000000.0,-3870000000.0,-1878000000.0,2230000000.0,-4108000000.0,32258355000.0,5085556000.0,21090340000.0,2701770000.0,0.0,-20.89
RCL,2022-12-31,8840000000.0,-2156000000.0,-766000000.0,481000000.0,2710000000.0,-2229000000.0,33776000000.0,2869000000.0,23391000000.0,1935000000.0,0.0,-8.45
RCL,2023-12-31,13900000000.0,1697000000.0,2878000000.0,4477000000.0,3897000000.0,580000000.0,35131000000.0,4724000000.0,21452000000.0,497000000.0,0.0,6.31
RCL,2024-12-31,16484000000.0,2877000000.0,4106000000.0,5265000000.0,3268000000.0,1997000000.0,37070000000.0,7563000000.0,20076000000.0,388000000.0,107000000.0,10.94
RCL,2025-12-31,17935000000.0,4268000000.0,4910000000.0,6465000000.0,5229000000.0,1236000000.0,41619000000.0,10037000000.0,21345000000.0,825000000.0,824000000.0,15.61
RDDT,2022-12-31,666701000.0,-158550000.0,-172162000.0,-94021000.0,6233000.0,-100254000.0,,-379064000.0,,435810000.0,,
RDDT,2023-12-31,804029000.0,-90824000.0,-140161000.0,-75114000.0,9724000.0,-84838000.0,1596467000.0,-412922000.0,,401176000.0,,-1.54
RDDT,2024-12-31,1300205000.0,-484000000.0,-560568000.0,222068000.0,6248000.0,215820000.0,2336595000.0,2130749000.0,,562092000.0,,-3.3299999999999996
RDDT,2025-12-31,2202506000.0,530000000.0,441984000.0,690875000.0,6706000.0,684169000.0,3239173000.0,2929038000.0,,953569000.0,,2.62
REG,2020-12-31,1016175000.0,44889000.0,13148000.0,499118000.0,,,10936904000.0,5984912000.0,3923084000.0,378450000.0,300537000.0,0.26
REG,2021-12-31,1166161000.0,361411000.0,319202000.0,659388000.0,,,10792563000.0,6037371000.0,3718944000.0,95027000.0,403085000.0,2.12
REG,2022-12-31,1224022000.0,482865000.0,896786000.0,655815000.0,,,10860220000.0,6096985000.0,3726754000.0,68776000.0,428276000.0,2.81
REG,2023-12-31,1322466000.0,364557000.0,951288000.0,719591000.0,,,12426913000.0,7032687000.0,4153949000.0,91354000.0,453065000.0,2.04
REG,2024-12-31,1453904000.0,400388000.0,1047368000.0,790198000.0,,,12391961000.0,6724146000.0,4408700000.0,61884000.0,490365000.0,2.11
REG,2025-12-31,1553524000.0,527460000.0,1123441000.0,827692000.0,,,13001283000.0,6906890000.0,4739301000.0,120661000.0,511564000.0,2.82
REGN,2020-12-31,8497100000.0,3513200000.0,3576600000.0,2618100000.0,614600000.0,2003500000.0,17163300000.0,11025300000.0,1978500000.0,2193700000.0,,30.67
REGN,2021-12-31,16071700000.0,8075300000.0,8946800000.0,7081300000.0,551900000.0,6529400000.0,25434800000.0,18768800000.0,2699700000.0,2885600000.0,,71.97
REGN,2022-12-31,12172900000.0,4338400000.0,4738900000.0,5014900000.0,590100000.0,4424800000.0,29214500000.0,22664000000.0,1981400000.0,3105900000.0,,38.22
REGN,2023-12-31,13117200000.0,3953600000.0,4047100000.0,4594000000.0,718600000.0,3875400000.0,33080200000.0,25973100000.0,1982900000.0,2730000000.0,0.0,34.77
REGN,2024-12-31,14202000000.0,4412600000.0,3990700000.0,4420500000.0,755900000.0,3664600000.0,37759400000.0,29353600000.0,1984400000.0,2488200000.0,0.0,38.34
REGN,2025-12-31,14342900000.0,4504900000.0,3577900000.0,4978900000.0,898400000.0,4080500000.0,40558700000.0,31256900000.0,1985900000.0,3118100000.0,370300000.0,41.47999999999999
RF,2016-12-31,58000000.0,1163000000.0,1664000000.0,2037000000.0,,,125968000000.0,16664000000.0,7763000000.0,5451000000.0,317000000.0,0.87
RF,2017-12-31,60000000.0,1263000000.0,1860000000.0,2297000000.0,,,124294000000.0,16192000000.0,8632000000.0,3981000000.0,346000000.0,1.0
RF,2018-12-31,71000000.0,1759000000.0,1955000000.0,2275000000.0,,,125688000000.0,15090000000.0,14024000000.0,3538000000.0,452000000.0,1.54
RF,2019-12-31,79000000.0,1582000000.0,1985000000.0,2581000000.0,,,126240000000.0,16295000000.0,9929000000.0,4114000000.0,577000000.0,1.5
RF,2020-12-31,84000000.0,1094000000.0,1314000000.0,2324000000.0,,,147389000000.0,18111000000.0,3569000000.0,17956000000.0,595000000.0,1.03
RF,2021-12-31,104000000.0,2521000000.0,46000000.0,3030000000.0,,,162938000000.0,18326000000.0,2407000000.0,29411000000.0,608000000.0,2.49
RJF,2020-09-30,8168000000.0,818000000.0,1052000000.0,4073000000.0,124000000.0,3949000000.0,47482000000.0,7114000000.0,,5390000000.0,205000000.0,3.88
RJF,2021-09-30,9910000000.0,1403000000.0,1791000000.0,6647000000.0,74000000.0,6573000000.0,61891000000.0,8245000000.0,8000000.0,7201000000.0,218000000.0,6.630000000000001
RJF,2022-09-30,11308000000.0,1509000000.0,2022000000.0,72000000.0,91000000.0,-19000000.0,80951000000.0,9458000000.0,1000000.0,6178000000.0,,6.98
RJF,2023-09-30,12992000000.0,1739000000.0,2280000000.0,-3514000000.0,173000000.0,-3687000000.0,78360000000.0,10214000000.0,,9313000000.0,,7.97
RJF,2024-09-30,14923000000.0,2068000000.0,,2155000000.0,205000000.0,1950000000.0,82992000000.0,11673000000.0,,10998000000.0,,9.7
RJF,2025-09-30,15912000000.0,2135000000.0,,2434000000.0,188000000.0,2246000000.0,88230000000.0,12503000000.0,700000000.0,11389000000.0,,10.3
RL,2021-03-27,4400800000.0,-121100000.0,-43600000.0,380900000.0,107800000.0,273100000.0,7887500000.0,2604400000.0,1632900000.0,2579000000.0,49800000.0,-1.65
RL,2022-04-02,6218500000.0,600100000.0,798400000.0,715900000.0,166900000.0,549000000.0,7724700000.0,2536000000.0,1636300000.0,1863800000.0,150000000.0,8.07
RL,2023-04-01,6443600000.0,522700000.0,704200000.0,411000000.0,217500000.0,193500000.0,6789500000.0,2430500000.0,1138500000.0,1529300000.0,198300000.0,7.58
RL,2024-03-30,6631400000.0,646300000.0,756400000.0,1069700000.0,164800000.0,904900000.0,6602600000.0,2450300000.0,1140500000.0,1662200000.0,194600000.0,9.71
RL,2025-03-29,7079000000.0,742900000.0,932100000.0,1235100000.0,216200000.0,1018900000.0,7047300000.0,2588500000.0,1142600000.0,1922500000.0,201100000.0,11.61
RL,2026-03-28,8114500000.0,941100000.0,1179200000.0,1154200000.0,,,7739500000.0,2841400000.0,1238900000.0,1988000000.0,216500000.0,15.11
RMD,2021-06-30,3196825000.0,474505000.0,903678000.0,736718000.0,102712000.0,634006000.0,4728125000.0,2885679000.0,655351000.0,295278000.0,226713000.0,3.24
RMD,2022-06-30,3578127000.0,779437000.0,1000286000.0,351147000.0,134835000.0,216312000.0,5095853000.0,3360751000.0,775241000.0,273710000.0,245341000.0,5.3
RMD,2023-06-30,4222993000.0,897556000.0,1131871000.0,693299000.0,119672000.0,573627000.0,6751708000.0,4129903000.0,1441136000.0,227891000.0,258276000.0,6.09
RMD,2024-06-30,4685297000.0,1020951000.0,1319893000.0,1401260000.0,99460000.0,1301800000.0,6872394000.0,4864043000.0,707213000.0,238361000.0,282320000.0,6.92
RMD,2025-06-30,5146327000.0,1400723000.0,1685363000.0,1751588000.0,89865000.0,1661723000.0,8174391000.0,5967859000.0,668292000.0,1209450000.0,310880000.0,9.51
RMD,2026-06-30,5653443000.0,1523293000.0,1886715000.0,1805829000.0,156285000.0,1649544000.0,8965950000.0,6585393000.0,659365000.0,1469234000.0,349662000.0,10.43
ROK,2020-09-30,6329800000.0,1023400000.0,1136100000.0,1120500000.0,113900000.0,1006600000.0,7264700000.0,1027800000.0,1974700000.0,704600000.0,472800000.0,8.77
ROK,2021-09-30,6997400000.0,1358100000.0,1526200000.0,1261000000.0,120300000.0,1140700000.0,10701600000.0,2389600000.0,3471400000.0,662200000.0,497100000.0,11.58
ROK,2022-09-30,7760400000.0,932200000.0,1073600000.0,823100000.0,141100000.0,682000000.0,10758700000.0,2725600000.0,3476900000.0,490700000.0,519400000.0,7.97
ROK,2023-09-30,9058000000.0,1387000000.0,1929000000.0,1374000000.0,160500000.0,1213500000.0,11304000000.0,3561600000.0,2871500000.0,1072000000.0,542000000.0,11.95
ROK,2024-09-30,8264000000.0,953000000.0,1595000000.0,864000000.0,225000000.0,639000000.0,11232000000.0,3498000000.0,2868000000.0,471000000.0,571000000.0,8.28
ROK,2025-09-30,8342000000.0,869000000.0,1703000000.0,1544000000.0,186000000.0,1358000000.0,11219000000.0,3654000000.0,2616000000.0,468000000.0,591000000.0,7.67
ROL,2020-12-31,2161220000.0,266756000.0,376088000.0,435785000.0,23229000.0,412556000.0,1845900000.0,964651000.0,203000000.0,98477000.0,160487000.0,0.54
ROL,2021-12-31,2424300000.0,356565000.0,447636000.0,401805000.0,27194000.0,374611000.0,2021540000.0,1111217000.0,155000000.0,105301000.0,208656000.0,0.72
ROL,2022-12-31,2695823000.0,368599000.0,493388000.0,465930000.0,30628000.0,435302000.0,2122028000.0,1267197000.0,54898000.0,95346000.0,211618000.0,0.75
ROL,2023-12-31,3073278000.0,434957000.0,583226000.0,528366000.0,32465000.0,495901000.0,2595460000.0,1155567000.0,490776000.0,103825000.0,264348000.0,0.89
ROL,2024-12-31,3388708000.0,466379000.0,657224000.0,607653000.0,27572000.0,580081000.0,2819695000.0,1330593000.0,395310000.0,89630000.0,297989000.0,0.96
ROL,2025-12-31,3761050000.0,526705000.0,726068000.0,678107000.0,28086000.0,650021000.0,3140523000.0,1374321000.0,609830000.0,100004000.0,327901000.0,1.09
ROP,2020-12-31,4022400000.0,949700000.0,1082900000.0,1525100000.0,,,24024800000.0,10479800000.0,9560800000.0,308300000.0,214100000.0,8.98
ROP,2021-12-31,4833800000.0,1153000000.0,1241200000.0,2011900000.0,,,23713900000.0,11563800000.0,7921800000.0,351500000.0,236400000.0,10.83
ROP,2022-12-31,5371800000.0,4545000000.0,1524500000.0,734600000.0,,,26980800000.0,16037800000.0,6661700000.0,792800000.0,262300000.0,42.58
ROP,2023-12-31,6177800000.0,1384000000.0,1745200000.0,2035100000.0,,,28167500000.0,17444800000.0,6330100000.0,214300000.0,290200000.0,12.89
ROP,2024-12-31,7039200000.0,1549000000.0,1996800000.0,2393200000.0,,,31334700000.0,18867600000.0,7623000000.0,188200000.0,321900000.0,14.34
ROP,2025-12-31,7902500000.0,1536000000.0,2235400000.0,2540300000.0,,,34577000000.0,19881500000.0,9301000000.0,297400000.0,355000000.0,14.2
ROST,2021-01-30,12531565000.0,85382000.0,106297000.0,2245933000.0,405433000.0,1840500000.0,12717867000.0,3290640000.0,2513085000.0,4819293000.0,101404000.0,0.23000000000000004
ROST,2022-01-29,18916244000.0,1722589000.0,2258540000.0,1738849000.0,557840000.0,1181009000.0,13640256000.0,4060050000.0,2452325000.0,4922365000.0,405123000.0,4.87
ROST,2023-01-28,18695829000.0,1512041000.0,1990331000.0,1689373000.0,654070000.0,1035303000.0,13416463000.0,4288583000.0,2456510000.0,4551876000.0,431295000.0,4.38
ROST,2024-02-03,20376941000.0,1874520000.0,2307663000.0,2514490000.0,762812000.0,1751678000.0,14300109000.0,4871326000.0,2460730000.0,4872446000.0,454814000.0,5.56
ROST,2025-02-01,21129219000.0,2090730000.0,2585586000.0,2356988000.0,720104000.0,1636884000.0,14905332000.0,5509195000.0,2214811000.0,4730744000.0,488721000.0,6.32
ROST,2026-01-31,22750559000.0,2145044000.0,2707357000.0,3026883000.0,819275000.0,2207608000.0,15548737000.0,6187443000.0,1517606000.0,4594392000.0,528085000.0,6.61
RSG,2020-12-31,10153600000.0,967237000.0,1709100000.0,2471600000.0,1194600000.0,1277000000.0,23434000000.0,8483900000.0,8771900000.0,38200000.0,522500000.0,3.0300000000000002
RSG,2021-12-31,11295000000.0,1290405000.0,2076200000.0,2786700000.0,1316300000.0,1470400000.0,24955000000.0,8978900000.0,9554400000.0,29000000.0,552600000.0,4.04
RSG,2022-12-31,13511000000.0,1487586000.0,2392000000.0,3190000000.0,1454000000.0,1736000000.0,29053000000.0,9686000000.0,11343800000.0,143000000.0,593000000.0,4.69
RSG,2023-12-31,14965000000.0,1730985000.0,2780000000.0,3618000000.0,1631000000.0,1987000000.0,31410000000.0,10542000000.0,11900000000.0,140000000.0,638000000.0,5.47
RSG,2024-12-31,16032000000.0,2043173000.0,3196000000.0,3936000000.0,1855000000.0,2081000000.0,32402000000.0,11405000000.0,11864000000.0,74000000.0,687000000.0,6.49
RSG,2025-12-31,16591000000.0,2139249000.0,3302000000.0,4296000000.0,1887000000.0,2409000000.0,34366000000.0,11968000000.0,13000000000.0,76000000.0,738000000.0,6.85
RTX,2020-12-31,56587000000.0,-3519000000.0,-1889000000.0,4334000000.0,1795000000.0,2539000000.0,162153000000.0,72163000000.0,31273000000.0,8802000000.0,2732000000.0,-2.3899999999999997
RTX,2021-12-31,64388000000.0,3864000000.0,5136000000.0,7142000000.0,2134000000.0,5008000000.0,161404000000.0,73068000000.0,31461000000.0,7832000000.0,2957000000.0,2.5599999999999996
RTX,2022-12-31,67074000000.0,5197000000.0,5504000000.0,7168000000.0,2288000000.0,4880000000.0,158864000000.0,72632000000.0,31319000000.0,6220000000.0,3128000000.0,3.5
RTX,2023-12-31,68920000000.0,3195000000.0,3561000000.0,7883000000.0,2415000000.0,5468000000.0,161869000000.0,59798000000.0,42544000000.0,6587000000.0,3239000000.0,2.23
RTX,2024-12-31,80738000000.0,4774000000.0,6538000000.0,7159000000.0,2625000000.0,4534000000.0,162861000000.0,60156000000.0,38909000000.0,5578000000.0,3217000000.0,3.55
RTX,2025-12-31,88603000000.0,6732000000.0,9300000000.0,10567000000.0,2627000000.0,7940000000.0,171079000000.0,65245000000.0,34492000000.0,7435000000.0,3574000000.0,4.96
RVTY,2021-01-03,2663230000.0,727887000.0,867273000.0,892177000.0,63634000.0,828543000.0,7960315000.0,3735492000.0,1990894000.0,387054000.0,31212000.0,6.4799999999999995
RVTY,2022-01-02,3827808000.0,943157000.0,1258457000.0,1410750000.0,86020000.0,1324730000.0,15000554000.0,7141245000.0,4983977000.0,603320000.0,32373000.0,8.17
RVTY,2023-01-01,3311822000.0,569179000.0,742699000.0,679810000.0,85632000.0,594178000.0,14129855000.0,7382876000.0,4394276000.0,454358000.0,35344000.0,4.5
RVTY,2023-12-31,2750571000.0,693094000.0,300562000.0,91272000.0,81368000.0,9904000.0,13564665000.0,7872739000.0,3899642000.0,913163000.0,34966000.0,5.55
RVTY,2024-12-29,2755026000.0,270385000.0,346741000.0,628299000.0,86648000.0,541651000.0,12392478000.0,7666874000.0,3150718000.0,1163396000.0,34454000.0,2.2
RVTY,2025-12-28,2856051000.0,241201000.0,356635000.0,582933000.0,73522000.0,509411000.0,12168411000.0,7250360000.0,3220064000.0,919860000.0,32800000.0,2.07
SBAC,2020-12-31,128666000.0,24104000.0,633694000.0,1126033000.0,128566000.0,997467000.0,9158018000.0,-4824382000.0,11095796000.0,308560000.0,207689000.0,0.20000000000000007
SBAC,2021-12-31,204747000.0,237624000.0,782495000.0,1189896000.0,133694000.0,1056202000.0,9801699000.0,-5283404000.0,12302694000.0,367278000.0,253580000.0,2.13
SBAC,2022-12-31,296879000.0,461429000.0,925408000.0,1285700000.0,214443000.0,1071257000.0,10585041000.0,-5276315000.0,12868162000.0,143708000.0,306766000.0,4.21
SBAC,2023-12-31,194649000.0,501812000.0,923659000.0,1544393000.0,236698000.0,1307695000.0,10178441000.0,-5170882000.0,12324315000.0,208547000.0,369960000.0,4.61
SBAC,2024-12-31,152869000.0,749536000.0,1435763000.0,1334866000.0,228149000.0,1106717000.0,11417336000.0,-5109938000.0,13591738000.0,189841000.0,424191000.0,6.9399999999999995
SBAC,2025-12-31,244498000.0,1053632000.0,1342786000.0,1291328000.0,224819000.0,1066509000.0,11575012000.0,-4853519000.0,12900268000.0,264568000.0,479012000.0,9.8
SBUX,2020-09-27,23518000000.0,928300000.0,1561700000.0,1597800000.0,1483600000.0,114200000.0,29374500000.0,-7805100000.0,15909500000.0,4350900000.0,1923500000.0,0.77
SBUX,2021-10-03,29060600000.0,4199300000.0,4872100000.0,5989100000.0,1470000000.0,4519100000.0,31392600000.0,-5321200000.0,14615800000.0,6455700000.0,2119000000.0,3.54
SBUX,2022-10-02,32250300000.0,3281600000.0,4617800000.0,4397300000.0,1841300000.0,2556000000.0,27978400000.0,-8706600000.0,14868900000.0,2818400000.0,2263300000.0,2.83
SBUX,2023-10-01,35975600000.0,4124500000.0,5870800000.0,6008700000.0,2333600000.0,3675100000.0,29445500000.0,-7994800000.0,15366200000.0,3551500000.0,2431800000.0,3.58
SBUX,2024-09-29,36176200000.0,3760900000.0,5408800000.0,6095600000.0,2777500000.0,3318100000.0,31339300000.0,-7448900000.0,15568400000.0,3286200000.0,2585000000.0,3.31
SBUX,2025-09-28,37184400000.0,1856400000.0,2936600000.0,4747500000.0,2305500000.0,2442000000.0,32019700000.0,-8096600000.0,16074800000.0,3219800000.0,2771400000.0,1.63
SCHW,2020-12-31,11691000000.0,3299000000.0,4300000000.0,6852000000.0,631000000.0,6221000000.0,549009000000.0,56060000000.0,13632000000.0,40348000000.0,1280000000.0,2.11
SCHW,2021-12-31,18520000000.0,5855000.0,7713000000.0,2118000000.0,916000000.0,1202000000.0,667270000000.0,56261000000.0,23769000000.0,62975000000.0,1822000000.0,2.83
SCHW,2022-12-31,20762000000.0,7183000.0,9388000000.0,2057000000.0,971000000.0,1086000000.0,551772000000.0,36608000000.0,37878000000.0,40195000000.0,2110000000.0,3.5
SCHW,2023-12-31,18837000000.0,5067000.0,6378000000.0,19587000000.0,700000000.0,18887000000.0,493178000000.0,40958000000.0,32681000000.0,43337000000.0,2276000000.0,2.54
SCHW,2024-12-31,19606000000.0,5942000.0,7692000000.0,2670000000.0,620000000.0,2050000000.0,479843000000.0,48375000000.0,28427000000.0,42083000000.0,2275000000.0,2.99
SCHW,2025-12-31,23921000000.0,8852000.0,11459000000.0,9311000000.0,548000000.0,8763000000.0,490995000000.0,49425000000.0,29112000000.0,46030000000.0,2329000000.0,4.65
SHW,2020-12-31,18361700000.0,2030400000.0,3373800000.0,3408600000.0,303800000.0,3104800000.0,20401600000.0,3610800000.0,8292000000.0,226600000.0,488000000.0,7.35
SHW,2021-12-31,19944600000.0,1864400000.0,3083700000.0,2244600000.0,372000000.0,1872600000.0,20666700000.0,2437200000.0,8851500000.0,165700000.0,587100000.0,6.96
SHW,2022-12-31,22148900000.0,2020100000.0,3397200000.0,1919900000.0,644500000.0,1275400000.0,22594000000.0,3102100000.0,9591600000.0,198800000.0,618500000.0,7.72
SHW,2023-12-31,23051900000.0,2388800000.0,4161700000.0,3521900000.0,888400000.0,2633500000.0,22954400000.0,3715800000.0,9476700000.0,276800000.0,623700000.0,9.25
SHW,2024-12-31,23098500000.0,2681400000.0,3451800000.0,3153200000.0,1070000000.0,2083200000.0,23632600000.0,4051200000.0,9226000000.0,210400000.0,723400000.0,10.55
SHW,2025-12-31,23574300000.0,2568500000.0,3338200000.0,3451600000.0,797600000.0,2654000000.0,25901700000.0,4598300000.0,9670800000.0,207200000.0,789800000.0,10.26
SJM,2021-04-30,8002700000.0,876300000.0,1386800000.0,1565000000.0,306700000.0,1258300000.0,16284200000.0,8124800000.0,4669700000.0,334300000.0,403200000.0,7.79
SJM,2022-04-30,7998900000.0,631700000.0,1023800000.0,1136300000.0,417500000.0,718800000.0,16055000000.0,8140100000.0,4310600000.0,169900000.0,418100000.0,5.83
SJM,2023-04-30,8529200000.0,-91300000.0,157500000.0,1194400000.0,477400000.0,717000000.0,14991400000.0,7290800000.0,4314200000.0,655800000.0,430200000.0,-0.8599999999999999
SJM,2024-04-30,8178700000.0,744000000.0,1305800000.0,1229400000.0,586500000.0,642900000.0,20273700000.0,7693900000.0,7773000000.0,62000000.0,437500000.0,7.129999999999999
SJM,2025-04-30,8726100000.0,-1230800000.0,-673900000.0,1210400000.0,393800000.0,816600000.0,17563300000.0,6082600000.0,7036800000.0,69900000.0,455400000.0,-11.57
SJM,2026-04-30,9050900000.0,-138700000.0,360200000.0,1473600000.0,317400000.0,1156200000.0,16219400000.0,5543800000.0,6542800000.0,58600000.0,464700000.0,-1.2999999999999996
SLB,2020-12-31,23601000000.0,-10518000000.0,2401000000.0,2944000000.0,1116000000.0,1828000000.0,42434000000.0,12071000000.0,16036000000.0,,1734000000.0,-7.57
SLB,2021-12-31,22929000000.0,1881000000.0,3365000000.0,4651000000.0,1141000000.0,3510000000.0,41511000000.0,15004000000.0,13286000000.0,,699000000.0,1.32
SLB,2022-12-31,28091000000.0,3441000000.0,5011000000.0,3720000000.0,1618000000.0,2102000000.0,43135000000.0,17685000000.0,10594000000.0,,848000000.0,2.39
SLB,2023-12-31,33135000000.0,4203000000.0,6523000000.0,6637000000.0,1939000000.0,4698000000.0,47957000000.0,20189000000.0,10842000000.0,,1317000000.0,2.91
SLB,2024-12-31,36289000000.0,4461000000.0,5672000000.0,6602000000.0,1931000000.0,4671000000.0,48935000000.0,21130000000.0,11023000000.0,,1533000000.0,3.11
SLB,2025-12-31,35708000000.0,3374000000.0,4291000000.0,6489000000.0,1694000000.0,4795000000.0,54868000000.0,26109000000.0,9742000000.0,,1602000000.0,2.35
SMCI,2021-06-30,3557422000.0,111865000.0,123947000.0,122955000.0,58016000.0,64939000.0,2241964000.0,1096225000.0,98190000.0,232266000.0,,0.209
SMCI,2022-06-30,5196099000.0,285163000.0,335167000.0,-440801000.0,45182000.0,-485983000.0,3205077000.0,1425575000.0,596764000.0,267397000.0,,0.53
SMCI,2023-06-30,7123482000.0,639998000.0,761142000.0,663580000.0,36793000.0,626787000.0,3674729000.0,1972005000.0,290302000.0,440459000.0,,1.14
SMCI,2024-06-30,14989251000.0,1152666000.0,1210774000.0,-2485972000.0,124279000.0,-2610251000.0,9826092000.0,5417206000.0,1697716000.0,1669766000.0,,1.92
SMCI,2025-06-30,21972042000.0,1048854000.0,1252994000.0,1659524000.0,127214000.0,1532310000.0,14018429000.0,6301693000.0,4645178000.0,5169911000.0,,1.68
SMCI,2026-06-30,39063072000.0,2230453000.0,2770486000.0,-6809886000.0,161999000.0,-6971885000.0,29945467000.0,14479452000.0,4664139000.0,7521474000.0,,3.26
SNA,2021-01-02,3569300000.0,627000000.0,880500000.0,1008600000.0,65600000.0,943000000.0,6557300000.0,3824900000.0,1450600000.0,923400000.0,243300000.0,11.44
SNA,2022-01-01,4228300000.0,820500000.0,1123500000.0,966600000.0,70100000.0,896500000.0,6759700000.0,4181900000.0,1200300000.0,780000000.0,275800000.0,14.92
SNA,2022-12-31,4468600000.0,911700000.0,1207200000.0,675200000.0,84200000.0,591000000.0,6972800000.0,4481300000.0,1201000000.0,757200000.0,313100000.0,16.82
SNA,2023-12-30,4703200000.0,1011100000.0,1310400000.0,1154200000.0,95000000.0,1059200000.0,7544900000.0,5071300000.0,1200200000.0,1001500000.0,355600000.0,18.76
SNA,2024-12-28,4677600000.0,1043900000.0,1345700000.0,1217500000.0,83500000.0,1134000000.0,7896800000.0,5394100000.0,1199200000.0,1360500000.0,406400000.0,19.51
SNA,2026-01-03,4709300000.0,1016900000.0,1327700000.0,1081700000.0,76000000.0,1005700000.0,8412300000.0,5931800000.0,1186400000.0,1624500000.0,462200000.0,19.19
SNDK,2023-06-30,6086000000.0,-2143000000.0,-2035000000.0,-713000000.0,219000000.0,-932000000.0,,11439000000.0,,292000000.0,,
SNDK,2024-06-28,6663000000.0,-672000000.0,-468000000.0,-309000000.0,166000000.0,-475000000.0,13506000000.0,11082000000.0,0.0,328000000.0,,
SNDK,2025-06-27,7355000000.0,-1641000000.0,-1377000000.0,84000000.0,204000000.0,-120000000.0,12985000000.0,9216000000.0,1849000000.0,1481000000.0,,-11.32
SNDK,2026-07-03,20248000000.0,11433000000.0,12389000000.0,11671000000.0,177000000.0,11494000000.0,22507000000.0,15736000000.0,0.0,4762000000.0,,73.76
SNPS,2020-10-31,3685281000.0,664347000.0,620141000.0,991313000.0,154717000.0,836596000.0,8030062000.0,4907404000.0,127907000.0,1235653000.0,,4.27
SNPS,2021-10-31,4204193000.0,757516000.0,734790000.0,1492622000.0,93764000.0,1398858000.0,8752260000.0,5295137000.0,100086000.0,1432840000.0,,4.81
SNPS,2022-10-31,4615714000.0,984594000.0,1148714000.0,1738900000.0,136589000.0,1602311000.0,9418087000.0,5515725000.0,20824000.0,1417608000.0,,6.29
SNPS,2023-10-31,5318014000.0,1229888000.0,1273239000.0,1703274000.0,189618000.0,1513656000.0,10333131000.0,6147308000.0,18078000.0,1433966000.0,,7.92
SNPS,2024-10-31,6127436000.0,2263380000.0,1355711000.0,1407029000.0,139500000.0,1267529000.0,13073561000.0,8990702000.0,15601000.0,3896532000.0,,14.51
SNPS,2025-10-31,7054178000.0,1332220000.0,914927000.0,1518608000.0,169454000.0,1349154000.0,48224461000.0,28327602000.0,13484515000.0,2888030000.0,,8.04
SO,2020-12-31,21097000000.0,3119000000.0,4885000000.0,6696000000.0,7522000000.0,-826000000.0,122935000000.0,27972000000.0,45682000000.0,1065000000.0,2685000000.0,2.93
SO,2021-12-31,23463000000.0,2393000000.0,3698000000.0,6169000000.0,7586000000.0,-1417000000.0,127534000000.0,27874000000.0,51560000000.0,1798000000.0,2777000000.0,2.24
SO,2022-12-31,25941000000.0,3524000000.0,5370000000.0,6302000000.0,7923000000.0,-1621000000.0,134891000000.0,30408000000.0,53265000000.0,1917000000.0,2907000000.0,3.26
SO,2023-12-31,24828000000.0,3976000000.0,5826000000.0,7553000000.0,9095000000.0,-1542000000.0,139331000000.0,31444000000.0,59524000000.0,748000000.0,3035000000.0,3.62
SO,2024-12-31,26764000000.0,4401000000.0,7068000000.0,9788000000.0,8955000000.0,833000000.0,145180000000.0,33208000000.0,60106000000.0,1070000000.0,2954000000.0,3.99
SO,2025-12-31,28942000000.0,4341000000.0,7285000000.0,9802000000.0,12737000000.0,-2935000000.0,155720000000.0,36016000000.0,66371000000.0,1639000000.0,3015000000.0,3.92
SOLV,2022-12-31,8130000000.0,1343000000.0,1693000000.0,1679000000.0,251000000.0,1428000000.0,,11742000000.0,,61000000.0,,
SOLV,2023-12-31,8197000000.0,1346000000.0,1692000000.0,1915000000.0,290000000.0,1625000000.0,13943000000.0,11666000000.0,0.0,194000000.0,,7.789999999999999
SOLV,2024-12-31,8254000000.0,479000000.0,1036000000.0,1185000000.0,380000000.0,805000000.0,14457000000.0,2959000000.0,8010000000.0,762000000.0,,2.76
SOLV,2025-12-31,8325000000.0,1556000000.0,2181000000.0,369000000.0,379000000.0,-10000000.0,14294000000.0,5049000000.0,5035000000.0,878000000.0,,8.88
SPG,2020-12-31,4607503000.0,1109227000.0,1971809000.0,2326698000.0,484119000.0,1842579000.0,34786846000.0,3039472000.0,26723361000.0,1011613000.0,,3.5999999999999996
SPG,2021-12-31,5116789000.0,2246294000.0,2413190000.0,3637402000.0,527935000.0,3109467000.0,33777379000.0,3361452000.0,25321022000.0,533936000.0,,6.84
SPG,2022-12-31,5291447000.0,2136198000.0,2583553000.0,3766604000.0,650024000.0,3116580000.0,33011274000.0,3138524000.0,24960286000.0,621628000.0,,6.52
SPG,2023-12-31,5658836000.0,2279789000.0,2807022000.0,3930793000.0,793283000.0,3137510000.0,34283495000.0,3022834000.0,26033423000.0,1168991000.0,,6.98
SPG,2024-12-31,5963798000.0,2367559000.0,3092796000.0,3814655000.0,755584000.0,3059071000.0,32405691000.0,2941925000.0,24264495000.0,1400345000.0,,7.26
SPG,2025-12-31,6364505000.0,4624275000.0,3175396000.0,4136551000.0,934346000.0,3202205000.0,40606466000.0,5208268000.0,28430175000.0,823147000.0,,14.18
SPGI,2020-12-31,7442000000.0,2339000000.0,3617000000.0,3567000000.0,76000000.0,3491000000.0,12537000000.0,509000000.0,4110000000.0,4108000000.0,645000000.0,9.139072847682119
SPGI,2021-12-31,8297000000.0,3024000000.0,4221000000.0,3598000000.0,35000000.0,3563000000.0,15026000000.0,2032000000.0,4114000000.0,6497000000.0,743000000.0,11.835383159886472
SPGI,2022-12-31,11181000000.0,3248000000.0,4944000000.0,2603000000.0,89000000.0,2514000000.0,61784000000.0,36388000000.0,10956000000.0,1286000000.0,1024000000.0,9.649952696310311
SPGI,2023-12-31,12497000000.0,2626000000.0,4020000000.0,3710000000.0,143000000.0,3567000000.0,60589000000.0,34200000000.0,11459000000.0,1290000000.0,1147000000.0,7.786187322611164
SPGI,2024-12-31,14208000000.0,3852000000.0,5580000000.0,5689000000.0,124000000.0,5565000000.0,60221000000.0,33159000000.0,11398000000.0,1666000000.0,1134000000.0,11.684011352885525
SPGI,2025-12-31,15336000000.0,4471000000.0,6478000000.0,5651000000.0,195000000.0,5456000000.0,61200000000.0,31127000000.0,13088000000.0,1745000000.0,1170000000.0,13.869441816461684
SRE,2020-12-31,10310000000.0,3764000000.0,1783000000.0,2591000000.0,4676000000.0,-2085000000.0,66623000000.0,23373000000.0,22666000000.0,960000000.0,1174000000.0,6.39
SRE,2021-12-31,11676000000.0,1318000000.0,833000000.0,3842000000.0,5015000000.0,-1173000000.0,72045000000.0,25981000000.0,24539000000.0,559000000.0,1331000000.0,2.01
SRE,2022-12-31,13722000000.0,2139000000.0,2009000000.0,1142000000.0,5357000000.0,-4215000000.0,78574000000.0,27115000000.0,27900000000.0,370000000.0,1430000000.0,3.31
SRE,2023-12-31,14848000000.0,3075000000.0,3260000000.0,6218000000.0,8397000000.0,-2179000000.0,87181000000.0,28675000000.0,30101000000.0,236000000.0,1483000000.0,4.79
SRE,2024-12-31,11818000000.0,2862000000.0,2713000000.0,4907000000.0,8215000000.0,-3308000000.0,96155000000.0,31222000000.0,33574000000.0,1565000000.0,1499000000.0,4.42
SRE,2025-12-31,12418000000.0,1837000000.0,1789000000.0,4565000000.0,10612000000.0,-6047000000.0,110878000000.0,31594000000.0,33145000000.0,29000000.0,1603000000.0,2.75
STE,2021-03-31,3107519000.0,397400000.0,548368000.0,689640000.0,239262000.0,450378000.0,6574471000.0,3880990000.0,1650540000.0,220531000.0,133837000.0,4.63
STE,2022-03-31,4223403000.0,243900000.0,477815000.0,684811000.0,287563000.0,397248000.0,11423594000.0,6532356000.0,3088356000.0,348320000.0,163169000.0,2.3899999999999997
STE,2023-03-31,4536266000.0,107000000.0,791101000.0,756947000.0,361969000.0,394978000.0,10821839000.0,6077198000.0,3078655000.0,208357000.0,183498000.0,5.57
STE,2024-03-31,5138700000.0,378200000.0,836100000.0,973300000.0,360300000.0,613000000.0,11063697000.0,6302164000.0,3206100000.0,207020000.0,200600000.0,5.54
STE,2025-03-31,5459500000.0,614600000.0,866600000.0,1148100000.0,370100000.0,778000000.0,10146800000.0,6603400000.0,2043700000.0,171700000.0,219900000.0,6.16
STE,2026-03-31,5935900000.0,782300000.0,1101800000.0,1341400000.0,369000000.0,972400000.0,10737200000.0,7183600000.0,1931700000.0,439600000.0,241800000.0,7.93
STLD,2020-12-31,9587691000.0,550822000.0,847142000.0,987032000.0,1198055000.0,-211023000.0,9265562000.0,4345164000.0,3102676000.0,1368618000.0,209248000.0,2.6
STLD,2021-12-31,18408850000.0,3214066000.0,4301105000.0,2204136000.0,1006239000.0,1197897000.0,12531234000.0,6304641000.0,3105876000.0,1243868000.0,212968000.0,15.56
STLD,2022-12-31,22260774000.0,3862674000.0,5091822000.0,4460403000.0,908902000.0,3551501000.0,14159984000.0,8130357000.0,3070575000.0,1628417000.0,237163000.0,20.92
STLD,2023-12-31,18795316000.0,2450882000.0,3151181000.0,3519928000.0,1657905000.0,1862023000.0,14908420000.0,8866666000.0,3071056000.0,1400887000.0,271317000.0,14.64
STLD,2024-12-31,17540390000.0,1537134000.0,1943037000.0,1844503000.0,1868006000.0,-23503000.0,14935233000.0,8934287000.0,3231007000.0,589464000.0,282616000.0,9.84
STLD,2025-12-31,18176581000.0,1185595000.0,1475986000.0,1449534000.0,948025000.0,501509000.0,16419780000.0,8957182000.0,4211163000.0,769878000.0,291176000.0,7.99
STT,2020-12-31,11703000000.0,2420000000.0,2899000000.0,3532000000.0,560000000.0,2972000000.0,314706000000.0,26200000000.0,14490000000.0,3467000000.0,889000000.0,6.32
STT,2021-12-31,12027000000.0,2693086657.0,3171000000.0,-6710000000.0,811000000.0,-7521000000.0,314624000000.0,27363000000.0,13603000000.0,3631000000.0,866000000.0,7.1899999999999995
STT,2022-12-31,12148000000.0,2774105680.0,3327000000.0,11954000000.0,734000000.0,11220000000.0,301450000000.0,25191000000.0,17093000000.0,3970000000.0,972000000.0,7.19
STT,2023-12-31,11945000000.0,1943630434.0,2316000000.0,690000000.0,816000000.0,-126000000.0,297258000000.0,23799000000.0,22499000000.0,4047000000.0,970000000.0,5.58
STT,2024-12-31,13000000000.0,2686875520.0,3395000000.0,-13210000000.0,926000000.0,-14136000000.0,353240000000.0,25326000000.0,33112000000.0,3145000000.0,1033000000.0,8.21
STT,2025-12-31,13944000000.0,2945159408.0,3731000000.0,11898000000.0,1055000000.0,10843000000.0,366047000000.0,27841000000.0,28964000000.0,4433000000.0,1120000000.0,9.4
STX,2021-07-02,10681000000.0,1314000000.0,1492000000.0,1626000000.0,498000000.0,1128000000.0,8675000000.0,631000000.0,5139000000.0,1209000000.0,649000000.0,5.36
STX,2022-07-01,11661000000.0,1649000000.0,1955000000.0,1657000000.0,381000000.0,1276000000.0,8944000000.0,109000000.0,5646000000.0,615000000.0,610000000.0,7.359999999999999
STX,2023-06-30,7384000000.0,-529000000.0,-342000000.0,942000000.0,316000000.0,626000000.0,7556000000.0,-1199000000.0,5451000000.0,786000000.0,582000000.0,-2.56
STX,2024-06-28,6551000000.0,335000000.0,452000000.0,918000000.0,254000000.0,664000000.0,7739000000.0,-1491000000.0,5674000000.0,1358000000.0,585000000.0,1.58
STX,2025-06-27,9097000000.0,1469000000.0,1890000000.0,1083000000.0,265000000.0,818000000.0,8023000000.0,-453000000.0,4995000000.0,891000000.0,600000000.0,6.77
STX,2026-07-03,12195000000.0,3184000000.0,4094000000.0,3674000000.0,569000000.0,3105000000.0,9972000000.0,2167000000.0,3565000000.0,1704000000.0,634000000.0,13.9
STZ,2021-02-28,8614900000.0,1998000000.0,2791100000.0,2806500000.0,864600000.0,1941900000.0,27104800000.0,13598900000.0,10442300000.0,460600000.0,575000000.0,11.697593873439658
STZ,2022-02-28,8820700000.0,-40400000.0,2331700000.0,2705400000.0,1026800000.0,1678600000.0,25855800000.0,11731900000.0,10093500000.0,199400000.0,573000000.0,-0.2365279241676486
STZ,2023-02-28,9452600000.0,-71000000.0,2842900000.0,2756900000.0,1035400000.0,1721500000.0,24662300000.0,8413600000.0,11296000000.0,133500000.0,587700000.0,-0.4156802627698777
STZ,2024-02-29,9961800000.0,1727400000.0,3169700000.0,2780000000.0,1269100000.0,1510900000.0,25691700000.0,9743100000.0,11637900000.0,152400000.0,653800000.0,10.113325153643476
STZ,2025-02-28,10208700000.0,-81400000.0,354900000.0,3152200000.0,1214100000.0,1938100000.0,21652300000.0,6882000000.0,10691000000.0,68100000.0,731800000.0,-0.47656863928828264
STZ,2026-02-28,9139000000.0,1686700000.0,2721400000.0,2669000000.0,875000000.0,1794000000.0,21900500000.0,8082400000.0,10296500000.0,102400000.0,715700000.0,9.875040833999334
SW,2022-12-31,13509000000.0,1034000000.0,1558000000.0,1433000000.0,930000000.0,503000000.0,,107.0,,841000000.0,349000000.0,
SW,2023-12-31,12093000000.0,825000000.0,1372000000.0,1559000000.0,929000000.0,630000000.0,14051000000.0,6158000000.0,3747000000.0,1000000000.0,391000000.0,
SW,2024-12-31,21109000000.0,319000000.0,1007000000.0,1483000000.0,1466000000.0,17000000.0,43759000000.0,17360000000.0,13595000000.0,855000000.0,650000000.0,0.8200000000000001
SW,2025-12-31,31179000000.0,699000000.0,1719000000.0,3392000000.0,2192000000.0,1200000000.0,45157000000.0,18327000000.0,13773000000.0,892000000.0,900000000.0,1.33
SWK,2021-01-02,12750000000.0,1233800000.0,2176000000.0,2022100000.0,348100000.0,1674000000.0,23566300000.0,11059600000.0,4245400000.0,1241900000.0,431800000.0,7.45
SWK,2022-01-01,15281300000.0,1689200000.0,1586900000.0,663100000.0,519100000.0,144000000.0,28180000000.0,11590500000.0,4354900000.0,142100000.0,474800000.0,10.16
SWK,2022-12-31,16947400000.0,1062500000.0,37900000.0,-1459500000.0,530400000.0,-1989900000.0,24963300000.0,9712100000.0,5354100000.0,395600000.0,465800000.0,6.79
SWK,2023-12-30,15781100000.0,-310500000.0,-375700000.0,1191300000.0,338700000.0,852600000.0,23663800000.0,9056100000.0,6102100000.0,449400000.0,482600000.0,-2.07
SWK,2024-12-28,15365700000.0,294300000.0,241100000.0,1106900000.0,353900000.0,753000000.0,21848900000.0,8719900000.0,6103000000.0,290500000.0,491200000.0,1.95
SWK,2026-01-03,15130400000.0,401900000.0,417900000.0,971200000.0,283300000.0,687900000.0,21243700000.0,9054600000.0,5258100000.0,280100000.0,500600000.0,2.65
SWKS,2020-10-02,3355700000.0,814800000.0,891800000.0,1204500000.0,389400000.0,815100000.0,5106700000.0,4164200000.0,0.0,566700000.0,307000000.0,4.79
SWKS,2021-10-01,5109100000.0,1498300000.0,1612700000.0,1772000000.0,637800000.0,1134200000.0,8590700000.0,5297100000.0,2235600000.0,882900000.0,340600000.0,8.97
SWKS,2022-09-30,5485500000.0,1275200000.0,1527000000.0,1424600000.0,489400000.0,935200000.0,8873800000.0,5469000000.0,2189100000.0,566000000.0,373100000.0,7.81
SWKS,2023-09-29,4772400000.0,982800000.0,1125000000.0,1856400000.0,210300000.0,1646100000.0,8426700000.0,6082700000.0,1292300000.0,718800000.0,405200000.0,6.130000000000001
SWKS,2024-09-27,4178000000.0,596000000.0,637400000.0,1824700000.0,157000000.0,1667700000.0,8283300000.0,6336700000.0,994300000.0,1368600000.0,439100000.0,3.6899999999999995
SWKS,2025-10-03,4086900000.0,477100000.0,500000000.0,1300800000.0,195000000.0,1105800000.0,7917000000.0,5757100000.0,995800000.0,1161300000.0,432600000.0,3.08
SYF,2020-12-31,1385000000.0,1385000000.0,1797000000.0,7487000000.0,,,95948000000.0,12701000000.0,15775000000.0,11524000000.0,520000000.0,2.27
SYF,2021-12-31,4221000000.0,4221000000.0,5503000000.0,7099000000.0,,,95748000000.0,13655000000.0,14507000000.0,8337000000.0,500000000.0,7.34
SYF,2022-12-31,3016000000.0,3016000000.0,3962000000.0,6694000000.0,,,104564000000.0,12873000000.0,14191000000.0,10294000000.0,434000000.0,6.15
SYF,2023-12-31,2238000000.0,2238000000.0,2904000000.0,8593000000.0,,,117479000000.0,13903000000.0,15982000000.0,14259000000.0,406000000.0,5.19
SYF,2024-12-31,3499000000.0,3499000000.0,4553000000.0,9848000000.0,,,119463000000.0,16580000000.0,15462000000.0,14711000000.0,398000000.0,8.55
SYF,2025-12-31,3552000000.0,3552000000.0,4621000000.0,9851000000.0,,,119095000000.0,16766000000.0,15182000000.0,14973000000.0,427000000.0,9.28
SYK,2020-12-31,14351000000.0,1599000000.0,2223000000.0,3277000000.0,487000000.0,2790000000.0,34330000000.0,13084000000.0,13991000000.0,2943000000.0,863000000.0,4.2
SYK,2021-12-31,17108000000.0,1994000000.0,2584000000.0,3263000000.0,525000000.0,2738000000.0,34631000000.0,14877000000.0,12479000000.0,2944000000.0,950000000.0,5.21
SYK,2022-12-31,18449000000.0,2358000000.0,2841000000.0,2624000000.0,588000000.0,2036000000.0,36884000000.0,16616000000.0,13048000000.0,1844000000.0,1051000000.0,6.17
SYK,2023-12-31,20498000000.0,3165000000.0,3888000000.0,3711000000.0,575000000.0,3136000000.0,39912000000.0,18593000000.0,12995000000.0,2971000000.0,1139000000.0,8.25
SYK,2024-12-31,22595000000.0,2993000000.0,3689000000.0,4242000000.0,755000000.0,3487000000.0,42971000000.0,20634000000.0,13597000000.0,3652000000.0,1219000000.0,7.76
SYK,2025-12-31,25116000000.0,3246000000.0,4889000000.0,5044000000.0,761000000.0,4283000000.0,47844000000.0,22420000000.0,15859000000.0,4011000000.0,1284000000.0,8.4
SYY,2021-07-03,51297843000.0,524209000.0,1447188000.0,1903842000.0,470676000.0,1433166000.0,21413539000.0,1553000000.0,11074325000.0,3007123000.0,917564000.0,1.01
SYY,2022-07-02,68636000000.0,1359000000.0,2346000000.0,1791000000.0,633000000.0,1158000000.0,22086000000.0,1382000000.0,10106052000.0,867000000.0,959000000.0,2.64
SYY,2023-07-01,76325000000.0,1770000000.0,3039000000.0,2868000000.0,793000000.0,2075000000.0,22821000000.0,2009000000.0,10386000000.0,745000000.0,996000000.0,3.4699999999999998
SYY,2024-06-29,78844000000.0,1955000000.0,3202000000.0,2989000000.0,832000000.0,2157000000.0,24917000000.0,1860000000.0,11567000000.0,696000000.0,1008000000.0,3.8899999999999997
SYY,2025-06-28,81370000000.0,1828000000.0,3088000000.0,2510000000.0,906000000.0,1604000000.0,26774000000.0,1830000000.0,12425000000.0,1071000000.0,1000000000.0,3.73
SYY,2026-06-27,84553000000.0,1757000000.0,3095000000.0,2638000000.0,700000000.0,1938000000.0,28397000000.0,2666000000.0,12387000000.0,1786000000.0,1037000000.0,3.66
T,2020-12-31,143050000000.0,-5176000000.0,8372000000.0,43130000000.0,14690000000.0,28440000000.0,525761000000.0,179240000000.0,157245000000.0,7924000000.0,14956000000.0,-0.75
T,2021-12-31,134038000000.0,20081000000.0,25897000000.0,41957000000.0,15545000000.0,26412000000.0,551622000000.0,183855000000.0,175631000000.0,19223000000.0,15068000000.0,2.7
T,2022-12-31,120741000000.0,-8524000000.0,-4587000000.0,35812000000.0,19626000000.0,16186000000.0,402853000000.0,106457000000.0,135890000000.0,3701000000.0,9859000000.0,-1.19
T,2023-12-31,122428000000.0,14400000000.0,23461000000.0,38314000000.0,17853000000.0,20461000000.0,407060000000.0,117442000000.0,137331000000.0,6722000000.0,8136000000.0,1.96
T,2024-12-31,122336000000.0,10948000000.0,19049000000.0,38771000000.0,20263000000.0,18508000000.0,394795000000.0,118245000000.0,123532000000.0,3298000000.0,8208000000.0,1.49
T,2025-12-31,125648000000.0,21953000000.0,24162000000.0,40284000000.0,20842000000.0,19442000000.0,420198000000.0,126491000000.0,136100000000.0,18234000000.0,8180000000.0,3.04
TAP,2020-12-31,11723800000.0,-949000000.0,-408900000.0,1695700000.0,574800000.0,1120900000.0,27331100000.0,12365000000.0,8228300000.0,770100000.0,125300000.0,-4.38
TAP,2021-12-31,12449900000.0,1005700000.0,1454400000.0,1573500000.0,522600000.0,1050900000.0,27619000000.0,13417100000.0,7162100000.0,637400000.0,147800000.0,4.62
TAP,2022-12-31,12807500000.0,-175300000.0,157500000.0,1502000000.0,661400000.0,840600000.0,25868300000.0,12689700000.0,6562300000.0,600000000.0,329300000.0,-0.8099999999999998
TAP,2023-12-31,13884600000.0,948900000.0,1438200000.0,2079000000.0,671500000.0,1407500000.0,26375100000.0,13196000000.0,6223900000.0,868900000.0,354700000.0,4.37
TAP,2024-12-31,13734300000.0,1122400000.0,1753200000.0,1910300000.0,674100000.0,1236200000.0,26064300000.0,13092400000.0,6146100000.0,969300000.0,369200000.0,5.35
TAP,2025-12-31,13040300000.0,-2139600000.0,-2336900000.0,1784400000.0,716600000.0,1067800000.0,22738400000.0,10230300000.0,6299500000.0,896500000.0,376300000.0,-10.75
TDG,2020-09-30,5103000000.0,699000000.0,1751000000.0,1213000000.0,105000000.0,1108000000.0,18395000000.0,-3972000000.0,19660000000.0,4717000000.0,1928000000.0,8.96
TDG,2021-09-30,4798000000.0,680000000.0,1691000000.0,913000000.0,105000000.0,808000000.0,19315000000.0,-2916000000.0,19649000000.0,4787000000.0,73000000.0,10.41
TDG,2022-09-30,5429000000.0,866000000.0,2215000000.0,948000000.0,119000000.0,829000000.0,18107000000.0,-3773000000.0,19445000000.0,3001000000.0,1091000000.0,13.4
TDG,2023-09-30,6585000000.0,1298000000.0,2923000000.0,1375000000.0,139000000.0,1236000000.0,19970000000.0,-1984000000.0,19401000000.0,3472000000.0,38000000.0,22.03
TDG,2024-09-30,7940000000.0,1714000000.0,3531000000.0,2045000000.0,165000000.0,1880000000.0,25586000000.0,-6290000000.0,24394000000.0,6261000000.0,2038000000.0,25.62
TDG,2025-09-30,8831000000.0,2074000000.0,4165000000.0,2038000000.0,222000000.0,1816000000.0,22909000000.0,-9686000000.0,29291000000.0,2808000000.0,159000000.0,32.08
TDY,2021-01-03,3086200000.0,401900000.0,480100000.0,618900000.0,71400000.0,547500000.0,5084800000.0,3228600000.0,778500000.0,673100000.0,,10.61
TDY,2022-01-02,4614300000.0,445300000.0,624300000.0,824600000.0,101600000.0,723000000.0,14430300000.0,7622000000.0,4099400000.0,474700000.0,,10.05
TDY,2023-01-01,5458600000.0,788600000.0,972000000.0,486800000.0,92600000.0,394200000.0,14354000000.0,8169200000.0,3920600000.0,638100000.0,,16.53
TDY,2023-12-31,5635500000.0,885700000.0,1034400000.0,836100000.0,114900000.0,721200000.0,14527900000.0,9221200000.0,3244900000.0,648300000.0,,18.49
TDY,2024-12-29,5670000000.0,819200000.0,989100000.0,1191900000.0,83700000.0,1108200000.0,14200500000.0,9549400000.0,2649000000.0,649800000.0,,17.21
TDY,2025-12-28,6115400000.0,894800000.0,1149800000.0,1191300000.0,117300000.0,1074000000.0,15285300000.0,10513900000.0,2475400000.0,352400000.0,,18.88
TECH,2021-06-30,931032000.0,140410000.0,237296000.0,352164000.0,44301000.0,307863000.0,2262957000.0,1562971000.0,341327000.0,199091000.0,49622000.0,0.87
TECH,2022-06-30,1105599000.0,272051000.0,296590000.0,325272000.0,44908000.0,280364000.0,2294805000.0,1701770000.0,255910000.0,172567000.0,50185000.0,1.66
TECH,2023-06-30,1136702000.0,285263000.0,298944000.0,254393000.0,38244000.0,216149000.0,2638692000.0,1966516000.0,350000000.0,180571000.0,50285000.0,1.76
TECH,2024-06-30,1159060000.0,168105000.0,206686000.0,298981000.0,62877000.0,236104000.0,2703867000.0,2068850000.0,638000000.0,151791000.0,50419000.0,1.05
TECH,2025-06-30,1219635000.0,73400000.0,102255000.0,287556000.0,31006000.0,256550000.0,2557868000.0,1918808000.0,692000000.0,162186000.0,50391000.0,0.45999999999999996
TECH,2026-06-30,1215039000.0,181840000.0,251890000.0,292073000.0,28850000.0,263223000.0,2586726000.0,2108221000.0,200000000.0,264712000.0,49916000.0,1.16
TEL,2020-09-25,12172000000.0,-241000000.0,537000000.0,1992000000.0,560000000.0,1432000000.0,19242000000.0,9383000000.0,4146000000.0,945000000.0,625000000.0,-0.7200000000000002
TEL,2021-09-24,14923000000.0,2261000000.0,2434000000.0,2676000000.0,690000000.0,1986000000.0,21462000000.0,10634000000.0,4092000000.0,1203000000.0,647000000.0,6.79
TEL,2022-09-30,16281000000.0,2428000000.0,2756000000.0,2468000000.0,768000000.0,1700000000.0,20782000000.0,10802000000.0,4206000000.0,1088000000.0,685000000.0,7.47
TEL,2023-09-29,16034000000.0,1910000000.0,2304000000.0,3132000000.0,732000000.0,2400000000.0,21712000000.0,11551000000.0,4211000000.0,1661000000.0,725000000.0,6.030000000000001
TEL,2024-09-27,15845000000.0,3193000000.0,2796000000.0,3477000000.0,680000000.0,2797000000.0,22854000000.0,12355000000.0,4203000000.0,1319000000.0,760000000.0,10.33
TEL,2025-09-26,17262000000.0,1842000000.0,3211000000.0,4139000000.0,936000000.0,3203000000.0,25081000000.0,12585000000.0,5694000000.0,1255000000.0,803000000.0,6.16
TER,2020-12-31,3121469000.0,784147000.0,928407000.0,868935000.0,184977000.0,683958000.0,3652346000.0,2207018000.0,410111000.0,914121000.0,66482000.0,4.28
TER,2021-12-31,3702881000.0,1014589000.0,1200720000.0,1098366000.0,132472000.0,965894000.0,3809425000.0,2562444000.0,108426000.0,1122199000.0,65977000.0,5.53
TER,2022-12-31,3155045000.0,715501000.0,831939000.0,577923000.0,163249000.0,414674000.0,3501252000.0,2451294000.0,50115000.0,854773000.0,69711000.0,4.22
TER,2023-12-31,2676298000.0,448752000.0,501068000.0,585231000.0,159642000.0,425589000.0,3486824000.0,2525897000.0,0.0,757571000.0,67878000.0,2.7300000000000004
TER,2024-12-31,2819880000.0,542372000.0,593788000.0,672176000.0,198095000.0,474081000.0,3708714000.0,2819294000.0,,553354000.0,76423000.0,3.3200000000000003
TER,2025-12-31,3190024000.0,554047000.0,650051000.0,674415000.0,224009000.0,450406000.0,4183599000.0,2795752000.0,200000000.0,293751000.0,76313000.0,3.47
TFC,2020-12-31,4184000000.0,4184000000.0,5473000000.0,7437000000.0,815000000.0,6622000000.0,509228000000.0,70912000000.0,45689000000.0,18868000000.0,2424000000.0,3.08
TFC,2021-12-31,6033000000.0,6033000000.0,7381000000.0,7892000000.0,442000000.0,7450000000.0,541241000000.0,69271000000.0,41205000000.0,20295000000.0,2485000000.0,4.47
TFC,2022-12-31,5927000000.0,5927000000.0,7029000000.0,11081000000.0,564000000.0,10517000000.0,555255000000.0,60537000000.0,66625000000.0,21421000000.0,2656000000.0,4.43
TFC,2023-12-31,-1452000000.0,-1452000000.0,-765000000.0,8631000000.0,,,535349000000.0,59253000000.0,63746000000.0,30644000000.0,2770000000.0,-1.0900000000000003
TFC,2024-12-31,4469000000.0,4469000000.0,-601000000.0,2164000000.0,,,531176000000.0,63679000000.0,64161000000.0,39768000000.0,2770000000.0,3.36
TFC,2025-12-31,4974000000.0,4974000000.0,6349000000.0,5739000000.0,,,547538000000.0,65189000000.0,69802000000.0,36377000000.0,2672000000.0,3.82
TGT,2021-01-30,93561000000.0,4368000000.0,6539000000.0,10525000000.0,2649000000.0,7876000000.0,51248000000.0,14440000000.0,11624000000.0,8511000000.0,1343000000.0,8.64
TGT,2022-01-29,106005000000.0,6946000000.0,8946000000.0,8625000000.0,3544000000.0,5081000000.0,53811000000.0,12827000000.0,13657000000.0,5911000000.0,1548000000.0,14.1
TGT,2023-01-28,109120000000.0,2780000000.0,3848000000.0,4018000000.0,5528000000.0,-1510000000.0,53335000000.0,11232000000.0,16138000000.0,2229000000.0,1836000000.0,5.98
TGT,2024-02-03,107412000000.0,4138000000.0,5707000000.0,8621000000.0,4806000000.0,3815000000.0,55356000000.0,13432000000.0,15041000000.0,3805000000.0,2011000000.0,8.94
TGT,2025-02-01,106566000000.0,4091000000.0,5566000000.0,7367000000.0,2891000000.0,4476000000.0,57769000000.0,14666000000.0,14440000000.0,4762000000.0,2046000000.0,8.86
TGT,2026-01-31,104780000000.0,3705000000.0,5117000000.0,6562000000.0,3727000000.0,2835000000.0,59490000000.0,16165000000.0,14457000000.0,5488000000.0,2053000000.0,8.13
TJX,2021-01-30,32137000000.0,90000000.0,89000000.0,4562000000.0,568000000.0,3994000000.0,30814000000.0,5833000000.0,6082605000.0,10469570000.0,278000000.0,0.06
TJX,2022-01-29,48550000000.0,3282815000.0,4398000000.0,3057000000.0,1045000000.0,2012000000.0,28461000000.0,6003000000.0,3355000000.0,6227000000.0,1252000000.0,2.7
TJX,2023-01-28,49936000000.0,3498349000.0,4636000000.0,4084000000.0,1457000000.0,2627000000.0,28349000000.0,6364000000.0,3359000000.0,5477000000.0,1339000000.0,2.97
TJX,2024-02-03,54217000000.0,4474000000.0,5967000000.0,6057000000.0,1722000000.0,4335000000.0,29747000000.0,7302000000.0,2862000000.0,5600000000.0,1484000000.0,3.86
TJX,2025-02-01,56360000000.0,4863688000.0,6483000000.0,6116000000.0,1918000000.0,4198000000.0,31749000000.0,8393000000.0,2866000000.0,5335000000.0,1648000000.0,4.26
TJX,2026-01-31,60372000000.0,5493706000.0,7299000000.0,6874000000.0,1957000000.0,4917000000.0,35767000000.0,10190000000.0,2869000000.0,6230000000.0,1842000000.0,4.87
TKO,2021-12-31,1031944000.0,273625000.0,391137000.0,441235000.0,,,,2513132000.0,,1031895000.0,,
TKO,2022-12-31,2674032000.0,0.0,532854000.0,394760000.0,,,5858675000.0,1955905000.0,2761944000.0,304936000.0,,
TKO,2023-12-31,3224796000.0,175722864.0,375780000.0,266159000.0,,,15391093000.0,4108980000.0,2739471000.0,360679000.0,,
TKO,2024-12-31,4884241000.0,6377088.0,30946000.0,586084000.0,,,15111782000.0,4091023000.0,2762282000.0,619787000.0,,0.020000000000000018
TKO,2025-12-31,4735151000.0,546289539.0,835015000.0,1285725000.0,,,15495821000.0,3737381000.0,3762124000.0,831100000.0,185155000.0,2.25
TMO,2020-12-31,32218000000.0,6375000000.0,7794000000.0,8289000000.0,1474000000.0,6815000000.0,69052000000.0,34507000000.0,21735000000.0,10325000000.0,337000000.0,15.96
TMO,2021-12-31,39211000000.0,7728000000.0,10028000000.0,9312000000.0,2523000000.0,6789000000.0,95123000000.0,40793000000.0,34870000000.0,4477000000.0,395000000.0,19.46
TMO,2022-12-31,44915000000.0,6960000000.0,8393000000.0,9154000000.0,2243000000.0,6911000000.0,97154000000.0,43978000000.0,34488000000.0,8524000000.0,455000000.0,17.63
TMO,2023-12-31,42857000000.0,5955000000.0,6859000000.0,8406000000.0,1479000000.0,6927000000.0,98726000000.0,46735000000.0,34917000000.0,8077000000.0,523000000.0,15.45
TMO,2024-12-31,42879000000.0,6338000000.0,7337000000.0,8667000000.0,1400000000.0,7267000000.0,97321000000.0,49584000000.0,31275000000.0,4009000000.0,583000000.0,16.53
TMO,2025-12-31,44556000000.0,6721000000.0,7746000000.0,7818000000.0,1525000000.0,6293000000.0,110343000000.0,53407000000.0,39385000000.0,9852000000.0,636000000.0,17.74
TMUS,2020-12-31,68397000000.0,3064000000.0,6636000000.0,8640000000.0,11034000000.0,-2394000000.0,200162000000.0,65344000000.0,66409000000.0,10385000000.0,,2.79
TMUS,2021-12-31,80118000000.0,3024000000.0,6892000000.0,13917000000.0,12326000000.0,1591000000.0,206563000000.0,69102000000.0,70454000000.0,6631000000.0,0.0,2.41
TMUS,2022-12-31,79571000000.0,2590000000.0,6543000000.0,16781000000.0,13970000000.0,2811000000.0,211338000000.0,69656000000.0,71960000000.0,4507000000.0,0.0,2.06
TMUS,2023-12-31,78558000000.0,8317000000.0,14266000000.0,18559000000.0,9801000000.0,8758000000.0,207682000000.0,64715000000.0,75018000000.0,5135000000.0,747000000.0,6.93
TMUS,2024-12-31,81400000000.0,11339000000.0,18010000000.0,22293000000.0,8840000000.0,13453000000.0,208035000000.0,61741000000.0,78265000000.0,5409000000.0,3300000000.0,9.66
TMUS,2025-12-31,88309000000.0,10992000000.0,18279000000.0,27950000000.0,9955000000.0,17995000000.0,219237000000.0,59203000000.0,86282000000.0,5598000000.0,4121000000.0,9.72
TPL,2020-12-31,302564000.0,176049000.0,217261000.0,207037000.0,5086000.0,201951000.0,571635000.0,485184000.0,,281046000.0,201660000.0,2.522222222222222
TPL,2021-12-31,450958000.0,269980000.0,362393000.0,265163000.0,16415000.0,248748000.0,764064000.0,651711000.0,,428242000.0,85264000.0,3.8699999999999997
TPL,2022-12-31,667422000.0,446362000.0,562307000.0,447149000.0,18967000.0,428182000.0,877427000.0,772887000.0,,510834000.0,247281000.0,6.420000000000001
TPL,2023-12-31,631595000.0,405645000.0,486053000.0,418288000.0,,,1156398000.0,1043196000.0,,725169000.0,99972000.0,5.86
TPL,2024-12-31,705823000.0,453960000.0,539138000.0,490672000.0,,,1248020000.0,1132465000.0,0.0,369835000.0,347309000.0,6.57
TPL,2025-12-31,798190000.0,481376000.0,592161000.0,545910000.0,,,1623278000.0,1458907000.0,0.0,144809000.0,147798000.0,6.97
TPR,2021-07-03,5746300000.0,834200000.0,968000000.0,1323700000.0,116000000.0,1207700000.0,8382400000.0,3259300000.0,1600000000.0,2007700000.0,0.0,2.95
TPR,2022-07-02,6684500000.0,856300000.0,1175800000.0,853200000.0,93900000.0,759300000.0,7265300000.0,2285500000.0,1700000000.0,789800000.0,264400000.0,3.17
TPR,2023-07-01,6660900000.0,936000000.0,1172400000.0,975200000.0,184200000.0,791000000.0,7116800000.0,2277800000.0,1668800000.0,726100000.0,283300000.0,3.88
TPR,2024-06-29,6671200000.0,816000000.0,1140100000.0,1255600000.0,108900000.0,1146700000.0,13396300000.0,2896900000.0,7306800000.0,6142000000.0,321400000.0,3.5
TPR,2025-06-28,7010700000.0,183200000.0,415000000.0,1216600000.0,122700000.0,1093900000.0,6580500000.0,857800000.0,2413300000.0,1100000000.0,299300000.0,0.8199999999999996
TPR,2026-06-27,8004200000.0,1527700000.0,1914400000.0,1978500000.0,166000000.0,1812500000.0,6691700000.0,692100000.0,2396600000.0,974700000.0,326100000.0,7.27
TRGP,2020-12-31,6874100000.0,-1553900000.0,-1303700000.0,1744500000.0,951600000.0,792900000.0,15875700000.0,2653900000.0,7743600000.0,242800000.0,,-7.26
TRGP,2021-12-31,16093100000.0,71200000.0,864800000.0,2302900000.0,505100000.0,1797800000.0,15208200000.0,2011800000.0,6584400000.0,158500000.0,,-0.07000000000000009
TRGP,2022-12-31,19820700000.0,1195500000.0,1729000000.0,2380800000.0,1334300000.0,1046500000.0,19560000000.0,2665700000.0,10736400000.0,219000000.0,,3.88
TRGP,2023-12-31,13521000000.0,1345900000.0,2626200000.0,3211600000.0,2385400000.0,826200000.0,20671800000.0,2739700000.0,12378900000.0,141700000.0,,3.66
TRGP,2024-12-31,14137200000.0,1312000000.0,2695400000.0,3649700000.0,2965800000.0,683900000.0,22734100000.0,2592400000.0,13844600000.0,157300000.0,,5.74
TRGP,2025-12-31,17028300000.0,1923000000.0,3331200000.0,3917400000.0,3333300000.0,584100000.0,25218400000.0,3067900000.0,16755500000.0,166100000.0,,8.49
TRMB,2021-01-01,3147700000.0,389900000.0,419800000.0,672000000.0,56800000.0,615200000.0,6876900000.0,3598600000.0,1547200000.0,237700000.0,,1.55
TRMB,2021-12-31,3659100000.0,492700000.0,561000000.0,750500000.0,46100000.0,704400000.0,7099600000.0,3944700000.0,1293200000.0,325700000.0,,1.94
TRMB,2022-12-30,3676300000.0,449700000.0,510900000.0,391200000.0,43200000.0,348000000.0,7269000000.0,4050200000.0,1520000000.0,271000000.0,,1.7999999999999998
TRMB,2023-12-29,3798700000.0,311300000.0,448800000.0,597100000.0,42000000.0,555100000.0,9539300000.0,4500100000.0,3066600000.0,229800000.0,,1.25
TRMB,2025-01-03,3683300000.0,1504400000.0,460700000.0,531400000.0,33600000.0,497800000.0,9488300000.0,5745300000.0,1390600000.0,738800000.0,,6.09
TRMB,2026-01-02,3587300000.0,424000000.0,592000000.0,386200000.0,25300000.0,360900000.0,9312000000.0,5836200000.0,1392200000.0,253400000.0,,1.76
TROW,2020-12-31,6206700000.0,2372700000.0,2745700000.0,1918900000.0,214600000.0,1704300000.0,10659000000.0,7707000000.0,,2151700000.0,845800000.0,10.02
TROW,2021-12-31,7671900000.0,3082900000.0,3710000000.0,3452000000.0,239100000.0,3212900000.0,12509000000.0,9022700000.0,,1523100000.0,1701900000.0,13.12
TROW,2022-12-31,6488400000.0,1557900000.0,2373700000.0,2359400000.0,237600000.0,2121800000.0,11643300000.0,8839500000.0,,1755600000.0,1107400000.0,6.7
TROW,2023-12-31,6460500000.0,1788700000.0,1986200000.0,1219100000.0,307900000.0,911200000.0,12278800000.0,9505100000.0,,2066600000.0,1121700000.0,7.76
TROW,2024-12-31,7093600000.0,2100100000.0,2333300000.0,1685600000.0,423400000.0,1262200000.0,13472000000.0,10345400000.0,,2649800000.0,1135600000.0,9.15
TROW,2025-12-31,7314800000.0,2087100000.0,2188800000.0,1753400000.0,274200000.0,1479200000.0,14341800000.0,10860100000.0,,3378200000.0,1143000000.0,9.24
TRV,2020-12-31,31981000000.0,2697000000.0,3237000000.0,6519000000.0,,,116764000000.0,29201000000.0,100000000.0,721000000.0,861000000.0,10.5
TRV,2021-12-31,34816000000.0,3662000000.0,4458000000.0,7274000000.0,,,120466000000.0,28887000000.0,100000000.0,761000000.0,869000000.0,14.49
TRV,2022-12-31,36884000000.0,2842000000.0,3354000000.0,6465000000.0,,,115717000000.0,21560000000.0,100000000.0,799000000.0,875000000.0,11.77
TRV,2023-12-31,41364000000.0,2991000000.0,3371000000.0,7711000000.0,,,125978000000.0,24921000000.0,100000000.0,650000000.0,908000000.0,12.79
TRV,2024-12-31,46423000000.0,4999000000.0,6180000000.0,9074000000.0,,,133189000000.0,27864000000.0,100000000.0,699000000.0,951000000.0,21.47
TRV,2025-12-31,48828000000.0,6288000000.0,7796000000.0,10606000000.0,,,143708000000.0,32894000000.0,300000000.0,842000000.0,979000000.0,27.43
TSCO,2020-12-26,10620352000.0,748958000.0,996928000.0,1394515000.0,294002000.0,1100513000.0,7049116000.0,1923840000.0,988878000.0,1341756000.0,174656000.0,1.276
TSCO,2021-12-25,12731105000.0,997114000.0,1306698000.0,1138720000.0,628431000.0,510289000.0,7767467000.0,2002665000.0,990279000.0,878030000.0,239006000.0,1.722
TSCO,2022-12-31,14204717000.0,1088712000.0,1434943000.0,1356979000.0,773369000.0,583610000.0,8489990000.0,2042416000.0,1167235000.0,202502000.0,409603000.0,1.94
TSCO,2023-12-30,14555741000.0,1107226000.0,1478912000.0,1334033000.0,753883000.0,580150000.0,9188151000.0,2149762000.0,1732275000.0,397071000.0,449620000.0,2.02
TSCO,2024-12-28,14883231000.0,1101240000.0,1467532000.0,1420835000.0,784047000.0,636788000.0,9805485000.0,2270334000.0,1835269000.0,251491000.0,472492000.0,2.04
TSCO,2025-12-27,15524046000.0,1096087000.0,1467389000.0,1635259000.0,894770000.0,740489000.0,10933679000.0,2581293000.0,1770400000.0,194109000.0,487669000.0,2.06
TSLA,2020-12-31,31536000000.0,721000000.0,1994000000.0,5943000000.0,3157000000.0,2786000000.0,52148000000.0,22225000000.0,10220000000.0,19384000000.0,,0.21000000000000002
TSLA,2021-12-31,53823000000.0,5519000000.0,6523000000.0,11497000000.0,6482000000.0,5015000000.0,62131000000.0,30189000000.0,5342000000.0,17576000000.0,,1.63
TSLA,2022-12-31,81462000000.0,12556000000.0,13656000000.0,14724000000.0,7158000000.0,7566000000.0,82338000000.0,44704000000.0,2045000000.0,16253000000.0,,3.62
TSLA,2023-12-31,96773000000.0,14997000000.0,8891000000.0,13256000000.0,8899000000.0,4357000000.0,106618000000.0,62634000000.0,4657000000.0,16398000000.0,,4.3
TSLA,2024-12-31,97690000000.0,7091000000.0,7076000000.0,14923000000.0,11342000000.0,3581000000.0,122070000000.0,72913000000.0,7878000000.0,16139000000.0,,2.04
TSLA,2025-12-31,94827000000.0,3794000000.0,4355000000.0,14747000000.0,8527000000.0,6220000000.0,137806000000.0,82137000000.0,8153000000.0,16513000000.0,,1.08
TSN,2020-10-03,43185000000.0,2061000000.0,3008000000.0,3874000000.0,1199000000.0,2675000000.0,34456000000.0,15254000000.0,11339000000.0,1420000000.0,601000000.0,5.64
TSN,2021-10-02,47049000000.0,3047000000.0,4396000000.0,3840000000.0,1209000000.0,2631000000.0,36309000000.0,17723000000.0,9348000000.0,2507000000.0,636000000.0,8.34
TSN,2022-10-01,53282000000.0,3238000000.0,4410000000.0,2687000000.0,1887000000.0,800000000.0,36821000000.0,19702000000.0,8321000000.0,1031000000.0,653000000.0,8.92
TSN,2023-09-30,52881000000.0,-648000000.0,-395000000.0,1752000000.0,1939000000.0,-187000000.0,36251000000.0,18133000000.0,9506000000.0,573000000.0,670000000.0,-1.87
TSN,2024-09-28,53309000000.0,800000000.0,1409000000.0,2590000000.0,1132000000.0,1458000000.0,37100000000.0,18390000000.0,9787000000.0,1717000000.0,684000000.0,2.25
TSN,2025-09-27,54441000000.0,474000000.0,1098000000.0,2155000000.0,978000000.0,1177000000.0,36658000000.0,18085000000.0,8830000000.0,1229000000.0,697000000.0,1.33
TT,2020-12-31,12454700000.0,854900000.0,1532800000.0,1435000000.0,146200000.0,1288800000.0,18156700000.0,6407700000.0,5272100000.0,3289900000.0,507300000.0,3.52
TT,2021-12-31,14136400000.0,1423400000.0,2023300000.0,1588300000.0,223000000.0,1365300000.0,18059800000.0,6255900000.0,4842100000.0,2159200000.0,561100000.0,5.87
TT,2022-12-31,15991700000.0,1756500000.0,2418900000.0,1504000000.0,291800000.0,1212200000.0,18081600000.0,6088600000.0,4836300000.0,1220500000.0,620200000.0,7.48
TT,2023-12-31,17677600000.0,2023900000.0,2894000000.0,2389600000.0,300700000.0,2088900000.0,19391900000.0,6995200000.0,4779800000.0,1095300000.0,683700000.0,8.77
TT,2024-12-31,19838200000.0,2567900000.0,3500100000.0,3145600000.0,370600000.0,2775000000.0,20146700000.0,7457400000.0,4770300000.0,1590100000.0,757500000.0,11.24
TT,2025-12-31,21321900000.0,2918600000.0,3967400000.0,3194500000.0,383000000.0,2811500000.0,21420700000.0,8579200000.0,4615100000.0,1763300000.0,837300000.0,12.98
TTD,2020-12-31,836033000.0,242317000.0,144208000.0,405069000.0,74061000.0,331008000.0,2753645000.0,1013145000.0,,437353000.0,,0.49
TTD,2021-12-31,1196467000.0,137762000.0,124817000.0,378513000.0,54804000.0,323709000.0,3577340000.0,1527306000.0,,754154000.0,,0.28
TTD,2022-12-31,1577795000.0,53385000.0,113654000.0,548734000.0,84160000.0,464574000.0,4380679000.0,2115339000.0,,1030506000.0,,0.10999999999999999
TTD,2023-12-31,1946120000.0,178940000.0,200480000.0,598322000.0,46790000.0,551532000.0,4888687000.0,2164219000.0,,895129000.0,,0.36
TTD,2024-12-31,2444831000.0,393076000.0,427167000.0,739456000.0,98238000.0,641218000.0,6111951000.0,2949145000.0,,1369463000.0,,0.78
TTD,2025-12-31,2896284000.0,443304000.0,589321000.0,992721000.0,197011000.0,795710000.0,6153220000.0,2484391000.0,,658175000.0,,0.9
TTWO,2021-03-31,3372800000.0,588900000.0,629400000.0,912300000.0,68900000.0,843400000.0,6028218000.0,3331892000.0,,1422884000.0,,5.09
TTWO,2022-03-31,3504800000.0,418000000.0,473600000.0,258000000.0,158600000.0,99400000.0,6546300000.0,3809700000.0,0.0,1732100000.0,,3.58
TTWO,2023-03-31,5349900000.0,-1124700000.0,-1165200000.0,1100000.0,204200000.0,-203100000.0,15862100000.0,9042500000.0,3079800000.0,827400000.0,,-7.03
TTWO,2024-03-31,5349600000.0,-3744200000.0,-3590600000.0,-16100000.0,141700000.0,-157800000.0,12216900000.0,5667900000.0,3082900000.0,754000000.0,,-22.01
TTWO,2025-03-31,5633600000.0,-4478900000.0,-4391100000.0,-45200000.0,169400000.0,-214600000.0,9180700000.0,2137700000.0,3661100000.0,1456100000.0,,-25.579999999999995
TTWO,2026-03-31,6656400000.0,-298200000.0,-104200000.0,624300000.0,162800000.0,461500000.0,9383200000.0,3510900000.0,2518000000.0,1545500000.0,,-1.62
TXN,2020-12-31,14461000000.0,5595000000.0,5894000000.0,6139000000.0,649000000.0,5490000000.0,19351000000.0,9187000000.0,6798000000.0,3107000000.0,3426000000.0,5.97
TXN,2021-12-31,18344000000.0,7769000000.0,8960000000.0,8756000000.0,2462000000.0,6294000000.0,24676000000.0,13333000000.0,7741000000.0,4631000000.0,3886000000.0,8.26
TXN,2022-12-31,20028000000.0,8749000000.0,10140000000.0,8720000000.0,2797000000.0,5923000000.0,27207000000.0,14577000000.0,8735000000.0,3050000000.0,4297000000.0,9.41
TXN,2023-12-31,17519000000.0,6510000000.0,7331000000.0,6420000000.0,5071000000.0,1349000000.0,32348000000.0,16897000000.0,11223000000.0,2964000000.0,4557000000.0,7.07
TXN,2024-12-31,15641000000.0,4799000000.0,5465000000.0,6318000000.0,4820000000.0,1498000000.0,35509000000.0,16903000000.0,13596000000.0,3200000000.0,4795000000.0,5.2
TXN,2025-12-31,17682000000.0,5001000000.0,6023000000.0,7153000000.0,4550000000.0,2603000000.0,34585000000.0,16273000000.0,14048000000.0,3225000000.0,4999000000.0,5.45
TXT,2021-01-02,11651000000.0,309000000.0,282000000.0,768000000.0,317000000.0,451000000.0,15443000000.0,5845000000.0,40000000.0,2254000000.0,18000000.0,1.35
TXT,2022-01-01,12382000000.0,746000000.0,873000000.0,1598000000.0,375000000.0,1223000000.0,15827000000.0,6815000000.0,,2117000000.0,18000000.0,3.3
TXT,2022-12-31,12869000000.0,861000000.0,1016000000.0,1488000000.0,354000000.0,1134000000.0,16293000000.0,7113000000.0,,2035000000.0,17000000.0,4.01
TXT,2023-12-30,13683000000.0,921000000.0,1087000000.0,1266000000.0,402000000.0,864000000.0,16856000000.0,6987000000.0,23000000.0,2181000000.0,16000000.0,4.56
TXT,2024-12-28,13702000000.0,824000000.0,943000000.0,1014000000.0,364000000.0,650000000.0,16838000000.0,7204000000.0,97000000.0,1441000000.0,12000000.0,4.33
TXT,2026-01-03,14799000000.0,921000000.0,1137000000.0,1312000000.0,383000000.0,929000000.0,18129000000.0,7875000000.0,100000000.0,2025000000.0,18000000.0,5.11
TYL,2020-12-31,1116663000.0,194820000.0,172926000.0,355089000.0,22690000.0,332399000.0,2607274000.0,1986111000.0,0.0,603623000.0,,4.6899999999999995
TYL,2021-12-31,1592287000.0,161458000.0,180735000.0,371753000.0,33919000.0,337834000.0,4732161000.0,2324032000.0,1341276000.0,309171000.0,,3.8199999999999994
TYL,2022-12-31,1850204000.0,164240000.0,214249000.0,381455000.0,22529000.0,358926000.0,4687417000.0,2624389000.0,987389000.0,173857000.0,,3.87
TYL,2023-12-31,1951751000.0,165919000.0,218537000.0,380440000.0,20519000.0,359921000.0,4676663000.0,2937995000.0,646007000.0,165493000.0,,3.88
TYL,2024-12-31,2137803000.0,263026000.0,299526000.0,624633000.0,20535000.0,604098000.0,5180015000.0,3388422000.0,597934000.0,744721000.0,,6.05
TYL,2025-12-31,2332340000.0,315603000.0,357676000.0,653543000.0,16015000.0,637528000.0,5638908000.0,3702789000.0,1199326000.0,1015400000.0,,7.2
UAL,2020-12-31,15355000000.0,-7069000000.0,-6359000000.0,-4133000000.0,1727000000.0,-5860000000.0,59548000000.0,5960000000.0,26747000000.0,11269000000.0,,-25.37
UAL,2021-12-31,24634000000.0,-1964000000.0,-1022000000.0,2067000000.0,2107000000.0,-40000000.0,68175000000.0,5029000000.0,33363000000.0,18283000000.0,,-6.1
UAL,2022-12-31,44955000000.0,737000000.0,2337000000.0,6066000000.0,4819000000.0,1247000000.0,67358000000.0,6896000000.0,31194000000.0,7166000000.0,,2.23
UAL,2023-12-31,53717000000.0,2618000000.0,4211000000.0,6911000000.0,7171000000.0,-260000000.0,71104000000.0,9324000000.0,29075000000.0,6058000000.0,,7.89
UAL,2024-12-31,57063000000.0,3149000000.0,5096000000.0,9445000000.0,5615000000.0,3830000000.0,74083000000.0,12675000000.0,24653000000.0,8769000000.0,,9.45
UAL,2025-12-31,59070000000.0,3353000000.0,4713000000.0,8431000000.0,5874000000.0,2557000000.0,76448000000.0,15282000000.0,21266000000.0,5942000000.0,,10.2
UBER,2020-12-31,11139000000.0,-6768000000.0,-4863000000.0,-2745000000.0,616000000.0,-3361000000.0,33252000000.0,12266000000.0,7587000000.0,5647000000.0,,-3.86
UBER,2021-12-31,17455000000.0,-496000000.0,-3834000000.0,-445000000.0,298000000.0,-743000000.0,38774000000.0,14458000000.0,9303000000.0,4295000000.0,,-0.29000000000000004
UBER,2022-12-31,31877000000.0,-9141000000.0,-1832000000.0,642000000.0,252000000.0,390000000.0,32109000000.0,7340000000.0,9292000000.0,4208000000.0,,-4.65
UBER,2023-12-31,37281000000.0,1887000000.0,1110000000.0,3585000000.0,223000000.0,3362000000.0,38699000000.0,11249000000.0,9484000000.0,4680000000.0,,0.8699999999999999
UBER,2024-12-31,43978000000.0,9856000000.0,2799000000.0,7137000000.0,242000000.0,6895000000.0,51244000000.0,21558000000.0,9497000000.0,5893000000.0,,4.56
UBER,2025-12-31,52017000000.0,10053000000.0,5565000000.0,10099000000.0,336000000.0,9763000000.0,61802000000.0,27041000000.0,10521000000.0,7105000000.0,,4.73
UDR,2020-12-31,5069000.0,64266000.0,249103000.0,604316000.0,163105000.0,441211000.0,9637533000.0,3234200000.0,4976548000.0,1409000.0,419350000.0,0.2
UDR,2021-12-31,6102000.0,150016000.0,267968000.0,663960000.0,156384000.0,507576000.0,10775220000.0,3442874000.0,5412787000.0,967000.0,433780000.0,0.48
UDR,2022-12-31,5022000.0,86924000.0,250814000.0,820071000.0,214833000.0,605238000.0,11038470000.0,4098085000.0,5487303000.0,1193000.0,483624000.0,0.26
UDR,2023-12-31,6843000.0,444353000.0,635008000.0,832664000.0,295440000.0,537224000.0,11373242000.0,3991144000.0,5798709000.0,2922000.0,539852000.0,1.34
UDR,2024-12-31,8317000.0,89585000.0,284569000.0,876848000.0,249886000.0,626962000.0,10897586000.0,3443205000.0,5826965000.0,1326000.0,558482000.0,0.26
UDR,2025-12-31,11361000.0,377704000.0,553606000.0,902887000.0,252857000.0,650030000.0,10605674000.0,3288462000.0,5821369000.0,1222000.0,567864000.0,1.13
UHS,2020-12-31,11558897000.0,943953000.0,1358354000.0,2360169000.0,731307000.0,1628862000.0,13476879000.0,6317146000.0,3856251000.0,1224490000.0,17344000.0,11.01
UHS,2021-12-31,12642117000.0,991590000.0,1363094000.0,883695000.0,855659000.0,28036000.0,13093543000.0,6089664000.0,4190288000.0,115301000.0,65896000.0,11.82
UHS,2022-12-31,13399370000.0,675609000.0,1003555000.0,996023000.0,734001000.0,262022000.0,13494188000.0,5920582000.0,4807980000.0,102818000.0,58449000.0,9.14
UHS,2023-12-31,14281976000.0,717795000.0,1175381000.0,1267797000.0,743055000.0,524742000.0,13967602000.0,6149001000.0,4912469000.0,119439000.0,55480000.0,10.23
UHS,2024-12-31,15827935000.0,1142097000.0,1681814000.0,2067101000.0,943810000.0,1123291000.0,14469749000.0,6666207000.0,4504541000.0,125983000.0,53346000.0,16.82
UHS,2025-12-31,17364829000.0,1488796000.0,1994015000.0,1864397000.0,1015152000.0,849245000.0,15527593000.0,7275792000.0,4752551000.0,137797000.0,51267000.0,23.1
ULTA,2021-01-30,6151953000.0,175835000.0,236820000.0,810355000.0,151866000.0,658489000.0,5089969000.0,1999549000.0,,1046051000.0,,3.1
ULTA,2022-01-29,8630889000.0,986000000.0,1297492000.0,1059265000.0,172187000.0,887078000.0,4764379000.0,1535373000.0,,431560000.0,,17.98
ULTA,2023-01-28,10208580000.0,1242000000.0,1638610000.0,1481915000.0,312126000.0,1169789000.0,5370411000.0,1959811000.0,,737877000.0,,24.01
ULTA,2024-02-03,11207303000.0,1291000000.0,1678029000.0,1476266000.0,435267000.0,1040999000.0,5707011000.0,2279328000.0,,766594000.0,,26.03
ULTA,2025-02-01,11295654000.0,1201000000.0,1564972000.0,1338605000.0,374458000.0,964147000.0,6001693000.0,2488353000.0,,703201000.0,,25.34
ULTA,2026-01-31,12392820000.0,1153000000.0,1532992000.0,1502780000.0,434829000.0,1067951000.0,6999294000.0,2803451000.0,62287000.0,424243000.0,,25.64
UNH,2020-12-31,257141000000.0,15403000000.0,22405000000.0,22174000000.0,2051000000.0,20123000000.0,197289000000.0,68328000000.0,43467000000.0,16921000000.0,4584000000.0,16.03
UNH,2021-12-31,287597000000.0,17285000000.0,23970000000.0,22343000000.0,2454000000.0,19889000000.0,212206000000.0,75045000000.0,46003000000.0,21375000000.0,5280000000.0,18.08
UNH,2022-12-31,324162000000.0,20120000000.0,28435000000.0,26206000000.0,2802000000.0,23404000000.0,245705000000.0,81450000000.0,57623000000.0,23365000000.0,5991000000.0,21.18
UNH,2023-12-31,371622000000.0,22381000000.0,32358000000.0,29068000000.0,3386000000.0,25682000000.0,273720000000.0,94421000000.0,62537000000.0,25427000000.0,6761000000.0,23.86
UNH,2024-12-31,400278000000.0,14405000000.0,32287000000.0,24204000000.0,3499000000.0,20705000000.0,298278000000.0,98268000000.0,76904000000.0,25312000000.0,7533000000.0,15.51
UNH,2025-12-31,447567000000.0,12056000000.0,18964000000.0,19697000000.0,3622000000.0,16075000000.0,309581000000.0,100090000000.0,78389000000.0,24365000000.0,7916000000.0,13.23
UNP,2020-12-31,19533000000.0,5349000000.0,7834000000.0,8540000000.0,2927000000.0,5613000000.0,62398000000.0,16958000000.0,25735000000.0,1799000000.0,2626000000.0,7.879999999999999
UNP,2021-12-31,21804000000.0,6523000000.0,9338000000.0,9032000000.0,2936000000.0,6096000000.0,63525000000.0,14161000000.0,27963000000.0,960000000.0,2800000000.0,9.95
UNP,2022-12-31,24875000000.0,6998000000.0,9917000000.0,9362000000.0,3620000000.0,5742000000.0,65449000000.0,12163000000.0,31848000000.0,973000000.0,3159000000.0,11.21
UNP,2023-12-31,24119000000.0,6379000000.0,9082000000.0,8379000000.0,3606000000.0,4773000000.0,67132000000.0,14788000000.0,31156000000.0,1055000000.0,3173000000.0,10.45
UNP,2024-12-31,24250000000.0,6747000000.0,9713000000.0,9346000000.0,3452000000.0,5894000000.0,67715000000.0,16890000000.0,29767000000.0,1016000000.0,3213000000.0,11.09
UNP,2025-12-31,24510000000.0,7138000000.0,9846000000.0,9290000000.0,3791000000.0,5499000000.0,69698000000.0,18467000000.0,30294000000.0,1266000000.0,3236000000.0,11.98
UPS,2020-12-31,84628000000.0,1343000000.0,7684000000.0,10459000000.0,5412000000.0,5047000000.0,62408000000.0,657000000.0,24654000000.0,5910000000.0,3374000000.0,1.5400000000000003
UPS,2021-12-31,97287000000.0,12890000000.0,12810000000.0,15007000000.0,4194000000.0,10813000000.0,69405000000.0,14253000000.0,21915000000.0,10255000000.0,3437000000.0,14.68
UPS,2022-12-31,100338000000.0,11548000000.0,13094000000.0,14104000000.0,4769000000.0,9335000000.0,71124000000.0,19786000000.0,19662000000.0,5602000000.0,5114000000.0,13.2
UPS,2023-12-31,90958000000.0,6708000000.0,9141000000.0,10238000000.0,5158000000.0,5080000000.0,70857000000.0,17306000000.0,22264000000.0,3206000000.0,5372000000.0,7.8
UPS,2024-12-31,91070000000.0,5782000000.0,8468000000.0,10122000000.0,3909000000.0,6213000000.0,70070000000.0,16718000000.0,21284000000.0,6112000000.0,5399000000.0,6.75
UPS,2025-12-31,88661000000.0,5572000000.0,7867000000.0,8450000000.0,3685000000.0,4765000000.0,73090000000.0,16227000000.0,24127000000.0,5887000000.0,5398000000.0,6.56
URI,2020-12-31,1994000000.0,890000000.0,1800000000.0,2658000000.0,197000000.0,2461000000.0,17868000000.0,4545000000.0,9682000000.0,202000000.0,,12.22
URI,2021-12-31,2256000000.0,1386000000.0,2277000000.0,3689000000.0,3198000000.0,491000000.0,20292000000.0,5991000000.0,9685000000.0,144000000.0,0.0,19.06
URI,2022-12-31,2501000000.0,2105000000.0,3232000000.0,4433000000.0,3690000000.0,743000000.0,24183000000.0,7062000000.0,11370000000.0,106000000.0,0.0,29.76
URI,2023-12-31,3395000000.0,2424000000.0,3827000000.0,4704000000.0,3864000000.0,840000000.0,25589000000.0,8130000000.0,11518000000.0,363000000.0,406000000.0,35.35
URI,2024-12-31,3588000000.0,2575000000.0,4065000000.0,4546000000.0,4130000000.0,416000000.0,28163000000.0,8622000000.0,13406000000.0,457000000.0,434000000.0,38.75
URI,2025-12-31,3695000000.0,2494000000.0,3973000000.0,5190000000.0,,,29866000000.0,8968000000.0,14229000000.0,459000000.0,464000000.0,38.68
USB,2017-12-31,21902000000.0,6218000000.0,7517000000.0,6472000000.0,,,462040000000.0,49040000000.0,48910000000.0,19505000000.0,1928000000.0,3.51
USB,2018-12-31,22637000000.0,7096000000.0,8678000000.0,10564000000.0,,,467374000000.0,51029000000.0,55479000000.0,21453000000.0,2092000000.0,4.14
USB,2022-12-31,24302000000.0,5825000000.0,7301000000.0,21119000000.0,,,674805000000.0,50766000000.0,71045000000.0,53542000000.0,2776000000.0,3.6900000000000004
USB,2023-12-31,28144000000.0,5429000000.0,6865000000.0,8393000000.0,,,663491000000.0,55306000000.0,66759000000.0,61192000000.0,2970000000.0,3.27
USB,2024-12-31,27455000000.0,6299000000.0,7909000000.0,11350000000.0,,,678318000000.0,58578000000.0,73520000000.0,56502000000.0,3092000000.0,3.79
USB,2025-12-31,28656000000.0,7570000000.0,9517000000.0,7970000000.0,,,692345000000.0,65193000000.0,77926000000.0,46890000000.0,3168000000.0,4.62
V,2020-09-30,21846000000.0,10866000000.0,14081000000.0,10440000000.0,736000000.0,9704000000.0,80919000000.0,36210000000.0,24070000000.0,16289000000.0,2664000000.0,5.819884819530429
V,2021-09-30,24105000000.0,12311000000.0,15804000000.0,15227000000.0,705000000.0,14522000000.0,82896000000.0,37589000000.0,20977000000.0,16487000000.0,2798000000.0,6.5938341628234065
V,2022-09-30,29310000000.0,14957000000.0,18813000000.0,18849000000.0,970000000.0,17879000000.0,85501000000.0,35581000000.0,22450000000.0,15689000000.0,3203000000.0,8.011045209434627
V,2023-09-30,32653000000.0,17273000000.0,21000000000.0,20755000000.0,1059000000.0,19696000000.0,90499000000.0,38733000000.0,20463000000.0,16286000000.0,3751000000.0,9.251506579030842
V,2024-09-30,35926000000.0,19743000000.0,23595000000.0,19950000000.0,1257000000.0,18693000000.0,94511000000.0,39137000000.0,20836000000.0,11975000000.0,4217000000.0,10.57445113123406
V,2025-09-30,40000000000.0,20058000000.0,23994000000.0,23059000000.0,1482000000.0,21577000000.0,99627000000.0,37909000000.0,25171000000.0,17164000000.0,4634000000.0,10.743166732021109
VEEV,2021-01-31,1465069000.0,379998000.0,377794000.0,551246000.0,,,3046067000.0,2266320000.0,,730504000.0,,2.36
VEEV,2022-01-31,1850777000.0,427390000.0,505496000.0,764463000.0,,,3816465000.0,2911637000.0,,1138040000.0,,2.63
VEEV,2023-01-31,2155060000.0,487706000.0,459091000.0,780470000.0,,,4804296000.0,3716252000.0,,886465000.0,,3.0
VEEV,2024-01-31,2363673000.0,525705000.0,429334000.0,911339000.0,,,5910920000.0,4644824000.0,,703487000.0,,3.2199999999999998
VEEV,2025-01-31,2746619000.0,714138000.0,691435000.0,1090051000.0,,,7339756000.0,5832373000.0,,1118785000.0,,4.32
VEEV,2026-01-31,3195311000.0,908906000.0,916369000.0,1415225000.0,,,8979343000.0,7214752000.0,,1421233000.0,,5.44
VICI,2020-12-31,1225574000.0,891674000.0,321018000.0,883640000.0,,,17063613000.0,9415839000.0,6765532000.0,315993000.0,612205000.0,1.75
VICI,2021-12-31,1509568000.0,1013851000.0,1026045000.0,896350000.0,,,17597373000.0,12108268000.0,4694523000.0,739614000.0,758790000.0,1.76
VICI,2022-12-31,2600697000.0,1117635000.0,1139143000.0,1943396000.0,,,37575826000.0,21933637000.0,13739675000.0,208933000.0,1219117000.0,1.27
VICI,2023-12-31,3611988000.0,2513540000.0,2548481000.0,2181009000.0,,,44059841000.0,25255931000.0,16724125000.0,522574000.0,1583840000.0,2.47
VICI,2024-12-31,3849205000.0,2678810000.0,2730946000.0,2381498000.0,,,45368940000.0,26537955000.0,16732889000.0,524615000.0,1752991000.0,2.56
VICI,2025-12-31,4006116000.0,2775493000.0,2820979000.0,2509991000.0,,,46724168000.0,27797640000.0,16773241000.0,563479000.0,1853467000.0,2.61
VLO,2020-12-31,64912000000.0,-1421000000.0,-1579000000.0,948000000.0,2436000000.0,-1488000000.0,51774000000.0,18801000000.0,14677000000.0,3313000000.0,1600000000.0,-3.49
VLO,2021-12-31,113977000000.0,930000000.0,2130000000.0,5859000000.0,2458000000.0,3401000000.0,57888000000.0,18430000000.0,13870000000.0,4122000000.0,1602000000.0,2.27
VLO,2022-12-31,176383000000.0,11528000000.0,15690000000.0,12574000000.0,2737000000.0,9837000000.0,60982000000.0,23561000000.0,11635000000.0,4862000000.0,1562000000.0,29.04
VLO,2023-12-31,144766000000.0,8835000000.0,11858000000.0,9229000000.0,1916000000.0,7313000000.0,63056000000.0,26346000000.0,11524000000.0,5424000000.0,1452000000.0,24.92
VLO,2024-12-31,129881000000.0,2770000000.0,3755000000.0,6683000000.0,2057000000.0,4626000000.0,60143000000.0,24512000000.0,10463000000.0,4657000000.0,1384000000.0,8.58
VLO,2025-12-31,122687000000.0,2348000000.0,3181000000.0,5826000000.0,,,57988000000.0,23725000000.0,10619000000.0,4688000000.0,1405000000.0,7.57
VLTO,2021-12-31,4700000000.0,861000000.0,1041000000.0,896000000.0,54000000.0,842000000.0,4840000000.0,,,0.0,,
VLTO,2022-12-31,4870000000.0,845000000.0,1112000000.0,870000000.0,34000000.0,836000000.0,4825000000.0,3235000000.0,0.0,0.0,0.0,
VLTO,2023-12-31,5021000000.0,839000000.0,1140000000.0,963000000.0,54000000.0,909000000.0,5693000000.0,1383000000.0,2629000000.0,762000000.0,0.0,3.4
VLTO,2024-12-31,5193000000.0,833000000.0,1208000000.0,875000000.0,55000000.0,820000000.0,6406000000.0,2038000000.0,2599000000.0,1101000000.0,89000000.0,3.34
VLTO,2025-12-31,5503000000.0,940000000.0,1277000000.0,1077000000.0,63000000.0,1014000000.0,7693000000.0,3105000000.0,2673000000.0,2031000000.0,109000000.0,3.76
VMC,2020-12-31,4856800000.0,584500000.0,895700000.0,1070400000.0,362200000.0,708200000.0,11686900000.0,6027300000.0,3287600000.0,1197100000.0,180200000.0,4.39
VMC,2021-12-31,5552200000.0,670800000.0,1010800000.0,1011900000.0,451300000.0,560600000.0,13682600000.0,6545000000.0,3880000000.0,235000000.0,196400000.0,5.02
VMC,2022-12-31,7315200000.0,575600000.0,951400000.0,1148200000.0,612600000.0,535600000.0,14234600000.0,6928600000.0,3875700000.0,161400000.0,212600000.0,4.31
VMC,2023-12-31,7781900000.0,933200000.0,1427400000.0,1536800000.0,872600000.0,664200000.0,14545700000.0,7483400000.0,3877800000.0,931100000.0,228400000.0,6.98
VMC,2024-12-31,7417700000.0,911900000.0,1364500000.0,1409600000.0,603500000.0,806100000.0,17104800000.0,8118600000.0,5307400000.0,559700000.0,244400000.0,6.85
VMC,2025-12-31,7941100000.0,1076700000.0,1619600000.0,1813000000.0,677700000.0,1135300000.0,16700400000.0,8525100000.0,4362100000.0,183300000.0,259800000.0,8.11
VMRK,2014-12-31,2614748000.0,631308000.0,921644000.0,1324073000.0,185957000.0,1138116000.0,22950614000.0,10368456000.0,,40080000.0,776659000.0,1.73
VMRK,2015-12-31,2744965000.0,870120000.0,1009238000.0,1356628000.0,3991000.0,1352637000.0,23110196000.0,10470368000.0,,42276000.0,784748000.0,2.36
VMRK,2016-12-31,3567000.0,4292163000.0,856086000.0,1214123000.0,5731000.0,1208392000.0,20704148000.0,10229078000.0,,77207000.0,4771725000.0,11.68
VMRK,2017-12-31,717000.0,603454000.0,1004528000.0,1265788000.0,1506000.0,1264282000.0,20570599000.0,10242464000.0,9071074000.0,50647000.0,739375000.0,1.63
VMRK,2018-12-31,753000.0,657535000.0,1114617000.0,1356295000.0,4505000.0,1351790000.0,20394209000.0,10173204000.0,9412761000.0,47442000.0,782122000.0,1.77
VMRK,2019-12-31,384000.0,970377000.0,1356160000.0,1456984000.0,,,21172769000.0,10315506000.0,10130979000.0,45753000.0,831111000.0,2.6
VRSK,2020-12-31,2269400000.0,712700000.0,956300000.0,1068200000.0,246800000.0,821400000.0,7561800000.0,2698200000.0,3213900000.0,218800000.0,175800000.0,4.31
VRSK,2021-12-31,2462500000.0,666200000.0,911400000.0,1155700000.0,268400000.0,887300000.0,7808100000.0,2816500000.0,3314100000.0,111900000.0,188200000.0,4.08
VRSK,2022-12-31,2497000000.0,953900000.0,1406500000.0,1059000000.0,274700000.0,784300000.0,6961100000.0,1749300000.0,3736100000.0,112500000.0,195200000.0,6.0
VRSK,2023-12-31,2681400000.0,614600000.0,1131700000.0,1060700000.0,230000000.0,830700000.0,4366100000.0,310000000.0,2866700000.0,302700000.0,196800000.0,4.17
VRSK,2024-12-31,2881700000.0,958200000.0,1253900000.0,1144000000.0,223900000.0,920100000.0,4264700000.0,100100000.0,3061100000.0,291200000.0,221300000.0,6.71
VRSK,2025-12-31,3072700000.0,908300000.0,1343900000.0,1436000000.0,244100000.0,1191900000.0,6195500000.0,309000000.0,4737200000.0,2178200000.0,251100000.0,6.48
VRSN,2020-12-31,1265100000.0,814900000.0,824200000.0,730200000.0,43400000.0,686800000.0,1766910000.0,-1390200000.0,,401194000.0,,7.07
VRSN,2021-12-31,1327600000.0,784800000.0,866800000.0,807200000.0,53000000.0,754200000.0,1983800000.0,-1260500000.0,,223500000.0,,7.0
VRSN,2022-12-31,1424900000.0,673800000.0,943100000.0,831100000.0,27400000.0,803700000.0,1733400000.0,-1562200000.0,,373600000.0,,6.24
VRSN,2023-12-31,1493100000.0,817600000.0,1000600000.0,853800000.0,45800000.0,808000000.0,1749000000.0,-1581000000.0,0.0,240100000.0,0.0,7.9
VRSN,2024-12-31,1557400000.0,785700000.0,1058200000.0,902600000.0,28100000.0,874500000.0,1406500000.0,-1957900000.0,299800000.0,206700000.0,0.0,8.0
VRSN,2025-12-31,1656600000.0,825700000.0,1121000000.0,1091100000.0,22800000.0,1068300000.0,1325900000.0,-2154200000.0,0.0,307900000.0,215200000.0,8.81
VRT,2020-12-31,4370600000.0,-327300000.0,213500000.0,208900000.0,44400000.0,164500000.0,5073800000.0,512100000.0,2152500000.0,534600000.0,3300000.0,-1.24
VRT,2021-12-31,4998100000.0,119600000.0,259900000.0,210900000.0,73400000.0,137500000.0,6939600000.0,1417700000.0,2972300000.0,439100000.0,3800000.0,0.32999999999999996
VRT,2022-12-31,5691500000.0,76600000.0,223400000.0,-152800000.0,100000000.0,-252800000.0,7095700000.0,1441900000.0,3190900000.0,260600000.0,3800000.0,-0.039999999999999994
VRT,2023-12-31,6863200000.0,460200000.0,872200000.0,900500000.0,127900000.0,772600000.0,7998500000.0,2014900000.0,2940900000.0,780400000.0,9500000.0,1.19
VRT,2024-12-31,8011800000.0,495800000.0,1367400000.0,1319300000.0,167000000.0,1152300000.0,9132500000.0,2434300000.0,2928200000.0,1227600000.0,42200000.0,1.28
VRT,2025-12-31,10229900000.0,1332800000.0,1829700000.0,2113800000.0,220000000.0,1893800000.0,12212400000.0,3941300000.0,2913000000.0,1728400000.0,66600000.0,3.41
VRTX,2020-12-31,6205700000.0,2711700000.0,2856300000.0,3253500000.0,259800000.0,2993700000.0,11751800000.0,8686800000.0,581400000.0,5988200000.0,,10.3
VRTX,2021-12-31,7574400000.0,2342100000.0,2782100000.0,2643500000.0,235000000.0,2408500000.0,13432500000.0,10100000000.0,556700000.0,6795000000.0,,9.01
VRTX,2022-12-31,8930700000.0,3322000000.0,4307400000.0,4129900000.0,204700000.0,3925200000.0,18150900000.0,13912700000.0,471600000.0,10504000000.0,,12.82
VRTX,2023-12-31,9869200000.0,3619600000.0,3832000000.0,3537300000.0,200400000.0,3336900000.0,22730200000.0,17580400000.0,426700000.0,10369100000.0,,13.89
VRTX,2024-12-31,11020100000.0,-535600000.0,-232900000.0,-492600000.0,297700000.0,-790300000.0,22533200000.0,16409600000.0,118000000.0,4569600000.0,,-2.08
VRTX,2025-12-31,12001300000.0,3953200000.0,4173300000.0,3631400000.0,437600000.0,3193800000.0,25643000000.0,18665800000.0,112200000.0,5084800000.0,,15.32
VST,2020-12-31,10850000000.0,636000000.0,1519000000.0,3337000000.0,1259000000.0,2078000000.0,25208000000.0,8371000000.0,9235000000.0,406000000.0,266000000.0,1.3
VST,2021-12-31,17700000000.0,-1274000000.0,-1515000000.0,-206000000.0,1033000000.0,-1239000000.0,29683000000.0,8291000000.0,10477000000.0,1325000000.0,290000000.0,-2.69
VST,2022-12-31,15631000000.0,-1227000000.0,-1177000000.0,485000000.0,1301000000.0,-816000000.0,32787000000.0,4902000000.0,12583000000.0,455000000.0,302000000.0,-3.26
VST,2023-12-31,13804000000.0,1493000000.0,2661000000.0,5453000000.0,1676000000.0,3777000000.0,32966000000.0,5307000000.0,12116000000.0,3485000000.0,313000000.0,3.58
VST,2024-12-31,14761000000.0,2659000000.0,4081000000.0,4563000000.0,2078000000.0,2485000000.0,37770000000.0,5570000000.0,15418000000.0,1188000000.0,305000000.0,7.0
VST,2025-12-31,17586000000.0,944000000.0,1906000000.0,4070000000.0,2752000000.0,1318000000.0,41550000000.0,5097000000.0,17642000000.0,785000000.0,306000000.0,2.18
VTR,2020-12-31,3795357000.0,439149000.0,80589000.0,1450176000.0,607296000.0,842880000.0,23929404000.0,10180167000.0,11895412000.0,413327000.0,928809000.0,1.16
VTR,2021-12-31,3828007000.0,49008000.0,-162385000.0,1026116000.0,1802021000.0,-775905000.0,24717786000.0,10854385000.0,12307544000.0,149725000.0,686888000.0,0.13
VTR,2022-12-31,4129193000.0,-47447000.0,-94137000.0,1120163000.0,900696000.0,219467000.0,24157840000.0,10152968000.0,12699780000.0,122564000.0,720319000.0,-0.12
VTR,2023-12-31,4497827000.0,-40973000.0,-115581000.0,1119873000.0,649471000.0,470402000.0,24725433000.0,9488058000.0,13490896000.0,508794000.0,723559000.0,-0.1
VTR,2024-12-31,4924266000.0,81153000.0,-7996000.0,1329625000.0,2529803000.0,-1200178000.0,26186906000.0,10771267000.0,13522551000.0,897850000.0,740326000.0,0.19
VTR,2025-12-31,5833980000.0,251381000.0,204321000.0,1646726000.0,2928069000.0,-1281343000.0,27591945000.0,12527253000.0,13011016000.0,741067000.0,860060000.0,0.54
VTRS,2020-12-31,11819900000.0,-669900000.0,-210800000.0,1231800000.0,243000000.0,988800000.0,61553000000.0,22954100000.0,24685500000.0,844400000.0,,-1.11
VTRS,2021-12-31,17813600000.0,-1269100000.0,-34000000.0,3016900000.0,457200000.0,2559700000.0,54842800000.0,20492700000.0,21577400000.0,701200000.0,,-1.05
VTRS,2022-12-31,16218100000.0,2078600000.0,1614900000.0,2999000000.0,406000000.0,2593000000.0,50022200000.0,21072300000.0,19265700000.0,1259900000.0,,1.71
VTRS,2023-12-31,15388400000.0,54700000.0,766200000.0,2900000000.0,377000000.0,2523000000.0,47685500000.0,20467400000.0,18122800000.0,991900000.0,,0.05000000000000002
VTRS,2024-12-31,14692800000.0,-634200000.0,10100000.0,2302900000.0,326000000.0,1976900000.0,41500900000.0,18635500000.0,14039500000.0,734800000.0,,-0.53
VTRS,2025-12-31,14250400000.0,-3514900000.0,-2663100000.0,2315900000.0,378800000.0,1937100000.0,37193100000.0,14711300000.0,14410500000.0,1322400000.0,,-3.0
VZ,2020-12-31,128292000000.0,17801000000.0,28798000000.0,41768000000.0,,,316481000000.0,69272000000.0,129062000000.0,22171000000.0,10232000000.0,4.3
VZ,2021-12-31,133613000000.0,22618000000.0,32448000000.0,39539000000.0,,,366596000000.0,83200000000.0,150868000000.0,2921000000.0,10445000000.0,5.32
VZ,2022-12-31,136835000000.0,21748000000.0,30467000000.0,37141000000.0,,,379680000000.0,92463000000.0,150639000000.0,2605000000.0,10805000000.0,5.06
VZ,2023-12-31,133974000000.0,12095000000.0,22877000000.0,37475000000.0,,,380255000000.0,93799000000.0,150674000000.0,2065000000.0,11025000000.0,2.75
VZ,2024-12-31,134788000000.0,17949000000.0,28686000000.0,36912000000.0,,,384711000000.0,100575000000.0,144014000000.0,4194000000.0,11249000000.0,4.14
VZ,2025-12-31,138191000000.0,17608000000.0,29259000000.0,37137000000.0,,,404258000000.0,105741000000.0,158150000000.0,19048000000.0,11481000000.0,4.06
WAB,2020-12-31,7556000000.0,414000000.0,745000000.0,784000000.0,136000000.0,648000000.0,18454000000.0,10123000000.0,4239000000.0,599000000.0,93000000.0,2.17
WAB,2021-12-31,7822000000.0,558000000.0,876000000.0,1073000000.0,130000000.0,943000000.0,18454000000.0,10201000000.0,4058000000.0,473000000.0,92000000.0,2.96
WAB,2022-12-31,8362000000.0,633000000.0,1011000000.0,1038000000.0,149000000.0,889000000.0,18516000000.0,10102000000.0,4002000000.0,541000000.0,111000000.0,3.46
WAB,2023-12-31,9677000000.0,815000000.0,1266000000.0,1201000000.0,186000000.0,1015000000.0,18988000000.0,10487000000.0,4069000000.0,620000000.0,123000000.0,4.53
WAB,2024-12-31,10387000000.0,1056000000.0,1609000000.0,1834000000.0,207000000.0,1627000000.0,18702000000.0,10091000000.0,3980000000.0,715000000.0,140000000.0,6.04
WAB,2025-12-31,11167000000.0,1170000000.0,1793000000.0,1759000000.0,260000000.0,1499000000.0,22069000000.0,11142000000.0,5541000000.0,789000000.0,173000000.0,6.83
WAT,2020-12-31,2365365000.0,521571000.0,645489000.0,790507000.0,,,2839920000.0,232144000.0,1356515000.0,436695000.0,,8.36
WAT,2021-12-31,2785874000.0,692843000.0,821707000.0,747274000.0,,,3094932000.0,367554000.0,1513870000.0,501234000.0,,11.18
WAT,2022-12-31,2971956000.0,707755000.0,873395000.0,611661000.0,,,3281453000.0,504488000.0,1574878000.0,480529000.0,,11.75
WAT,2023-12-31,2956416000.0,642234000.0,817676000.0,602809000.0,160632000.0,442177000.0,4626854000.0,1150341000.0,2355513000.0,395076000.0,,10.85
WAT,2024-12-31,2958387000.0,637834000.0,826353000.0,762123000.0,142481000.0,619642000.0,4553795000.0,1829000000.0,1626488000.0,325355000.0,,10.709999999999999
WAT,2025-12-31,3165286000.0,642629000.0,802588000.0,652555000.0,112745000.0,539810000.0,5077000000.0,2562000000.0,1407000000.0,588000000.0,,10.77
WBD,2020-12-31,10671000000.0,1219000000.0,2515000000.0,2739000000.0,402000000.0,2337000000.0,34087000000.0,10464000000.0,15404000000.0,2091000000.0,,
WBD,2021-12-31,12191000000.0,1006000000.0,2012000000.0,2798000000.0,373000000.0,2425000000.0,34427000000.0,11599000000.0,14759000000.0,3905000000.0,,1.54
WBD,2022-12-31,33817000000.0,-7371000000.0,-7370000000.0,4304000000.0,987000000.0,3317000000.0,134001000000.0,47095000000.0,48999000000.0,3731000000.0,,-3.8199999999999994
WBD,2023-12-31,41321000000.0,-3126000000.0,-1548000000.0,7477000000.0,1316000000.0,6161000000.0,122757000000.0,45226000000.0,43669000000.0,3780000000.0,,-1.28
WBD,2024-12-31,39321000000.0,-11311000000.0,-10032000000.0,5375000000.0,948000000.0,4427000000.0,104560000000.0,34037000000.0,39505000000.0,5312000000.0,,-4.62
WBD,2025-12-31,37296000000.0,727000000.0,738000000.0,4319000000.0,1231000000.0,3088000000.0,100085000000.0,35919000000.0,32567000000.0,4566000000.0,,0.29
WDAY,2021-01-31,4317996000.0,-282431000.0,-248599000.0,1268441000.0,,,8718411000.0,3277834000.0,1795014000.0,1384181000.0,,-1.2
WDAY,2022-01-31,5139000000.0,29000000.0,-116000000.0,1651000000.0,,,10498505000.0,4535000000.0,1839797000.0,1534000000.0,,0.11999999999999997
WDAY,2023-01-31,6216000000.0,-367000000.0,-222000000.0,1657000000.0,364000000.0,1293000000.0,13486000000.0,5585000000.0,2976000000.0,1886000000.0,,-1.44
WDAY,2024-01-31,7259000000.0,1381000000.0,183000000.0,2149000000.0,232000000.0,1917000000.0,16452000000.0,8082000000.0,2980000000.0,2012000000.0,,5.210000000000001
WDAY,2025-01-31,8446000000.0,526000000.0,415000000.0,2461000000.0,269000000.0,2192000000.0,17977000000.0,9034000000.0,2984000000.0,1543000000.0,,1.9500000000000002
WDAY,2026-01-31,9552000000.0,693000000.0,721000000.0,2939000000.0,162000000.0,2777000000.0,18074000000.0,7805000000.0,2987000000.0,1501000000.0,,2.59
WDC,2021-07-02,16922000000.0,821000000.0,1220000000.0,1898000000.0,1146000000.0,752000000.0,26132000000.0,10800000000.0,8725000000.0,3370000000.0,0.0,2.0105820105820107
WDC,2022-07-01,18793000000.0,1546000000.0,2391000000.0,1880000000.0,1122000000.0,758000000.0,26259000000.0,12323000000.0,7022000000.0,2327000000.0,0.0,3.696145124716553
WDC,2023-06-30,6255000000.0,-1684000000.0,-548000000.0,-408000000.0,821000000.0,-1229000000.0,24546000000.0,10964000000.0,7070000000.0,2023000000.0,0.0,-5.37
WDC,2024-06-28,6317000000.0,-798000000.0,-403000000.0,-294000000.0,487000000.0,-781000000.0,24188000000.0,10818000000.0,7434000000.0,1551000000.0,0.0,-2.66
WDC,2025-06-27,9520000000.0,1889000000.0,2334000000.0,1691000000.0,412000000.0,1279000000.0,14002000000.0,5311000000.0,4711000000.0,2114000000.0,44000000.0,5.15
WDC,2026-07-03,12919000000.0,9424000000.0,4453000000.0,3929000000.0,418000000.0,3511000000.0,13861000000.0,8864000000.0,1052000000.0,1579000000.0,174000000.0,24.28
WEC,2020-12-31,7241700000.0,1199900000.0,1706100000.0,2196000000.0,2874300000.0,-678300000.0,37028100000.0,10662500000.0,12450500000.0,24800000.0,798000000.0,3.79
WEC,2021-12-31,8316000000.0,1300300000.0,1714900000.0,2032700000.0,2372700000.0,-340000000.0,38988500000.0,11113300000.0,13563400000.0,16300000.0,854800000.0,4.11
WEC,2022-12-31,9597400000.0,1408100000.0,1924200000.0,2060700000.0,2696900000.0,-636200000.0,41872100000.0,11616600000.0,15464200000.0,28900000.0,917900000.0,4.45
WEC,2023-12-31,8893000000.0,1331700000.0,1908000000.0,3018400000.0,,,43939700000.0,12071500000.0,16631100000.0,42900000.0,984200000.0,4.22
WEC,2024-12-31,8599900000.0,1527200000.0,2152800000.0,3211800000.0,,,47363200000.0,12801900000.0,18907100000.0,9800000.0,1056200000.0,4.83
WEC,2025-12-31,9800100000.0,1557500000.0,2244900000.0,3379400000.0,,,51518300000.0,14052800000.0,20017500000.0,27600000.0,1147800000.0,4.81
WELL,2020-12-31,4605967000.0,978844000.0,-31552000.0,1364756000.0,244989000.0,1119767000.0,32483642000.0,15972719000.0,2378073000.0,1545046000.0,1120187000.0,2.33
WELL,2021-12-31,3197223000.0,336138000.0,170750000.0,1275325000.0,282588000.0,992737000.0,34910325000.0,17636001000.0,13910273000.0,269265000.0,1037194000.0,0.78
WELL,2022-12-31,4173711000.0,141214000.0,173062000.0,1328708000.0,476016000.0,852692000.0,37893233000.0,20294814000.0,14714483000.0,631681000.0,1133182000.0,0.3
WELL,2023-12-31,4753804000.0,340094000.0,350047000.0,1601861000.0,517682000.0,1084179000.0,44012166000.0,25404376000.0,15735549000.0,1993646000.0,1259676000.0,0.66
WELL,2024-12-31,6027149000.0,951680000.0,524442000.0,2256421000.0,857546000.0,1398875000.0,51044308000.0,31956208000.0,15500257000.0,3506586000.0,1546291000.0,1.57
WELL,2025-12-31,8452996000.0,936845000.0,,2881677000.0,1050263000.0,1831414000.0,67303047000.0,42129498000.0,19197302000.0,5033678000.0,1877289000.0,1.39
WFC,2020-12-31,74264000000.0,3377000000.0,2505000000.0,2051000000.0,,,1952911000000.0,184680000000.0,271949000000.0,264612000000.0,4852000000.0,0.42999999999999994
WFC,2021-12-31,79166000000.0,22109000000.0,29563000000.0,-11525000000.0,,,1948068000000.0,187606000000.0,195098000000.0,234230000000.0,2422000000.0,5.08
WFC,2022-12-31,74368000000.0,13677000000.0,15629000000.0,27048000000.0,,,1881020000000.0,180227000000.0,226015000000.0,159157000000.0,4178000000.0,3.27
WFC,2023-12-31,82597000000.0,19142000000.0,21636000000.0,40358000000.0,,,1932468000000.0,185735000000.0,297147000000.0,236052000000.0,4789000000.0,4.83
WFC,2024-12-31,82296000000.0,19722000000.0,23364000000.0,3035000000.0,,,1929845000000.0,179120000000.0,175782000000.0,201902000000.0,5133000000.0,5.37
WFC,2025-12-31,83699000000.0,21338000000.0,25199000000.0,-19001000000.0,,,2148631000000.0,181117000000.0,193035000000.0,172593000000.0,5434000000.0,6.26
WM,2020-12-31,15218000000.0,1496000000.0,2434000000.0,3403000000.0,1585000000.0,1818000000.0,29345000000.0,7452000000.0,13810000000.0,553000000.0,927000000.0,3.5199999999999996
WM,2021-12-31,17931000000.0,1816000000.0,2965000000.0,4338000000.0,2039000000.0,2299000000.0,29097000000.0,7124000000.0,13405000000.0,118000000.0,970000000.0,4.29
WM,2022-12-31,19698000000.0,2238000000.0,3365000000.0,4536000000.0,2809000000.0,1727000000.0,31367000000.0,6849000000.0,14984000000.0,351000000.0,1077000000.0,5.39
WM,2023-12-31,20426000000.0,2304000000.0,3575000000.0,4719000000.0,2895000000.0,1824000000.0,32823000000.0,6903000000.0,16229000000.0,458000000.0,1136000000.0,5.66
WM,2024-12-31,22063000000.0,2746000000.0,4063000000.0,5390000000.0,3231000000.0,2159000000.0,44567000000.0,8252000000.0,23900000000.0,414000000.0,1210000000.0,6.809999999999999
WM,2025-12-31,25204000000.0,2708000000.0,4308000000.0,6043000000.0,3227000000.0,2816000000.0,45835000000.0,9990000000.0,22907000000.0,201000000.0,1334000000.0,6.7
WMB,2020-12-31,7653000000.0,211000000.0,2202000000.0,3496000000.0,1239000000.0,2257000000.0,44165000000.0,11769000000.0,21451000000.0,142000000.0,1941000000.0,0.17
WMB,2021-12-31,12784000000.0,1517000000.0,2631000000.0,3945000000.0,1239000000.0,2706000000.0,47612000000.0,11423000000.0,21650000000.0,1680000000.0,1992000000.0,1.24
WMB,2022-12-31,17773000000.0,2049000000.0,3018000000.0,4889000000.0,2253000000.0,2636000000.0,48433000000.0,11485000000.0,22277000000.0,152000000.0,2071000000.0,1.67
WMB,2023-12-31,11996000000.0,3179000000.0,4311000000.0,5938000000.0,2516000000.0,3422000000.0,52627000000.0,12402000000.0,24101000000.0,2150000000.0,2179000000.0,2.6
WMB,2024-12-31,12632000000.0,2225000000.0,3339000000.0,4974000000.0,2573000000.0,2401000000.0,54532000000.0,12436000000.0,25191000000.0,60000000.0,2316000000.0,1.82
WMB,2025-12-31,14899000000.0,2618000000.0,4196000000.0,5898000000.0,4893000000.0,1005000000.0,58573000000.0,12807000000.0,28016000000.0,63000000.0,2442000000.0,2.14
WMT,2021-01-31,555233000000.0,13510000000.0,22548000000.0,36074000000.0,10264000000.0,25810000000.0,252496000000.0,80925000000.0,44309000000.0,17741000000.0,6116000000.0,1.5833333333333333
WMT,2022-01-31,567762000000.0,13673000000.0,25942000000.0,24181000000.0,13106000000.0,11075000000.0,244860000000.0,83253000000.0,37667000000.0,14760000000.0,6152000000.0,1.62
WMT,2023-01-31,605881000000.0,11680000000.0,20428000000.0,28841000000.0,16857000000.0,11984000000.0,243197000000.0,76693000000.0,38840000000.0,8625000000.0,6114000000.0,1.42
WMT,2024-01-31,642637000000.0,15511000000.0,27012000000.0,35726000000.0,20606000000.0,15120000000.0,252399000000.0,83861000000.0,39579000000.0,9867000000.0,6140000000.0,1.91
WMT,2025-01-31,674538000000.0,19436000000.0,29348000000.0,36443000000.0,23783000000.0,12660000000.0,260823000000.0,91013000000.0,35999000000.0,9037000000.0,6688000000.0,2.41
WMT,2026-01-31,706413000000.0,21893000000.0,29825000000.0,41565000000.0,26642000000.0,14923000000.0,284668000000.0,99617000000.0,38166000000.0,10727000000.0,7507000000.0,2.73
WRB,2020-12-31,358253000.0,530670000.0,704802000.0,1616686000.0,,,28606913000.0,6310802000.0,,2372366000.0,84147000.0,1.2466666666666668
WRB,2021-12-31,449739000.0,1022000000.0,1282905000.0,2183987000.0,,,32086414000.0,6653011000.0,,1568843000.0,355736000.0,2.44
WRB,2022-12-31,477437000.0,1381000000.0,1719681000.0,2568604000.0,,,33861099000.0,6748332000.0,,1449346000.0,235192000.0,3.29
WRB,2023-12-31,471841000.0,1381000000.0,1754403000.0,2929238000.0,,,37202015000.0,7455431000.0,,1363195000.0,501456000.0,3.37
WRB,2024-12-31,505753000.0,1756000000.0,2264493000.0,3678368000.0,,,40567268000.0,8395111000.0,,1974747000.0,531953000.0,4.36
WRB,2025-12-31,555763000.0,1779000000.0,2280543000.0,3582616000.0,,,43926843000.0,9700818000.0,,2539938000.0,700269000.0,4.45
WSM,2021-01-31,6783189000.0,680714000.0,910697000.0,1274848000.0,169513000.0,1105335000.0,4661424000.0,1651185000.0,299350000.0,1200337000.0,157645000.0,4.305
WSM,2022-01-30,8245936000.0,1126000000.0,1453116000.0,1371147000.0,226517000.0,1144630000.0,4625620000.0,1664207000.0,0.0,850338000.0,187539000.0,7.375
WSM,2023-01-29,8674417000.0,1128000000.0,1498422000.0,1052822000.0,354117000.0,698705000.0,4663016000.0,1701051000.0,,367344000.0,217345000.0,8.16
WSM,2024-01-28,7750652000.0,950000000.0,1244193000.0,1680273000.0,188458000.0,1491815000.0,5273548000.0,2127861000.0,,1262007000.0,232475000.0,7.28
WSM,2025-02-02,7711541000.0,1125000000.0,1430184000.0,1360222000.0,221567000.0,1138655000.0,5301607000.0,2142419000.0,,1212977000.0,280058000.0,8.79
WSM,2026-02-01,7806816000.0,1088000000.0,1415722000.0,1314889000.0,259438000.0,1055451000.0,5411912000.0,2082559000.0,,1019801000.0,316484000.0,8.84
WST,2020-12-31,2146900000.0,346200000.0,406900000.0,472500000.0,174400000.0,298100000.0,2793800000.0,1854500000.0,255200000.0,615500000.0,48100000.0,4.58
WST,2021-12-31,2831600000.0,661800000.0,752300000.0,584000000.0,253400000.0,330600000.0,3313800000.0,2335400000.0,253000000.0,762600000.0,51100000.0,8.67
WST,2022-12-31,2886900000.0,585900000.0,734000000.0,724000000.0,284600000.0,439400000.0,3616800000.0,2684900000.0,208900000.0,894300000.0,54100000.0,7.73
WST,2023-12-31,2949800000.0,593400000.0,676000000.0,776500000.0,362000000.0,414500000.0,3829500000.0,2881000000.0,206800000.0,853900000.0,57000000.0,7.879999999999999
WST,2024-12-31,2893200000.0,492700000.0,569900000.0,653400000.0,377000000.0,276400000.0,3643400000.0,2682300000.0,202600000.0,484600000.0,59100000.0,6.69
WST,2025-12-31,3074100000.0,493700000.0,584900000.0,754800000.0,285900000.0,468900000.0,4270000000.0,3176000000.0,202800000.0,791300000.0,61200000.0,6.79
WTW,2020-12-31,8554000000.0,996000000.0,859000000.0,1774000000.0,,,38531000000.0,10820000000.0,5635000000.0,2039000000.0,346000000.0,7.61
WTW,2021-12-31,8826000000.0,4222000000.0,2202000000.0,2061000000.0,,,34970000000.0,13260000000.0,4587000000.0,4486000000.0,374000000.0,18.57
WTW,2022-12-31,8726000000.0,1009000000.0,1178000000.0,812000000.0,,,31769000000.0,10016000000.0,4721000000.0,1262000000.0,369000000.0,8.98
WTW,2023-12-31,9304000000.0,1055000000.0,1365000000.0,1345000000.0,242000000.0,1103000000.0,29090000000.0,9520000000.0,5217000000.0,1424000000.0,352000000.0,9.95
WTW,2024-12-31,9739000000.0,-98000000.0,627000000.0,1512000000.0,245000000.0,1267000000.0,27681000000.0,7940000000.0,5309000000.0,1890000000.0,354000000.0,-0.9599999999999984
WTW,2025-12-31,9516000000.0,1605000000.0,2234000000.0,1775000000.0,229000000.0,1546000000.0,29530000000.0,7976000000.0,6306000000.0,3132000000.0,358000000.0,16.26
WY,2020-12-31,7532000000.0,797000000.0,1710000000.0,1529000000.0,56000000.0,1473000000.0,16311000000.0,8731000000.0,5475000000.0,495000000.0,381000000.0,1.07
WY,2021-12-31,10201000000.0,2607000000.0,3643000000.0,3159000000.0,55000000.0,3104000000.0,17652000000.0,10767000000.0,5099000000.0,1879000000.0,884000000.0,3.4700000000000006
WY,2022-12-31,10184000000.0,1880000000.0,3080000000.0,2832000000.0,53000000.0,2779000000.0,17340000000.0,10749000000.0,5049000000.0,1581000000.0,1617000000.0,2.53
WY,2023-12-31,7674000000.0,839000000.0,1186000000.0,1433000000.0,57000000.0,1376000000.0,16983000000.0,10236000000.0,5069000000.0,1164000000.0,1216000000.0,1.15
WY,2024-12-31,7124000000.0,396000000.0,685000000.0,1008000000.0,52000000.0,956000000.0,16536000000.0,9721000000.0,5076000000.0,684000000.0,684000000.0,0.54
WY,2025-12-31,6905000000.0,324000000.0,731000000.0,562000000.0,51000000.0,511000000.0,16613000000.0,9426000000.0,5572000000.0,464000000.0,606000000.0,0.45000000000000007
WYNN,2020-12-31,2095861000.0,-2067245000.0,-1232045000.0,-1072425000.0,290115000.0,-1362540000.0,13869547000.0,-351997000.0,13065770000.0,3482032000.0,108777000.0,-19.37
WYNN,2021-12-31,3763664000.0,-755786000.0,-394541000.0,-222591000.0,290657000.0,-513248000.0,12530826000.0,-214418000.0,11934546000.0,2522530000.0,1553000.0,-6.64
WYNN,2022-12-31,3756825000.0,-423856000.0,-100676000.0,-71272000.0,300127000.0,-371399000.0,13415100000.0,-750838000.0,12116859000.0,3650440000.0,1445000.0,-3.73
WYNN,2023-12-31,6531897000.0,729994000.0,840171000.0,1247879000.0,442793000.0,805086000.0,13996223000.0,-251382000.0,11738337000.0,2879186000.0,84733000.0,6.32
WYNN,2024-12-31,7127961000.0,501078000.0,1132731000.0,1426203000.0,419929000.0,1006274000.0,12977963000.0,-224161000.0,10541734000.0,2426155000.0,139564000.0,4.35
WYNN,2025-12-31,7137924000.0,327334000.0,1118384000.0,1352653000.0,660433000.0,692220000.0,13108117000.0,-275492000.0,10546812000.0,1463442000.0,174662000.0,3.1400000000000006
XEL,2013-12-31,10914922000.0,948234000.0,1847555000.0,2584036000.0,3395325000.0,-811289000.0,33907490000.0,9565950000.0,11669754000.0,107144000.0,514042000.0,1.91
XEL,2014-12-31,11686135000.0,1021306000.0,1948130000.0,2659486000.0,3199791000.0,-540305000.0,36957884000.0,10214482000.0,11499634000.0,80000000.0,561411000.0,2.0300000000000002
XEL,2015-12-31,11024000000.0,984000000.0,2000000000.0,3038000000.0,3683000000.0,-645000000.0,38821477000.0,10600920000.0,12848880000.0,85000000.0,607000000.0,1.94
XEL,2016-12-31,11107000000.0,1123000000.0,2240000000.0,3052000000.0,3195000000.0,-143000000.0,41155000000.0,11021000000.0,14445000000.0,85000000.0,681000000.0,2.21
XEL,2017-12-31,11404000000.0,1148000000.0,2223000000.0,3126000000.0,3244000000.0,-118000000.0,43030000000.0,11455000000.0,15334000000.0,83000000.0,721000000.0,2.26
XEL,2018-12-31,11537000000.0,1261000000.0,1965000000.0,3122000000.0,3957000000.0,-835000000.0,45987000000.0,12222000000.0,16841000000.0,147000000.0,730000000.0,2.4699999999999998
XOM,2020-12-31,178574000000.0,-22440000000.0,-28883000000.0,14668000000.0,17282000000.0,-2614000000.0,332750000000.0,157150000000.0,67640000000.0,4364000000.0,14865000000.0,-5.25
XOM,2021-12-31,276692000000.0,23040000000.0,31234000000.0,48129000000.0,12076000000.0,36053000000.0,338923000000.0,168577000000.0,47704000000.0,6802000000.0,14924000000.0,5.39
XOM,2022-12-31,413680000000.0,55740000000.0,77753000000.0,76797000000.0,18407000000.0,58390000000.0,369067000000.0,195049000000.0,41193000000.0,29640000000.0,14939000000.0,13.26
XOM,2023-12-31,344582000000.0,36010000000.0,52783000000.0,55369000000.0,21919000000.0,33450000000.0,376317000000.0,204802000000.0,41573000000.0,31539000000.0,14941000000.0,8.89
XOM,2024-12-31,349585000000.0,33680000000.0,48873000000.0,55022000000.0,24306000000.0,30716000000.0,453475000000.0,263705000000.0,41710000000.0,23029000000.0,16704000000.0,7.84
XOM,2025-12-31,332238000000.0,28844000000.0,41268000000.0,51970000000.0,28358000000.0,23612000000.0,448980000000.0,259386000000.0,43537000000.0,10681000000.0,17231000000.0,6.7
XYL,2020-12-31,4681000000.0,254000000.0,367000000.0,824000000.0,183000000.0,641000000.0,8750000000.0,2968000000.0,3084000000.0,1875000000.0,188000000.0,1.4
XYL,2021-12-31,5195000000.0,427000000.0,585000000.0,538000000.0,208000000.0,330000000.0,8276000000.0,3218000000.0,2440000000.0,1349000000.0,203000000.0,2.35
XYL,2022-12-31,5522000000.0,355000000.0,622000000.0,596000000.0,208000000.0,388000000.0,7952000000.0,3494000000.0,1880000000.0,944000000.0,217000000.0,1.96
XYL,2023-12-31,7364000000.0,609000000.0,652000000.0,837000000.0,271000000.0,566000000.0,16112000000.0,10166000000.0,2284000000.0,1019000000.0,299000000.0,2.79
XYL,2024-12-31,8562000000.0,890000000.0,1009000000.0,1263000000.0,321000000.0,942000000.0,16493000000.0,10642000000.0,2016000000.0,1121000000.0,350000000.0,3.6499999999999995
XYL,2025-12-31,9035000000.0,957000000.0,1223000000.0,1241000000.0,331000000.0,910000000.0,17634000000.0,11480000000.0,1942000000.0,1479000000.0,391000000.0,3.92
XYZ,2020-12-31,9497578000.0,213105000.0,-18815000.0,173110000.0,138402000.0,34708000.0,9869550000.0,2681569000.0,2586924000.0,3158058000.0,,0.44000000000000006
XYZ,2021-12-31,17661203000.0,166284000.0,161112000.0,847830000.0,134320000.0,713510000.0,15026360000.0,3272855000.0,4559663000.0,4443669000.0,,0.33
XYZ,2022-12-31,17531587000.0,-540747000.0,-624532000.0,175903000.0,170815000.0,5088000.0,31364340000.0,17222879000.0,4571069000.0,4544202000.0,,-0.93
XYZ,2023-12-31,21915623000.0,9772000.0,-278839000.0,100961000.0,151151000.0,-50190000.0,33031308000.0,18695256000.0,4873126000.0,4996465000.0,,0.01999999999999999
XYZ,2024-12-31,24121053000.0,2897047000.0,892327000.0,1707350000.0,153947000.0,1553403000.0,36777595000.0,21267932000.0,6290436000.0,8075247000.0,,4.56
XYZ,2025-12-31,24193683000.0,1305636000.0,1708406000.0,2579714000.0,155038000.0,2424676000.0,39549887000.0,22204278000.0,7755960000.0,6564092000.0,,2.1
YUM,2020-12-31,5652000000.0,904000000.0,1503000000.0,1305000000.0,160000000.0,1145000000.0,5852000000.0,-7891000000.0,10725000000.0,730000000.0,566000000.0,2.9400000000000004
YUM,2021-12-31,6584000000.0,1575000000.0,2139000000.0,1706000000.0,230000000.0,1476000000.0,5966000000.0,-8373000000.0,11246000000.0,486000000.0,592000000.0,5.21
YUM,2022-12-31,6842000000.0,1325000000.0,2187000000.0,1427000000.0,279000000.0,1148000000.0,5846000000.0,-8876000000.0,11851000000.0,367000000.0,649000000.0,4.57
YUM,2023-12-31,7076000000.0,1597000000.0,2318000000.0,1603000000.0,285000000.0,1318000000.0,6231000000.0,-7858000000.0,11195000000.0,512000000.0,678000000.0,5.59
YUM,2024-12-31,7549000000.0,1486000000.0,2403000000.0,1689000000.0,257000000.0,1432000000.0,6727000000.0,-7648000000.0,11333000000.0,616000000.0,752000000.0,5.22
YUM,2025-12-31,8214000000.0,1559000000.0,2574000000.0,2010000000.0,371000000.0,1639000000.0,8197000000.0,-7325000000.0,11910000000.0,709000000.0,789000000.0,5.55
ZBH,2020-12-31,6127500000.0,-138900000.0,83100000.0,1204500000.0,111900000.0,1092600000.0,24417700000.0,12194200000.0,8126500000.0,774700000.0,198500000.0,-0.6893203883495145
ZBH,2021-12-31,6827300000.0,401600000.0,860300000.0,1499200000.0,143600000.0,1355600000.0,23456400000.0,12660700000.0,7068800000.0,378100000.0,200100000.0,1.9100000000000001
ZBH,2022-12-31,6939900000.0,231400000.0,696300000.0,1356200000.0,187900000.0,1168300000.0,21066000000.0,12020300000.0,5696500000.0,375700000.0,201200000.0,1.1
ZBH,2023-12-31,7394200000.0,1024000000.0,1277700000.0,1581600000.0,291100000.0,1290500000.0,21496900000.0,12480500000.0,5767900000.0,415800000.0,200900000.0,4.88
ZBH,2024-12-31,7678600000.0,903800000.0,1285700000.0,1499400000.0,203800000.0,1295600000.0,21365300000.0,12468100000.0,6204600000.0,525500000.0,196000000.0,4.43
ZBH,2025-12-31,8231500000.0,705100000.0,1098100000.0,1697100000.0,224500000.0,1472600000.0,23091700000.0,12697700000.0,7519100000.0,591900000.0,190300000.0,3.55
ZBRA,2020-12-31,4448000000.0,504000000.0,651000000.0,962000000.0,67000000.0,895000000.0,5375000000.0,2144000000.0,1245000000.0,168000000.0,,9.36
ZBRA,2021-12-31,5627000000.0,837000000.0,979000000.0,1069000000.0,59000000.0,1010000000.0,6215000000.0,2984000000.0,991000000.0,332000000.0,,15.52
ZBRA,2022-12-31,5781000000.0,463000000.0,529000000.0,488000000.0,75000000.0,413000000.0,7529000000.0,2733000000.0,2023000000.0,105000000.0,,8.8
ZBRA,2023-12-31,4584000000.0,296000000.0,481000000.0,-4000000.0,87000000.0,-91000000.0,7306000000.0,3036000000.0,2220000000.0,137000000.0,,5.72
ZBRA,2024-12-31,4981000000.0,528000000.0,742000000.0,1013000000.0,59000000.0,954000000.0,7968000000.0,3586000000.0,2171000000.0,901000000.0,,10.18
ZBRA,2025-12-31,5396000000.0,419000000.0,700000000.0,917000000.0,86000000.0,831000000.0,8502000000.0,3588000000.0,2502000000.0,125000000.0,,8.18
ZTS,2020-12-31,6675000000.0,1638000000.0,1996000000.0,2126000000.0,453000000.0,1673000000.0,13609000000.0,3769000000.0,7195000000.0,3604000000.0,,3.42
ZTS,2021-12-31,7776000000.0,2037000000.0,2488000000.0,2213000000.0,477000000.0,1736000000.0,13900000000.0,4543000000.0,6592000000.0,3485000000.0,,4.27
ZTS,2022-12-31,8080000000.0,2114000000.0,2656000000.0,1912000000.0,586000000.0,1326000000.0,14925000000.0,4405000000.0,7902000000.0,3581000000.0,,4.49
ZTS,2023-12-31,8544000000.0,2344000000.0,2936000000.0,2353000000.0,732000000.0,1621000000.0,14286000000.0,4997000000.0,6564000000.0,2041000000.0,,5.07
ZTS,2024-12-31,9256000000.0,2486000000.0,3133000000.0,2953000000.0,655000000.0,2298000000.0,14237000000.0,4770000000.0,6570000000.0,1987000000.0,,5.470000000000001
ZTS,2025-12-31,9467000000.0,2673000000.0,3360000000.0,2904000000.0,621000000.0,2283000000.0,15490000000.0,3415000000.0,9042000000.0,2450000000.0,,6.02
