ticker,cik,company,sector,industry,classification_source,stale_symbol,exchange,sic,sic_description,pe_ratio,pe_ratio_provider,pe_divergence_pct,forward_pe,forward_eps,eps_ttm,eps_ttm_yf,eps_ttm_edgar,eps_divergence_pct,eps_flag,eps_source,eps_scale_applied,eps_growth_yoy,current_price,fair_value_pe15,eps_normalized_3y,fair_value_norm_pe15,eps_vs_normalized_pct,eps_last_date,lynch_category,lynch_fair_pe,lynch_pe_basis,lynch_note,lynch_anchor,lynch_eps_base,lynch_fair_pb,lynch_confidence,lynch_confidence_note,fair_value_peg,fair_value_note,discount_vs_peg_pct,valuation_peg,growth_5y_cagr,growth_basis,growth_5y_cagr_raw,growth_5y_trend,loss_periods_5y,loss_episodes_5y,years_since_last_loss,earnings_volatility,lynch_ratio,peg_ratio,price_to_book,had_recent_losses,eps_points,n_splits,discount_vs_fv15_pct,dividend_yield,dividend_rate,dividend_frequency,dividend_ttm,dividend_ttm_yield_pct,dividend_has_special,market_cap,shares_outstanding,next_earnings_date,beta,risk_free_pct,revenue_ttm,revenue_latest_fy,net_income_ttm,ebit_ttm,ocf_ttm,fcf_ttm,interest_expense_ttm,fcf_latest_fy,equity,assets,long_term_debt,total_debt,cash,net_debt,enterprise_value,ev_to_ebit,net_debt_to_ebit,ps_ratio,pfcf_ratio,roe_pct,equity_ratio_pct,earning_power_pct,net_margin_pct,operating_margin_pct,debt_to_equity,fcf_yield_pct,fcf_growth_yoy_pct,financials_basis,concepts_used,revenue_growth_yoy_pct,book_value_per_share,revenue_per_share,fcf_per_share,cagr_eps_3y,cagr_eps_5y,cagr_eps_10y,cagr_revenue_3y,cagr_revenue_5y,cagr_revenue_10y,cagr_fcf_3y,cagr_fcf_5y,cagr_fcf_10y,cagr_net_income_3y,cagr_net_income_5y,cagr_net_income_10y,cagr_ocf_3y,cagr_ocf_5y,cagr_ocf_10y,eps_method,eps_basis,eps_basis_note,eps_series_age_days,price_source,missing_inputs,valuation
A,0001090872,"Agilent Technologies, Inc.",Healthcare,Diagnostics & Research,yfinance,False,NYSE,3826,Laboratory Analytical Instruments,32.9,32.9,0.0,24.83,6.758,5.1,5.1,5.08,0.4,ok,yfinance,,18.97,167.78,76.5,4.412,66.18,15.6,2026-07-31,Slow Grower,6.0,"P/E = growth 5% + dividend 0.6% (floor 6, cap 12) · 5-year trend (regression on all points)",Modest growth: deserves a contained multiple. The dividend partly offsets the lower growth.,earnings,current,,high,"consistent earnings, growth measured over the full 5-year window",30.6,ok,448.3,Overvalued,4.5,5-year trend (regression on all points),9.7,4.5,0,0,,19.6,0.16,7.28,6.425,False,68,1,119.3,0.61,1.02,4.0,0.765,0.46,False,47308226560.0,281965813.0,2026-11-25,1.24,5.24,7372000000.0,6948000000.0,1440000000.0,1639000000.0,1609000000.0,1267000000.0,106000000.0,1152000000.0,7363000000.0,13967000000.0,3645000000.0,3949000000.0,1758000000.0,2191000000.0,49499226560.0,30.2,1.34,6.42,37.34,21.0,52.7,11.7,19.5,22.2,0.5,2.68,-16.1,ttm,revenue=RevenueFromContractWithCustomerExcludingAssessedTax+SalesRevenueNet+Revenues;net_income=NetIncomeLoss+ProfitLoss;ebit=OperatingIncomeLoss;ocf=NetCashProvidedByUsedInOperatingActivities;capex=PaymentsToAcquirePropertyPlantAndEquipment;interest_expense=InterestExpense;assets=Assets;equity=StockholdersEquity;long_term_debt=LongTermDebtNoncurrent;short_term_debt=ShortTermBorrowings;cash=CashAndCashEquivalentsAtCarryingValue,8.6,26.11,26.15,4.49,9.9,9.7,13.4,1.8,3.7,6.0,-3.7,-0.0,6.3,8.3,7.8,11.7,-1.9,2.5,7.2,ttm,edgar,,64,yfinance,,Overvalued
AAPL,0000320193,Apple Inc.,Technology,Consumer Electronics,yfinance,False,Nasdaq,3571,Electronic Computers,37.88,37.88,0.0,34.82,9.583,8.81,8.81,8.71,1.1,ok,yfinance,,32.17,333.69,132.15,6.514,97.71,35.2,2026-06-27,Slow Grower,7.3,"P/E = growth 7% + dividend 0.3% (floor 6, cap 12) · 5-year trend (regression on all points)",Modest growth: deserves a contained multiple. The dividend partly offsets the lower growth.,earnings,current,,high,"consistent earnings, growth measured over the full 5-year window",64.63,ok,416.3,Overvalued,7.0,5-year trend (regression on all points),11.3,7.0,0,0,,18.0,0.19,5.4,45.338,False,68,5,152.5,0.32,1.08,4.0,1.06,0.32,False,4869931925504.0,14594180000.0,2026-10-29,1.08,5.24,466823000000.0,416161000000.0,128930000000.0,154859000000.0,146724000000.0,136683000000.0,,98767000000.0,107520000000.0,383266000000.0,71340000000.0,82347000000.0,39544000000.0,42803000000.0,4912734925504.0,31.72,0.28,10.43,35.63,148.8,28.1,40.4,27.6,33.2,0.66,2.81,-9.2,ttm,revenue=RevenueFromContractWithCustomerExcludingAssessedTax+Revenues+SalesRevenueNet;net_income=NetIncomeLoss;ebit=OperatingIncomeLoss;ocf=NetCashProvidedByUsedInOperatingActivities+NetCashProvidedByUsedInOperatingActivitiesContinuingOperations;capex=PaymentsToAcquirePropertyPlantAndEquipment+PaymentsToAcquireProductiveAssets;interest_expense=InterestExpense+InterestExpenseDebt;assets=Assets;equity=StockholdersEquity;long_term_debt=LongTermDebtNoncurrent;short_term_debt=LongTermDebtCurrent;cash=CashAndCashEquivalentsAtCarryingValue,14.2,7.37,31.99,9.37,13.6,11.3,15.1,6.8,6.1,7.8,10.7,7.6,10.4,10.8,8.2,10.4,9.1,7.0,8.8,ttm,edgar,,98,yfinance,,Overvalued
ABBV,0001551152,AbbVie Inc.,Healthcare,Drug Manufacturers - General,yfinance,False,NYSE,2834,Pharmaceutical Preparations,73.62,73.62,0.0,16.16,16.259,3.57,3.57,3.54,0.8,ok,yfinance,,68.57,262.82,53.55,2.587,38.8,38.0,2026-06-30,Slow Grower (declining earnings),6.0,P/E = 0% growth credit + dividend 2.6% (floor 6) · 5-year trend (regression on all points),"Earnings are contracting, so the model gives no credit for growth: the multiple comes from the dividend and the floor alone. Applied to normalized earnings where available, since the latest figure of a declining company is its lowest point. Check whether the decline is cyclical or structural.",earnings,current,,medium,earnings declining -21%/year,21.42,ok,1127.0,Overvalued,-21.3,5-year trend (regression on all points),-0.9,-21.3,0,0,,31.3,-0.25,,-78.244,False,55,0,390.8,2.63,6.92,4.0,6.83,2.6,False,464433774592.0,1767117285.0,2026-10-30,0.28,5.24,64386000000.0,61160000000.0,6310000000.0,16870000000.0,19507000000.0,18210000000.0,2916000000.0,17816000000.0,-5935000000.0,135115000000.0,62481000000.0,62481000000.0,6569000000.0,55912000000.0,520345774592.0,30.84,3.31,7.21,25.5,,-4.4,12.5,9.8,26.2,,3.92,-0.1,ttm,revenue=Revenues+RevenueFromContractWithCustomerExcludingAssessedTax+SalesRevenueNet;net_income=NetIncomeLoss+NetIncomeLossAvailableToCommonStockholdersBasic;ebit=OperatingIncomeLoss;ocf=NetCashProvidedByUsedInOperatingActivities+NetCashProvidedByUsedInOperatingActivitiesContinuingOperations;capex=PaymentsToAcquirePropertyPlantAndEquipment;interest_expense=InterestExpense+InterestExpenseDebt;assets=Assets;equity=StockholdersEquity;long_term_debt=LongTermDebtAndCapitalLeaseObligations;short_term_debt=ShortTermBorrowings;cash=CashAndCashEquivalentsAtCarryingValue,10.4,-3.36,36.44,10.3,-10.0,-0.9,0.2,4.7,3.7,10.0,-9.8,-1.4,9.1,-10.1,-1.1,1.0,-8.6,-0.9,9.1,ttm,edgar,,95,yfinance,,Overvalued
ABNB,0001559720,"Airbnb, Inc.",Consumer Cyclical,Travel Services,yfinance,False,Nasdaq,7340,Services-To Dwellings & Other Buildings,36.67,36.67,0.0,26.23,6.192,4.43,4.43,4.39,0.9,ok,yfinance,,6.81,162.43,66.45,4.188,62.82,5.8,2026-06-30,Slow Grower (declining earnings),6.0,P/E = 0% growth credit + dividend not available (treated as 0) (floor 6) · 3-year trend — no usable 5-year history,"Earnings are contracting, so the model gives no credit for growth: the multiple comes from the dividend and the floor alone. Applied to normalized earnings where available, since the latest figure of a declining company is its lowest point. Check whether the decline is cyclical or structural.",earnings,current,,low,"growth measured on a short window (3-year trend — no usable 5-year history); erratic earnings (volatility 93); one loss episode 4 years ago, profitable since; earnings declining -23%/year",26.58,ok,511.1,Overvalued,-22.6,3-year trend — no usable 5-year history,,,3,1,4.5,93.5,-0.62,,12.288,True,23,0,144.4,,,,,,False,97260748800.0,598785682.0,2026-11-05,1.16,5.24,13159000000.0,12241000000.0,2691277000.0,2738000000.0,4860000000.0,,,3405000000.0,7799000000.0,28754000000.0,2476000000.0,2476000000.0,6821000000.0,-4345000000.0,92915748800.0,33.94,-1.59,7.39,,34.5,27.1,9.5,20.5,20.8,0.32,,48.8,ttm,revenue=RevenueFromContractWithCustomerExcludingAssessedTax;net_income=NetIncomeLoss;ebit=OperatingIncomeLoss;ocf=NetCashProvidedByUsedInOperatingActivities;capex=PaymentsToAcquirePropertyPlantAndEquipment;assets=Assets;equity=StockholdersEquity;long_term_debt=LongTermDebtNoncurrent;short_term_debt=LongTermDebtCurrent;cash=CashAndCashEquivalentsAtCarryingValue,13.6,13.02,21.98,,8.7,,,13.1,24.4,,,,,5.4,,,7.4,26.8,,ttm,edgar,,95,yfinance,dividend_yield;free_cash_flow,Overvalued
ABT,0000001800,Abbott Laboratories,Healthcare,Medical Devices,yfinance,False,NYSE,2834,Pharmaceutical Preparations,31.25,31.25,0.0,16.07,6.065,3.12,3.12,3.57,14.4,ok,yfinance,0.874,-53.64,97.5,46.8,2.998,44.96,4.1,2026-03-31,Slow Grower,11.2,"P/E = growth 9% + dividend 2.6% (floor 6, cap 12) · 5-year trend (regression on all points)",Modest growth: deserves a contained multiple. The dividend partly offsets the lower growth.,earnings,current,,medium,erratic earnings (volatility 59),35.09,ok,177.9,Overvalued,8.7,5-year trend (regression on all points),2.3,8.7,0,0,,58.7,0.36,3.61,3.301,False,70,7,108.3,2.58,2.52,4.0,2.48,2.54,False,168712372224.0,1730383296.0,2026-10-21,0.59,5.24,45134000000.0,44328000000.0,6276000000.0,7705000000.0,9464000000.0,7378000000.0,536000000.0,7395000000.0,52061000000.0,110429000000.0,29638000000.0,34047000000.0,6803000000.0,27244000000.0,195956372224.0,25.43,3.54,3.74,22.87,12.4,47.1,7.0,13.9,17.1,0.57,4.37,16.4,ttm,revenue=RevenueFromContractWithCustomerExcludingAssessedTax+SalesRevenueNet;net_income=NetIncomeLoss+NetIncomeLossAvailableToCommonStockholdersBasic+ProfitLoss;ebit=OperatingIncomeLoss;ocf=NetCashProvidedByUsedInOperatingActivities+NetCashProvidedByUsedInOperatingActivitiesContinuingOperations;capex=PaymentsToAcquirePropertyPlantAndEquipment;interest_expense=InterestExpenseNonoperating+InterestExpense;assets=Assets;equity=StockholdersEquity;long_term_debt=LongTermDebtNoncurrent;short_term_debt=LongTermDebtCurrent;cash=CashAndCashEquivalentsAtCarryingValue,6.6,30.09,26.08,4.26,2.8,2.3,8.2,2.8,3.9,8.3,2.6,-0.6,15.5,2.6,1.9,9.9,3.0,-0.7,12.7,ttm,edgar,,186,yfinance,,Overvalued
ACGL,0000947484,Arch Capital Group Ltd.,Financial Services,Insurance - Diversified,yfinance,False,Nasdaq,6331,"Fire, Marine & Casualty Insurance",7.38,7.38,0.0,9.58,9.768,12.69,12.69,12.77,0.6,ok,yfinance,,31.92,93.6,190.35,11.537,173.06,10.0,2026-06-30,Fast Grower,25.0,P/E = growth 30% + dividend 0.0% (capped at 25) · 5-year trend (regression on all points),"High growth: the multiple tracks the growth rate but is capped at 25, because very few companies sustain that pace for years.",earnings,current,,medium,erratic earnings (volatility 64),317.25,ok,-70.5,Undervalued,30.3,5-year trend (regression on all points),20.7,30.3,0,0,,64.0,4.11,0.24,1.37,False,63,2,-50.8,,,,0.0,,False,31939045376.0,341229126.0,2026-10-27,0.28,5.24,19232000000.0,19929000000.0,4692000000.0,5159000000.0,6100000000.0,6055000000.0,156000000.0,6128000000.0,24030000000.0,85179000000.0,,,1109000000.0,,30830045376.0,5.98,,1.66,5.27,19.9,28.2,6.1,24.4,26.8,,18.96,-7.5,annual:ebit,revenue=Revenues;net_income=NetIncomeLoss+NetIncomeLossAvailableToCommonStockholdersBasic;ebit=IncomeLossFromContinuingOperationsBeforeIncomeTaxesExtraordinaryItemsNoncontrollingInterest;ocf=NetCashProvidedByUsedInOperatingActivities+NetCashProvidedByUsedInOperatingActivitiesContinuingOperations;capex=PaymentsToAcquireProductiveAssets;interest_expense=InterestExpense+InterestExpenseDebt;assets=Assets;equity=StockholdersEquity;cash=CashAndCashEquivalentsAtCarryingValue,0.4,70.42,56.36,17.74,29.3,20.7,25.8,17.7,15.1,16.7,11.0,14.1,18.2,27.5,17.7,25.1,10.9,13.9,18.1,ttm,edgar,,95,yfinance,dividend_yield,Undervalued
ACN,0001467373,Accenture plc,Technology,Information Technology Services,yfinance,False,NYSE,7389,"Services-Business Services, NEC",16.94,16.94,0.0,13.56,14.664,11.74,11.74,12.52,6.6,ok,yfinance,0.938,-0.32,198.9,176.1,11.262,168.93,4.2,2026-05-31,Slow Grower,9.4,"P/E = growth 6% + dividend 3.3% (floor 6, cap 12) · 5-year trend (regression on all points)",Modest growth: deserves a contained multiple. The dividend partly offsets the lower growth.,earnings,current,,high,"consistent earnings, growth measured over the full 5-year window",110.54,ok,79.9,Overvalued,6.1,5-year trend (regression on all points),7.0,6.1,0,0,,9.6,0.56,2.76,3.816,False,68,0,12.9,3.28,6.52,4.0,3.26,1.64,True,121715277824.0,611942109.0,2026-12-17,,5.24,73100595000.0,69672977000.0,7789752000.0,10592234000.0,13182094000.0,12581688000.0,265819000.0,10874360000.0,31890566000.0,68806561000.0,5029449000.0,5142265000.0,10165245000.0,-5022980000.0,116692297824.0,11.02,-0.47,1.67,9.67,24.9,46.3,15.4,10.7,14.5,0.16,10.34,26.2,ttm,revenue=Revenues;net_income=NetIncomeLoss;ebit=OperatingIncomeLoss;ocf=NetCashProvidedByUsedInOperatingActivities;capex=PaymentsToAcquirePropertyPlantAndEquipment;interest_expense=InterestExpense;assets=Assets;equity=StockholdersEquity;long_term_debt=LongTermDebtAndCapitalLeaseObligations;short_term_debt=DebtCurrent;cash=CashAndCashEquivalentsAtCarryingValue,6.7,52.11,119.46,20.56,3.7,7.0,7.8,4.8,8.8,7.9,10.3,6.5,13.0,2.8,6.2,7.5,10.0,6.3,12.1,ttm,edgar,,125,yfinance,,Overvalued
ADBE,0000796343,Adobe Inc.,Technology,Software - Application,yfinance,False,Nasdaq,7372,Services-Prepackaged Software,13.47,13.47,0.0,8.59,27.673,17.64,17.64,17.91,1.5,ok,yfinance,,11.87,237.69,264.6,14.912,223.68,18.3,2026-08-28,Stalwart,13.1,P/E = growth 13% + dividend 0.0% · 5-year trend (regression on all points),"Solid, predictable growth: the fair P/E matches the growth rate plus the dividend yield (PEG = 1).",earnings,current,,high,"consistent earnings, growth measured over the full 5-year window",231.91,ok,2.5,Overvalued,13.1,5-year trend (regression on all points),8.2,13.1,0,0,,28.8,0.98,1.02,7.9,False,68,6,-10.2,,,4.0,0.0,,False,94481776640.0,397500000.0,2026-12-09,1.42,5.24,25970000000.0,23769000000.0,7284000000.0,9271000000.0,10806000000.0,10592000000.0,260000000.0,9852000000.0,11764000000.0,29981000000.0,4766000000.0,6363000000.0,4359000000.0,2004000000.0,96485776640.0,10.41,0.22,3.64,8.92,61.9,39.2,30.9,28.0,35.7,0.41,11.21,25.1,ttm,revenue=Revenues;net_income=NetIncomeLoss;ebit=OperatingIncomeLoss+IncomeLossFromContinuingOperationsBeforeIncomeTaxesMinorityInterestAndIncomeLossFromEquityMethodInvestments;ocf=NetCashProvidedByUsedInOperatingActivities;capex=PaymentsToAcquirePropertyPlantAndEquipment;interest_expense=InterestExpenseNonoperating+InterestExpense+InterestExpenseDebt;assets=Assets;equity=StockholdersEquity;long_term_debt=LongTermDebtNoncurrent;short_term_debt=DebtCurrent;cash=CashAndCashEquivalentsAtCarryingValue,12.0,29.59,65.33,26.65,17.3,8.2,24.8,11.2,11.5,16.7,11.6,10.0,19.8,12.5,4.5,22.1,10.4,9.3,18.7,ttm,edgar,,36,yfinance,dividend_yield,Undervalued
ADI,0000006281,"Analog Devices, Inc.",Technology,Semiconductors,yfinance,False,Nasdaq,3674,Semiconductors & Related Devices,48.06,48.06,0.0,25.52,16.348,8.68,8.68,8.43,2.9,ok,yfinance,1.03,115.6,417.15,130.2,4.556,68.34,90.5,2026-08-01,Slow Grower,7.8,"P/E = growth 7% + dividend 1.1% (floor 6, cap 12) · 5-year trend (regression on all points)",Modest growth: deserves a contained multiple. The dividend partly offsets the lower growth.,earnings,current,,medium,erratic earnings (volatility 56),67.53,ok,517.8,Overvalued,6.7,5-year trend (regression on all points),13.0,6.7,0,0,,56.5,0.16,7.15,6.025,False,68,10,220.4,1.05,4.4,4.0,4.29,1.03,False,202136485888.0,484565465.0,2026-11-24,1.21,5.24,13881744000.0,11019707000.0,4135004000.0,4934886000.0,5545325000.0,4937495000.0,350849000.0,4278650000.0,33550897000.0,48424417000.0,6771624000.0,8116479000.0,2165870000.0,5950609000.0,208087094888.0,42.17,1.21,14.56,40.94,12.2,69.3,10.2,29.8,35.5,0.2,2.44,37.0,ttm,revenue=RevenueFromContractWithCustomerExcludingAssessedTax+Revenues+SalesRevenueNet;net_income=NetIncomeLoss+ProfitLoss;ebit=OperatingIncomeLoss;ocf=NetCashProvidedByUsedInOperatingActivities;capex=PaymentsToAcquirePropertyPlantAndEquipment;interest_expense=InterestExpenseNonoperating+InterestExpense;assets=Assets;equity=StockholdersEquity;long_term_debt=LongTermDebtNoncurrent;short_term_debt=DebtCurrent;cash=CashAndCashEquivalentsAtCarryingValue,33.6,69.24,28.65,10.19,4.8,13.0,14.8,2.6,16.4,15.1,10.2,17.3,19.1,3.3,19.4,20.1,5.1,17.6,18.8,ttm,edgar,,63,yfinance,,Overvalued
ADM,0000007084,Archer-Daniels-Midland Company,Consumer Defensive,Farm Products,yfinance,False,NYSE,2070,Fats & Oils,21.74,21.74,0.0,14.19,5.67,3.7,3.7,3.66,1.1,ok,yfinance,,58.44,80.45,55.5,3.614,54.21,2.4,2026-06-30,Slow Grower (declining earnings),6.0,P/E = 0% growth credit + dividend 2.6% (floor 6) · 5-year trend (regression on all points),"Earnings are contracting, so the model gives no credit for growth: the multiple comes from the dividend and the floor alone. Applied to normalized earnings where available, since the latest figure of a declining company is its lowest point. Check whether the decline is cyclical or structural.",earnings,current,,low,erratic earnings (volatility 54); earnings declining -17%/year,22.2,ok,262.4,Overvalued,-17.3,5-year trend (regression on all points),-2.2,-17.3,0,0,,54.0,-0.68,,1.645,False,69,26,45.0,2.59,2.08,4.0,2.07,2.57,False,38773645312.0,481959583.0,2026-11-03,0.61,5.24,24993000000.0,24956000000.0,1770000000.0,2095000000.0,2795000000.0,1677000000.0,592000000.0,4204000000.0,23580000000.0,53527000000.0,6451000000.0,7604000000.0,1060000000.0,6544000000.0,45317645312.0,21.63,3.12,1.55,23.12,7.7,44.1,3.9,7.1,8.4,0.27,4.33,242.6,ttm,revenue=RevenueFromContractWithCustomerExcludingAssessedTax+Revenues;net_income=NetIncomeLoss;ebit=IncomeLossFromContinuingOperationsBeforeIncomeTaxesExtraordinaryItemsNoncontrollingInterest;ocf=NetCashProvidedByUsedInOperatingActivities;capex=PaymentsToAcquirePropertyPlantAndEquipment;interest_expense=InterestExpense;assets=Assets;equity=StockholdersEquityIncludingPortionAttributableToNoncontrollingInterest;long_term_debt=LongTermDebtNoncurrent;short_term_debt=LongTermDebtCurrent;cash=CashAndCashEquivalentsAtCarryingValue,1.0,48.93,51.86,3.48,-21.2,-2.2,4.0,-37.0,-19.7,-8.8,-22.6,58.6,,-24.7,-5.2,1.8,-17.9,21.5,11.6,ttm,edgar,,95,yfinance,,Overvalued
ADP,0000008670,"Automatic Data Processing, Inc.",Technology,Software - Application,yfinance,False,Nasdaq,7374,Services-Computer Processing & Data Preparation,24.15,24.15,0.0,19.23,13.398,10.67,10.67,10.94,2.5,ok,yfinance,0.975,9.62,257.68,160.05,9.431,141.47,13.1,2026-06-30,Stalwart,15.1,P/E = growth 13% + dividend 2.6% · 5-year trend (regression on all points),"Solid, predictable growth: the fair P/E matches the growth rate plus the dividend yield (PEG = 1).",earnings,current,,high,"consistent earnings, growth measured over the full 5-year window",161.62,ok,59.4,Overvalued,12.5,5-year trend (regression on all points),12.5,12.5,0,0,,4.9,0.63,1.93,16.996,False,65,7,61.0,2.64,6.8,4.0,6.8,2.64,False,102106095616.0,396251548.0,2026-10-28,0.83,5.24,21947500000.0,21947400000.0,4413400000.0,5730300000.0,5441200000.0,,459200000.0,,6031200000.0,63193300000.0,4964100000.0,4965100000.0,4230100000.0,735000000.0,102841095616.0,17.95,0.13,4.65,,72.2,9.5,9.1,20.1,26.1,0.82,,,ttm,revenue=RevenueFromContractWithCustomerExcludingAssessedTax+Revenues;net_income=NetIncomeLoss;ebit=IncomeLossFromContinuingOperationsBeforeIncomeTaxesExtraordinaryItemsNoncontrollingInterest+IncomeLossFromContinuingOperationsBeforeIncomeTaxesMinorityInterestAndIncomeLossFromEquityMethodInvestments;ocf=NetCashProvidedByUsedInOperatingActivities;interest_expense=InterestExpense;assets=Assets;equity=StockholdersEquity;long_term_debt=LongTermDebtNoncurrent;short_term_debt=DebtCurrent;cash=CashAndCashEquivalentsAtCarryingValue,6.7,15.22,55.39,,10.0,12.5,12.9,6.8,7.9,6.5,,,,9.0,11.2,11.5,8.9,12.0,11.1,ttm,edgar,,95,yfinance,free_cash_flow,Overvalued
ADSK,0000769397,"Autodesk, Inc.",Technology,Software - Application,yfinance,False,Nasdaq,7372,Services-Prepackaged Software,27.39,27.39,0.0,14.93,14.199,7.74,7.74,7.72,0.3,ok,yfinance,,60.17,212.0,116.1,4.958,74.37,56.1,2026-07-31,Stalwart (mid cap),14.1,P/E = growth 14% + dividend 0.0% · 5-year trend (regression on all points),"Solid, predictable growth: the fair P/E matches the growth rate plus the dividend yield (PEG = 1).",earnings,current,,medium,erratic earnings (volatility 57),109.42,ok,93.8,Overvalued,14.1,5-year trend (regression on all points),5.5,14.1,0,0,,56.7,0.52,1.94,13.097,False,71,4,82.6,,,4.0,0.0,,False,44308000768.0,209000000.0,2026-11-27,1.31,5.24,7790000000.0,7206000000.0,1642000000.0,2041000000.0,2896000000.0,2839000000.0,83000000.0,2409000000.0,3383000000.0,12983000000.0,2500000000.0,3494000000.0,4098000000.0,-604000000.0,43704000768.0,21.41,-0.3,5.69,15.61,53.9,26.1,15.7,21.1,26.2,0.74,6.41,53.7,ttm,revenue=RevenueFromContractWithCustomerExcludingAssessedTax+SalesRevenueNet;net_income=NetIncomeLoss;ebit=OperatingIncomeLoss;ocf=NetCashProvidedByUsedInOperatingActivities;capex=PaymentsToAcquirePropertyPlantAndEquipment+PaymentsForCapitalImprovements;interest_expense=InterestExpense;assets=Assets;equity=StockholdersEquity;long_term_debt=LongTermDebt;short_term_debt=ShortTermBorrowings;cash=CashAndCashEquivalentsAtCarryingValue,17.9,16.19,37.27,13.58,24.1,5.5,,14.3,14.0,12.9,8.8,14.0,24.7,23.4,4.6,,9.0,13.2,22.0,ttm,edgar,,64,yfinance,dividend_yield,Overvalued
AEE,0001002910,Ameren Corporation,Utilities,Utilities - Regulated Electric,yfinance,False,NYSE,4931,Electric & Other Services Combined,17.53,17.53,0.0,17.23,5.801,5.7,5.7,5.68,0.4,ok,yfinance,,24.84,99.94,85.5,4.486,67.29,27.1,2026-06-30,Slow Grower,10.8,"P/E = growth 8% + dividend 3.0% (floor 6, cap 12) · 5-year trend (regression on all points)",Modest growth: deserves a contained multiple. The dividend partly offsets the lower growth.,earnings,current,,high,"consistent earnings, growth measured over the full 5-year window",61.45,ok,62.6,Overvalued,7.8,5-year trend (regression on all points),9.3,7.8,0,0,,4.7,0.61,2.25,2.021,False,63,0,16.9,3.0,3.0,4.0,2.96,2.96,False,27667716096.0,276843251.0,2026-11-04,0.47,5.24,8749000000.0,8799000000.0,1563000000.0,2176000000.0,3251000000.0,-1400000000.0,827000000.0,-775000000.0,13687000000.0,51216000000.0,19064000000.0,20588000000.0,12000000.0,20576000000.0,48243716096.0,22.17,9.46,3.16,,12.0,26.7,4.2,17.9,24.9,1.39,-5.06,50.2,ttm,revenue=RevenueFromContractWithCustomerIncludingAssessedTax+Revenues;net_income=NetIncomeLossAvailableToCommonStockholdersBasic+NetIncomeLoss;ebit=OperatingIncomeLoss;ocf=NetCashProvidedByUsedInOperatingActivities;capex=PaymentsToAcquirePropertyPlantAndEquipment+PaymentsToAcquireProductiveAssets;interest_expense=InterestExpense;assets=Assets;equity=StockholdersEquity;long_term_debt=LongTermDebtNoncurrent;short_term_debt=LongTermDebtCurrent;cash=CashAndCashEquivalentsAtCarryingValue,3.8,49.44,31.6,-5.06,10.0,9.3,8.3,2.3,7.9,3.8,,,,11.9,11.1,9.6,9.1,17.2,4.9,ttm,edgar,,95,yfinance,,Overvalued
AEP,0000004904,"American Electric Power Company, Inc.",Utilities,Utilities - Regulated Electric,yfinance,False,Nasdaq,4911,Electric Services,17.69,20.76,14.8,17.44,6.857,6.76,5.76,6.76,17.4,check,edgar,,30.5,119.57,101.4,5.275,79.12,28.2,2026-03-31,Slow Grower,10.7,"P/E = growth 7% + dividend 3.2% (floor 6, cap 12) · 5-year trend (regression on all points)",Modest growth: deserves a contained multiple. The dividend partly offsets the lower growth.,earnings,current,,high,"consistent earnings, growth measured over the full 5-year window",72.0,ok,66.1,Overvalued,7.5,5-year trend (regression on all points),8.1,7.5,0,0,,25.2,0.6,2.37,2.029,False,66,1,17.9,3.18,3.8,4.0,3.8,3.18,False,65093595136.0,544397352.0,2026-10-28,0.5,5.24,22207900000.0,21702000000.0,3653800000.0,5394800000.0,7013000000.0,2595000000.0,2083100000.0,3491000000.0,31808000000.0,117776000000.0,46850000000.0,49554000000.0,306000000.0,49248000000.0,114341595136.0,21.19,9.13,2.93,25.08,12.4,27.0,4.6,16.5,24.3,1.47,3.99,-45.5,ttm,revenue=RevenueFromContractWithCustomerExcludingAssessedTax+RevenueFromContractWithCustomerIncludingAssessedTax+Revenues;net_income=NetIncomeLossAvailableToCommonStockholdersBasic+NetIncomeLoss;ebit=OperatingIncomeLoss;ocf=NetCashProvidedByUsedInOperatingActivities+NetCashProvidedByUsedInOperatingActivitiesContinuingOperations;capex=PaymentsToAcquireProductiveAssets+PaymentsToAcquirePropertyPlantAndEquipment;interest_expense=InterestExpenseNonoperating+InterestExpense;assets=Assets;equity=StockholdersEquity;long_term_debt=LongTermDebtNoncurrent;short_term_debt=LongTermDebtCurrent;cash=CashAndCashEquivalentsAtCarryingValue,8.2,58.43,40.79,4.77,20.6,8.1,5.6,4.4,7.5,3.4,-2.8,-2.8,-5.7,13.3,9.9,6.7,17.0,17.7,5.0,ttm,edgar,,186,yfinance,,Overvalued
AES,0000874761,The AES Corporation,Utilities,Utilities - Diversified,yfinance,False,NYSE,4991,Cogeneration Services & Small Power Producers,5.58,5.58,0.0,6.29,2.37,2.67,2.67,2.62,1.9,ok,yfinance,,103.1,14.91,40.05,1.406,21.1,89.9,2026-06-30,Unclassified,,growth not calculable on any window,"Not enough usable earnings history to estimate growth on any of the four windows tried (5-year trend and CAGR, 3-year trend and CAGR). No category multiple is assigned: the fixed P/E 15 line is the only reading available.",none,current,,low,"growth not calculable on any window; erratic earnings (volatility 229); one loss episode 3 years ago, profitable since",,no valuation anchor for this category,,N/A,,not calculable,,,9,1,2.7,228.6,,,2.152,True,67,4,-62.8,4.72,0.704,4.0,0.704,4.72,False,10637370368.0,713438630.0,2026-11-04,0.95,5.24,13054000000.0,12233000000.0,1872000000.0,749000000.0,5032000000.0,-1720000000.0,1434000000.0,-1623000000.0,4942000000.0,54238000000.0,714000000.0,735000000.0,1800000000.0,-1065000000.0,9572370368.0,12.78,-1.42,0.81,,45.0,9.1,1.4,14.3,5.7,0.14,-16.17,65.0,ttm,revenue=Revenues;net_income=NetIncomeLoss;ebit=IncomeLossFromContinuingOperationsBeforeIncomeTaxesMinorityInterestAndIncomeLossFromEquityMethodInvestments+IncomeLossFromContinuingOperationsBeforeIncomeTaxesExtraordinaryItemsNoncontrollingInterest;ocf=NetCashProvidedByUsedInOperatingActivities;capex=PaymentsToAcquirePropertyPlantAndEquipment;interest_expense=InterestExpense;assets=Assets;equity=StockholdersEquity;long_term_debt=FinanceLeaseLiabilityNoncurrent;short_term_debt=FinanceLeaseLiabilityCurrent;cash=CashAndCashEquivalentsAtCarryingValue,8.5,6.93,18.3,-2.41,,,,0.3,4.6,1.1,,,,,,,18.3,14.7,5.6,ttm,edgar,,95,yfinance,growth_5y,Undervalued
AFL,0000004977,Aflac Incorporated,Financial Services,Insurance - Life,yfinance,False,NYSE,6321,Accident & Health Insurance,11.99,11.99,0.0,14.77,7.553,9.3,9.3,9.27,0.3,ok,yfinance,,108.78,111.54,139.5,7.745,116.17,20.1,2026-06-30,Slow Grower,6.0,"P/E = growth 3% + dividend 2.2% (floor 6, cap 12) · 5-year trend (regression on all points)",Modest growth: deserves a contained multiple. The dividend partly offsets the lower growth.,earnings,current,,high,"consistent earnings, growth measured over the full 5-year window",55.8,ok,99.9,Overvalued,2.6,5-year trend (regression on all points),2.3,2.6,0,0,,34.8,0.4,4.6,1.848,False,67,10,-20.0,2.19,2.44,4.0,2.41,2.16,True,55919833088.0,501343298.0,2026-11-04,0.58,5.24,18069000000.0,17164000000.0,4862000000.0,5786000000.0,2647000000.0,,238000000.0,,30312000000.0,115961000000.0,,8729000000.0,6120000000.0,2609000000.0,58528833088.0,10.12,0.45,3.09,,16.9,26.1,5.0,26.9,32.0,,,,ttm,revenue=Revenues;net_income=NetIncomeLoss+NetIncomeLossAvailableToCommonStockholdersBasic;ebit=IncomeLossFromContinuingOperationsBeforeIncomeTaxesExtraordinaryItemsNoncontrollingInterest+OperatingIncomeLoss+IncomeLossFromContinuingOperationsBeforeIncomeTaxesMinorityInterestAndIncomeLossFromEquityMethodInvestments;ocf=NetCashProvidedByUsedInOperatingActivities;interest_expense=InterestExpenseDebt+InterestExpense;assets=Assets;equity=StockholdersEquity;cash=CashAndCashEquivalentsAtCarryingValue,13.6,60.46,36.04,,6.0,2.3,11.8,-1.0,-4.7,-1.6,,,,0.4,-3.5,6.6,-8.4,-14.2,-8.6,ttm,edgar,,95,yfinance,free_cash_flow,Undervalued
AIG,0000005272,"American International Group, Inc.",Financial Services,Insurance - Diversified,yfinance,False,NYSE,6331,"Fire, Marine & Casualty Insurance",13.75,13.75,0.0,8.51,8.809,5.45,5.45,5.48,0.6,ok,yfinance,,2.24,74.93,81.75,5.425,81.38,0.5,2026-06-30,Asset Play,,net asset value (fair P/B = 1),"Trading at 0.97x book value: the market prices the company below its accounting net worth. The anchor is the balance sheet, not the P/E. Book value is a starting point, not an appraisal — it understates land carried at cost and overstates obsolete inventory.",book,current,1.0,low,"erratic earnings (volatility 267); one loss episode 1 years ago, profitable since",77.66,ok,-3.5,Undervalued,2.6,"5-year CAGR (two endpoints, window contains losses)",2.6,,4,1,1.2,267.4,0.39,5.2,0.968,True,67,13,-8.3,2.67,2.0,4.0,1.9,2.54,True,39180386304.0,522893169.0,2026-11-03,0.51,5.24,26636000000.0,26775000000.0,2965000000.0,3626000000.0,3850000000.0,,404000000.0,6003000000.0,40606000000.0,163464000000.0,9191000000.0,9191000000.0,1565000000.0,7626000000.0,46806386304.0,12.91,2.1,1.47,,7.2,24.8,2.2,11.1,13.6,0.23,,53.0,ttm,revenue=Revenues;net_income=NetIncomeLossAvailableToCommonStockholdersBasic+NetIncomeLoss;ebit=IncomeLossFromContinuingOperationsBeforeIncomeTaxesExtraordinaryItemsNoncontrollingInterest;ocf=NetCashProvidedByUsedInOperatingActivities;capex=PaymentsToAcquireProductiveAssets;interest_expense=InterestExpense;assets=Assets;equity=StockholdersEquity;long_term_debt=LongTermDebt;short_term_debt=ShortTermBorrowings;cash=CashCashEquivalentsRestrictedCashAndRestrictedCashEquivalents,-4.2,77.66,50.94,,-5.7,2.6,,19.7,-10.0,-6.7,,,,-15.0,-6.8,,-6.1,-1.2,2.7,ttm,edgar,,95,yfinance,free_cash_flow,Undervalued
AIZ,0001267238,"Assurant, Inc.",Financial Services,Insurance - Property & Casualty,yfinance,False,NYSE,6399,"Insurance Carriers, NEC",12.74,12.74,0.0,11.41,23.433,20.98,20.98,20.9,0.4,ok,yfinance,,51.45,267.32,314.7,14.435,216.53,45.3,2026-06-30,Slow Grower,9.6,"P/E = growth 8% + dividend 1.3% (floor 6, cap 12) · 5-year trend (regression on all points)",Modest growth: deserves a contained multiple. The dividend partly offsets the lower growth.,earnings,current,,medium,erratic earnings (volatility 62),202.33,ok,32.1,Overvalued,8.3,5-year trend (regression on all points),22.7,8.3,0,0,,62.0,0.76,1.53,2.165,False,67,0,-15.1,1.32,3.52,4.0,3.52,1.32,False,13185229824.0,49323767.0,2026-11-03,0.54,5.24,13456200000.0,12814300000.0,1063500000.0,1327200000.0,1870700000.0,1655600000.0,112900000.0,1598400000.0,6097900000.0,36081400000.0,,,1698700000.0,,11486529824.0,8.65,,0.98,7.96,18.3,16.9,3.7,7.9,9.9,,12.56,43.8,ttm,revenue=Revenues;net_income=NetIncomeLoss+NetIncomeLossAvailableToCommonStockholdersBasic;ebit=IncomeLossFromContinuingOperationsBeforeIncomeTaxesExtraordinaryItemsNoncontrollingInterest+IncomeLossFromContinuingOperationsBeforeIncomeTaxesMinorityInterestAndIncomeLossFromEquityMethodInvestments;ocf=NetCashProvidedByUsedInOperatingActivities+NetCashProvidedByUsedInOperatingActivitiesContinuingOperations;capex=PaymentsToAcquirePropertyPlantAndEquipment;interest_expense=InterestExpenseDebt+InterestExpense;assets=Assets;equity=StockholdersEquity;long_term_debt=LongTermDebt;short_term_debt=CommercialPaper;cash=CashAndCashEquivalentsAtCarryingValue,9.4,123.63,272.81,33.57,48.1,22.7,11.7,8.4,6.6,4.1,12.2,3.1,,45.5,17.6,9.0,10.9,3.5,,ttm,edgar,,95,yfinance,,Undervalued
AJG,0000354190,Arthur J. Gallagher & Co.,Financial Services,Insurance Brokers,yfinance,False,NYSE,6411,"Insurance Agents, Brokers & Service",38.45,38.45,0.0,15.21,14.865,5.88,5.88,6.03,2.6,ok,yfinance,0.975,-8.77,226.11,88.2,5.739,86.08,2.5,2026-06-30,Slow Grower,8.7,"P/E = growth 8% + dividend 1.2% (floor 6, cap 12) · 5-year trend (regression on all points)",Modest growth: deserves a contained multiple. The dividend partly offsets the lower growth.,earnings,current,,high,"consistent earnings, growth measured over the full 5-year window",51.39,ok,340.0,Overvalued,7.5,5-year trend (regression on all points),6.2,7.5,0,0,,14.5,0.23,5.13,2.443,False,63,3,156.4,1.24,2.8,4.0,2.75,1.22,False,57961263104.0,256341000.0,2026-10-29,0.51,5.24,15754800000.0,13942000000.0,1569800000.0,1983900000.0,2449000000.0,2285000000.0,648000000.0,1785000000.0,23717000000.0,81808000000.0,11955000000.0,13475000000.0,1386000000.0,12089000000.0,70050263104.0,35.31,6.09,3.68,25.37,6.7,29.0,2.4,10.0,12.6,0.5,3.94,-26.9,ttm,revenue=RevenueFromContractWithCustomerExcludingAssessedTax+Revenues;net_income=NetIncomeLoss;ebit=IncomeLossFromContinuingOperationsBeforeIncomeTaxesExtraordinaryItemsNoncontrollingInterest+IncomeLossFromContinuingOperationsBeforeIncomeTaxesMinorityInterestAndIncomeLossFromEquityMethodInvestments;ocf=NetCashProvidedByUsedInOperatingActivities+NetCashProvidedByUsedInOperatingActivitiesContinuingOperations;capex=PaymentsForCapitalImprovements+PaymentsToAcquirePropertyPlantAndEquipment;interest_expense=InterestExpense;assets=Assets;equity=StockholdersEquity;long_term_debt=LongTermDebtNoncurrent;short_term_debt=ShortTermBorrowings;cash=CashAndCashEquivalentsAtCarryingValue,26.3,92.52,61.46,8.91,5.6,6.2,10.6,19.5,15.5,11.1,14.8,7.5,14.9,12.2,12.0,14.9,13.1,7.7,12.9,ttm,edgar,,95,yfinance,,Overvalued
AKAM,0001086222,"Akamai Technologies, Inc.",Technology,Software - Infrastructure,yfinance,False,Nasdaq,7389,"Services-Business Services, NEC",38.76,38.76,0.0,15.9,6.849,2.81,2.81,2.77,1.4,ok,yfinance,,-2.12,108.92,42.15,3.343,50.14,-15.9,2026-06-30,Slow Grower (declining earnings),6.0,P/E = 0% growth credit + dividend not available (treated as 0) (floor 6) · 5-year trend (regression on all points),"Earnings are contracting, so the model gives no credit for growth: the multiple comes from the dividend and the floor alone. Applied to normalized earnings where available, since the latest figure of a declining company is its lowest point. Check whether the decline is cyclical or structural.",earnings,current,,medium,earnings declining -4%/year,16.86,ok,546.0,Overvalued,-4.2,5-year trend (regression on all points),-4.6,-4.2,0,0,,12.0,-0.11,,3.294,False,67,0,158.4,,,,,,False,15653612544.0,143716609.0,2026-11-05,0.64,5.24,4322834000.0,4208175000.0,410965000.0,455678000.0,1447190000.0,956103000.0,33143000.0,1010979000.0,4748517000.0,15073420000.0,5857252000.0,7562828000.0,1480257000.0,6082571000.0,21736183544.0,47.7,13.35,3.62,16.37,8.9,31.5,3.0,9.5,10.5,1.23,6.11,-10.4,ttm,revenue=RevenueFromContractWithCustomerIncludingAssessedTax+Revenues;net_income=NetIncomeLoss;ebit=OperatingIncomeLoss;ocf=NetCashProvidedByUsedInOperatingActivities;capex=PaymentsToAcquirePropertyPlantAndEquipment;interest_expense=InterestExpenseDebt+InterestExpense;assets=Assets;equity=StockholdersEquity;long_term_debt=ConvertibleLongTermNotesPayable;short_term_debt=ConvertibleNotesPayableCurrent;cash=CashAndCashEquivalentsAtCarryingValue,5.9,33.04,30.08,6.65,-3.3,-4.6,4.3,5.7,5.3,6.7,0.5,2.9,4.3,-4.9,-6.8,2.4,3.4,1.8,5.3,ttm,edgar,,95,yfinance,dividend_yield,Overvalued
ALB,0000915913,Albemarle Corporation,Basic Materials,Specialty Chemicals,yfinance,False,NYSE,2821,"Plastic Materials, Synth Resins & Nonvulcan Elastomers",387.37,387.37,0.0,9.26,11.294,0.27,0.27,0.26,3.7,ok,yfinance,1.038,102.79,104.59,,,,,2026-06-30,Turnaround,,earnings not normalizable — back to profit only 0.2 years ago,Losses too recent or too frequent for the P/E to be a reliable basis. Assess the margin recovery and the balance sheet strength.,none,current,,low,erratic earnings (volatility 122),,no valuation anchor for this category,,N/A,-46.9,"5-year CAGR (two endpoints, window contains losses)",-46.9,,8,1,0.2,121.5,-0.12,,1.535,True,63,1,,1.57,1.64,4.0,1.625,1.55,False,12342148096.0,118005057.0,2026-11-04,1.33,5.24,5907904000.0,5142733000.0,224177000.0,252078000.0,1800328000.0,1342372000.0,172780000.0,692466000.0,10275169000.0,15905095000.0,1802107000.0,1876784000.0,1631688000.0,245096000.0,12587244096.0,49.93,0.97,2.09,9.19,2.2,64.6,1.6,3.8,4.3,0.18,10.88,169.8,ttm,revenue=Revenues+SalesRevenueNet;net_income=NetIncomeLoss;ebit=OperatingIncomeLoss;ocf=NetCashProvidedByUsedInOperatingActivities;capex=PaymentsToAcquirePropertyPlantAndEquipment;interest_expense=InterestAndDebtExpense;assets=Assets;equity=StockholdersEquity;long_term_debt=LongTermDebtNoncurrent;short_term_debt=LongTermDebtCurrent;cash=CashAndCashEquivalentsAtCarryingValue,18.3,87.07,50.06,11.38,-80.1,-46.9,-15.3,-15.1,12.8,8.0,11.5,55.3,17.6,-61.5,-20.4,3.9,-12.1,13.0,14.1,ttm,edgar,,95,yfinance,,N/A
ALGN,0001097149,"Align Technology, Inc.",Healthcare,Medical Instruments & Supplies,yfinance,False,Nasdaq,3842,"Orthopedic, Prosthetic & Surgical Appliances & Supplies",25.26,25.26,0.0,11.49,12.505,5.69,5.69,5.74,0.9,ok,yfinance,,-3.37,143.74,85.35,5.725,85.87,-0.6,2026-06-30,Slow Grower (declining earnings),6.0,P/E = 0% growth credit + dividend not available (treated as 0) (floor 6) · 5-year trend (regression on all points),"Earnings are contracting, so the model gives no credit for growth: the multiple comes from the dividend and the floor alone. Applied to normalized earnings where available, since the latest figure of a declining company is its lowest point. Check whether the decline is cyclical or structural.",earnings,current,,low,erratic earnings (volatility 55); earnings declining -8%/year,34.14,ok,321.0,Overvalued,-7.9,5-year trend (regression on all points),-8.1,-7.9,0,0,,54.8,-0.31,,2.42,False,63,0,68.4,,,,,,False,10211269632.0,71039852.0,2026-10-28,1.64,5.24,4139532000.0,4034964000.0,413227000.0,547590000.0,755696000.0,633569000.0,,490778000.0,4232453000.0,6417581000.0,,,1102591000.0,,9108678632.0,16.63,,2.47,16.12,10.1,66.0,8.5,10.0,13.2,,6.2,-21.2,ttm,revenue=RevenueFromContractWithCustomerExcludingAssessedTax+SalesRevenueNet+Revenues;net_income=NetIncomeLoss;ebit=OperatingIncomeLoss;ocf=NetCashProvidedByUsedInOperatingActivities;capex=PaymentsToAcquirePropertyPlantAndEquipment;interest_expense=InterestExpense;assets=Assets;equity=StockholdersEquity;short_term_debt=FinanceLeaseLiabilityCurrent;cash=CashAndCashEquivalentsAtCarryingValue,4.4,59.58,58.27,8.92,12.1,-8.1,10.8,3.5,3.6,15.9,1.2,-6.7,13.4,9.5,-10.0,9.5,-4.3,-7.8,11.9,ttm,edgar,,95,yfinance,dividend_yield,Overvalued
ALL,0000899051,The Allstate Corporation,Financial Services,Insurance - Property & Casualty,yfinance,False,NYSE,6331,"Fire, Marine & Casualty Insurance",4.49,4.49,0.0,8.05,27.781,49.78,49.78,50.08,0.6,ok,yfinance,,135.45,223.74,746.7,16.118,241.77,208.8,2026-06-30,Stalwart (recovering),15.0,"P/E 15 — growth of 32% measured from a loss-making base (5-year CAGR (two endpoints, window contains losses))","The measured growth rate is a rebound off depressed earnings, not a trend, so it does not earn a fast grower's multiple. The multiple is capped at the stalwart level until the company has a full window of profitable history.",earnings,current,,low,"unstable earnings base: latest TTM $49.78 vs 3-year median $16.12 — the fair value depends on which one is used; erratic earnings (volatility 165); one loss episode 2 years ago, profitable since",746.7,ok,-70.0,Undervalued,31.6,"5-year CAGR (two endpoints, window contains losses)",31.6,,6,1,2.5,164.7,7.46,0.14,1.793,True,67,1,-70.0,1.93,4.32,4.0,4.24,1.9,False,56574439424.0,252857950.0,2026-11-04,0.15,5.24,70137000000.0,67685000000.0,13277000000.0,13156000000.0,12469000000.0,12249000000.0,,9882000000.0,33698000000.0,124756000000.0,7492000000.0,7492000000.0,840000000.0,6652000000.0,63226439424.0,4.81,0.51,0.81,4.62,46.0,27.0,10.5,18.9,18.8,0.22,21.65,13.3,annual:ebit,revenue=Revenues;net_income=NetIncomeLoss+NetIncomeLossAvailableToCommonStockholdersBasic+ProfitLoss;ebit=IncomeLossFromContinuingOperationsBeforeIncomeTaxesExtraordinaryItemsNoncontrollingInterest;ocf=NetCashProvidedByUsedInOperatingActivities;capex=PaymentsToAcquirePropertyPlantAndEquipment;interest_expense=InterestExpense;assets=Assets;equity=StockholdersEquity;long_term_debt=LongTermDebt;short_term_debt=DebtCurrent;cash=CashCashEquivalentsRestrictedCashAndRestrictedCashEquivalents,5.9,133.27,277.38,48.44,,31.6,29.0,8.7,8.5,7.0,40.1,18.7,13.7,,27.2,23.4,37.6,17.7,13.0,ttm,edgar,,95,yfinance,,Undervalued
ALLE,0001579241,Allegion plc,Industrials,Security & Protection Services,yfinance,False,NYSE,7381,"Services-Detective, Guard & Armored Car Services",20.24,20.24,0.0,15.76,9.782,7.62,7.62,7.62,0.0,ok,yfinance,,5.83,154.21,114.3,6.97,104.55,9.3,2026-06-30,Slow Grower,11.2,"P/E = growth 10% + dividend 1.4% (floor 6, cap 12) · 5-year trend (regression on all points)",Modest growth: deserves a contained multiple. The dividend partly offsets the lower growth.,earnings,current,,high,"consistent earnings, growth measured over the full 5-year window",85.24,ok,80.9,Overvalued,9.8,5-year trend (regression on all points),8.4,9.8,0,0,,11.1,0.55,2.07,6.191,False,51,0,34.9,1.43,2.2,4.0,1.65,1.07,False,13113523200.0,85036786.0,2026-10-22,0.84,5.24,4288500000.0,4067300000.0,658600000.0,893400000.0,769300000.0,671100000.0,100700000.0,685700000.0,2118600000.0,5360800000.0,2030900000.0,2031100000.0,320600000.0,1710500000.0,14824023200.0,16.59,1.91,3.06,19.54,33.7,39.5,16.7,15.4,20.8,0.96,5.12,17.6,ttm,revenue=RevenueFromContractWithCustomerExcludingAssessedTax+Revenues+SalesRevenueNet;net_income=ProfitLoss+NetIncomeLoss;ebit=OperatingIncomeLoss;ocf=NetCashProvidedByUsedInOperatingActivities;capex=PaymentsToAcquireProductiveAssets+PaymentsToAcquirePropertyPlantAndEquipment;interest_expense=InterestExpense;assets=Assets;equity=StockholdersEquity;long_term_debt=LongTermDebtNoncurrent;short_term_debt=DebtCurrent;cash=CashAndCashEquivalentsAtCarryingValue,10.6,24.91,50.43,7.89,9.2,8.4,14.1,5.9,8.2,7.0,10.2,2.6,8.7,8.5,7.1,12.8,9.8,4.1,9.0,ttm,edgar,,95,yfinance,,Overvalued
AMAT,0000006951,"Applied Materials, Inc.",Technology,Semiconductor Equipment & Materials,yfinance,False,Nasdaq,3674,Semiconductors & Related Devices,45.65,45.65,0.0,29.26,18.46,11.83,11.83,11.58,2.1,ok,yfinance,1.022,38.02,540.04,177.45,8.796,131.94,34.5,2026-07-26,Slow Grower,9.7,"P/E = growth 9% + dividend 0.4% (floor 6, cap 12) · 5-year trend (regression on all points)",Modest growth: deserves a contained multiple. The dividend partly offsets the lower growth.,earnings,current,,high,"consistent earnings, growth measured over the full 5-year window",114.94,ok,369.9,Overvalued,9.3,5-year trend (regression on all points),15.1,9.3,0,0,,24.0,0.21,4.9,16.724,False,68,9,204.3,0.39,2.12,4.0,1.98,0.37,True,428574343168.0,793597443.0,2026-11-12,1.6,5.24,30837000000.0,28368000000.0,9267000000.0,9141000000.0,8396000000.0,5623000000.0,277000000.0,5698000000.0,25626000000.0,43522000000.0,5245000000.0,6444000000.0,7037000000.0,-593000000.0,427981343168.0,46.82,-0.06,13.9,76.22,41.1,58.9,21.0,30.1,29.6,0.2,1.31,-23.9,ttm,revenue=RevenueFromContractWithCustomerExcludingAssessedTax+Revenues+SalesRevenueNet;net_income=NetIncomeLoss;ebit=OperatingIncomeLoss;ocf=NetCashProvidedByUsedInOperatingActivities;capex=PaymentsToAcquirePropertyPlantAndEquipment+PaymentsToAcquireProductiveAssets;interest_expense=InterestExpenseNonoperating+InterestExpense;assets=Assets;equity=StockholdersEquity;long_term_debt=LongTermDebtNoncurrent;short_term_debt=LongTermDebtCurrent;cash=CashAndCashEquivalentsAtCarryingValue,7.8,32.29,38.86,7.09,15.2,15.1,24.7,5.1,7.4,12.1,-7.0,2.4,11.4,12.9,11.8,20.4,1.6,8.4,14.7,ttm,edgar,,69,yfinance,,Overvalued
AMCR,0001748790,Amcor plc,Consumer Cyclical,Packaging & Containers,yfinance,False,NYSE,3990,Miscellaneous Manufacturing Industries,17.59,17.59,0.0,9.61,4.357,2.38,2.38,2.38,0.0,ok,yfinance,,31.86,41.86,35.7,2.315,34.72,2.8,2026-06-30,Slow Grower (declining earnings),6.2,P/E = 0% growth credit + dividend 6.2% (floor 6) · 5-year trend (regression on all points),"Earnings are contracting, so the model gives no credit for growth: the multiple comes from the dividend and the floor alone. Applied to normalized earnings where available, since the latest figure of a declining company is its lowest point. Check whether the decline is cyclical or structural.",earnings,current,,medium,earnings declining -12%/year,14.78,ok,183.2,Overvalued,-11.6,5-year trend (regression on all points),-4.6,-11.6,0,0,,43.6,-0.31,,1.64,False,33,1,17.3,6.21,2.6,4.0,2.6,6.21,False,19337048064.0,461945690.0,2026-11-05,0.59,5.24,23506000000.0,23506000000.0,1106000000.0,1899000000.0,2151000000.0,1229000000.0,676000000.0,1229000000.0,11790000000.0,37095000000.0,13862000000.0,13997000000.0,1115000000.0,12882000000.0,32219048064.0,16.97,6.78,0.82,15.73,9.4,31.8,5.1,4.7,8.1,1.18,6.36,51.7,ttm,revenue=RevenueFromContractWithCustomerExcludingAssessedTax+Revenues;net_income=NetIncomeLoss;ebit=OperatingIncomeLoss;ocf=NetCashProvidedByUsedInOperatingActivities;capex=PaymentsToAcquireProductiveAssets+PaymentsToAcquirePropertyPlantAndEquipment;interest_expense=InterestExpense+InterestExpenseNonoperating;assets=Assets;equity=StockholdersEquity;long_term_debt=LongTermDebtAndCapitalLeaseObligations;short_term_debt=LongTermDebtCurrent;cash=CashAndCashEquivalentsAtCarryingValue,56.6,25.52,50.88,2.66,-12.3,-4.6,-0.4,16.9,12.8,12.3,18.7,4.4,15.7,1.8,3.3,8.5,19.5,8.0,15.7,ttm,edgar,,95,yfinance,,Overvalued
AMD,0000002488,"Advanced Micro Devices, Inc.",Technology,Semiconductors,yfinance,False,Nasdaq,3674,Semiconductors & Related Devices,156.14,156.14,0.0,40.68,15.583,4.06,4.06,3.89,4.2,ok,yfinance,1.044,122.29,633.91,60.9,1.169,17.53,247.3,2026-06-27,Slow Grower,6.8,"P/E = growth 7% + dividend not available (treated as 0) (floor 6, cap 12) · 5-year CAGR (two endpoints, window contains losses)",Modest growth: deserves a contained multiple. The dividend partly offsets the lower growth.,earnings,current,,low,"unstable earnings base: latest TTM $4.06 vs 3-year median $1.17 — the fair value depends on which one is used; erratic earnings (volatility 132); one loss episode 3 years ago, profitable since",,suppressed: the earnings used imply a P/E of 156 — earnings this close to zero make every multiple arbitrary,,N/A,6.8,"5-year CAGR (two endpoints, window contains losses)",6.8,,1,1,3.0,132.2,0.04,22.98,15.39,True,63,4,940.9,,,,,,False,1034842210304.0,1632475042.0,2026-11-03,2.48,5.24,41305000000.0,34639000000.0,6434000000.0,6488000000.0,10080000000.0,8403000000.0,147000000.0,6735000000.0,67224000000.0,84464000000.0,2351000000.0,3226000000.0,5086000000.0,-1860000000.0,1032982210304.0,159.21,-0.29,25.05,123.15,10.1,79.6,7.7,15.6,15.7,0.03,0.81,180.0,ttm,revenue=RevenueFromContractWithCustomerExcludingAssessedTax+SalesRevenueNet+SalesRevenueGoodsNet;net_income=NetIncomeLoss+ProfitLoss+NetIncomeLossAvailableToCommonStockholdersBasic;ebit=OperatingIncomeLoss;ocf=NetCashProvidedByUsedInOperatingActivities;capex=PaymentsToAcquirePropertyPlantAndEquipment;interest_expense=InterestExpense;assets=Assets;equity=StockholdersEquity;long_term_debt=LongTermDebtNoncurrent;short_term_debt=DebtCurrent;cash=CashAndCashEquivalentsAtCarryingValue,39.5,41.18,25.3,5.15,,6.8,,23.7,25.4,26.7,65.4,27.8,,,13.4,,61.7,29.7,,ttm,edgar,,98,yfinance,dividend_yield,Overvalued
AME,0001037868,"AMETEK, Inc.",Industrials,Specialty Industrial Machinery,yfinance,False,NYSE,3823,"Industrial Instruments For Measurement, Display, and Control",36.35,36.35,0.0,26.21,9.613,6.93,6.93,6.84,1.3,ok,yfinance,,10.14,251.93,103.95,6.099,91.49,13.6,2026-06-30,Stalwart,11.6,P/E = growth 11% + dividend 0.5% · 5-year trend (regression on all points),"Solid, predictable growth: the fair P/E matches the growth rate plus the dividend yield (PEG = 1).",earnings,current,,high,"consistent earnings, growth measured over the full 5-year window",80.3,ok,213.7,Overvalued,11.0,5-year trend (regression on all points),12.7,11.0,0,0,,6.2,0.32,3.29,5.129,False,67,5,142.4,0.54,1.36,4.0,1.33,0.53,True,57757786112.0,229261244.0,2026-10-29,0.99,5.24,7863923000.0,7401116000.0,1576270000.0,2036991000.0,1960339000.0,1824950000.0,96414000.0,1671515000.0,11260763000.0,16594713000.0,1055541000.0,2036174000.0,495446000.0,1540728000.0,59298514112.0,29.11,0.76,7.34,31.65,14.6,67.9,12.3,20.0,25.9,0.09,3.16,-1.8,ttm,revenue=RevenueFromContractWithCustomerExcludingAssessedTax+RevenueFromContractWithCustomerIncludingAssessedTax+SalesRevenueNet;net_income=NetIncomeLoss;ebit=OperatingIncomeLoss;ocf=NetCashProvidedByUsedInOperatingActivities+NetCashProvidedByUsedInOperatingActivitiesContinuingOperations;capex=PaymentsToAcquirePropertyPlantAndEquipment;interest_expense=InterestExpenseNonoperating+InterestExpense;assets=Assets;equity=StockholdersEquity;long_term_debt=LongTermDebtNoncurrent;short_term_debt=DebtCurrent;cash=CashAndCashEquivalentsAtCarryingValue,12.7,49.12,34.3,7.96,8.6,12.7,11.1,7.0,9.8,7.2,12.0,9.1,10.7,8.5,12.5,10.8,11.0,9.1,10.4,ttm,edgar,,95,yfinance,,Overvalued
AMGN,0000318154,Amgen Inc.,Healthcare,Drug Manufacturers - General,yfinance,False,Nasdaq,2836,"Biological Products, (No Diagnostic Substances)",25.32,25.32,0.0,16.48,24.449,15.92,15.92,16.09,1.1,ok,yfinance,,31.45,403.04,238.8,12.234,183.52,30.1,2026-06-30,Slow Grower,6.0,"P/E = growth 3% + dividend 2.5% (floor 6, cap 12) · 5-year trend (regression on all points)",Modest growth: deserves a contained multiple. The dividend partly offsets the lower growth.,earnings,current,,high,"consistent earnings, growth measured over the full 5-year window",95.52,ok,321.9,Overvalued,3.2,5-year trend (regression on all points),10.4,3.2,0,0,,36.2,0.22,7.98,18.642,False,67,5,68.8,2.5,10.08,4.0,9.94,2.47,False,217896321024.0,540632005.0,2026-11-03,0.43,5.24,38095000000.0,36751000000.0,8743000000.0,11426000000.0,12478000000.0,10175000000.0,2668000000.0,8100000000.0,11688000000.0,95639000000.0,51859000000.0,57304000000.0,13989000000.0,43315000000.0,261211321024.0,22.86,3.79,5.72,21.41,91.5,12.2,11.9,23.0,30.0,4.44,4.67,-22.1,ttm,revenue=RevenueFromContractWithCustomerExcludingAssessedTax+Revenues+RevenueFromContractWithCustomerIncludingAssessedTax;net_income=NetIncomeLoss;ebit=OperatingIncomeLoss;ocf=NetCashProvidedByUsedInOperatingActivities;capex=PaymentsToAcquirePropertyPlantAndEquipment+PaymentsToAcquireProductiveAssets;interest_expense=InterestExpenseDebt;assets=Assets;equity=StockholdersEquity;long_term_debt=LongTermDebtNoncurrent;short_term_debt=DebtCurrent;cash=CashAndCashEquivalentsAtCarryingValue,9.1,21.62,70.46,18.82,2.8,10.4,5.1,12.7,8.4,5.5,1.7,2.7,1.4,3.1,8.8,1.6,4.9,5.5,2.7,ttm,edgar,,95,yfinance,,Overvalued
AMP,0000820027,"Ameriprise Financial, Inc.",Financial Services,Asset Management,yfinance,False,NYSE,6282,Investment Advice,11.96,11.96,0.0,9.5,51.668,41.04,41.04,41.38,0.8,ok,yfinance,,28.79,490.91,615.6,30.522,457.83,34.5,2026-06-30,Stalwart (mid cap),13.7,P/E = growth 12% + dividend 1.4% · 5-year trend (regression on all points),"Solid, predictable growth: the fair P/E matches the growth rate plus the dividend yield (PEG = 1).",earnings,current,,high,"consistent earnings, growth measured over the full 5-year window",562.96,ok,-12.8,Undervalued,12.3,5-year trend (regression on all points),22.6,12.3,0,0,,26.5,1.15,0.97,6.821,False,67,0,-20.3,1.39,6.8,4.0,6.6,1.34,False,43363659776.0,88333219.0,2026-10-29,1.13,5.24,19839000000.0,18911000000.0,3948000000.0,5052000000.0,8218000000.0,8064000000.0,,8161000000.0,6366000000.0,197871000000.0,,0.0,11159000000.0,-11159000000.0,32204659776.0,6.37,-2.21,2.19,5.38,63.4,3.2,2.6,19.9,25.5,,18.6,27.1,ttm,revenue=Revenues+RevenuesNetOfInterestExpense+RevenueFromContractWithCustomerExcludingAssessedTax;net_income=NetIncomeLoss+NetIncomeLossAvailableToCommonStockholdersBasic;ebit=IncomeLossFromContinuingOperationsBeforeIncomeTaxesExtraordinaryItemsNoncontrollingInterest+IncomeLossFromContinuingOperationsBeforeIncomeTaxesMinorityInterestAndIncomeLossFromEquityMethodInvestments;ocf=NetCashProvidedByUsedInOperatingActivities;capex=PaymentsToAcquireProductiveAssets;assets=Assets;equity=StockholdersEquity;long_term_debt=LongTermDebt;short_term_debt=ShortTermBorrowings;cash=CashAndCashEquivalentsAtCarryingValue,9.1,72.07,224.59,91.29,15.0,22.6,17.5,9.7,8.9,5.5,26.1,62.5,12.1,9.4,16.7,10.5,25.0,57.4,11.9,ttm,edgar,,95,yfinance,,Undervalued
AMT,0001053507,American Tower Corporation,Real Estate,REIT - Specialty,yfinance,False,NYSE,6798,Real Estate Investment Trusts,22.16,22.16,0.0,23.14,7.01,7.32,7.32,7.28,0.5,ok,yfinance,,164.73,162.2,109.8,4.64,69.61,57.7,2026-06-30,Slow Grower,6.0,"P/E = growth 1% + dividend 4.4% (floor 6, cap 12) · 5-year trend (regression on all points)",Modest growth: deserves a contained multiple. The dividend partly offsets the lower growth.,earnings,current,,high,"consistent earnings, growth measured over the full 5-year window",43.92,ok,269.3,Overvalued,0.6,5-year trend (regression on all points),8.0,0.6,0,0,,49.0,0.23,36.04,20.318,False,67,0,47.7,4.41,7.16,4.0,7.07,4.36,False,75578720256.0,465960048.0,2026-10-27,0.9,5.24,893400000.0,935900000.0,3401000000.0,4902000000.0,5774900000.0,3959800000.0,1393300000.0,3783600000.0,3719700000.0,63300100000.0,31963100000.0,37189600000.0,1762500000.0,35427100000.0,111005820256.0,22.65,7.23,84.6,19.09,91.5,5.9,7.7,380.7,548.7,8.59,5.24,2.2,ttm,revenue=RevenueFromContractWithCustomerExcludingAssessedTax+Revenues+SalesRevenueNet;net_income=NetIncomeLossAvailableToCommonStockholdersBasic+NetIncomeLoss;ebit=OperatingIncomeLoss;ocf=NetCashProvidedByUsedInOperatingActivities+NetCashProvidedByUsedInOperatingActivitiesContinuingOperations;capex=PaymentsToAcquirePropertyPlantAndEquipment+PaymentsToAcquireProductiveAssets;interest_expense=InterestExpenseNonoperating+InterestExpense;assets=Assets;equity=StockholdersEquity;long_term_debt=LongTermDebtNoncurrent;short_term_debt=DebtCurrent;cash=CashAndCashEquivalentsAtCarryingValue,-72.1,7.98,1.92,8.5,52.6,8.0,16.3,3.1,9.0,-16.2,18.2,6.2,8.8,52.0,8.9,15.6,9.5,6.9,9.0,ttm,edgar,,95,yfinance,,Overvalued
AMZN,0001018724,"Amazon.com, Inc.",Consumer Cyclical,Internet Retail,yfinance,False,Nasdaq,5961,Retail-Catalog & Mail-Order Houses,19.96,19.96,0.0,24.01,10.476,12.6,12.6,12.43,1.3,ok,yfinance,,89.48,251.52,189.0,5.915,88.72,113.0,2026-06-30,Stalwart (recovering),15.0,"P/E 15 — growth of 34% measured from a loss-making base (5-year CAGR (two endpoints, window contains losses))","The measured growth rate is a rebound off depressed earnings, not a trend, so it does not earn a fast grower's multiple. The multiple is capped at the stalwart level until the company has a full window of profitable history.",earnings,current,,low,"erratic earnings (volatility 57); one loss episode 3 years ago, profitable since",189.0,ok,33.1,Overvalued,34.0,"5-year CAGR (two endpoints, window contains losses)",34.0,,1,1,3.5,56.6,1.71,0.59,4.917,True,67,4,33.1,,,,,,False,2712973606912.0,10786313572.0,2026-10-29,1.44,5.24,775680000000.0,716924000000.0,135281000000.0,93712000000.0,161403000000.0,-11625000000.0,3331000000.0,-11625000000.0,551620000000.0,1095689000000.0,128894000000.0,132224000000.0,78213000000.0,54011000000.0,2766984606912.0,29.53,0.58,3.5,,30.6,50.3,8.6,17.4,12.1,0.23,-0.43,-186.2,ttm,revenue=RevenueFromContractWithCustomerExcludingAssessedTax+SalesRevenueNet;net_income=NetIncomeLoss;ebit=OperatingIncomeLoss+IncomeLossFromContinuingOperationsBeforeIncomeTaxesMinorityInterestAndIncomeLossFromEquityMethodInvestments;ocf=NetCashProvidedByUsedInOperatingActivities;capex=PaymentsToAcquireProductiveAssets+PaymentsToAcquirePropertyPlantAndEquipment;interest_expense=InterestExpenseNonoperating+InterestExpense;assets=Assets;equity=StockholdersEquity;long_term_debt=LongTermDebtNoncurrent;short_term_debt=LongTermDebtCurrent;cash=CashAndCashEquivalentsAtCarryingValue,15.8,51.14,71.91,-1.08,113.9,34.0,51.1,13.0,11.8,20.5,,,,117.9,35.7,53.0,37.7,22.2,28.5,ttm,edgar,,95,yfinance,dividend_yield,Overvalued
ANET,0001596532,"Arista Networks, Inc.",Technology,Computer Hardware,yfinance,False,NYSE,3576,Computer Communications Equipment,64.6,64.6,0.0,39.86,5.202,3.21,3.21,3.16,1.6,ok,yfinance,,23.92,207.35,48.15,2.336,35.05,37.4,2026-06-30,Fast Grower,25.0,P/E = growth 43% + dividend 0.0% (capped at 25) · 5-year trend (regression on all points),"High growth: the multiple tracks the growth rate but is capped at 25, because very few companies sustain that pace for years.",earnings,current,,high,"consistent earnings, growth measured over the full 5-year window",80.25,ok,158.4,Overvalued,42.8,5-year trend (regression on all points),40.6,42.8,0,0,,18.9,0.66,1.51,17.672,False,47,2,330.6,,,,,,False,261514952704.0,1261224648.0,2026-11-03,1.62,5.24,10540800000.0,9005700000.0,533203511.0,4546900000.0,5306600000.0,5155300000.0,,4252400000.0,14797700000.0,23720100000.0,,,2290200000.0,,259224752704.0,57.01,,24.81,50.73,4.1,62.4,19.2,5.1,43.1,,1.97,15.7,ttm,revenue=RevenueFromContractWithCustomerExcludingAssessedTax+RevenueFromContractWithCustomerIncludingAssessedTax+SalesRevenueNet;net_income=NetIncomeLoss;ebit=OperatingIncomeLoss;ocf=NetCashProvidedByUsedInOperatingActivities;capex=PaymentsToAcquirePropertyPlantAndEquipment+PaymentsToAcquireProductiveAssets;interest_expense=InterestExpense;assets=Assets;equity=StockholdersEquity;long_term_debt=LongTermDebtNoncurrent;short_term_debt=LongTermDebtCurrent;cash=CashAndCashEquivalentsAtCarryingValue,32.6,11.73,8.36,4.09,32.6,40.6,38.1,26.0,32.0,26.9,76.0,41.8,33.7,14.3,-6.1,13.8,75.4,42.0,33.0,ttm,edgar,,95,yfinance,dividend_yield,Overvalued
AON,0000315293,Aon plc,Financial Services,Insurance Brokers,yfinance,False,NYSE,6411,"Insurance Agents, Brokers & Service",15.22,15.22,0.0,13.3,20.253,17.7,17.7,18.14,2.5,ok,yfinance,0.976,54.12,269.45,265.5,12.221,183.32,44.8,2026-06-30,Fast Grower,22.3,P/E = growth 21% + dividend 1.2% (capped at 25) · 5-year trend (regression on all points),"High growth: the multiple tracks the growth rate but is capped at 25, because very few companies sustain that pace for years.",earnings,current,,high,"consistent earnings, growth measured over the full 5-year window",394.66,ok,-31.7,Undervalued,21.1,5-year trend (regression on all points),14.7,21.1,0,0,,41.4,1.46,0.72,5.952,False,67,4,1.5,1.22,3.28,4.0,1.64,0.61,False,57157201920.0,212125434.0,2026-10-30,0.66,5.24,17577000000.0,17181000000.0,3914000000.0,4654000000.0,3531000000.0,3248000000.0,755000000.0,3218000000.0,9598000000.0,53347000000.0,12947000000.0,14967000000.0,1062000000.0,13905000000.0,71062201920.0,15.27,2.99,3.25,17.6,44.9,18.0,8.7,22.3,26.5,1.35,5.68,14.2,ttm,revenue=RevenueFromContractWithCustomerExcludingAssessedTax+Revenues;net_income=NetIncomeLoss+NetIncomeLossAvailableToCommonStockholdersBasic;ebit=OperatingIncomeLoss;ocf=NetCashProvidedByUsedInOperatingActivities;capex=PaymentsToAcquirePropertyPlantAndEquipment;interest_expense=InterestExpenseNonoperating+InterestExpense;assets=Assets;equity=StockholdersEquity;long_term_debt=LongTermDebtNoncurrent;short_term_debt=DebtCurrent;cash=CashAndCashEquivalentsAtCarryingValue,4.9,45.25,82.86,15.31,12.1,14.7,13.2,10.9,8.4,5.3,3.3,3.1,4.6,13.5,13.4,10.4,3.1,4.0,4.9,ttm,edgar,,95,yfinance,,Overvalued
AOS,0000091142,A. O. Smith Corporation,Industrials,Specialty Industrial Machinery,yfinance,False,NYSE,3630,Household Appliances,15.81,15.81,0.0,13.89,4.086,3.59,3.59,3.59,0.0,ok,yfinance,,0.0,56.75,53.85,3.7,55.5,-3.0,2026-06-30,Slow Grower,12.0,"P/E = growth 10% + dividend 2.5% (floor 6, cap 12) · 5-year trend (regression on all points)",Modest growth: deserves a contained multiple. The dividend partly offsets the lower growth.,earnings,current,,high,"consistent earnings, growth measured over the full 5-year window",43.08,ok,31.7,Overvalued,9.6,5-year trend (regression on all points),5.7,9.6,0,0,,37.8,0.77,1.65,4.188,False,63,5,5.4,2.54,1.44,4.0,1.44,2.54,False,7712811520.0,135908573.0,2026-10-29,1.15,5.24,3804900000.0,3830200000.0,500300000.0,666300000.0,692300000.0,639400000.0,21200000.0,546000000.0,1841900000.0,3644500000.0,598000000.0,637500000.0,181300000.0,456200000.0,8169011520.0,12.26,0.68,2.03,12.06,27.1,50.5,18.3,13.1,17.5,0.32,8.29,15.2,ttm,revenue=RevenueFromContractWithCustomerExcludingAssessedTax+RevenueFromContractWithCustomerIncludingAssessedTax+SalesRevenueGoodsNet;net_income=NetIncomeLoss+ProfitLoss;ebit=OperatingIncomeLoss+IncomeLossFromContinuingOperationsBeforeIncomeTaxesExtraordinaryItemsNoncontrollingInterest+IncomeLossFromContinuingOperationsBeforeIncomeTaxesMinorityInterestAndIncomeLossFromEquityMethodInvestments;ocf=NetCashProvidedByUsedInOperatingActivities+NetCashProvidedByUsedInOperatingActivitiesContinuingOperations;capex=PaymentsToAcquireProductiveAssets;interest_expense=InterestExpense;assets=Assets;equity=StockholdersEquity;long_term_debt=LongTermDebtNoncurrent;short_term_debt=LongTermDebtCurrent;cash=CashAndCashEquivalentsAtCarryingValue,0.4,13.55,28.0,4.7,25.4,5.7,7.4,0.6,3.4,4.0,6.2,4.4,5.6,22.3,2.5,4.8,5.0,3.6,4.4,ttm,edgar,,95,yfinance,,Overvalued
APA,0001841666,APA Corporation,Energy,Oil & Gas E&P,yfinance,False,Nasdaq,1311,Crude Petroleum & Natural Gas,9.14,9.14,0.0,9.77,4.47,4.78,4.78,4.73,1.0,ok,yfinance,,57.67,43.68,71.7,4.558,68.37,4.9,2026-06-30,Cyclical,12.0,P/E 12 on 3-year normalized (mid-cycle) earnings,"Erratic, cycle-driven earnings: a low P/E can signal the peak of the cycle, not a bargain. The multiple is applied to mid-cycle earnings, so the fair value does not follow the peak.",earnings,normalized,,medium,erratic earnings (volatility 120),54.69,ok,-20.1,Undervalued,0.4,5-year trend (regression on all points),20.5,0.4,0,0,,119.7,0.3,21.76,2.182,False,23,6,-39.1,2.29,1.0,4.0,1.0,2.29,False,15303354368.0,350351510.0,2026-11-04,0.37,5.24,,,1677000000.0,3820000000.0,4528000000.0,,285000000.0,,7021000000.0,17973000000.0,3741000000.0,3743000000.0,444000000.0,3299000000.0,18602354368.0,4.87,0.86,,,25.9,39.1,21.3,,,0.53,,,ttm,revenue=RevenueFromContractWithCustomerIncludingAssessedTax;net_income=NetIncomeLoss+NetIncomeLossAvailableToCommonStockholdersBasic;ebit=OperatingIncomeLoss;ocf=NetCashProvidedByUsedInOperatingActivities;interest_expense=InterestExpenseDebt;assets=Assets;equity=StockholdersEquity;long_term_debt=LongTermDebtNoncurrent;short_term_debt=DebtCurrent;cash=CashAndCashEquivalentsAtCarryingValue,,20.04,,,-1.1,20.5,,,,,,,,4.1,18.8,,5.5,13.1,,ttm,edgar,,95,yfinance,revenue;free_cash_flow,Undervalued
APD,0000002969,"Air Products and Chemicals, Inc.",Basic Materials,Specialty Chemicals,yfinance,False,NYSE,2810,Industrial Inorganic Chemicals,,,,19.23,14.437,-0.22,-0.22,-0.21,4.5,ok,yfinance,,-103.02,277.57,,9.895,148.42,-102.2,2026-06-30,Turnaround,10.0,P/E 10 on 3-year normalized earnings — currently loss-making,"A recovery multiple, not a PEG multiple: the growth rate of a company coming out of losses measures the rebound, not a trend, and using it as a multiple is how a fair value becomes nonsense. Applied to normalized earnings, and deliberately below the market average.",earnings,normalized,,low,growth not calculable on any window,98.95,ok,180.5,Overvalued,,not calculable,,,3,1,0.0,15.0,,,4.452,True,68,4,,2.61,7.24,4.0,7.22,2.6,False,61810827264.0,222685530.0,2026-11-05,0.75,5.24,12602200000.0,12037300000.0,-47300000.0,-593100000.0,4570800000.0,-301400000.0,221200000.0,-3765800000.0,13883800000.0,40445600000.0,17663700000.0,126700000.0,980500000.0,-853800000.0,60957027264.0,,,4.9,,-0.3,34.3,-1.5,-0.4,-4.7,1.27,-0.49,-19.5,ttm,revenue=Revenues+SalesRevenueNet;net_income=NetIncomeLoss;ebit=OperatingIncomeLoss;ocf=NetCashProvidedByUsedInOperatingActivities+NetCashProvidedByUsedInOperatingActivitiesContinuingOperations;capex=PaymentsToAcquirePropertyPlantAndEquipment;interest_expense=InterestExpenseNonoperating+InterestExpense;assets=Assets;equity=StockholdersEquity;long_term_debt=LongTermDebtNoncurrent;short_term_debt=LongTermDebtCurrent;cash=CashAndCashEquivalentsAtCarryingValue,4.5,62.35,56.59,-1.35,,,,-1.0,5.2,5.3,,,,,,,13.1,4.0,9.2,ttm,edgar,,95,yfinance,growth_5y,N/A
APH,0000820313,Amphenol Corporation,Technology,Electronic Components,yfinance,False,NYSE,3678,Electronic Connectors,42.84,42.84,0.0,26.45,3.288,2.03,2.03,1.995,1.7,ok,yfinance,,58.96,86.96,30.45,1.012,15.19,100.5,2026-06-30,Fast Grower,25.0,P/E = growth 24% + dividend 0.6% (capped at 25) · 5-year trend (regression on all points),"High growth: the multiple tracks the growth rate but is capped at 25, because very few companies sustain that pace for years.",earnings,current,,high,"consistent earnings, growth measured over the full 5-year window",50.75,ok,71.3,Overvalued,24.5,5-year trend (regression on all points),28.8,24.5,0,0,,20.1,0.58,1.75,13.838,False,67,7,185.6,0.57,0.5,4.0,0.5,0.57,True,214440476672.0,2465966914.0,2026-10-28,1.24,5.24,29011600000.0,23094700000.0,5143100000.0,7841400000.0,5871700000.0,4713700000.0,632000000.0,4378100000.0,15491600000.0,44806600000.0,17177000000.0,17177000000.0,4729400000.0,12447600000.0,226888076672.0,28.93,1.59,7.39,45.49,38.1,34.6,17.5,17.7,27.0,1.11,2.2,103.7,ttm,revenue=RevenueFromContractWithCustomerExcludingAssessedTax+Revenues+SalesRevenueGoodsNet;net_income=NetIncomeLoss+NetIncomeLossAvailableToCommonStockholdersBasic;ebit=OperatingIncomeLoss;ocf=NetCashProvidedByUsedInOperatingActivities+NetCashProvidedByUsedInOperatingActivitiesContinuingOperations;capex=PaymentsToAcquirePropertyPlantAndEquipment;interest_expense=InterestExpenseNonoperating+InterestExpense;assets=Assets;equity=StockholdersEquity;long_term_debt=LongTermDebtNoncurrent;short_term_debt=LongTermDebtCurrent;cash=CashAndCashEquivalentsAtCarryingValue,54.2,6.28,11.76,1.91,37.5,28.8,20.7,32.2,24.3,17.3,34.4,31.1,18.4,39.3,29.7,21.0,35.7,30.6,18.8,ttm,edgar,,95,yfinance,,Overvalued
APO,0001858681,"Apollo Global Management, Inc.",Financial Services,Asset Management,yfinance,False,NYSE,6282,Investment Advice,40.72,40.72,0.0,10.66,10.699,2.8,2.8,2.75,1.8,ok,yfinance,,-48.79,114.02,42.0,6.409,96.14,-56.3,2026-06-30,Slow Grower (declining earnings),6.0,"P/E = 0% growth credit + dividend 2.0% (floor 6) · 5-year CAGR (two endpoints, window contains losses)","Earnings are contracting, so the model gives no credit for growth: the multiple comes from the dividend and the floor alone. Applied to normalized earnings where available, since the latest figure of a declining company is its lowest point. Check whether the decline is cyclical or structural.",earnings,current,,low,"erratic earnings (volatility 154); one loss episode 3 years ago, profitable since; earnings declining -20%/year",16.8,ok,578.7,Overvalued,-19.6,"5-year CAGR (two endpoints, window contains losses)",-19.6,,4,1,3.2,153.7,-0.43,,3.349,True,19,0,171.5,1.98,2.252,4.0,2.146,1.88,False,67333730304.0,590543159.0,2026-11-03,1.51,5.24,35899000000.0,32049000000.0,1778000000.0,7419000000.0,9473000000.0,,709000000.0,,21006000000.0,494048000000.0,13727000000.0,13727000000.0,28417000000.0,-14690000000.0,52643730304.0,7.1,-1.98,1.88,,8.8,4.3,1.5,5.0,20.7,0.65,,,ttm,revenue=Revenues;net_income=NetIncomeLoss;ebit=IncomeLossFromContinuingOperationsBeforeIncomeTaxesExtraordinaryItemsNoncontrollingInterest;ocf=NetCashProvidedByUsedInOperatingActivities;interest_expense=InterestExpenseDebt;assets=Assets;equity=StockholdersEquity;long_term_debt=LongTermDebt;cash=CashAndCashEquivalentsAtCarryingValue,41.2,35.57,60.79,,0.0,-19.6,,10.2,49.1,,,,,1.8,-0.3,,4.0,62.6,,ttm,edgar,,95,yfinance,free_cash_flow,Overvalued
APP,0001751008,AppLovin Corporation,Communication Services,Advertising Agencies,yfinance,False,Nasdaq,7370,"Services-Computer Programming, Data Processing, Etc.",21.65,21.65,0.0,12.78,20.981,12.39,12.39,13.01,5.0,ok,yfinance,0.952,85.06,268.22,185.85,4.79,71.85,158.6,2026-06-30,Fast Grower,25.0,P/E = growth 228% + dividend 0.0% (capped at 25) · 3-year trend — no usable 5-year history,"High growth: the multiple tracks the growth rate but is capped at 25, because very few companies sustain that pace for years.",earnings,current,,low,"growth measured on a short window (3-year trend — no usable 5-year history); erratic earnings (volatility 115); one loss episode 3 years ago, profitable since",309.75,ok,-13.4,Undervalued,228.2,3-year trend — no usable 5-year history,,,7,1,3.2,115.3,10.54,0.09,28.431,True,23,0,44.3,,,,,,False,90105700352.0,335939521.0,2026-11-04,2.49,5.24,6829124000.0,5480717000.0,4410201000.0,5288460000.0,4527589000.0,,198633000.0,2094235000.0,3163016000.0,8269131000.0,3515072000.0,3515072000.0,3053306000.0,461766000.0,90567466352.0,17.13,0.09,13.19,,203.7,38.3,64.0,64.6,77.4,1.11,,98.1,ttm,revenue=RevenueFromContractWithCustomerExcludingAssessedTax;net_income=NetIncomeLoss;ebit=OperatingIncomeLoss;ocf=NetCashProvidedByUsedInOperatingActivities;capex=PaymentsToAcquirePropertyPlantAndEquipment;interest_expense=InterestExpenseNonoperating+InterestExpenseDebt+InterestAndDebtExpense;assets=Assets;equity=StockholdersEquity;long_term_debt=LongTermDebtNoncurrent;short_term_debt=LongTermDebtCurrent;cash=CashAndCashEquivalentsAtCarryingValue,60.6,9.42,20.33,,500.5,,,33.3,25.8,,68.9,,,505.5,,,74.2,73.3,,ttm,edgar,,95,yfinance,dividend_yield;free_cash_flow,Overvalued
APTV,0001521332,Aptiv PLC,Consumer Cyclical,Auto Parts,yfinance,False,NYSE,3714,Motor Vehicle Parts & Accessories,41.08,19.88,106.6,6.65,6.543,1.06,2.19,1.06,51.6,check,edgar,,-75.74,43.54,15.9,6.46,96.9,-83.6,2026-06-30,Cyclical,12.0,P/E 12 on 3-year normalized (mid-cycle) earnings,"Erratic, cycle-driven earnings: a low P/E can signal the peak of the cycle, not a bargain. The multiple is applied to mid-cycle earnings, so the fair value does not follow the peak.",earnings,normalized,,low,unstable earnings base: latest TTM $1.06 vs 3-year median $6.46 — the fair value depends on which one is used; erratic earnings (volatility 67),77.52,ok,-43.8,Undervalued,5.4,5-year trend (regression on all points),-22.0,5.4,0,0,,67.2,0.13,7.56,1.036,False,59,1,173.8,,,4.0,0.0,,False,9040355328.0,207633331.0,2026-10-29,1.33,5.24,18725000000.0,20398000000.0,220000000.0,995000000.0,1351000000.0,684000000.0,328000000.0,1529000000.0,8753000000.0,17996000000.0,5331000000.0,5354000000.0,761000000.0,4593000000.0,13633355328.0,13.7,4.62,0.48,13.22,2.4,48.6,5.5,1.2,5.3,0.61,7.57,-5.4,ttm,revenue=RevenueFromContractWithCustomerExcludingAssessedTax+Revenues+SalesRevenueGoodsNet;net_income=NetIncomeLoss;ebit=OperatingIncomeLoss;ocf=NetCashProvidedByUsedInOperatingActivities;capex=PaymentsToAcquireProductiveAssets+PaymentsToAcquirePropertyPlantAndEquipment;interest_expense=InterestExpenseNonoperating+InterestExpense;assets=Assets;equity=StockholdersEquity;long_term_debt=LongTermDebtNoncurrent;short_term_debt=ShortTermBorrowings;cash=CashAndCashEquivalentsAtCarryingValue,5.3,42.16,90.18,3.29,-31.4,-22.0,-12.9,-1.0,3.6,3.3,-12.3,-13.8,-6.4,-38.7,-26.9,-16.1,-10.7,-6.7,-3.2,ttm,edgar,,95,yfinance,dividend_yield,Overvalued
ARE,0001035443,"Alexandria Real Estate Equities, Inc.",Real Estate,REIT - Office,yfinance,False,NYSE,6798,Real Estate Investment Trusts,,,,-58.48,-0.81,-6.09,-6.09,-6.06,0.5,ok,yfinance,,-4561.54,47.37,,0.65,9.75,-1036.9,2026-06-30,Turnaround,10.0,P/E 10 on 3-year normalized earnings — currently loss-making,"A recovery multiple, not a PEG multiple: the growth rate of a company coming out of losses measures the rebound, not a trend, and using it as a multiple is how a fair value becomes nonsense. Applied to normalized earnings, and deliberately below the market average.",earnings,normalized,,low,growth not calculable on any window; erratic earnings (volatility 125),6.5,ok,628.8,Overvalued,,not calculable,,,5,1,0.0,124.5,,,0.52,True,63,0,,6.08,2.88,4.0,2.88,6.08,True,8152153088.0,172095277.0,2026-10-26,1.17,5.24,2840164000.0,3026556000.0,-1024759000.0,,1279448000.0,,249452000.0,,15553976000.0,34632226000.0,12812874000.0,12812874000.0,470449000.0,12342425000.0,20494578088.0,,,2.87,,-6.3,44.9,,-36.1,,0.82,,,ttm,revenue=RevenueFromContractWithCustomerIncludingAssessedTax;net_income=NetIncomeLoss+NetIncomeLossAvailableToCommonStockholdersBasic+ProfitLoss;ocf=NetCashProvidedByUsedInOperatingActivities;interest_expense=InterestExpense+InterestExpenseDebt;assets=Assets;equity=StockholdersEquity;long_term_debt=LongTermDebt;cash=CashAndCashEquivalentsAtCarryingValue,-8.4,90.38,16.5,,,,,1.1,7.3,11.5,,,,,,,-6.2,6.3,13.4,ttm,edgar,,95,yfinance,growth_5y;free_cash_flow,N/A
ARES,0001176948,Ares Management Corporation,Financial Services,Asset Management,yfinance,False,NYSE,6282,Investment Advice,72.88,53.43,36.4,16.37,7.182,1.613,2.2,1.613,26.7,check,edgar,,17.03,117.55,24.19,1.378,20.67,17.0,2026-06-30,Stalwart (mid cap),18.8,P/E = growth 14% + dividend 4.6% · 5-year trend (regression on all points),"Solid, predictable growth: the fair P/E matches the growth rate plus the dividend yield (PEG = 1).",earnings,current,,medium,erratic earnings (volatility 56),30.24,ok,288.7,Overvalued,14.2,5-year trend (regression on all points),10.4,14.2,0,0,,56.2,0.26,5.15,10.656,False,39,0,385.9,4.59,5.4,4.0,5.17,4.4,True,39000260608.0,331775947.0,2026-10-29,1.52,5.24,5987595000.0,5601482000.0,535105000.0,1557780000.0,912125000.0,,,-1435477000.0,3968073000.0,29631399000.0,,,557094000.0,,38443166608.0,24.68,,6.51,,12.8,13.4,5.3,8.9,26.0,,,24.3,ttm,revenue=RevenueFromContractWithCustomerExcludingAssessedTax+Revenues;net_income=NetIncomeLoss+NetIncomeLossAvailableToCommonStockholdersBasic+ProfitLoss;ebit=IncomeLossFromContinuingOperationsBeforeIncomeTaxesExtraordinaryItemsNoncontrollingInterest+IncomeLossFromContinuingOperationsBeforeIncomeTaxesMinorityInterestAndIncomeLossFromEquityMethodInvestments;ocf=NetCashProvidedByUsedInOperatingActivities+NetCashProvidedByUsedInOperatingActivitiesContinuingOperations;capex=PaymentsToAcquirePropertyPlantAndEquipment;interest_expense=InterestExpense;assets=Assets;equity=StockholdersEquity;long_term_debt=LongTermDebt;cash=CashAndCashEquivalentsAtCarryingValue,24.0,11.96,18.05,,39.4,10.4,36.8,18.0,14.1,22.2,,,,18.6,10.4,36.8,,,28.6,ttm,edgar-derived,"EPS non depositato in forma non dimensionale (societa' multiclasse): derivato da utile netto SEC / 331,775,947 azioni (yfinance). La serie storica usa un numero di azioni costante, quindi non riflette buyback e diluizioni passate.",95,yfinance,free_cash_flow,Overvalued
ATO,0000731802,Atmos Energy Corporation,Utilities,Utilities - Regulated Gas,yfinance,False,NYSE,4924,Natural Gas Distribution,18.62,18.62,0.0,17.43,9.019,8.44,8.44,8.38,0.7,ok,yfinance,,15.75,157.17,126.6,7.121,106.81,18.5,2026-06-30,Stalwart (mid cap),12.7,P/E = growth 10% + dividend 2.5% · 5-year trend (regression on all points),"Solid, predictable growth: the fair P/E matches the growth rate plus the dividend yield (PEG = 1).",earnings,current,,high,"consistent earnings, growth measured over the full 5-year window",107.51,ok,46.2,Overvalued,10.2,5-year trend (regression on all points),9.5,10.2,0,0,,4.2,0.68,1.83,1.741,False,64,2,24.1,2.55,4.0,4.0,4.0,2.55,False,26559932416.0,168988553.0,2026-11-04,0.59,5.24,4921526000.0,4702755000.0,1402443000.0,1819467000.0,2019590000.0,-2020304000.0,142490000.0,-1511943000.0,15258058000.0,31585539000.0,9748716000.0,9748716000.0,520953000.0,9227763000.0,35787695416.0,19.67,5.07,5.4,,9.8,48.3,5.8,28.5,37.0,0.64,-7.61,-25.6,ttm,revenue=Revenues;net_income=NetIncomeLoss;ebit=OperatingIncomeLoss;ocf=NetCashProvidedByUsedInOperatingActivities;capex=PaymentsToAcquireProductiveAssets;interest_expense=InterestExpenseNonoperating+InterestExpense;assets=Assets;equity=StockholdersEquity;long_term_debt=LongTermDebtNoncurrent;short_term_debt=LongTermDebtCurrent;cash=CashAndCashEquivalentsAtCarryingValue,6.5,90.29,29.12,-11.96,13.2,9.5,9.8,3.7,8.2,5.8,,,,18.7,15.5,15.2,-14.8,,10.8,ttm,edgar,,95,yfinance,,Overvalued
AVGO,0001730168,Broadcom Inc.,Technology,Semiconductors,yfinance,False,Nasdaq,3674,Semiconductors & Related Devices,43.84,43.84,0.0,18.32,19.384,8.1,8.1,7.84,3.2,ok,yfinance,1.033,99.49,355.14,121.5,3.099,46.49,161.3,2026-08-02,Fast Grower,23.3,P/E = growth 23% + dividend 0.7% (capped at 25) · 5-year trend (regression on all points),"High growth: the multiple tracks the growth rate but is capped at 25, because very few companies sustain that pace for years.",earnings,current,,medium,erratic earnings (volatility 81),188.8,ok,88.1,Overvalued,22.6,5-year trend (regression on all points),42.2,22.6,0,0,,81.3,0.53,1.94,17.007,False,36,1,192.3,0.73,2.6,4.0,2.6,0.73,False,1695307005952.0,4773629865.0,2026-12-09,1.46,5.24,89104000000.0,63887000000.0,38265000000.0,42814000000.0,40653000000.0,39403000000.0,3116000000.0,26914000000.0,99690000000.0,188148000000.0,57167000000.0,59419000000.0,23975000000.0,35444000000.0,1730751005952.0,40.42,0.83,19.03,43.02,44.2,53.0,22.8,42.9,48.0,0.57,2.32,38.6,ttm,revenue=RevenueFromContractWithCustomerExcludingAssessedTax+Revenues;net_income=ProfitLoss+NetIncomeLoss+NetIncomeLossAvailableToCommonStockholdersBasic;ebit=OperatingIncomeLoss;ocf=NetCashProvidedByUsedInOperatingActivities;capex=PaymentsToAcquirePropertyPlantAndEquipment;interest_expense=InterestExpense+InterestExpenseNonoperating;assets=Assets;equity=StockholdersEquity;long_term_debt=LongTermDebtNoncurrent;short_term_debt=DebtCurrent;cash=CashAndCashEquivalentsAtCarryingValue,48.7,20.88,18.67,8.25,34.0,42.2,40.4,35.8,27.4,20.3,31.3,24.6,23.9,39.2,46.0,42.8,31.5,24.5,22.5,ttm,edgar,,62,yfinance,,Overvalued
AVY,0000008818,Avery Dennison Corporation,Consumer Cyclical,Packaging & Containers,yfinance,False,NYSE,2670,Converted Paper & Paperboard Prods (No Contaners/Boxes),18.77,18.77,0.0,15.19,11.186,9.05,9.05,9.14,1.0,ok,yfinance,,2.47,169.87,135.75,8.604,129.07,5.2,2026-06-30,Slow Grower (declining earnings),6.0,P/E = 0% growth credit + dividend 2.4% (floor 6) · 5-year trend (regression on all points),"Earnings are contracting, so the model gives no credit for growth: the multiple comes from the dividend and the floor alone. Applied to normalized earnings where available, since the latest figure of a declining company is its lowest point. Check whether the decline is cyclical or structural.",earnings,current,,medium,earnings declining -0%/year,54.3,ok,212.8,Overvalued,-0.1,5-year trend (regression on all points),0.9,-0.1,0,0,,23.5,0.12,,5.551,False,63,3,25.1,2.35,4.0,4.0,3.88,2.28,False,12874131456.0,75788142.0,2026-10-29,0.81,5.24,9248100000.0,8855500000.0,704900000.0,965700000.0,1233600000.0,1063100000.0,142000000.0,712400000.0,2322800000.0,9212300000.0,3177700000.0,3678200000.0,227300000.0,3450900000.0,16325031456.0,16.9,3.57,1.39,12.11,31.2,25.2,10.5,7.6,10.4,1.37,8.26,-2.4,ttm,revenue=RevenueFromContractWithCustomerExcludingAssessedTax+Revenues+SalesRevenueNet;net_income=NetIncomeLoss+NetIncomeLossAvailableToCommonStockholdersBasic;ebit=IncomeLossFromContinuingOperationsBeforeIncomeTaxesExtraordinaryItemsNoncontrollingInterest+IncomeLossFromContinuingOperationsBeforeIncomeTaxesMinorityInterestAndIncomeLossFromEquityMethodInvestments;ocf=NetCashProvidedByUsedInOperatingActivities;capex=PaymentsToAcquirePropertyPlantAndEquipment;interest_expense=InterestExpenseNonoperating+InterestExpense;assets=Assets;equity=StockholdersEquity;long_term_debt=LongTermDebtNoncurrent;short_term_debt=DebtCurrent;cash=CashAndCashEquivalentsAtCarryingValue,5.8,30.65,122.03,14.03,9.6,0.9,10.5,2.9,3.3,4.5,31.2,5.3,10.9,7.6,-0.8,8.6,17.6,3.4,9.0,ttm,edgar,,95,yfinance,,Overvalued
AWK,0001410636,"American Water Works Company, Inc.",Utilities,Utilities - Regulated Water,yfinance,False,NYSE,4941,Water Supply,22.19,22.19,0.0,19.84,6.566,5.87,5.87,5.77,1.7,ok,yfinance,,3.96,130.25,88.05,5.534,83.01,6.1,2026-06-30,Slow Grower,6.0,"P/E = growth 1% + dividend 2.7% (floor 6, cap 12) · 5-year trend (regression on all points)",Modest growth: deserves a contained multiple. The dividend partly offsets the lower growth.,earnings,current,,high,"consistent earnings, growth measured over the full 5-year window",35.22,ok,269.8,Overvalued,0.5,5-year trend (regression on all points),6.9,0.5,0,0,,8.2,0.15,40.77,2.219,False,63,0,47.9,2.75,3.58,4.0,3.446,2.65,False,25884450816.0,198728989.0,2026-10-28,0.58,5.24,5273000000.0,5121000000.0,1128000000.0,1952000000.0,2334000000.0,-1030000000.0,650000000.0,-1067000000.0,11665000000.0,36453000000.0,14043000000.0,15542000000.0,191000000.0,15351000000.0,41235450816.0,21.12,7.86,4.91,,10.1,32.0,5.4,21.4,37.0,1.2,-3.98,-31.6,ttm,revenue=RevenueFromContractWithCustomerExcludingAssessedTax+RevenueFromContractWithCustomerIncludingAssessedTax+Revenues;net_income=NetIncomeLoss;ebit=OperatingIncomeLoss;ocf=NetCashProvidedByUsedInOperatingActivities+NetCashProvidedByUsedInOperatingActivitiesContinuingOperations;capex=PaymentsToAcquirePropertyPlantAndEquipment;interest_expense=InterestExpenseNonoperating+InterestExpense;assets=Assets;equity=StockholdersEquity;long_term_debt=LongTermDebtNoncurrent;short_term_debt=LongTermDebtCurrent;cash=CashAndCashEquivalentsAtCarryingValue,7.3,58.7,26.53,-5.18,6.4,6.9,7.7,9.5,6.4,5.1,,,,8.1,8.5,8.7,12.8,10.5,5.9,ttm,edgar,,95,yfinance,,Overvalued
AXON,0001069183,"Axon Enterprise, Inc.",Industrials,Aerospace & Defense,yfinance,False,Nasdaq,3480,"Ordnance & Accessories, (No Vehicles/Guided Missiles)",175.15,175.15,0.0,39.2,10.544,2.36,2.36,2.4,1.7,ok,yfinance,,-40.89,413.35,35.4,3.25,48.75,-27.4,2026-06-30,Slow Grower (declining earnings),6.0,P/E = 0% growth credit + dividend not available (treated as 0) (floor 6) · 3-year trend — no usable 5-year history,"Earnings are contracting, so the model gives no credit for growth: the multiple comes from the dividend and the floor alone. Applied to normalized earnings where available, since the latest figure of a declining company is its lowest point. Check whether the decline is cyclical or structural.",earnings,current,,low,"growth measured on a short window (3-year trend — no usable 5-year history); erratic earnings (volatility 122); one loss episode 4 years ago, profitable since; earnings declining -5%/year",,suppressed: the earnings used imply a P/E of 175 — earnings this close to zero make every multiple arbitrary,,N/A,-5.4,3-year trend — no usable 5-year history,,,3,1,4.5,122.3,-0.03,,9.138,True,59,3,1067.7,,,,,,False,33579487232.0,81237415.0,2026-11-03,1.4,5.24,3219099000.0,2779536000.0,199298000.0,23774000.0,265809000.0,133192000.0,114475000.0,75081000.0,3674537000.0,7481157000.0,1731817000.0,1731817000.0,597704000.0,1134113000.0,34713600232.0,1460.15,47.7,10.43,252.11,6.2,49.1,0.3,6.2,0.7,0.47,0.4,-77.2,ttm,revenue=RevenueFromContractWithCustomerExcludingAssessedTax+SalesRevenueNet+SalesRevenueGoodsNet;net_income=NetIncomeLoss;ebit=OperatingIncomeLoss;ocf=NetCashProvidedByUsedInOperatingActivities;capex=PaymentsToAcquirePropertyPlantAndEquipment;interest_expense=InterestExpenseNonoperating;assets=Assets;equity=StockholdersEquity;long_term_debt=LongTermDebtNoncurrent;short_term_debt=LongTermDebtCurrent;cash=CashAndCashEquivalentsAtCarryingValue,34.6,45.23,39.63,1.64,21.7,,25.4,33.2,31.9,30.7,6.3,21.0,12.9,26.5,,30.7,18.8,13.6,19.2,ttm,edgar,,95,yfinance,dividend_yield,Overvalued
AXP,0000004962,American Express Company,Financial Services,Credit Services,yfinance,False,NYSE,6199,Finance Services,18.32,18.32,0.0,15.01,20.178,16.53,16.53,16.47,0.4,ok,yfinance,,15.58,302.78,247.95,14.181,212.72,16.6,2026-06-30,Stalwart,14.9,P/E = growth 14% + dividend 1.3% · 5-year trend (regression on all points),"Solid, predictable growth: the fair P/E matches the growth rate plus the dividend yield (PEG = 1).",earnings,current,,high,"consistent earnings, growth measured over the full 5-year window",246.43,ok,22.9,Overvalued,13.7,5-year trend (regression on all points),13.9,13.7,0,0,,19.8,0.81,1.34,5.962,False,67,6,22.1,1.26,3.8,4.0,3.54,1.17,True,204470304768.0,675309833.0,2026-10-23,1.05,5.24,43086000000.0,41304000000.0,11445000000.0,14764000000.0,18475000000.0,15052000000.0,,16003000000.0,34280000000.0,308203000000.0,57017000000.0,59049000000.0,45243000000.0,13806000000.0,218276304768.0,14.78,0.94,4.75,13.58,34.4,11.1,4.8,26.6,34.3,1.66,7.36,31.8,ttm,revenue=RevenueFromContractWithCustomerExcludingAssessedTax+RevenuesNetOfInterestExpense+RevenueFromContractWithCustomerIncludingAssessedTax;net_income=NetIncomeLoss;ebit=IncomeLossFromContinuingOperationsBeforeIncomeTaxesExtraordinaryItemsNoncontrollingInterest+IncomeLossFromContinuingOperationsBeforeIncomeTaxesMinorityInterestAndIncomeLossFromEquityMethodInvestments+OperatingIncomeLoss;ocf=NetCashProvidedByUsedInOperatingActivities+NetCashProvidedByUsedInOperatingActivitiesContinuingOperations;capex=PaymentsToAcquirePropertyPlantAndEquipment;interest_expense=InterestExpense;assets=Assets;equity=StockholdersEquity;long_term_debt=LongTermDebt;short_term_debt=ShortTermBorrowings;cash=CashAndCashEquivalentsAtCarryingValue,8.8,50.76,63.8,22.29,18.7,13.9,11.2,6.1,9.7,3.1,0.6,9.1,6.2,15.4,10.3,7.4,3.9,10.6,6.7,ttm,edgar,,95,yfinance,,Overvalued
AZO,0000866787,"AutoZone, Inc.",Consumer Cyclical,Auto Parts,yfinance,False,NYSE,5531,Retail-Auto & Home Supply Stores,19.38,19.38,0.0,14.51,192.371,144.07,144.07,145.44,1.0,ok,yfinance,,-1.46,2792.03,2161.05,143.213,2148.2,0.6,2026-05-09,Slow Grower,8.9,"P/E = growth 9% + dividend not available (treated as 0) (floor 6, cap 12) · 5-year trend (regression on all points)",Modest growth: deserves a contained multiple. The dividend partly offsets the lower growth.,earnings,current,,high,"consistent earnings, growth measured over the full 5-year window",1276.4,ok,118.7,Overvalued,8.9,5-year trend (regression on all points),9.9,8.9,0,0,,11.7,0.46,2.19,-18.044,False,68,2,29.2,,,,,,False,45155500032.0,16173000.0,2026-12-08,0.34,5.24,18938717000.0,18938717000.0,2498247000.0,3610156000.0,3117337000.0,1790080000.0,490025000.0,1790080000.0,-2784552000.0,20916463000.0,9016477000.0,9016477000.0,253729000.0,8762748000.0,53918248032.0,14.94,2.43,2.38,25.23,,-13.3,17.3,13.2,19.1,,3.96,-7.3,"annual:ebit,fcf,interest_expense,net_income,ocf,revenue",revenue=Revenues+SalesRevenueNet;net_income=NetIncomeLoss;ebit=OperatingIncomeLoss;ocf=NetCashProvidedByUsedInOperatingActivities+NetCashProvidedByUsedInOperatingActivitiesContinuingOperations;capex=PaymentsToAcquirePropertyPlantAndEquipment;interest_expense=InterestExpenseNonoperating+InterestExpense;assets=Assets;equity=StockholdersEquity;long_term_debt=LongTermDebtNoncurrent;short_term_debt=LongTermDebtCurrent;cash=CashAndCashEquivalentsAtCarryingValue,2.4,-172.17,1171.01,110.68,4.8,9.9,14.0,5.2,8.4,6.4,-11.0,-4.6,5.1,0.9,7.6,8.0,-1.0,2.8,7.1,ttm,edgar,,147,yfinance,dividend_yield,Overvalued
BA,0000012927,The Boeing Company,Industrials,Aerospace & Defense,yfinance,False,NYSE,3721,Aircraft,68.88,68.88,0.0,46.9,4.127,2.81,2.81,2.78,1.1,ok,yfinance,,116.8,193.56,42.15,,,,2026-06-30,Turnaround,,earnings not normalizable — back to profit only 0.7 years ago,Losses too recent or too frequent for the P/E to be a reliable basis. Assess the margin recovery and the balance sheet strength.,none,current,,low,growth not calculable on any window; erratic earnings (volatility 114),,no valuation anchor for this category,,N/A,,not calculable,,,18,1,0.7,114.2,,,25.086,True,67,8,359.2,,,4.0,0.0,,True,152984027136.0,790370020.0,2026-10-27,1.21,5.24,93995000000.0,89463000000.0,2435000000.0,4600000000.0,3639000000.0,-210000000.0,2569000000.0,-1877000000.0,6100000000.0,165870000000.0,41335000000.0,45900000000.0,7239000000.0,38661000000.0,191645027136.0,41.66,8.4,1.63,,173.6,3.7,2.8,2.6,4.9,6.78,-0.14,86.9,ttm,revenue=Revenues+RevenueFromContractWithCustomerExcludingAssessedTax;net_income=NetIncomeLoss;ebit=OperatingIncomeLoss;ocf=NetCashProvidedByUsedInOperatingActivities;capex=PaymentsToAcquirePropertyPlantAndEquipment;interest_expense=InterestAndDebtExpense;assets=Assets;equity=StockholdersEquity;long_term_debt=LongTermDebtAndCapitalLeaseObligations;short_term_debt=DebtCurrent;cash=CashAndCashEquivalentsAtCarryingValue,24.8,7.72,118.93,-0.27,,,-6.5,8.5,8.8,-0.3,,,,,,-4.1,-26.6,,-10.0,ttm,edgar,,95,yfinance,dividend_yield;growth_5y,Overvalued
BAC,0000070858,Bank of America Corporation,Financial Services,Banks - Diversified,yfinance,False,NYSE,6021,National Commercial Banks,12.41,12.41,0.0,10.22,5.258,4.33,4.33,4.34,0.2,ok,yfinance,,28.02,53.75,64.95,3.347,50.21,29.4,2026-06-30,Slow Grower,6.0,"P/E = growth 3% + dividend 2.4% (floor 6, cap 12) · 5-year trend (regression on all points)",Modest growth: deserves a contained multiple. The dividend partly offsets the lower growth.,earnings,current,,high,"consistent earnings, growth measured over the full 5-year window",25.98,ok,106.9,Overvalued,2.9,5-year trend (regression on all points),7.7,2.9,0,0,,23.7,0.43,4.25,1.366,False,67,3,-17.2,2.38,1.28,4.0,1.16,2.16,True,375860232192.0,6992748365.0,2026-10-14,1.16,5.24,121098000000.0,113097000000.0,33655000000.0,43860000000.0,94742000000.0,,,,301094000000.0,3499191000000.0,339863000000.0,399842000000.0,229745000000.0,170097000000.0,545957232192.0,12.45,3.88,3.1,,11.2,8.6,1.3,27.8,36.2,1.13,,,ttm,revenue=Revenues;net_income=NetIncomeLoss;ebit=IncomeLossFromContinuingOperationsBeforeIncomeTaxesExtraordinaryItemsNoncontrollingInterest+IncomeLossFromContinuingOperationsBeforeIncomeTaxesMinorityInterestAndIncomeLossFromEquityMethodInvestments;ocf=NetCashProvidedByUsedInOperatingActivities+NetCashProvidedByUsedInOperatingActivitiesContinuingOperations;interest_expense=InterestExpense;assets=Assets;equity=StockholdersEquity;long_term_debt=LongTermDebt;short_term_debt=ShortTermBorrowings;cash=CashAndCashEquivalentsAtCarryingValue,9.7,43.06,17.32,,7.6,7.7,12.6,6.4,7.4,3.9,,,,4.2,4.0,7.6,28.5,,5.1,ttm,edgar,,95,yfinance,free_cash_flow,Undervalued
BALL,0000009389,Ball Corporation,Consumer Cyclical,Packaging & Containers,yfinance,False,NYSE,3411,Metal Cans,16.2,16.2,0.0,12.46,4.523,3.48,3.48,3.51,0.9,ok,yfinance,,81.87,56.37,52.2,3.341,50.12,4.2,2026-06-30,Cyclical,12.0,P/E 12 on 3-year normalized (mid-cycle) earnings,"Erratic, cycle-driven earnings: a low P/E can signal the peak of the cycle, not a bargain. The multiple is applied to mid-cycle earnings, so the fair value does not follow the peak.",earnings,normalized,,medium,erratic earnings (volatility 86),40.09,ok,40.6,Overvalued,11.2,5-year trend (regression on all points),6.0,11.2,0,0,,86.2,0.78,1.44,2.596,False,63,6,8.0,1.42,0.8,4.0,0.8,1.42,False,14921327616.0,264703357.0,2026-11-03,0.95,5.24,14326000000.0,13161000000.0,947000000.0,1167000000.0,1426000000.0,827000000.0,320000000.0,788000000.0,5746000000.0,20110000000.0,6528000000.0,7220000000.0,491000000.0,6729000000.0,21650327616.0,18.55,5.77,1.04,18.04,17.3,28.6,5.8,6.6,8.1,1.14,5.54,313.6,ttm,revenue=RevenueFromContractWithCustomerIncludingAssessedTax+RevenueFromContractWithCustomerExcludingAssessedTax+SalesRevenueNet;net_income=NetIncomeLossAvailableToCommonStockholdersBasic+NetIncomeLoss;ebit=IncomeLossFromContinuingOperationsBeforeIncomeTaxesMinorityInterestAndIncomeLossFromEquityMethodInvestments+OperatingIncomeLoss;ocf=NetCashProvidedByUsedInOperatingActivities;capex=PaymentsToAcquirePropertyPlantAndEquipment;interest_expense=InterestExpenseDebt;assets=Assets;equity=StockholdersEquity;long_term_debt=LongTermDebtNoncurrent;short_term_debt=DebtCurrent;cash=CashAndCashEquivalentsAtCarryingValue,15.6,21.71,54.12,3.12,11.4,6.0,13.8,10.6,2.3,6.4,,15.1,12.3,5.9,1.7,13.0,10.4,-4.9,5.5,ttm,edgar,,95,yfinance,,Overvalued
BAX,0000010456,Baxter International Inc.,Healthcare,Medical Instruments & Supplies,yfinance,False,NYSE,3841,Surgical & Medical Instruments & Apparatus,,,,11.54,2.036,-1.87,-1.87,-2.09,11.8,ok,yfinance,,-596.67,23.49,,,,,2026-06-30,Turnaround,,"no positive earnings, current or normalized","Loss-making now and on a 3-year average: no earnings base exists to capitalise. Any P/E-derived fair value would be invented. Assess the cash burn, the runway and the balance sheet instead.",none,current,,low,growth not calculable on any window; erratic earnings (volatility 116),,no valuation anchor for this category,,N/A,,not calculable,,,11,2,0.0,116.2,,,1.957,True,67,5,,0.17,0.04,4.0,0.04,0.17,True,12144235520.0,516995999.0,2026-10-29,0.59,5.24,11470000000.0,11244000000.0,-1063000000.0,-274000000.0,1319000000.0,332000000.0,310000000.0,332000000.0,6206000000.0,19791000000.0,9473000000.0,0.0,2150000000.0,-2150000000.0,9994235520.0,,,1.06,36.58,-15.7,31.4,-1.4,-9.3,-2.4,1.53,2.73,-42.1,annual:fcf,revenue=RevenueFromContractWithCustomerExcludingAssessedTax+SalesRevenueNet;net_income=NetIncomeLoss;ebit=OperatingIncomeLoss+IncomeLossFromContinuingOperationsBeforeIncomeTaxesExtraordinaryItemsNoncontrollingInterest+IncomeLossFromContinuingOperationsBeforeIncomeTaxesMinorityInterestAndIncomeLossFromEquityMethodInvestments;ocf=NetCashProvidedByUsedInOperatingActivities;capex=PaymentsToAcquireProductiveAssets;interest_expense=InterestExpenseNonoperating+InterestExpenseDebt+InterestExpense;assets=Assets;equity=StockholdersEquity;long_term_debt=LongTermDebtAndCapitalLeaseObligations;short_term_debt=ShortTermBorrowings;cash=CashAndCashEquivalentsAtCarryingValue,5.4,12.0,22.19,0.64,,,,-2.5,-1.2,1.3,3.7,-1.0,-6.3,,,,-5.4,-8.7,-0.5,ttm,edgar,,95,yfinance,growth_5y,N/A
BBY,0000764478,"Best Buy Co., Inc.",Consumer Cyclical,Specialty Retail,yfinance,False,NYSE,5731,"Retail-Radio, Tv & Consumer Electronics Stores",14.59,14.59,0.0,12.2,7.213,6.03,6.03,6.01,0.3,ok,yfinance,,65.56,87.97,90.45,5.558,83.38,8.5,2026-08-01,Slow Grower (declining earnings),6.0,P/E = 0% growth credit + dividend 4.4% (floor 6) · 5-year trend (regression on all points),"Earnings are contracting, so the model gives no credit for growth: the multiple comes from the dividend and the floor alone. Applied to normalized earnings where available, since the latest figure of a declining company is its lowest point. Check whether the decline is cyclical or structural.",earnings,current,,medium,earnings declining -15%/year,36.18,ok,143.1,Overvalued,-14.9,5-year trend (regression on all points),-9.3,-14.9,0,0,,36.0,-0.72,,5.815,False,63,8,-2.7,4.37,3.84,4.0,3.83,4.35,False,18449745920.0,209727698.0,2026-11-24,1.3,5.24,42201000000.0,41691000000.0,1272000000.0,1710000000.0,2475000000.0,1768000000.0,45000000.0,1258000000.0,3183000000.0,16107000000.0,1158000000.0,1158000000.0,2255000000.0,-1097000000.0,17352745920.0,10.15,-0.64,0.44,10.44,43.1,19.8,10.6,3.0,4.1,0.36,9.58,-9.6,ttm,revenue=RevenueFromContractWithCustomerIncludingAssessedTax+SalesRevenueNet+Revenues;net_income=NetIncomeLoss;ebit=OperatingIncomeLoss;ocf=NetCashProvidedByUsedInOperatingActivities;capex=PaymentsToAcquirePropertyPlantAndEquipment;interest_expense=InterestExpenseNonoperating+InterestExpense;assets=Assets;equity=StockholdersEquity;long_term_debt=LongTermDebtNoncurrent;short_term_debt=LongTermDebtCurrent;cash=CashAndCashEquivalentsAtCarryingValue,1.4,15.18,201.22,8.43,1.1,-9.3,6.9,-1.7,-4.2,0.7,-1.1,6.2,0.4,-0.5,-12.9,2.1,-3.0,4.3,0.6,ttm,edgar,,63,yfinance,,Undervalued
BDX,0000010795,"Becton, Dickinson and Company",Healthcare,Medical Instruments & Supplies,yfinance,False,NYSE,3841,Surgical & Medical Instruments & Apparatus,88.34,30.75,187.3,13.29,13.306,2.001,5.75,2.001,65.2,check,edgar,,-59.69,176.8,30.02,4.085,61.27,-51.0,2026-06-30,Slow Grower (declining earnings),6.0,P/E = 0% growth credit + dividend 2.4% (floor 6) · 5-year trend (regression on all points),"Earnings are contracting, so the model gives no credit for growth: the multiple comes from the dividend and the floor alone. Applied to normalized earnings where available, since the latest figure of a declining company is its lowest point. Check whether the decline is cyclical or structural.",earnings,current,,medium,earnings declining -8%/year,12.01,ok,1372.4,Overvalued,-7.7,5-year trend (regression on all points),-16.5,-7.7,0,0,,28.9,-0.06,,1.972,False,68,6,488.9,2.38,4.2,4.0,3.9755,2.25,True,48157990912.0,272386800.0,2026-11-05,0.28,5.24,23250000000.0,21840000000.0,941000000.0,2482000000.0,3956000000.0,3203000000.0,589000000.0,2670000000.0,24416000000.0,50731000000.0,13511000000.0,16808000000.0,708000000.0,16100000000.0,64257990912.0,25.89,6.49,2.07,15.04,3.8,48.1,4.9,4.0,10.7,0.55,6.65,-14.4,ttm,revenue=Revenues+SalesRevenueNet;net_income=NetIncomeLoss+ProfitLoss;ebit=OperatingIncomeLoss;ocf=NetCashProvidedByUsedInOperatingActivitiesContinuingOperations+NetCashProvidedByUsedInOperatingActivities;capex=PaymentsToAcquirePropertyPlantAndEquipment;interest_expense=InterestExpenseNonoperating+InterestExpense;assets=Assets;equity=StockholdersEquity;long_term_debt=LongTermDebtNoncurrent;short_term_debt=DebtCurrent;cash=CashAndCashEquivalentsAtCarryingValue,17.4,89.64,85.36,11.76,-22.7,-16.5,-6.8,6.9,3.5,6.6,22.5,-5.6,5.3,-17.3,-13.6,-1.9,14.5,-5.2,4.6,ttm,edgar,,95,yfinance,,Overvalued
BE,0001664703,Bloom Energy Corporation,Industrials,Electrical Equipment & Parts,yfinance,False,NYSE,3620,Electrical Industrial Apparatus,356.98,356.98,0.0,58.51,4.942,0.81,0.81,-0.04,104.9,check,yfinance,,-300.0,289.15,,,,,2026-03-31,Turnaround,,earnings not normalizable — currently loss-making,Losses too recent or too frequent for the P/E to be a reliable basis. Assess the margin recovery and the balance sheet strength.,none,current,,low,growth not calculable on any window; erratic earnings (volatility 64),,no valuation anchor for this category,,N/A,,not calculable,,,19,1,0.0,64.2,,,52.621,True,34,0,,,,,,,False,85162582016.0,294527346.0,2026-10-27,3.81,5.24,2428753000.0,2001614000.0,6927000.0,164062000.0,298241000.0,229559000.0,31900000.0,57190000.0,921469000.0,4664729000.0,2598676000.0,2602635000.0,2491433000.0,111202000.0,85273784016.0,519.77,0.68,35.06,370.98,0.9,19.8,3.5,0.3,6.8,2.82,0.27,72.5,ttm,revenue=RevenueFromContractWithCustomerExcludingAssessedTax+Revenues;net_income=NetIncomeLossAvailableToCommonStockholdersBasic+ProfitLoss+NetIncomeLoss;ebit=OperatingIncomeLoss;ocf=NetCashProvidedByUsedInOperatingActivities;capex=PaymentsToAcquirePropertyPlantAndEquipment;interest_expense=InterestExpenseDebt;assets=Assets;equity=StockholdersEquity;long_term_debt=LongTermDebtNoncurrent;short_term_debt=LongTermDebtCurrent;cash=CashAndCashEquivalentsAtCarryingValue,58.3,3.13,8.25,0.78,,,,26.2,25.9,25.4,,,,,,,,,,ttm,edgar,,186,yfinance,dividend_yield;growth_5y,N/A
BEN,0000038777,Franklin Templeton Inc.,Financial Services,Asset Management,yfinance,False,NYSE,6282,Investment Advice,22.17,22.17,0.0,10.3,3.186,1.48,1.48,1.47,0.7,ok,yfinance,,194.0,32.81,22.2,1.203,18.05,23.0,2026-06-30,Slow Grower (declining earnings),6.0,P/E = 0% growth credit + dividend 4.0% (floor 6) · 5-year trend (regression on all points),"Earnings are contracting, so the model gives no credit for growth: the multiple comes from the dividend and the floor alone. Applied to normalized earnings where available, since the latest figure of a declining company is its lowest point. Check whether the decline is cyclical or structural.",earnings,current,,low,erratic earnings (volatility 71); earnings declining -26%/year,8.88,ok,269.5,Overvalued,-26.2,5-year trend (regression on all points),-9.5,-26.2,0,0,,71.3,-1.0,,1.419,False,68,10,47.8,4.02,1.32,4.0,1.32,4.02,False,16670003200.0,508076910.0,2026-11-06,1.57,5.24,9324100000.0,8770700000.0,812800000.0,905500000.0,277800000.0,911600000.0,89000000.0,911600000.0,11738200000.0,36243000000.0,2401900000.0,2401900000.0,3760900000.0,-1359000000.0,15311003200.0,16.91,-1.5,1.79,18.29,6.8,32.4,2.5,8.7,9.7,0.2,5.47,14.8,ttm,revenue=RevenueFromContractWithCustomerExcludingAssessedTax+Revenues;net_income=NetIncomeLoss;ebit=OperatingIncomeLoss;ocf=NetCashProvidedByUsedInOperatingActivities;capex=PaymentsToAcquirePropertyPlantAndEquipment;interest_expense=InterestExpense;assets=Assets;equity=StockholdersEquity;long_term_debt=LongTermDebtNoncurrent;short_term_debt=DebtCurrent;cash=CashAndCashEquivalentsAtCarryingValue,7.9,23.1,18.35,1.79,-3.0,-9.5,-5.9,6.1,3.2,3.1,-21.2,-1.4,-8.4,-0.3,-8.2,-6.6,-38.4,-24.3,-16.1,ttm,edgar,,95,yfinance,,Overvalued
BF-B,0000014693,Brown-Forman Corporation,Consumer Defensive,Beverages - Wineries & Distilleries,yfinance,False,NYSE,2080,Beverages,16.77,16.77,0.0,15.26,1.714,1.56,1.56,1.55,0.6,ok,yfinance,,-13.41,26.16,23.4,1.827,27.4,-14.6,2026-07-31,Slow Grower,6.0,"P/E = growth 1% + dividend 3.5% (floor 6, cap 12) · 5-year trend (regression on all points)",Modest growth: deserves a contained multiple. The dividend partly offsets the lower growth.,earnings,current,,high,"consistent earnings, growth measured over the full 5-year window",9.36,ok,179.5,Overvalued,1.0,5-year trend (regression on all points),-0.8,1.0,0,0,,14.4,0.27,16.85,3.023,False,66,8,11.8,3.53,0.924,4.0,0.924,3.53,False,12003889152.0,458864265.0,2026-12-03,0.33,5.24,3915000000.0,3928000000.0,721000000.0,993000000.0,1013000000.0,925000000.0,103000000.0,893000000.0,3969000000.0,7825000000.0,2083000000.0,2083000000.0,301000000.0,1782000000.0,13785889152.0,13.88,1.79,3.07,12.98,18.1,50.7,12.7,18.4,25.4,0.52,7.71,107.2,ttm,revenue=RevenueFromContractWithCustomerExcludingAssessedTax+SalesRevenueGoodsNet;net_income=NetIncomeLoss;ebit=OperatingIncomeLoss;ocf=NetCashProvidedByUsedInOperatingActivities+NetCashProvidedByUsedInOperatingActivitiesContinuingOperations;capex=PaymentsToAcquirePropertyPlantAndEquipment;interest_expense=InterestExpense;assets=Assets;equity=StockholdersEquity;long_term_debt=LongTermDebtNoncurrent;short_term_debt=LongTermDebtCurrent;cash=CashAndCashEquivalentsAtCarryingValue,-0.8,8.65,8.53,2.02,-0.8,-0.8,-2.9,-2.8,1.6,-0.1,44.6,1.7,8.2,-2.0,-1.3,-3.7,26.1,2.1,7.2,ttm,edgar,,64,yfinance,,Overvalued
BG,0001996862,Bunge Global SA,Consumer Defensive,Farm Products,yfinance,False,NYSE,2070,Fats & Oils,23.0,23.0,0.0,9.48,11.262,4.64,4.64,4.29,7.5,ok,yfinance,1.082,-45.56,106.72,69.6,9.788,146.83,-52.6,2026-03-31,Slow Grower (declining earnings),6.0,P/E = 0% growth credit + dividend 2.7% (floor 6) · 5-year trend (regression on all points),"Earnings are contracting, so the model gives no credit for growth: the multiple comes from the dividend and the floor alone. Applied to normalized earnings where available, since the latest figure of a declining company is its lowest point. Check whether the decline is cyclical or structural.",earnings,current,,medium,earnings declining -22%/year,27.84,ok,283.3,Overvalued,-21.8,5-year trend (regression on all points),,-21.8,0,0,,19.6,-0.83,,1.285,False,14,0,53.3,2.7,2.88,4.0,2.84,2.66,False,20502951936.0,192119123.0,2026-10-29,0.66,5.24,36816000000.0,16944000000.0,683000000.0,911000000.0,588000000.0,-1161000000.0,705000000.0,-879000000.0,16045000000.0,47576000000.0,9947000000.0,14553000000.0,839000000.0,13714000000.0,34216951936.0,37.56,15.05,0.56,,5.1,33.7,1.9,1.9,2.5,0.62,-5.66,-267.7,ttm,revenue=RevenueFromContractWithCustomerExcludingAssessedTax+Revenues;net_income=NetIncomeLoss;ebit=IncomeLossFromContinuingOperationsBeforeIncomeTaxesExtraordinaryItemsNoncontrollingInterest;ocf=NetCashProvidedByUsedInOperatingActivities;capex=PaymentsToAcquirePropertyPlantAndEquipment;interest_expense=InterestExpense;assets=Assets;equity=StockholdersEquity;long_term_debt=LongTermDebtNoncurrent;short_term_debt=DebtCurrent;cash=CashAndCashEquivalentsAtCarryingValue,48.4,83.52,191.63,-6.04,-25.0,,,-13.1,,,,,,-24.0,,,-53.6,,,ttm,edgar,,186,yfinance,,Overvalued
BIIB,0000875045,Biogen Inc.,Healthcare,Drug Manufacturers - General,yfinance,False,Nasdaq,2836,"Biological Products, (No Diagnostic Substances)",23.64,39.55,40.2,13.3,16.536,9.3,5.56,9.3,67.3,check,edgar,,-8.1,219.88,139.5,10.06,150.9,-7.6,2026-03-31,Slow Grower (declining earnings),6.0,P/E = 0% growth credit + dividend not available (treated as 0) (floor 6) · 5-year trend (regression on all points),"Earnings are contracting, so the model gives no credit for growth: the multiple comes from the dividend and the floor alone. Applied to normalized earnings where available, since the latest figure of a declining company is its lowest point. Check whether the decline is cyclical or structural.",earnings,current,,low,erratic earnings (volatility 60); earnings declining -9%/year,55.8,ok,294.1,Overvalued,-9.2,5-year trend (regression on all points),-13.4,-9.2,0,0,,60.0,-0.39,,1.723,False,66,2,57.6,,,,,,False,32488151040.0,147753998.0,2026-10-28,0.17,5.24,9937400000.0,9890600000.0,1372000000.0,1623000000.0,2590800000.0,2422900000.0,275100000.0,2050800000.0,18651700000.0,29483100000.0,6288500000.0,6288500000.0,3382700000.0,2905800000.0,35393951040.0,21.81,1.79,3.27,13.41,7.7,63.3,5.5,13.8,16.3,0.34,7.46,-24.7,ttm,revenue=Revenues;net_income=NetIncomeLoss;ebit=IncomeLossFromContinuingOperationsBeforeIncomeTaxesExtraordinaryItemsNoncontrollingInterest+IncomeLossFromContinuingOperationsBeforeIncomeTaxesMinorityInterestAndIncomeLossFromEquityMethodInvestments+OperatingIncomeLoss;ocf=NetCashProvidedByUsedInOperatingActivities;capex=PaymentsToAcquirePropertyPlantAndEquipment;interest_expense=InterestExpense;assets=Assets;equity=StockholdersEquity;long_term_debt=LongTermDebtAndCapitalLeaseObligations;short_term_debt=DebtCurrent;cash=CashAndCashEquivalentsAtCarryingValue,1.2,126.23,67.26,16.4,-24.3,-13.4,-5.4,-0.6,-4.6,-1.0,19.2,-5.2,-3.7,-24.0,-14.6,-9.4,15.6,-6.0,-4.7,ttm,edgar,,186,yfinance,dividend_yield,Overvalued
BKNG,0001075531,Booking Holdings Inc.,Consumer Cyclical,Travel Services,yfinance,False,Nasdaq,4700,Transportation Services,17.79,17.79,0.0,12.86,12.365,8.94,8.94,9.013,0.8,ok,yfinance,,57.08,159.02,134.1,5.958,89.37,50.1,2026-06-30,Fast Grower,25.0,P/E = growth 75% + dividend 1.1% (capped at 25) · 5-year trend (regression on all points),"High growth: the multiple tracks the growth rate but is capped at 25, because very few companies sustain that pace for years.",earnings,current,,medium,erratic earnings (volatility 103),223.5,ok,-28.9,Undervalued,75.0,5-year trend (regression on all points),86.2,75.0,0,0,,103.1,4.28,0.24,-11.178,False,67,2,18.6,1.06,1.68,4.0,1.644,1.03,False,119484530688.0,751380500.0,2026-10-27,1.07,5.24,28241000000.0,26917000000.0,7209000000.0,9284000000.0,9859000000.0,9539000000.0,1103000000.0,9087000000.0,-10783000000.0,29682000000.0,18180000000.0,20180000000.0,17214000000.0,2966000000.0,122450530688.0,13.19,0.32,4.23,12.53,,-36.3,31.3,25.5,32.9,,7.98,15.1,ttm,revenue=Revenues+RevenueFromContractWithCustomerExcludingAssessedTax+SalesRevenueNet;net_income=NetIncomeLossAvailableToCommonStockholdersBasic+NetIncomeLoss;ebit=OperatingIncomeLoss;ocf=NetCashProvidedByUsedInOperatingActivities+NetCashProvidedByUsedInOperatingActivitiesContinuingOperations;capex=PaymentsToAcquirePropertyPlantAndEquipment;interest_expense=InterestExpenseNonoperating+InterestExpense;assets=Assets;equity=StockholdersEquity;long_term_debt=LongTermDebtNoncurrent;short_term_debt=LongTermDebtCurrent;cash=CashAndCashEquivalentsAtCarryingValue,12.9,-14.35,37.59,12.7,25.4,86.2,15.7,13.4,31.5,11.2,13.9,56.1,10.7,17.4,77.1,10.5,13.2,50.2,10.4,ttm,edgar,,95,yfinance,,Overvalued
BKR,0001701605,Baker Hughes Company,Energy,Oil & Gas Equipment & Services,yfinance,False,Nasdaq,3533,Oil & Gas Field Machinery & Equipment,17.89,17.89,0.0,18.6,3.01,3.13,3.13,3.119,0.4,ok,yfinance,,1.57,56.0,46.95,2.77,41.54,13.0,2026-06-30,Cyclical,12.0,P/E 12 on 3-year normalized (mid-cycle) earnings,"Erratic, cycle-driven earnings: a low P/E can signal the peak of the cycle, not a bargain. The multiple is applied to mid-cycle earnings, so the fair value does not follow the peak.",earnings,normalized,,low,"growth measured on a short window (3-year trend — no usable 5-year history); erratic earnings (volatility 87); one loss episode 3 years ago, profitable since",33.24,ok,68.5,Overvalued,25.4,3-year trend — no usable 5-year history,,,6,1,3.2,87.4,1.51,0.71,2.791,True,39,0,19.3,1.64,0.92,4.0,0.92,1.64,False,55589748736.0,992674071.0,2026-10-27,0.96,5.24,27725000000.0,27733000000.0,3096000000.0,3515000000.0,4436000000.0,3128000000.0,,2537000000.0,19908000000.0,52620000000.0,15479000000.0,16253000000.0,15727000000.0,526000000.0,56115748736.0,15.96,0.15,2.01,17.77,16.5,37.8,6.7,11.2,12.7,0.78,5.63,23.5,ttm,revenue=RevenueFromContractWithCustomerExcludingAssessedTax+RevenueFromContractWithCustomerIncludingAssessedTax+SalesRevenueNet;net_income=NetIncomeLoss+ProfitLoss;ebit=IncomeLossFromContinuingOperationsBeforeIncomeTaxesExtraordinaryItemsNoncontrollingInterest+OperatingIncomeLoss;ocf=NetCashProvidedByUsedInOperatingActivities;capex=PaymentsToAcquireProductiveAssets;assets=Assets;equity=StockholdersEquity;long_term_debt=LongTermDebtAndCapitalLeaseObligations;short_term_debt=DebtCurrent;cash=CashAndCashEquivalentsAtCarryingValue,0.4,20.05,27.93,3.15,39.0,,,6.0,6.3,8.2,21.8,25.2,,39.1,,,16.4,20.0,,ttm,edgar-derived,"EPS non depositato in forma non dimensionale (societa' multiclasse): derivato da utile netto SEC / 992,674,071 azioni (copertina SEC). La serie storica usa un numero di azioni costante, quindi non riflette buyback e diluizioni passate.",95,yfinance,,Overvalued
BLK,0002012383,"BlackRock, Inc.",Financial Services,Asset Management,yfinance,False,NYSE,6211,"Security Brokers, Dealers & Flotation Companies",25.51,25.51,0.0,16.48,64.311,41.54,41.54,41.73,0.5,ok,yfinance,,0.87,1059.63,623.1,40.983,614.74,1.4,2026-06-30,Slow Grower (declining earnings),6.0,P/E = 0% growth credit + dividend 2.2% (floor 6) · 5-year trend (regression on all points),"Earnings are contracting, so the model gives no credit for growth: the multiple comes from the dividend and the floor alone. Applied to normalized earnings where available, since the latest figure of a declining company is its lowest point. Check whether the decline is cyclical or structural.",earnings,current,,medium,earnings declining -4%/year,249.24,ok,325.1,Overvalued,-3.5,5-year trend (regression on all points),,-3.5,0,0,,6.5,-0.05,,2.851,False,7,0,70.1,2.16,22.92,4.0,22.4,2.11,False,172164644864.0,162476186.0,2026-10-14,1.43,5.24,27299000000.0,24216000000.0,6576000000.0,8891000000.0,3938000000.0,3515000000.0,543000000.0,3552000000.0,57613000000.0,175875000000.0,12744000000.0,12744000000.0,10492000000.0,2252000000.0,174416644864.0,19.62,0.25,6.31,48.98,12.3,32.8,5.1,24.1,32.6,0.22,2.04,-24.4,ttm,revenue=RevenueFromContractWithCustomerExcludingAssessedTax;net_income=NetIncomeLoss;ebit=OperatingIncomeLoss;ocf=NetCashProvidedByUsedInOperatingActivities;capex=PaymentsToAcquirePropertyPlantAndEquipment;interest_expense=InterestExpenseNonoperating;assets=Assets;equity=StockholdersEquity;long_term_debt=LongTermDebt;cash=CashAndCashEquivalentsAtCarryingValue,26.5,354.59,168.02,21.63,,,,,,,,,,,,,,,,ttm,edgar,,95,yfinance,,Overvalued
BMY,0000014272,Bristol-Myers Squibb Company,Healthcare,Drug Manufacturers - General,yfinance,False,NYSE,2834,Pharmaceutical Preparations,13.53,13.53,0.0,9.31,6.565,4.52,4.52,4.55,0.7,ok,yfinance,,82.73,61.15,67.8,2.806,42.1,61.1,2026-06-30,Turnaround,10.0,"P/E 10 on 3-year normalized earnings — recurring losses (2 separate episodes, the last 1.5 years ago)","A recovery multiple, not a PEG multiple: the growth rate of a company coming out of losses measures the rebound, not a trend, and using it as a multiple is how a fair value becomes nonsense. Applied to normalized earnings, and deliberately below the market average.",earnings,normalized,,low,growth measured on a short window (3-year CAGR — no usable 5-year history); erratic earnings (volatility 234),28.06,ok,117.9,Overvalued,6.6,3-year CAGR — no usable 5-year history,,,6,2,1.5,234.2,0.79,2.06,5.597,True,67,6,-9.8,4.12,2.52,4.0,2.52,4.12,False,124912001024.0,2042714656.0,2026-10-29,0.23,5.24,49186000000.0,48194000000.0,9282000000.0,11910000000.0,12782000000.0,11440000000.0,1730000000.0,12845000000.0,22319000000.0,87634000000.0,42093000000.0,43120000000.0,8722000000.0,34398000000.0,159310001024.0,13.38,2.89,2.54,10.92,46.7,25.5,13.6,18.9,24.2,1.89,9.16,-7.9,ttm,revenue=Revenues+SalesRevenueNet;net_income=NetIncomeLoss;ebit=IncomeLossFromContinuingOperationsBeforeIncomeTaxesExtraordinaryItemsNoncontrollingInterest+IncomeLossFromContinuingOperationsBeforeIncomeTaxesMinorityInterestAndIncomeLossFromEquityMethodInvestments+OperatingIncomeLoss;ocf=NetCashProvidedByUsedInOperatingActivities;capex=PaymentsToAcquirePropertyPlantAndEquipment;interest_expense=InterestExpenseNonoperating+InterestExpense;assets=Assets;equity=StockholdersEquity;long_term_debt=LongTermDebtNoncurrent;short_term_debt=DebtCurrent;cash=CashAndCashEquivalentsAtCarryingValue,3.1,10.93,24.08,5.6,6.6,,10.3,2.9,2.1,10.8,2.2,-0.4,34.4,5.2,,12.5,2.6,0.4,23.0,ttm,edgar,,95,yfinance,,Undervalued
BNY,0001390777,The Bank of New York Mellon Corporation,Financial Services,Banks - Diversified,yfinance,False,NYSE,6022,State Commercial Banks,16.81,16.81,0.0,14.15,10.274,8.65,8.65,8.58,0.8,ok,yfinance,,30.99,145.4,129.75,6.024,90.36,43.6,2026-06-30,Stalwart,20.5,P/E = growth 19% + dividend 1.7% · 5-year trend (regression on all points),"Solid, predictable growth: the fair P/E matches the growth rate plus the dividend yield (PEG = 1).",earnings,current,,high,"consistent earnings, growth measured over the full 5-year window",177.51,ok,-18.1,Undervalued,18.8,5-year trend (regression on all points),17.3,18.8,0,0,,34.3,1.22,0.89,2.472,False,67,6,12.1,1.73,2.52,4.0,2.322,1.6,True,98654494720.0,678504142.0,2026-10-15,1.05,5.24,20080000000.0,20080000000.0,6299000000.0,,3570000000.0,1592000000.0,,5177000000.0,44664000000.0,525019000000.0,30368000000.0,35184000000.0,7483000000.0,27701000000.0,126355494720.0,,,4.91,61.97,14.2,8.5,,31.4,,0.68,1.61,762.0,annual:revenue,revenue=Revenues+RevenueFromContractWithCustomerExcludingAssessedTax;net_income=NetIncomeLoss+NetIncomeLossAvailableToCommonStockholdersBasic;ebit=IncomeLossFromContinuingOperationsBeforeIncomeTaxesExtraordinaryItemsNoncontrollingInterest;ocf=NetCashProvidedByUsedInOperatingActivities;capex=PaymentsToAcquirePropertyPlantAndEquipment;interest_expense=InterestExpense;assets=Assets;equity=StockholdersEquity;long_term_debt=LongTermDebt;short_term_debt=CommercialPaper;cash=CashAndCashEquivalentsAtCarryingValue,-5.3,65.83,29.59,2.35,35.5,17.3,11.9,0.4,0.6,,-42.8,,-3.7,28.3,11.6,7.0,-28.1,,1.9,ttm,edgar,,95,yfinance,,Overvalued
BR,0001383312,"Broadridge Financial Solutions, Inc.",Technology,Information Technology Services,yfinance,False,NYSE,7389,"Services-Business Services, NEC",16.78,16.78,0.0,13.56,11.576,9.35,9.35,9.6,2.7,ok,yfinance,0.974,35.21,156.93,140.25,6.35,95.25,47.2,2026-06-30,Stalwart (mid cap),19.4,P/E = growth 17% + dividend 2.8% · 5-year trend (regression on all points),"Solid, predictable growth: the fair P/E matches the growth rate plus the dividend yield (PEG = 1).",earnings,current,,high,"consistent earnings, growth measured over the full 5-year window",181.83,ok,-13.7,Undervalued,16.7,5-year trend (regression on all points),15.7,16.7,0,0,,18.0,1.16,1.01,6.298,False,65,0,11.9,2.78,4.36,4.0,4.015,2.56,True,17717401600.0,112900032.0,2026-11-03,0.91,5.24,7476800000.0,7476800000.0,1124400000.0,1300600000.0,1345600000.0,1278400000.0,111800000.0,1278400000.0,2840500000.0,8945300000.0,3254600000.0,3254600000.0,402900000.0,2851700000.0,20569101600.0,15.82,2.19,2.37,13.86,40.9,31.8,14.5,15.0,17.4,1.15,7.22,13.4,ttm,revenue=RevenueFromContractWithCustomerExcludingAssessedTax+Revenues;net_income=NetIncomeLoss+ProfitLoss;ebit=OperatingIncomeLoss+IncomeLossFromContinuingOperationsBeforeIncomeTaxesMinorityInterestAndIncomeLossFromEquityMethodInvestments;ocf=NetCashProvidedByUsedInOperatingActivities+NetCashProvidedByUsedInOperatingActivitiesContinuingOperations;capex=PaymentsToAcquirePropertyPlantAndEquipment;interest_expense=InterestExpenseDebt;assets=Assets;equity=StockholdersEquity;long_term_debt=LongTermDebtNoncurrent;short_term_debt=LongTermDebtCurrent;cash=CashAndCashEquivalentsAtCarryingValue,8.5,25.16,66.22,11.32,21.9,15.7,14.3,7.2,8.4,9.9,17.7,16.8,12.9,21.3,15.5,13.8,17.8,16.0,11.9,ttm,edgar,,95,yfinance,,Overvalued
BRK-B,0001067983,Berkshire Hathaway Inc.,Financial Services,Insurance - Diversified,yfinance,False,NYSE,6331,"Fire, Marine & Casualty Insurance",12.58,12.58,0.0,23.22,21.644,39.96,39.96,40.065,0.3,ok,yfinance,,36.32,502.65,599.4,34.978,524.67,14.2,2026-06-30,Asset Play,,net asset value (fair P/B = 1),"Trading at 0.00x book value: the market prices the company below its accounting net worth. The anchor is the balance sheet, not the P/E. Book value is a starting point, not an appraisal — it understates land carried at cost and overstates obsolete inventory.",book,current,1.0,low,"erratic earnings (volatility 103); one loss episode 3 years ago, profitable since",349.37,ok,43.9,Overvalued,-4.1,"5-year CAGR (two endpoints, window contains losses)",-4.1,,2,1,3.5,103.2,-0.33,,0.001,True,67,1,-16.1,,,,,,False,1076027719680.0,2140709794.0,2026-11-07,0.6,5.24,259733000000.0,247244000000.0,85768000000.0,106943000000.0,46634000000.0,24215000000.0,5195000000.0,25042000000.0,747910000000.0,1263071000000.0,,,41360000000.0,,1034667719680.0,9.67,,4.14,44.44,12.1,59.2,8.5,33.0,41.2,,2.25,115.6,ttm,revenue=RevenueFromContractWithCustomerExcludingAssessedTax+Revenues;net_income=NetIncomeLoss;ebit=IncomeLossFromContinuingOperationsBeforeIncomeTaxesExtraordinaryItemsNoncontrollingInterest+IncomeLossFromContinuingOperationsBeforeIncomeTaxesMinorityInterestAndIncomeLossFromEquityMethodInvestments+OperatingIncomeLoss;ocf=NetCashProvidedByUsedInOperatingActivities+NetCashProvidedByUsedInOperatingActivitiesContinuingOperations;capex=PaymentsToAcquirePropertyPlantAndEquipment;interest_expense=InterestExpense;assets=Assets;equity=StockholdersEquity;cash=CashAndCashEquivalentsAtCarryingValue,5.7,349.37,121.33,11.31,-0.4,-4.1,12.9,4.1,5.3,1.8,-2.5,-3.8,3.3,-0.4,-4.1,12.9,2.6,2.2,3.6,ttm,edgar-derived,"EPS non depositato in forma non dimensionale (societa' multiclasse): derivato da utile netto SEC / 2,140,709,794 azioni (yfinance). La serie storica usa un numero di azioni costante, quindi non riflette buyback e diluizioni passate.",95,yfinance,dividend_yield,Undervalued
BRO,0000079282,"Brown & Brown, Inc.",Financial Services,Insurance Brokers,yfinance,False,NYSE,6411,"Insurance Agents, Brokers & Service",19.71,19.71,0.0,12.45,4.813,3.04,3.04,3.13,3.0,ok,yfinance,0.971,-9.8,59.91,45.6,3.195,47.93,-4.9,2026-06-30,Stalwart (mid cap),14.0,P/E = growth 13% + dividend 1.1% · 5-year trend (regression on all points),"Solid, predictable growth: the fair P/E matches the growth rate plus the dividend yield (PEG = 1).",earnings,current,,high,"consistent earnings, growth measured over the full 5-year window",42.67,ok,40.4,Overvalued,12.9,5-year trend (regression on all points),9.4,12.9,0,0,,11.6,0.71,1.52,1.571,False,63,8,31.4,1.1,0.66,4.0,0.66,1.1,False,20046508032.0,334610357.0,2026-10-26,0.58,5.24,6790000000.0,5902000000.0,1205000000.0,1548000000.0,1520000000.0,1446000000.0,399000000.0,1382000000.0,12608000000.0,29887000000.0,7346000000.0,7759000000.0,918000000.0,6841000000.0,26887508032.0,17.37,4.42,2.95,13.86,9.9,42.2,5.2,17.7,22.8,0.58,7.21,26.6,ttm,revenue=Revenues;net_income=NetIncomeLoss;ebit=IncomeLossFromContinuingOperationsBeforeIncomeTaxesExtraordinaryItemsNoncontrollingInterest+IncomeLossFromContinuingOperationsBeforeIncomeTaxesMinorityInterestAndIncomeLossFromEquityMethodInvestments;ocf=NetCashProvidedByUsedInOperatingActivities+NetCashProvidedByUsedInOperatingActivitiesContinuingOperations;capex=PaymentsToAcquirePropertyPlantAndEquipment;interest_expense=InterestExpenseNonoperating+InterestExpense;assets=Assets;equity=StockholdersEquity;long_term_debt=LongTermDebtNoncurrent;short_term_debt=DebtCurrent;cash=CashAndCashEquivalentsAtCarryingValue,34.2,37.68,20.29,4.32,6.5,9.4,29.2,19.4,18.9,14.8,18.7,18.6,16.0,18.0,16.1,16.9,18.1,17.6,16.0,ttm,edgar,,95,yfinance,,Overvalued
BSX,0000885725,Boston Scientific Corporation,Healthcare,Medical Devices,yfinance,False,NYSE,3841,Surgical & Medical Instruments & Apparatus,17.53,17.53,0.0,12.49,3.41,2.43,2.43,2.47,1.6,ok,yfinance,,47.02,42.6,36.45,1.289,19.33,88.5,2026-06-30,Fast Grower,25.0,P/E = growth 41% + dividend 0.0% (capped at 25) · 5-year trend (regression on all points),"High growth: the multiple tracks the growth rate but is capped at 25, because very few companies sustain that pace for years.",earnings,current,,medium,erratic earnings (volatility 76),60.75,ok,-29.9,Undervalued,41.3,5-year trend (regression on all points),46.2,41.3,0,0,,75.9,2.36,0.42,2.472,False,67,2,16.9,,,,,,False,61737177088.0,1449229526.0,2026-10-28,0.57,5.24,20996000000.0,20074000000.0,3675000000.0,4152000000.0,4529000000.0,3625000000.0,363000000.0,3658000000.0,24930000000.0,45216000000.0,10915000000.0,12624000000.0,539000000.0,12085000000.0,73822177088.0,17.78,2.91,2.94,17.03,15.5,55.1,9.2,17.5,19.8,0.44,5.87,38.3,ttm,revenue=RevenueFromContractWithCustomerExcludingAssessedTax+Revenues+SalesRevenueNet;net_income=NetIncomeLossAvailableToCommonStockholdersBasic+ProfitLoss+NetIncomeLoss;ebit=OperatingIncomeLoss;ocf=NetCashProvidedByUsedInOperatingActivities;capex=PaymentsToAcquirePropertyPlantAndEquipment;interest_expense=InterestExpense;assets=Assets;equity=StockholdersEquity;long_term_debt=LongTermDebtAndCapitalLeaseObligations;short_term_debt=DebtCurrent;cash=CashAndCashEquivalentsAtCarryingValue,13.5,17.2,14.49,2.5,60.3,46.2,,16.1,13.4,9.7,33.9,14.4,13.0,62.2,47.5,,28.7,15.1,12.7,ttm,edgar,,95,yfinance,dividend_yield,Overvalued
BX,0001393818,Blackstone Inc.,Financial Services,Asset Management,yfinance,False,NYSE,6282,Investment Advice,25.11,25.11,0.0,14.99,7.454,4.45,4.45,4.46,0.2,ok,yfinance,,20.22,111.75,66.75,3.392,50.89,31.2,2026-06-30,Slow Grower (declining earnings),6.0,P/E = 0% growth credit + dividend 4.6% (floor 6) · 5-year trend (regression on all points),"Earnings are contracting, so the model gives no credit for growth: the multiple comes from the dividend and the floor alone. Applied to normalized earnings where available, since the latest figure of a declining company is its lowest point. Check whether the decline is cyclical or structural.",earnings,current,,low,erratic earnings (volatility 89); earnings declining -8%/year,26.7,ok,318.5,Overvalued,-8.3,5-year trend (regression on all points),-7.4,-8.3,0,0,,89.4,-0.15,,9.917,False,63,0,67.4,4.62,5.16,4.0,5.23,4.68,True,133574524928.0,1195297834.0,2026-10-22,1.56,5.24,16110480000.0,14450265000.0,3519036000.0,8066927000.0,5597890000.0,5486239000.0,536453000.0,4547458000.0,9014543000.0,49892220000.0,13318636000.0,13318636000.0,2507073000.0,10811563000.0,144386087928.0,17.9,1.34,8.29,24.35,40.5,18.1,16.2,21.8,50.1,1.48,4.11,33.0,ttm,revenue=Revenues;net_income=NetIncomeLoss+ProfitLoss;ebit=IncomeLossFromContinuingOperationsBeforeIncomeTaxesExtraordinaryItemsNoncontrollingInterest+IncomeLossFromContinuingOperationsBeforeIncomeTaxesMinorityInterestAndIncomeLossFromEquityMethodInvestments;ocf=NetCashProvidedByUsedInOperatingActivities+NetCashProvidedByUsedInOperatingActivitiesContinuingOperations;capex=PaymentsToAcquirePropertyPlantAndEquipment;interest_expense=InterestExpense;assets=Assets;equity=StockholdersEquity;long_term_debt=LongTermDebt;cash=CashAndCashEquivalentsAtCarryingValue,17.2,7.54,13.48,4.59,39.6,-7.4,28.6,32.3,-1.4,18.2,16.0,9.3,18.7,41.3,-5.2,27.7,14.0,9.0,18.3,ttm,edgar,,95,yfinance,,Overvalued
BXP,0001037540,"BXP, Inc.",Real Estate,REIT - Office,yfinance,False,NYSE,6798,Real Estate Investment Trusts,32.33,32.33,0.0,27.2,2.223,1.87,1.87,1.86,0.5,ok,yfinance,,9200.0,60.45,28.05,1.222,18.32,53.1,2026-06-30,Turnaround,10.0,P/E 10 on 3-year normalized earnings — back to profit only 0.7 years ago,"A recovery multiple, not a PEG multiple: the growth rate of a company coming out of losses measures the rebound, not a trend, and using it as a multiple is how a fair value becomes nonsense. Applied to normalized earnings, and deliberately below the market average.",earnings,normalized,,low,erratic earnings (volatility 110),12.22,ok,394.9,Overvalued,-0.7,"5-year CAGR (two endpoints, window contains losses)",-0.7,,2,1,0.7,110.2,0.12,,1.871,True,67,0,115.5,4.63,2.8,4.0,2.8,4.63,True,10934040576.0,180877428.0,2026-10-27,1.03,5.24,3516454000.0,3482279000.0,296778000.0,,1284500000.0,1141025000.0,632429000.0,1028470000.0,5155145000.0,25173869000.0,,750000000.0,493949000.0,256051000.0,11190091576.0,,,3.11,9.58,5.7,20.5,,8.4,,,10.44,-1.6,ttm,revenue=Revenues+RevenueFromContractWithCustomerIncludingAssessedTax;net_income=NetIncomeLoss+NetIncomeLossAvailableToCommonStockholdersBasic;ebit=OperatingIncomeLoss;ocf=NetCashProvidedByUsedInOperatingActivities;capex=PaymentsForCapitalImprovements;interest_expense=InterestExpense+InterestExpenseDebt;assets=Assets;equity=StockholdersEquity;long_term_debt=LongTermDebt;short_term_debt=CommercialPaper;cash=CashAndCashEquivalentsAtCarryingValue,1.9,28.5,19.44,6.31,-24.0,-0.7,-7.2,3.2,4.8,3.3,1.6,2.6,3.3,-23.2,-1.2,-6.8,0.1,2.0,3.2,ttm,edgar,,95,yfinance,,Overvalued
C,0000831001,Citigroup Inc.,Financial Services,Banks - Diversified,yfinance,False,NYSE,6021,National Commercial Banks,13.68,13.68,0.0,9.96,12.898,9.39,9.39,6.99,25.6,check,yfinance,,17.68,128.5,140.85,6.31,94.65,48.8,2025-12-31,Slow Grower (declining earnings),6.0,P/E = 0% growth credit + dividend 2.1% (floor 6) · 5-year trend (regression on all points),"Earnings are contracting, so the model gives no credit for growth: the multiple comes from the dividend and the floor alone. Applied to normalized earnings where available, since the latest figure of a declining company is its lowest point. Check whether the decline is cyclical or structural.",earnings,current,,medium,earnings declining -8%/year,56.34,ok,128.1,Overvalued,-8.4,5-year trend (regression on all points),8.2,-8.4,0,0,,41.4,-0.46,,1.12,False,65,10,-8.8,2.09,2.68,4.0,2.47,1.92,False,215550623744.0,1677436783.0,2026-10-13,1.1,5.24,85225000000.0,85225000000.0,14306000000.0,19828000000.0,-67632000000.0,-74152000000.0,,-74152000000.0,212291000000.0,2657202000000.0,315827000000.0,367705000000.0,349579000000.0,18126000000.0,233676623744.0,11.79,0.91,2.53,,6.8,8.0,0.7,16.8,23.3,1.49,-34.4,-183.4,ttm,revenue=Revenues;net_income=NetIncomeLoss;ebit=IncomeLossFromContinuingOperationsBeforeIncomeTaxesExtraordinaryItemsNoncontrollingInterest+IncomeLossFromContinuingOperationsBeforeIncomeTaxesMinorityInterestAndIncomeLossFromEquityMethodInvestments;ocf=NetCashProvidedByUsedInOperatingActivities+NetCashProvidedByUsedInOperatingActivitiesContinuingOperations;capex=PaymentsToAcquirePropertyPlantAndEquipment;interest_expense=InterestExpense;assets=Assets;equity=StockholdersEquity;long_term_debt=LongTermDebt;short_term_debt=ShortTermBorrowings;cash=CashAndCashEquivalentsAtCarryingValue,5.6,126.56,50.81,-44.21,-0.0,8.2,2.6,4.2,2.5,1.1,,,,-1.2,5.3,-1.8,,,,ttm,edgar-stale,"Ultimo dato EPS depositato nelle API XBRL della SEC: 276 giorni fa. Lo storico e' completo e corretto, ma non copre l'ultimo trimestre: per i valori 'di oggi' viene preferito l'EPS del provider di mercato, piu' aggiornato.",276,yfinance,,Undervalued
CAH,0000721371,"Cardinal Health, Inc.",Healthcare,Medical Distribution,yfinance,False,NYSE,5122,"Wholesale-Drugs, Proprietaries & Druggists' Sundries",31.84,31.84,0.0,16.24,14.058,7.17,7.17,6.95,3.1,ok,yfinance,,29.91,228.3,107.55,4.325,64.88,65.8,2025-12-31,Slow Grower,9.1,"P/E = growth 8% + dividend 0.9% (floor 6, cap 12) · 5-year CAGR (two endpoints, window contains losses)",Modest growth: deserves a contained multiple. The dividend partly offsets the lower growth.,earnings,current,,low,"erratic earnings (volatility 107); one loss episode 3 years ago, profitable since",65.17,ok,250.3,Overvalued,8.2,"5-year CAGR (two endpoints, window contains losses)",8.2,,4,1,3.0,106.8,0.29,3.89,-18.451,True,67,9,112.3,0.9,2.064,4.0,2.054,0.9,False,52864999424.0,231559345.0,2026-11-05,0.52,5.24,244673000000.0,254248000000.0,1662000000.0,2533000000.0,6099000000.0,5502000000.0,316000000.0,4525000000.0,-2883000000.0,57299000000.0,7004000000.0,7049000000.0,4856000000.0,2193000000.0,55057999424.0,21.74,0.87,0.22,9.61,,-5.0,4.4,0.7,1.0,,10.41,144.6,ttm,revenue=Revenues;net_income=NetIncomeLoss;ebit=OperatingIncomeLoss;ocf=NetCashProvidedByUsedInOperatingActivities;capex=PaymentsToAcquirePropertyPlantAndEquipment;interest_expense=InterestExpense;assets=Assets;equity=StockholdersEquity;long_term_debt=LongTermDebtAndCapitalLeaseObligations;short_term_debt=DebtCurrent;cash=CashAndCashEquivalentsAtCarryingValue,10.1,-12.45,1056.63,23.76,,8.2,5.4,8.2,9.4,8.1,24.6,12.9,8.0,,3.8,2.0,23.4,12.4,7.6,ttm,edgar-stale,"Ultimo dato EPS depositato nelle API XBRL della SEC: 276 giorni fa. Lo storico e' completo e corretto, ma non copre l'ultimo trimestre: per i valori 'di oggi' viene preferito l'EPS del provider di mercato, piu' aggiornato.",276,yfinance,,Overvalued
CARR,0001783180,Carrier Global Corporation,Industrials,Building Products & Equipment,yfinance,False,NYSE,3585,Air-Cond & Warm Air Heatg Equip & Comm & Indl Refrig Equip,39.37,39.37,0.0,16.64,3.313,1.4,1.4,1.53,9.3,ok,yfinance,0.915,-55.78,55.12,21.0,1.519,22.78,-7.8,2026-03-31,Cyclical,12.0,P/E 12 on 3-year normalized (mid-cycle) earnings,"Erratic, cycle-driven earnings: a low P/E can signal the peak of the cycle, not a bargain. The multiple is applied to mid-cycle earnings, so the fair value does not follow the peak.",earnings,normalized,,medium,erratic earnings (volatility 86),18.23,ok,202.4,Overvalued,-7.9,5-year trend (regression on all points),-9.9,-7.9,0,0,,86.5,-0.16,,3.459,False,26,0,162.5,1.74,0.96,4.0,0.945,1.71,False,45436796928.0,824325057.0,2026-10-27,1.3,5.24,21870000000.0,21747000000.0,1310000000.0,1802000000.0,2109000000.0,1686000000.0,458000000.0,2121000000.0,13801000000.0,37186000000.0,10422000000.0,12158000000.0,1371000000.0,10787000000.0,56223796928.0,31.2,5.99,2.08,26.95,9.4,37.1,4.8,6.0,8.2,0.76,3.71,4720.5,annual:interest_expense,revenue=RevenueFromContractWithCustomerExcludingAssessedTax;net_income=NetIncomeLoss+NetIncomeLossAvailableToCommonStockholdersBasic;ebit=OperatingIncomeLoss;ocf=NetCashProvidedByUsedInOperatingActivities;capex=PaymentsToAcquireProductiveAssets;interest_expense=InterestExpenseDebt;assets=Assets;equity=StockholdersEquity;long_term_debt=LongTermDebtNoncurrent;short_term_debt=DebtCurrent;cash=CashAndCashEquivalentsAtCarryingValue,-1.9,16.74,26.53,2.05,-19.7,-9.9,,8.4,3.7,,-0.9,2.2,,-19.7,-10.4,,0.7,2.9,,ttm,edgar,,186,yfinance,,Overvalued
CASY,0000726958,"Casey's General Stores, Inc.",Consumer Cyclical,Specialty Retail,yfinance,False,Nasdaq,5500,Retail-Auto Dealers & Gasoline Stations,29.83,29.83,0.0,26.34,23.453,20.71,20.71,20.76,0.2,ok,yfinance,,33.25,617.76,310.65,14.46,216.9,43.2,2026-07-31,Stalwart (mid cap),18.7,P/E = growth 18% + dividend 0.4% · 5-year trend (regression on all points),"Solid, predictable growth: the fair P/E matches the growth rate plus the dividend yield (PEG = 1).",earnings,current,,high,"consistent earnings, growth measured over the full 5-year window",387.94,ok,59.2,Overvalued,18.3,5-year trend (regression on all points),20.0,18.3,0,0,,11.0,0.63,1.63,5.58,False,66,4,98.9,0.42,2.6,4.0,2.36,0.38,True,22832513024.0,36960167.0,2026-12-08,0.59,5.24,18672331000.0,17561101000.0,772813000.0,,1389195000.0,648926000.0,91843000.0,721620000.0,4093913000.0,9121263000.0,2326200000.0,2430523000.0,524059000.0,1906464000.0,24738977024.0,,,1.22,35.19,20.0,44.9,,4.1,,0.57,2.84,23.4,ttm,revenue=Revenues+SalesRevenueNet;net_income=NetIncomeLoss;ebit=IncomeLossFromContinuingOperationsBeforeIncomeTaxesExtraordinaryItemsNoncontrollingInterest+IncomeLossFromContinuingOperationsBeforeIncomeTaxesMinorityInterestAndIncomeLossFromEquityMethodInvestments;ocf=NetCashProvidedByUsedInOperatingActivities;capex=PaymentsToAcquirePropertyPlantAndEquipment;interest_expense=InterestExpense;assets=Assets;equity=StockholdersEquity;long_term_debt=LongTermDebtNoncurrent;short_term_debt=LongTermDebtCurrent;cash=CashAndCashEquivalentsAtCarryingValue,13.8,110.77,505.2,17.56,18.9,20.0,13.5,8.8,13.8,10.2,20.4,20.8,15.5,18.6,19.9,12.8,18.5,14.9,10.2,ttm,edgar,,64,yfinance,,Overvalued
CAT,0000018230,Caterpillar Inc.,Industrials,Farm & Heavy Construction Machinery,yfinance,False,NYSE,3531,Construction Machinery & Equip,35.58,35.58,0.0,26.11,32.377,23.76,23.76,23.23,2.2,ok,yfinance,1.023,18.28,845.42,356.4,20.773,311.6,14.4,2026-06-30,Stalwart,20.0,P/E = growth 19% + dividend 0.8% · 5-year trend (regression on all points),"Solid, predictable growth: the fair P/E matches the growth rate plus the dividend yield (PEG = 1).",earnings,current,,high,"consistent earnings, growth measured over the full 5-year window",475.89,ok,77.7,Overvalued,19.3,5-year trend (regression on all points),23.9,19.3,0,0,,38.5,0.56,1.85,20.037,False,67,5,137.2,0.77,6.52,4.0,6.16,0.73,False,388618321920.0,459674889.0,2026-10-29,1.59,5.24,74729000000.0,67589000000.0,10844000000.0,13458000000.0,13569000000.0,10698000000.0,,8918000000.0,19394000000.0,102609000000.0,30696000000.0,36210000000.0,6713000000.0,29497000000.0,418115321920.0,31.07,2.19,5.2,36.33,57.0,18.9,13.1,14.5,18.0,1.58,2.75,-11.2,ttm,revenue=Revenues;net_income=NetIncomeLossAvailableToCommonStockholdersBasic+NetIncomeLoss;ebit=OperatingIncomeLoss+IncomeLossFromContinuingOperationsBeforeIncomeTaxesMinorityInterestAndIncomeLossFromEquityMethodInvestments;ocf=NetCashProvidedByUsedInOperatingActivities+NetCashProvidedByUsedInOperatingActivitiesContinuingOperations;capex=PaymentsToAcquirePropertyPlantAndEquipment+PaymentsToAcquireProductiveAssets;assets=Assets;equity=StockholdersEquityIncludingPortionAttributableToNoncontrollingInterest;long_term_debt=LongTermDebtNoncurrent;short_term_debt=ShortTermBorrowings;cash=CashAndCashEquivalentsAtCarryingValue,18.4,42.19,162.57,23.27,13.1,23.9,26.8,4.9,10.2,6.0,7.3,9.1,8.3,9.1,19.8,23.8,10.6,11.6,8.2,ttm,edgar,,95,yfinance,,Overvalued
CB,0000896159,Chubb Limited,Financial Services,Insurance - Property & Casualty,yfinance,False,NYSE,6331,"Fire, Marine & Casualty Insurance",11.74,11.74,0.0,11.34,29.174,28.19,28.19,28.27,0.3,ok,yfinance,,36.18,330.89,422.85,22.611,339.16,24.7,2026-03-31,Stalwart,13.4,P/E = growth 12% + dividend 1.2% · 5-year trend (regression on all points),"Solid, predictable growth: the fair P/E matches the growth rate plus the dividend yield (PEG = 1).",earnings,current,,medium,erratic earnings (volatility 59),378.88,ok,-12.7,Undervalued,12.2,5-year trend (regression on all points),18.1,12.2,0,0,,58.6,1.15,0.96,1.693,False,66,1,-21.7,1.23,4.08,4.0,3.01,0.91,False,127657328640.0,385799859.0,2026-10-20,0.38,5.24,60822000000.0,59402000000.0,11299000000.0,14373000000.0,15197000000.0,,781000000.0,,73788000000.0,275456000000.0,15970000000.0,17470000000.0,2634000000.0,14836000000.0,142493328640.0,9.91,1.03,2.1,,16.2,26.8,5.2,18.6,23.6,0.22,,,ttm,revenue=Revenues;net_income=NetIncomeLoss;ebit=IncomeLossFromContinuingOperationsBeforeIncomeTaxesExtraordinaryItemsNoncontrollingInterest;ocf=NetCashProvidedByUsedInOperatingActivities+NetCashProvidedByUsedInOperatingActivitiesContinuingOperations;interest_expense=InterestExpense;assets=Assets;equity=StockholdersEquity;long_term_debt=LongTermDebt;short_term_debt=LongTermDebtCurrent;cash=CashAndCashEquivalentsAtCarryingValue,8.2,191.26,157.65,,31.7,18.1,14.1,11.0,9.7,11.0,,,,29.6,15.2,15.9,11.2,8.3,14.8,ttm,edgar,,186,yfinance,free_cash_flow,Undervalued
CBOE,0001374310,"Cboe Global Markets, Inc.",Financial Services,Financial Data & Stock Exchanges,yfinance,False,CBOE,6200,"Security & Commodity Brokers, Dealers, Exchanges & Services",21.6,21.6,0.0,17.91,15.142,12.56,12.56,12.83,2.1,ok,yfinance,0.979,50.59,271.26,188.4,7.381,110.72,70.2,2026-06-30,Fast Grower,25.0,P/E = growth 33% + dividend 1.3% (capped at 25) · 5-year trend (regression on all points),"High growth: the multiple tracks the growth rate but is capped at 25, because very few companies sustain that pace for years.",earnings,current,,high,"consistent earnings, growth measured over the full 5-year window",314.0,ok,-13.6,Undervalued,32.8,5-year trend (regression on all points),25.8,32.8,0,0,,23.7,1.58,0.66,5.041,False,63,0,44.0,1.27,3.44,4.0,2.3,0.85,True,28327958528.0,104431019.0,2026-10-30,0.41,5.24,5061300000.0,4714200000.0,1353100000.0,1755700000.0,1962800000.0,1874500000.0,53100000.0,1681600000.0,5625800000.0,10609300000.0,794200000.0,1443800000.0,2276200000.0,-832400000.0,27495558528.0,15.66,-0.47,5.6,15.11,26.3,53.0,16.5,26.7,34.7,0.14,6.62,61.7,ttm,revenue=RevenueFromContractWithCustomerIncludingAssessedTax+Revenues;net_income=NetIncomeLoss+NetIncomeLossAvailableToCommonStockholdersBasic+ProfitLoss;ebit=OperatingIncomeLoss;ocf=NetCashProvidedByUsedInOperatingActivities+NetCashProvidedByUsedInOperatingActivitiesContinuingOperations;capex=PaymentsToAcquireProductiveAssets+PaymentsToAcquirePropertyPlantAndEquipment;interest_expense=InterestExpenseDebt+InterestExpense+InterestAndDebtExpense;assets=Assets;equity=StockholdersEquity;long_term_debt=LongTermDebtNoncurrent;short_term_debt=LongTermDebtCurrent;cash=CashAndCashEquivalentsAtCarryingValue,11.7,53.87,48.47,17.95,28.0,25.8,17.1,9.1,8.0,22.1,55.8,2.7,27.6,27.7,25.2,20.0,52.5,3.0,22.7,ttm,edgar,,95,yfinance,,Overvalued
CBRE,0001138118,"CBRE Group, Inc.",Real Estate,Real Estate Services,yfinance,False,NYSE,6500,Real Estate,29.86,29.86,0.0,14.28,9.074,4.34,4.34,4.35,0.2,ok,yfinance,,21.85,129.58,65.1,3.223,48.34,34.7,2026-06-30,Slow Grower (declining earnings),6.0,P/E = 0% growth credit + dividend not available (treated as 0) (floor 6) · 5-year trend (regression on all points),"Earnings are contracting, so the model gives no credit for growth: the multiple comes from the dividend and the floor alone. Applied to normalized earnings where available, since the latest figure of a declining company is its lowest point. Check whether the decline is cyclical or structural.",earnings,current,,medium,earnings declining -5%/year,26.04,ok,397.6,Overvalued,-5.1,5-year trend (regression on all points),4.1,-5.1,0,0,,41.5,-0.17,,4.472,False,63,1,99.0,,,,,,False,37523169280.0,289575298.0,2026-10-22,1.19,5.24,43050000000.0,39900000000.0,1301000000.0,1979000000.0,1361000000.0,938000000.0,,1193000000.0,8398000000.0,30471000000.0,5731000000.0,5800000000.0,1489000000.0,4311000000.0,41834169280.0,21.14,2.18,0.87,40.0,15.6,27.6,6.5,3.0,4.6,0.68,2.5,-14.8,ttm,revenue=RevenueFromContractWithCustomerExcludingAssessedTax+Revenues;net_income=NetIncomeLoss;ebit=OperatingIncomeLoss;ocf=NetCashProvidedByUsedInOperatingActivities+NetCashProvidedByUsedInOperatingActivitiesContinuingOperations;capex=PaymentsToAcquireProductiveAssets+PaymentsToAcquirePropertyPlantAndEquipment;interest_expense=InterestExpense;assets=Assets;equity=StockholdersEquity;long_term_debt=LongTermDebtNoncurrent;short_term_debt=DebtCurrent;cash=CashAndCashEquivalentsAtCarryingValue,15.0,29.0,148.67,3.24,17.8,4.1,10.7,12.4,12.0,13.2,22.2,-12.5,11.5,15.5,1.5,9.3,18.8,-7.7,10.9,ttm,edgar,,95,yfinance,dividend_yield,Overvalued
CCI,0001051470,Crown Castle Inc.,Real Estate,REIT - Specialty,yfinance,False,NYSE,6798,Real Estate Investment Trusts,33.73,27.01,24.9,22.91,2.9,1.97,2.46,1.97,19.9,check,edgar,,118.46,66.44,29.55,2.195,32.92,-10.3,2026-06-30,Turnaround,10.0,P/E 10 on 3-year normalized earnings — back to profit only 0.7 years ago,"A recovery multiple, not a PEG multiple: the growth rate of a company coming out of losses measures the rebound, not a trend, and using it as a multiple is how a fair value becomes nonsense. Applied to normalized earnings, and deliberately below the market average.",earnings,normalized,,low,"consistent earnings, growth measured over the full 5-year window",21.95,ok,202.7,Overvalued,-4.3,"5-year CAGR (two endpoints, window contains losses)",-4.3,,4,1,0.7,49.2,0.06,,-8.656,True,67,0,124.8,6.4,4.252,4.0,4.252,6.4,True,29034280960.0,437000000.0,2026-10-21,0.97,5.24,203000000.0,215000000.0,862000000.0,1983000000.0,2624000000.0,2406000000.0,943000000.0,2875000000.0,-3270000000.0,21512000000.0,15979000000.0,18239000000.0,1042000000.0,17197000000.0,46231280960.0,23.31,8.67,143.03,12.07,,-15.2,9.2,424.6,976.8,,8.29,3.9,ttm,revenue=RevenueFromContractWithCustomerExcludingAssessedTax+Revenues+SalesRevenueNet;net_income=NetIncomeLoss+NetIncomeLossAvailableToCommonStockholdersBasic;ebit=OperatingIncomeLoss;ocf=NetCashProvidedByUsedInOperatingActivities;capex=PaymentsToAcquireProductiveAssets;interest_expense=InterestExpenseDebt+InterestExpense;assets=Assets;equity=StockholdersEquity;long_term_debt=LongTermDebtNoncurrent;short_term_debt=DebtCurrent;cash=CashAndCashEquivalentsAtCarryingValue,-1.0,-7.48,0.46,5.51,-20.6,-4.3,7.0,-32.2,-18.4,-25.3,9.7,7.9,10.2,-20.3,-4.1,8.6,-7.0,-2.8,3.9,ttm,edgar,,95,yfinance,,Overvalued
CCL,0000815097,Carnival Corporation Ltd.,Consumer Cyclical,Travel Services,yfinance,False,NYSE,4400,Water Transportation,11.06,11.06,0.0,10.06,2.561,2.33,2.33,2.31,0.9,ok,yfinance,,17.26,25.76,34.95,1.74,26.1,33.9,2026-08-31,Unclassified,,growth not calculable on any window,"Not enough usable earnings history to estimate growth on any of the four windows tried (5-year trend and CAGR, 3-year trend and CAGR). No category multiple is assigned: the fixed P/E 15 line is the only reading available.",none,current,,low,"growth not calculable on any window; one loss episode 3 years ago, profitable since",,no valuation anchor for this category,,N/A,,not calculable,,,10,1,2.8,39.8,,,2.725,True,68,2,-26.3,2.33,0.6,4.0,0.45,1.75,True,34637160448.0,1344610129.0,2026-12-18,2.31,5.24,27593000000.0,26622000000.0,3137000000.0,4413000000.0,6821000000.0,3176000000.0,1176000000.0,2607000000.0,14188000000.0,50971000000.0,21876000000.0,23912000000.0,1220000000.0,22692000000.0,57329160448.0,12.99,5.14,1.26,10.91,24.0,27.8,8.7,11.4,16.0,1.54,9.17,101.0,ttm,revenue=RevenueFromContractWithCustomerExcludingAssessedTax+Revenues;net_income=NetIncomeLoss;ebit=OperatingIncomeLoss;ocf=NetCashProvidedByUsedInOperatingActivities;capex=PaymentsToAcquirePropertyPlantAndEquipment;interest_expense=InterestExpenseNonoperating+InterestExpense;assets=Assets;equity=StockholdersEquity;long_term_debt=LongTermDebtNoncurrent;short_term_debt=LongTermDebtCurrent;cash=CashAndCashEquivalentsAtCarryingValue,5.2,10.55,20.52,2.36,,,-3.4,11.3,111.3,5.5,,,4.3,,,2.5,28.1,,3.0,ttm,edgar,,33,yfinance,growth_5y,Undervalued
CDNS,0000813672,"Cadence Design Systems, Inc.",Technology,Software - Application,yfinance,False,Nasdaq,7372,Services-Prepackaged Software,69.99,69.99,0.0,36.72,9.567,5.02,5.02,4.29,14.5,ok,yfinance,1.17,8.88,351.35,75.3,4.499,67.49,11.6,2026-03-31,Stalwart,12.9,P/E = growth 13% + dividend 0.0% · 5-year trend (regression on all points),"Solid, predictable growth: the fair P/E matches the growth rate plus the dividend yield (PEG = 1).",earnings,current,,high,"consistent earnings, growth measured over the full 5-year window",64.59,ok,443.9,Overvalued,12.9,5-year trend (regression on all points),12.9,12.9,0,0,,13.2,0.18,5.44,14.109,False,62,3,366.6,,,,,,False,96759332864.0,275393000.0,2026-10-26,1.14,5.24,5528613000.0,5296759000.0,1170969000.0,1561851000.0,1597542000.0,1429912000.0,119036000.0,1586910000.0,6561463000.0,12098354000.0,,425000000.0,1406668000.0,-981668000.0,95777664864.0,61.32,-0.63,17.5,67.67,20.7,54.2,12.9,21.2,28.3,,1.48,41.9,ttm,revenue=RevenueFromContractWithCustomerExcludingAssessedTax+SalesRevenueNet;net_income=NetIncomeLoss;ebit=OperatingIncomeLoss;ocf=NetCashProvidedByUsedInOperatingActivities;capex=PaymentsToAcquirePropertyPlantAndEquipment;interest_expense=InterestExpense;assets=Assets;equity=StockholdersEquity;long_term_debt=ConvertibleLongTermNotesPayable;short_term_debt=LongTermDebtCurrent;cash=CashAndCashEquivalentsAtCarryingValue,13.4,23.83,20.08,5.19,11.1,12.9,17.4,14.5,14.6,12.3,11.2,12.2,14.6,11.0,12.4,16.0,10.9,12.3,14.4,ttm,edgar,,186,yfinance,dividend_yield,Overvalued
CDW,0001402057,CDW Corporation,Technology,Information Technology Services,yfinance,False,Nasdaq,5961,Retail-Catalog & Mail-Order Houses,16.0,16.0,0.0,11.09,12.015,8.33,8.33,8.31,0.2,ok,yfinance,,3.23,133.29,124.95,8.094,121.42,2.9,2026-06-30,Slow Grower,6.0,"P/E = growth 3% + dividend 1.9% (floor 6, cap 12) · 5-year trend (regression on all points)",Modest growth: deserves a contained multiple. The dividend partly offsets the lower growth.,earnings,current,,high,"consistent earnings, growth measured over the full 5-year window",49.98,ok,166.7,Overvalued,3.3,5-year trend (regression on all points),4.9,3.3,0,0,,7.7,0.33,4.8,6.839,False,55,0,6.7,1.89,2.52,4.0,2.52,1.89,False,16663571456.0,125017426.0,2026-11-03,0.94,5.24,23500400000.0,22424100000.0,1080300000.0,1678600000.0,981800000.0,860200000.0,,1088100000.0,2442100000.0,17254800000.0,4808100000.0,5817000000.0,361800000.0,5455200000.0,22118771456.0,13.18,3.25,0.71,19.37,44.0,14.2,9.7,4.6,7.1,1.97,5.16,-5.8,ttm,revenue=RevenueFromContractWithCustomerExcludingAssessedTax+SalesRevenueNet+Revenues;net_income=NetIncomeLoss;ebit=OperatingIncomeLoss;ocf=NetCashProvidedByUsedInOperatingActivities;capex=PaymentsToAcquirePropertyPlantAndEquipment+PaymentsToAcquireProductiveAssets;interest_expense=InterestExpense;assets=Assets;equity=StockholdersEquity;long_term_debt=LongTermDebtNoncurrent;short_term_debt=LongTermDebtCurrent;cash=CashAndCashEquivalentsAtCarryingValue,7.4,19.53,187.98,6.88,1.9,4.9,12.5,1.6,3.6,5.5,-5.9,-3.9,8.0,0.1,2.9,9.5,-5.6,-3.0,7.2,ttm,edgar,,95,yfinance,,Overvalued
CEG,0001868275,Constellation Energy Corporation,Utilities,Utilities - Independent Power Producers,yfinance,False,Nasdaq,4911,Electric Services,25.32,25.32,0.0,19.33,13.32,10.17,10.17,10.26,0.9,ok,yfinance,,7.1,257.49,152.55,8.827,132.4,15.2,2026-06-30,Fast Grower,24.9,P/E = growth 24% + dividend 0.7% (capped at 25) · 3-year trend — no usable 5-year history,"High growth: the multiple tracks the growth rate but is capped at 25, because very few companies sustain that pace for years.",earnings,current,,low,"growth measured on a short window (3-year trend — no usable 5-year history); erratic earnings (volatility 106); one loss episode 3 years ago, profitable since",253.57,ok,1.5,Overvalued,24.3,3-year trend — no usable 5-year history,,,4,1,3.2,106.1,0.98,1.04,2.861,True,19,0,68.8,0.66,1.708,4.0,1.669,0.65,True,91230609408.0,354307379.0,2026-11-09,1.12,5.24,24781000000.0,22663000000.0,3465000000.0,4596000000.0,4206000000.0,309000000.0,783000000.0,1288000000.0,31977000000.0,98253000000.0,19111000000.0,19474000000.0,697000000.0,18777000000.0,110007609408.0,23.94,4.09,3.68,295.24,15.3,32.5,4.7,14.0,18.5,0.6,0.34,125.6,ttm,revenue=RevenueFromContractWithCustomerExcludingAssessedTax+RevenueFromContractWithCustomerIncludingAssessedTax;net_income=NetIncomeLoss+ProfitLoss;ebit=OperatingIncomeLoss;ocf=NetCashProvidedByUsedInOperatingActivities;capex=PaymentsToAcquirePropertyPlantAndEquipment;interest_expense=InterestExpenseNonoperating+InterestExpense;assets=Assets;equity=StockholdersEquity;long_term_debt=LongTermDebtNoncurrent;short_term_debt=LongTermDebtCurrent;cash=CashAndCashEquivalentsAtCarryingValue,20.5,90.25,69.94,0.87,62.7,,,5.3,8.4,,,,,64.7,,,,,,ttm,edgar,,95,yfinance,,Overvalued
CF,0001324404,"CF Industries Holdings, Inc.",Basic Materials,Agricultural Inputs,yfinance,False,NYSE,2870,Agricultural Chemicals,8.49,8.49,0.0,10.41,11.052,13.54,13.54,13.46,0.6,ok,yfinance,,76.41,115.01,203.1,7.796,116.94,73.7,2026-06-30,Cyclical,12.0,P/E 12 on 3-year normalized (mid-cycle) earnings,"Erratic, cycle-driven earnings: a low P/E can signal the peak of the cycle, not a bargain. The multiple is applied to mid-cycle earnings, so the fair value does not follow the peak.",earnings,normalized,,medium,erratic earnings (volatility 82),93.55,ok,22.9,Overvalued,16.4,5-year trend (regression on all points),44.9,16.4,0,0,,81.7,2.17,0.52,3.033,False,67,1,-43.4,2.09,2.4,4.0,2.1,1.83,True,17405399040.0,151338130.0,2026-11-04,0.4,5.24,7739000000.0,7084000000.0,2099000000.0,3181000000.0,2977000000.0,1910000000.0,165000000.0,1802000000.0,5748000000.0,15099000000.0,3216000000.0,3216000000.0,2480000000.0,736000000.0,18141399040.0,5.7,0.23,2.25,9.11,39.2,38.1,21.1,27.1,41.1,0.56,10.97,2.8,ttm,revenue=Revenues+SalesRevenueNet;net_income=NetIncomeLossAvailableToCommonStockholdersBasic+NetIncomeLoss;ebit=OperatingIncomeLoss;ocf=NetCashProvidedByUsedInOperatingActivities+NetCashProvidedByUsedInOperatingActivitiesContinuingOperations;capex=PaymentsToAcquirePropertyPlantAndEquipment;interest_expense=InterestExpenseDebt+InterestExpense;assets=Assets;equity=StockholdersEquity;long_term_debt=LongTermDebtNoncurrent;short_term_debt=LongTermDebtCurrent;cash=CashAndCashEquivalentsAtCarryingValue,20.0,37.98,51.14,12.62,3.5,44.9,32.5,-3.9,11.0,6.4,-11.4,17.6,,-4.2,35.7,27.2,-2.7,19.6,9.9,ttm,edgar,,95,yfinance,,Undervalued
CFG,0000759944,"Citizens Financial Group, Inc.",Financial Services,Banks - Regional,yfinance,False,NYSE,6022,State Commercial Banks,13.86,13.86,0.0,9.85,6.529,4.64,4.64,4.6,0.9,ok,yfinance,,39.82,64.33,69.6,3.248,48.72,42.9,2026-06-30,Slow Grower (declining earnings),6.0,P/E = 0% growth credit + dividend 2.9% (floor 6) · 5-year trend (regression on all points),"Earnings are contracting, so the model gives no credit for growth: the multiple comes from the dividend and the floor alone. Applied to normalized earnings where available, since the latest figure of a declining company is its lowest point. Check whether the decline is cyclical or structural.",earnings,current,,medium,earnings declining -6%/year,27.84,ok,131.1,Overvalued,-6.0,5-year trend (regression on all points),0.6,-6.0,0,0,,40.4,-0.22,,1.13,False,47,0,-7.6,2.86,1.84,4.0,1.84,2.86,False,27094304768.0,421176788.0,2026-10-16,1.0,5.24,1751000000.0,1635000000.0,2126000000.0,2711000000.0,2501000000.0,,,1571000000.0,26183000000.0,233836000000.0,15190000000.0,16349000000.0,12760000000.0,3589000000.0,30683304768.0,11.32,1.32,15.47,,8.3,11.2,1.2,121.4,154.8,0.58,,2.3,ttm,revenue=RevenueFromContractWithCustomerExcludingAssessedTax+RevenueFromContractWithCustomerIncludingAssessedTax+Revenues;net_income=NetIncomeLoss;ebit=IncomeLossFromContinuingOperationsBeforeIncomeTaxesExtraordinaryItemsNoncontrollingInterest+IncomeLossFromContinuingOperationsBeforeIncomeTaxesMinorityInterestAndIncomeLossFromEquityMethodInvestments;ocf=NetCashProvidedByUsedInOperatingActivities;capex=PaymentsToAcquirePropertyPlantAndEquipment+PaymentsToAcquireProductiveAssets;interest_expense=InterestExpense;assets=Assets;equity=StockholdersEquity;long_term_debt=LongTermDebt;short_term_debt=ShortTermBorrowings;cash=CashAndCashEquivalentsAtCarryingValue,15.7,62.17,4.16,,1.3,0.6,10.5,10.7,8.7,-9.9,5.1,4.7,,-2.3,0.9,8.9,-24.1,12.1,5.8,ttm,edgar,,95,yfinance,free_cash_flow,Undervalued
CHD,0000313927,"Church & Dwight Co., Inc.",Consumer Defensive,Household & Personal Products,yfinance,False,NYSE,2840,"Soap, Detergents, Cleang Preparations, Perfumes, Cosmetics",30.13,30.13,0.0,23.37,4.035,3.13,3.13,3.11,0.6,ok,yfinance,,46.7,94.31,46.95,3.049,45.74,2.6,2026-06-30,Slow Grower (declining earnings),6.0,P/E = 0% growth credit + dividend 1.3% (floor 6) · 5-year trend (regression on all points),"Earnings are contracting, so the model gives no credit for growth: the multiple comes from the dividend and the floor alone. Applied to normalized earnings where available, since the latest figure of a declining company is its lowest point. Check whether the decline is cyclical or structural.",earnings,current,,medium,earnings declining -1%/year,18.78,ok,402.2,Overvalued,-0.8,5-year trend (regression on all points),-0.5,-0.8,0,0,,39.1,0.02,,5.144,False,67,8,100.9,1.31,1.232,4.0,1.219,1.29,False,22370699264.0,237203907.0,2026-10-30,0.47,5.24,6229100000.0,6203200000.0,744800000.0,1088000000.0,1215400000.0,1093000000.0,96600000.0,1093000000.0,4347800000.0,9105700000.0,2206300000.0,2256200000.0,254800000.0,2001400000.0,24372099264.0,22.4,1.84,3.59,20.47,17.0,47.7,11.9,12.0,17.5,0.51,4.89,11.9,"annual:fcf,ocf",revenue=RevenueFromContractWithCustomerExcludingAssessedTax+SalesRevenueGoodsNet;net_income=NetIncomeLoss+ProfitLoss;ebit=OperatingIncomeLoss;ocf=NetCashProvidedByUsedInOperatingActivities+NetCashProvidedByUsedInOperatingActivitiesContinuingOperations;capex=PaymentsToAcquirePropertyPlantAndEquipment;interest_expense=InterestExpense;assets=Assets;equity=StockholdersEquity;long_term_debt=LongTermDebtNoncurrent;short_term_debt=LongTermDebtCurrent;cash=CashAndCashEquivalentsAtCarryingValue,2.7,18.33,26.26,4.61,20.0,-0.5,6.1,3.4,4.3,6.1,3.2,-2.0,6.5,18.6,-1.6,5.1,3.8,-0.7,6.3,ttm,edgar,,95,yfinance,,Overvalued
CHRW,0001043277,"C.H. Robinson Worldwide, Inc.",Industrials,Integrated Freight & Logistics,yfinance,False,Nasdaq,4731,Arrangement of  Transportation of  Freight & Cargo,29.26,29.26,0.0,21.02,7.503,5.39,5.39,5.24,2.8,ok,yfinance,1.029,19.09,157.72,80.85,4.14,62.1,30.2,2026-06-30,Cyclical,12.0,P/E 12 on 3-year normalized (mid-cycle) earnings,"Erratic, cycle-driven earnings: a low P/E can signal the peak of the cycle, not a bargain. The multiple is applied to mid-cycle earnings, so the fair value does not follow the peak.",earnings,normalized,,medium,erratic earnings (volatility 56),49.68,ok,217.5,Overvalued,-9.1,5-year trend (regression on all points),1.7,-9.1,0,0,,56.0,-0.26,,11.348,False,67,2,95.1,1.6,2.52,4.0,2.52,1.6,False,18429779968.0,116851258.0,2026-10-28,0.94,5.24,16996512000.0,16232763000.0,633327000.0,833618000.0,685357000.0,668759000.0,,894891000.0,1627690000.0,5843506000.0,1685017000.0,1685017000.0,154590000.0,1530427000.0,19960206968.0,23.94,1.84,1.08,27.56,37.1,27.9,14.3,3.7,4.9,1.04,3.63,84.0,ttm,revenue=RevenueFromContractWithCustomerExcludingAssessedTax+Revenues;net_income=NetIncomeLoss;ebit=OperatingIncomeLoss;ocf=NetCashProvidedByUsedInOperatingActivities;capex=PaymentsToAcquirePropertyPlantAndEquipment;assets=Assets;equity=StockholdersEquity;long_term_debt=LongTermDebtNoncurrent;short_term_debt=DebtCurrent;cash=CashAndCashEquivalentsAtCarryingValue,-0.1,13.93,145.45,5.72,5.6,1.7,3.6,-5.5,-2.3,2.7,-28.5,61.0,0.1,5.8,-0.6,1.8,-28.5,51.4,-0.4,ttm,edgar,,95,yfinance,,Overvalued
CHTR,0001091667,"Charter Communications, Inc.",Communication Services,Telecom Services,yfinance,False,Nasdaq,4841,Cable & Other Pay Television Services,2.84,2.84,0.0,2.32,47.04,38.43,38.43,38.44,0.0,ok,yfinance,,5.23,109.29,,35.396,530.94,8.6,2026-06-30,Asset Play,,net asset value (fair P/B = 1),"Trading at 0.77x book value: the market prices the company below its accounting net worth. The anchor is the balance sheet, not the P/E. Book value is a starting point, not an appraisal — it understates land carried at cost and overstates obsolete inventory.",book,current,1.0,medium,"consistent earnings, growth measured over the full 5-year window",130.44,ok,-16.2,Undervalued,10.4,5-year trend (regression on all points),14.7,10.4,0,0,,25.0,3.66,0.27,0.769,False,63,0,,,,,,,False,14203066368.0,129957597.0,2026-10-30,0.69,5.24,511000000.0,889000000.0,4924000000.0,12663000000.0,16470000000.0,4358000000.0,,4418000000.0,16952000000.0,155618000000.0,92960000000.0,93959000000.0,509000000.0,93450000000.0,107653066368.0,8.5,7.38,27.79,3.26,29.7,10.9,8.1,963.6,2478.1,5.48,30.68,39.8,ttm,revenue=Revenues+RevenueFromContractWithCustomerIncludingAssessedTax;net_income=NetIncomeLoss+ProfitLoss;ebit=OperatingIncomeLoss;ocf=NetCashProvidedByUsedInOperatingActivities;capex=PaymentsToAcquirePropertyPlantAndEquipment;interest_expense=InterestExpense;assets=Assets;equity=StockholdersEquity;long_term_debt=LongTermDebtNoncurrent;short_term_debt=DebtCurrent;cash=CashAndCashEquivalentsAtCarryingValue,-52.6,130.44,3.93,33.53,8.9,14.7,11.8,-31.8,-60.0,-28.0,7.0,-11.0,22.6,2.1,4.8,5.8,5.1,1.1,17.4,ttm,edgar,,95,yfinance,dividend_yield,N/A
CI,0001739940,The Cigna Group,Healthcare,Healthcare Plans,yfinance,False,NYSE,6324,Hospital & Medical Service Plans,11.19,11.19,0.0,8.08,33.485,24.17,24.17,24.17,0.0,ok,yfinance,,32.8,270.53,362.55,17.83,267.45,35.6,2026-06-30,Slow Grower (declining earnings),6.0,P/E = 0% growth credit + dividend 2.3% (floor 6) · 5-year trend (regression on all points),"Earnings are contracting, so the model gives no credit for growth: the multiple comes from the dividend and the floor alone. Applied to normalized earnings where available, since the latest figure of a declining company is its lowest point. Check whether the decline is cyclical or structural.",earnings,current,,low,erratic earnings (volatility 66); earnings declining -0%/year,145.02,ok,86.5,Overvalued,-0.3,5-year trend (regression on all points),1.3,-0.3,0,0,,65.8,0.18,,1.674,False,35,2,-25.4,2.31,6.24,4.0,6.19,2.29,False,71484973056.0,264240486.0,2026-11-05,0.32,5.24,282382000000.0,274900000000.0,6416000000.0,9957000000.0,10277000000.0,,1379000000.0,8435000000.0,42620000000.0,157082000000.0,29086000000.0,31878000000.0,6298000000.0,25580000000.0,97064973056.0,9.75,2.57,0.25,,15.5,27.1,6.3,2.3,3.5,0.68,,160.2,ttm,revenue=Revenues;net_income=NetIncomeLoss+NetIncomeLossAvailableToCommonStockholdersBasic;ebit=OperatingIncomeLoss+IncomeLossFromContinuingOperationsBeforeIncomeTaxesExtraordinaryItemsNoncontrollingInterest;ocf=NetCashProvidedByUsedInOperatingActivities;capex=PaymentsToAcquirePropertyPlantAndEquipment;interest_expense=InterestExpenseDebt;assets=Assets;equity=StockholdersEquity;long_term_debt=LongTermDebtNoncurrent;short_term_debt=DebtCurrent;cash=CashAndCashEquivalentsAtCarryingValue,7.8,161.29,1068.66,,3.3,1.3,12.7,14.9,11.1,25.2,,,,-1.3,-4.7,13.2,-7.3,11.4,14.3,ttm,edgar,,95,yfinance,free_cash_flow,Undervalued
CIEN,0000936395,Ciena Corporation,Technology,Communication Equipment,yfinance,False,NYSE,3661,Telephone & Telegraph Apparatus,81.19,81.19,0.0,33.08,11.828,4.82,4.82,4.48,7.1,ok,yfinance,1.076,357.14,391.34,72.3,1.087,16.3,343.6,2026-08-01,Slow Grower (declining earnings),6.0,P/E = 0% growth credit + dividend not available (treated as 0) (floor 6) · 5-year trend (regression on all points),"Earnings are contracting, so the model gives no credit for growth: the multiple comes from the dividend and the floor alone. Applied to normalized earnings where available, since the latest figure of a declining company is its lowest point. Check whether the decline is cyclical or structural.",earnings,current,,low,unstable earnings base: latest TTM $4.82 vs 3-year median $1.09 — the fair value depends on which one is used; erratic earnings (volatility 69); earnings declining -7%/year,28.92,ok,1253.2,Overvalued,-7.4,5-year trend (regression on all points),8.7,-7.4,0,0,,68.7,-0.09,,18.166,False,64,2,441.3,,,,,,False,55495348224.0,141808525.0,2026-09-03,1.31,5.24,6020894000.0,4769507000.0,654410000.0,738953000.0,1054683000.0,814362000.0,69961000.0,665292000.0,3056738000.0,7997240000.0,3229843000.0,3229843000.0,2445708000.0,784135000.0,56279483224.0,76.16,1.06,9.22,68.15,22.4,38.2,9.2,10.9,12.3,1.06,1.47,76.1,ttm,revenue=Revenues+SalesRevenueNet;net_income=NetIncomeLoss;ebit=OperatingIncomeLoss;ocf=NetCashProvidedByUsedInOperatingActivities;capex=PaymentsToAcquirePropertyPlantAndEquipment;interest_expense=InterestExpenseNonoperating+InterestExpense;assets=Assets;equity=StockholdersEquity;long_term_debt=LongTermDebtNoncurrent;short_term_debt=LongTermDebtCurrent;cash=CashAndCashEquivalentsAtCarryingValue,32.6,21.56,42.46,5.74,44.5,8.7,39.5,12.5,12.1,8.9,,16.1,19.8,43.4,7.2,40.3,,17.3,16.1,ttm,edgar,,63,yfinance,dividend_yield,Overvalued
CINF,0000020286,Cincinnati Financial Corporation,Financial Services,Insurance - Property & Casualty,yfinance,False,Nasdaq,6331,"Fire, Marine & Casualty Insurance",7.65,7.65,0.0,17.88,9.06,21.18,21.18,21.2,0.1,ok,yfinance,,83.71,161.95,317.7,14.062,210.93,50.6,2026-06-30,Slow Grower,6.1,"P/E = growth 4% + dividend 2.3% (floor 6, cap 12) · 5-year CAGR (two endpoints, window contains losses)",Modest growth: deserves a contained multiple. The dividend partly offsets the lower growth.,earnings,current,,low,"erratic earnings (volatility 134); one loss episode 3 years ago, profitable since",129.75,ok,24.8,Overvalued,3.8,"5-year CAGR (two endpoints, window contains losses)",3.8,,2,1,3.5,134.3,0.8,2.01,1.49,True,63,7,-49.0,2.32,3.76,4.0,3.69,2.28,False,24855769088.0,153478045.0,2026-10-26,0.55,5.24,13954000000.0,12631000000.0,3327000000.0,4155000000.0,3417000000.0,3400000000.0,53000000.0,3092000000.0,16671000000.0,43231000000.0,859000000.0,859000000.0,1750000000.0,-891000000.0,23964769088.0,5.77,-0.21,1.78,7.31,21.5,38.6,9.6,23.8,29.8,0.05,13.68,17.7,ttm,revenue=Revenues+RevenueFromContractWithCustomerExcludingAssessedTax;net_income=NetIncomeLoss;ebit=IncomeLossFromContinuingOperationsBeforeIncomeTaxesExtraordinaryItemsNoncontrollingInterest+IncomeLossFromContinuingOperationsBeforeIncomeTaxesMinorityInterestAndIncomeLossFromEquityMethodInvestments;ocf=NetCashProvidedByUsedInOperatingActivities;capex=PaymentsToAcquirePropertyPlantAndEquipment;interest_expense=InterestExpense;assets=Assets;equity=StockholdersEquity;long_term_debt=LongTermDebtAndCapitalLeaseObligations;short_term_debt=ShortTermBorrowings;cash=CashAndCashEquivalentsAtCarryingValue,19.6,108.62,90.92,22.15,35.5,3.8,18.6,14.2,8.1,10.2,17.3,13.9,12.0,34.9,3.1,17.9,17.2,13.8,12.0,ttm,edgar,,95,yfinance,,Undervalued
CL,0000021665,Colgate-Palmolive Company,Consumer Defensive,Household & Personal Products,yfinance,False,NYSE,2844,"Perfumes, Cosmetics & Other Toilet Preparations",33.3,33.3,0.0,20.55,4.101,2.53,2.53,2.53,0.0,ok,yfinance,,-28.73,84.26,37.95,3.295,49.42,-23.2,2026-06-30,Slow Grower,7.4,"P/E = growth 5% + dividend 2.5% (floor 6, cap 12) · 5-year trend (regression on all points)",Modest growth: deserves a contained multiple. The dividend partly offsets the lower growth.,earnings,current,,high,"consistent earnings, growth measured over the full 5-year window",18.85,ok,347.1,Overvalued,4.9,5-year trend (regression on all points),-4.5,4.9,0,0,,32.9,0.22,6.75,284.662,False,67,5,122.0,2.52,2.12,4.0,2.1,2.49,False,67169783808.0,797172829.0,2026-10-30,0.32,5.24,21046000000.0,20382000000.0,2037000000.0,3131000000.0,4456000000.0,3858000000.0,255000000.0,3634000000.0,236000000.0,16790000000.0,7823000000.0,7823000000.0,1370000000.0,6453000000.0,73622783808.0,23.51,2.06,3.19,17.41,434.3,1.4,18.6,9.7,14.9,33.15,5.74,2.5,ttm,revenue=RevenueFromContractWithCustomerExcludingAssessedTax+SalesRevenueNet+Revenues;net_income=NetIncomeLoss;ebit=OperatingIncomeLoss;ocf=NetCashProvidedByUsedInOperatingActivities;capex=PaymentsToAcquireProductiveAssets+PaymentsToAcquirePropertyPlantAndEquipment;interest_expense=InterestExpenseNonoperating+InterestExpenseDebt;assets=Assets;equity=StockholdersEquity;long_term_debt=LongTermDebtNoncurrent;short_term_debt=LongTermDebtCurrent;cash=CashAndCashEquivalentsAtCarryingValue,5.2,0.3,26.4,4.84,12.0,-4.5,5.0,4.1,4.3,3.1,17.9,7.7,4.9,10.8,-5.7,3.8,12.9,7.2,3.9,ttm,edgar,,95,yfinance,,Overvalued
CLX,0000021076,The Clorox Company,Consumer Defensive,Household & Personal Products,yfinance,False,NYSE,2842,"Specialty Cleaning, Polishing and Sanitation Preparations",13.05,16.79,22.2,12.86,6.254,6.16,4.79,6.16,28.6,check,edgar,,10.39,80.41,92.4,3.275,49.12,88.1,2026-03-31,Slow Grower,12.0,"P/E = growth 8% + dividend 6.2% (floor 6, cap 12) · 5-year trend (regression on all points)",Modest growth: deserves a contained multiple. The dividend partly offsets the lower growth.,earnings,current,,medium,erratic earnings (volatility 110),73.92,ok,8.8,Overvalued,8.0,5-year trend (regression on all points),-3.0,8.0,0,0,,110.4,1.09,1.62,108.078,False,68,3,-13.0,6.22,5.0,4.0,4.97,6.18,False,9724062720.0,120931005.0,2026-11-03,0.54,5.24,6760000000.0,7104000000.0,756000000.0,988000000.0,576000000.0,380000000.0,97000000.0,761000000.0,-67000000.0,6436000000.0,2487000000.0,4078000000.0,1187000000.0,2891000000.0,12615062720.0,12.77,2.93,1.44,25.59,,-1.0,15.4,11.2,14.6,,3.91,57.6,ttm,revenue=RevenueFromContractWithCustomerExcludingAssessedTax+Revenues+SalesRevenueNet;net_income=NetIncomeLoss;ebit=IncomeLossFromContinuingOperationsBeforeIncomeTaxesExtraordinaryItemsNoncontrollingInterest;ocf=NetCashProvidedByUsedInOperatingActivities;capex=PaymentsToAcquirePropertyPlantAndEquipment;interest_expense=InterestExpense;assets=Assets;equity=StockholdersEquity;long_term_debt=LongTermDebtNoncurrent;short_term_debt=DebtCurrent;cash=CashAndCashEquivalentsAtCarryingValue,-3.7,-0.55,55.9,3.14,118.5,-3.0,1.8,-1.9,-2.1,1.7,-23.2,-21.9,-5.5,116.9,-3.9,1.2,-18.5,-18.8,-3.5,ttm,edgar,,186,yfinance,,Undervalued
CMCSA,0001166691,Comcast Corporation,Communication Services,Telecom Services,yfinance,False,Nasdaq,4841,Cable & Other Pay Television Services,6.96,6.96,0.0,6.02,3.586,3.1,3.1,3.11,0.3,ok,yfinance,,-49.54,21.57,46.5,3.931,58.96,-21.1,2026-06-30,Asset Play,,net asset value (fair P/B = 1),"Trading at 0.85x book value: the market prices the company below its accounting net worth. The anchor is the balance sheet, not the P/E. Book value is a starting point, not an appraisal — it understates land carried at cost and overstates obsolete inventory.",book,current,1.0,medium,"consistent earnings, growth measured over the full 5-year window",25.3,ok,-14.7,Undervalued,22.5,5-year trend (regression on all points),4.4,22.5,0,0,,46.7,4.12,0.31,0.852,False,67,13,-53.6,6.12,1.32,4.0,0.99,4.59,False,76544090112.0,3548636573.0,2026-10-22,0.66,5.24,124905000000.0,123707000000.0,11200000000.0,18317000000.0,32517000000.0,20444000000.0,4400000000.0,21893000000.0,89763000000.0,257548000000.0,84264000000.0,90381000000.0,7661000000.0,82720000000.0,159264090112.0,8.69,4.52,0.61,3.74,12.0,34.9,7.1,9.0,14.7,0.94,26.71,41.3,ttm,revenue=RevenueFromContractWithCustomerExcludingAssessedTax+Revenues;net_income=NetIncomeLoss;ebit=OperatingIncomeLoss;ocf=NetCashProvidedByUsedInOperatingActivities;capex=PaymentsToAcquirePropertyPlantAndEquipment;interest_expense=InterestExpenseNonoperating+InterestExpense;assets=Assets;equity=StockholdersEquity;long_term_debt=LongTermDebtAndCapitalLeaseObligations;short_term_debt=DebtCurrent;cash=CashAndCashEquivalentsAtCarryingValue,0.6,25.3,35.2,5.76,27.5,4.4,7.3,1.2,2.8,5.1,10.2,4.5,5.9,19.8,-2.1,3.3,6.1,4.9,4.8,ttm,edgar,,95,yfinance,,Undervalued
CME,0001156375,CME Group Inc.,Financial Services,Financial Data & Stock Exchanges,yfinance,False,Nasdaq,6200,"Security & Commodity Brokers, Dealers, Exchanges & Services",22.47,22.47,0.0,20.35,12.931,11.71,11.71,11.79,0.7,ok,yfinance,,14.13,263.14,175.65,9.738,146.08,20.2,2026-06-30,Stalwart,14.8,P/E = growth 13% + dividend 2.0% · 5-year trend (regression on all points),"Solid, predictable growth: the fair P/E matches the growth rate plus the dividend yield (PEG = 1).",earnings,current,,high,"consistent earnings, growth measured over the full 5-year window",173.4,ok,51.8,Overvalued,12.8,5-year trend (regression on all points),17.1,12.8,0,0,,7.3,0.66,1.75,3.565,False,67,1,49.8,1.98,5.2,4.0,11.3,4.29,True,94619688960.0,359579263.0,2026-10-21,0.28,5.24,6772600000.0,6520600000.0,4325600000.0,4409000000.0,4309000000.0,4212700000.0,174900000.0,4193600000.0,26520400000.0,194676600000.0,37200000.0,46300000.0,2144200000.0,-2097900000.0,92521788960.0,20.98,-0.48,13.97,22.46,15.9,13.6,2.3,63.9,65.1,0.0,4.45,16.6,ttm,revenue=Revenues;net_income=NetIncomeLoss+NetIncomeLossAvailableToCommonStockholdersBasic;ebit=OperatingIncomeLoss;ocf=NetCashProvidedByUsedInOperatingActivities;capex=PaymentsToAcquirePropertyPlantAndEquipment;interest_expense=InterestAndDebtExpense;assets=Assets;equity=StockholdersEquity;long_term_debt=LongTermLineOfCredit;short_term_debt=ShortTermBorrowings;cash=CashAndCashEquivalentsAtCarryingValue,5.1,73.75,18.83,11.72,12.9,17.1,11.5,8.9,8.0,6.8,10.7,17.4,10.8,13.5,17.6,12.4,10.5,15.7,10.4,ttm,edgar,,95,yfinance,,Overvalued
CMG,0001058090,"Chipotle Mexican Grill, Inc.",Consumer Cyclical,Restaurants,yfinance,False,NYSE,5812,Retail-Eating  Places,29.96,29.96,0.0,23.64,1.369,1.08,1.08,1.09,0.9,ok,yfinance,,-2.68,32.36,16.2,1.08,16.2,0.0,2026-06-30,Fast Grower,24.2,P/E = growth 24% + dividend 0.0% (capped at 25) · 5-year trend (regression on all points),"High growth: the multiple tracks the growth rate but is capped at 25, because very few companies sustain that pace for years.",earnings,current,,high,"consistent earnings, growth measured over the full 5-year window",26.19,ok,23.6,Overvalued,24.2,5-year trend (regression on all points),21.5,24.2,0,0,,31.3,0.81,1.24,18.651,False,63,1,99.8,,,,,,False,40948928512.0,1265418000.0,2026-10-28,0.94,5.24,12423759000.0,11925601000.0,1419645000.0,1820149000.0,2327527000.0,1568985000.0,,1447590000.0,2199791000.0,8864585000.0,0.0,0.0,228199000.0,-228199000.0,40720729512.0,22.37,-0.13,3.3,26.1,49.6,24.8,20.5,11.4,14.7,0.0,3.83,-4.2,ttm,revenue=Revenues;net_income=NetIncomeLoss;ebit=OperatingIncomeLoss;ocf=NetCashProvidedByUsedInOperatingActivities+NetCashProvidedByUsedInOperatingActivitiesContinuingOperations;capex=PaymentsToAcquirePropertyPlantAndEquipment;assets=Assets;equity=StockholdersEquity;long_term_debt=LongTermDebt;cash=CashAndCashEquivalentsAtCarryingValue,7.3,1.74,9.82,1.24,10.7,21.5,23.2,10.2,12.7,12.8,7.8,25.6,23.4,8.4,19.4,21.0,9.1,20.4,17.6,ttm,edgar,,95,yfinance,dividend_yield,Overvalued
CMI,0000026172,Cummins Inc.,Industrials,Specialty Industrial Machinery,yfinance,False,NYSE,3510,Engines & Turbines,26.46,26.46,0.0,15.28,34.577,19.97,19.97,19.55,2.1,ok,yfinance,1.021,-8.94,528.32,299.55,19.929,298.94,0.2,2026-06-30,Slow Grower,10.2,"P/E = growth 9% + dividend 1.7% (floor 6, cap 12) · 5-year trend (regression on all points)",Modest growth: deserves a contained multiple. The dividend partly offsets the lower growth.,earnings,current,,high,"consistent earnings, growth measured over the full 5-year window",204.27,ok,158.6,Overvalued,8.6,5-year trend (regression on all points),5.6,8.6,0,0,,35.7,0.39,3.09,5.661,False,67,3,76.4,1.67,8.8,4.0,8.2,1.55,False,72730902528.0,137664487.0,2026-11-05,1.23,5.24,34708000000.0,33670000000.0,2715000000.0,3893000000.0,4647000000.0,3367000000.0,352000000.0,2386000000.0,12847000000.0,35630000000.0,6737000000.0,6888000000.0,3179000000.0,3709000000.0,76439902528.0,19.64,0.95,2.1,21.6,22.0,36.1,10.9,7.8,11.2,0.52,4.63,755.2,ttm,revenue=RevenueFromContractWithCustomerExcludingAssessedTax+Revenues+SalesRevenueNet;net_income=NetIncomeLossAvailableToCommonStockholdersBasic+NetIncomeLoss;ebit=OperatingIncomeLoss;ocf=NetCashProvidedByUsedInOperatingActivities+NetCashProvidedByUsedInOperatingActivitiesContinuingOperations;capex=PaymentsToAcquirePropertyPlantAndEquipment;interest_expense=InterestExpenseNonoperating+InterestExpenseDebt+InterestExpense;assets=Assets;equity=StockholdersEquity;long_term_debt=LongTermDebtAndCapitalLeaseObligations;short_term_debt=DebtCurrent;cash=CashAndCashEquivalentsAtCarryingValue,2.9,93.32,252.12,24.46,3.1,5.6,10.3,2.5,8.5,6.7,45.3,4.3,8.1,2.2,4.3,7.9,28.7,7.0,7.6,ttm,edgar,,95,yfinance,,Overvalued
CMS,0000811156,CMS Energy Corporation,Utilities,Utilities - Regulated Electric,yfinance,False,NYSE,4931,Electric & Other Services Combined,19.14,19.14,0.0,15.34,4.155,3.33,3.33,3.33,0.0,ok,yfinance,,-1.77,63.74,49.95,3.355,50.33,-0.7,2026-06-30,Slow Grower (declining earnings),6.0,P/E = 0% growth credit + dividend 3.6% (floor 6) · 5-year trend (regression on all points),"Earnings are contracting, so the model gives no credit for growth: the multiple comes from the dividend and the floor alone. Applied to normalized earnings where available, since the latest figure of a declining company is its lowest point. Check whether the decline is cyclical or structural.",earnings,current,,medium,earnings declining -1%/year,19.98,ok,219.0,Overvalued,-1.3,5-year trend (regression on all points),1.2,-1.3,0,0,,17.6,0.12,,2.093,False,63,0,27.6,3.58,2.28,4.0,2.253,3.53,False,19987408896.0,313577136.0,2026-10-29,0.33,5.24,8592000000.0,8305000000.0,1026000000.0,1670000000.0,2148000000.0,,832000000.0,-1519000000.0,9774000000.0,40905000000.0,18172000000.0,19036000000.0,241000000.0,18795000000.0,38782408896.0,23.22,11.25,2.33,,11.3,23.9,4.1,11.9,19.4,1.86,,-491.1,ttm,revenue=RevenueFromContractWithCustomerExcludingAssessedTax+Revenues;net_income=NetIncomeLoss+NetIncomeLossAvailableToCommonStockholdersBasic;ebit=OperatingIncomeLoss;ocf=NetCashProvidedByUsedInOperatingActivities+NetCashProvidedByUsedInOperatingActivitiesContinuingOperations;capex=PaymentsToAcquirePropertyPlantAndEquipment+PaymentsToAcquireProductiveAssets;interest_expense=InterestExpenseDebt;assets=Assets;equity=StockholdersEquity;long_term_debt=LongTermDebtNoncurrent;short_term_debt=DebtCurrent;cash=CashAndCashEquivalentsAtCarryingValue,10.2,31.17,27.4,,10.0,1.2,5.5,2.7,5.2,3.4,,,,11.6,2.6,6.6,12.7,3.1,3.8,ttm,edgar,,95,yfinance,free_cash_flow,Overvalued
CNC,0001071739,Centene Corporation,Healthcare,Healthcare Plans,yfinance,False,NYSE,6324,Hospital & Medical Service Plans,,,,11.78,5.348,-10.7,-10.7,-10.35,3.3,ok,yfinance,,-351.82,62.99,,4.715,70.72,-326.9,2026-06-30,Turnaround,10.0,P/E 10 on 3-year normalized earnings — currently loss-making,"A recovery multiple, not a PEG multiple: the growth rate of a company coming out of losses measures the rebound, not a trend, and using it as a multiple is how a fair value becomes nonsense. Applied to normalized earnings, and deliberately below the market average.",earnings,normalized,,low,growth not calculable on any window; erratic earnings (volatility 70),47.15,ok,33.6,Overvalued,,not calculable,,,4,1,0.0,70.1,,,1.379,True,63,4,,,,,,,False,31116746752.0,493995000.0,2026-10-27,1.11,5.24,178655000000.0,174581000000.0,-5100000000.0,-5640000000.0,9749000000.0,8951000000.0,655000000.0,4321000000.0,22562000000.0,83012000000.0,16030000000.0,16105000000.0,24151000000.0,-8046000000.0,23070746752.0,,,0.17,3.48,-20.4,27.2,-6.8,-2.9,-3.2,0.71,28.77,981.8,ttm,revenue=RevenueFromContractWithCustomerExcludingAssessedTax+Revenues;net_income=NetIncomeLoss;ebit=OperatingIncomeLoss;ocf=NetCashProvidedByUsedInOperatingActivities;capex=PaymentsToAcquirePropertyPlantAndEquipment;interest_expense=InterestExpenseNonoperating+InterestExpense;assets=Assets;equity=StockholdersEquity;long_term_debt=LongTermDebtNoncurrent;short_term_debt=LongTermDebtCurrent;cash=CashAndCashEquivalentsAtCarryingValue,13.0,45.67,361.65,18.12,,,,9.2,10.0,19.5,5.4,25.6,,,,,4.4,21.0,73.3,ttm,edgar,,95,yfinance,dividend_yield;growth_5y,N/A
CNP,0001130310,"CenterPoint Energy, Inc.",Utilities,Utilities - Regulated Electric,yfinance,False,NYSE,4911,Electric Services,22.23,22.23,0.0,18.1,2.087,1.7,1.7,1.63,4.1,ok,yfinance,1.043,10.14,37.79,25.5,1.564,23.47,8.7,2026-03-31,Slow Grower (declining earnings),6.0,P/E = 0% growth credit + dividend 2.5% (floor 6) · 5-year trend (regression on all points),"Earnings are contracting, so the model gives no credit for growth: the multiple comes from the dividend and the floor alone. Applied to normalized earnings where available, since the latest figure of a declining company is its lowest point. Check whether the decline is cyclical or structural.",earnings,current,,low,erratic earnings (volatility 70); earnings declining -3%/year,10.2,ok,270.5,Overvalued,-3.5,5-year trend (regression on all points),6.1,-3.5,0,0,,70.4,-0.04,,2.124,False,66,4,48.2,2.54,0.96,4.0,0.92,2.43,False,24893038592.0,658720288.0,2026-10-27,0.45,5.24,9356000000.0,9337000000.0,1071000000.0,2119000000.0,2358000000.0,-2672000000.0,944000000.0,-2384000000.0,11449000000.0,47837000000.0,22476000000.0,22476000000.0,639000000.0,21837000000.0,46730038592.0,22.05,10.31,2.66,,9.6,23.9,4.4,11.4,22.6,1.96,-10.73,-0.4,ttm,revenue=RevenueFromContractWithCustomerExcludingAssessedTax+Revenues;net_income=NetIncomeLoss+NetIncomeLossAvailableToCommonStockholdersBasic+ProfitLoss;ebit=OperatingIncomeLoss;ocf=NetCashProvidedByUsedInOperatingActivities+NetCashProvidedByUsedInOperatingActivitiesContinuingOperations;capex=PaymentsToAcquirePropertyPlantAndEquipment+PaymentsToAcquireProductiveAssets;interest_expense=InterestExpenseNonoperating+InterestAndDebtExpense+InterestExpense;assets=Assets;equity=StockholdersEquity;long_term_debt=LongTermDebtNoncurrent;short_term_debt=DebtCurrent;cash=CashAndCashEquivalentsAtCarryingValue,5.0,17.38,14.2,-4.06,9.0,6.1,,0.2,3.8,3.0,,,,8.0,6.3,,-7.1,,2.5,ttm,edgar,,186,yfinance,,Overvalued
COF,0000927628,Capital One Financial Corporation,Financial Services,Credit Services,yfinance,False,NYSE,6021,National Commercial Banks,10.72,10.72,0.0,8.17,23.838,18.17,18.17,17.23,5.2,ok,yfinance,1.055,783.59,194.72,272.55,11.716,175.74,55.1,2026-06-30,Slow Grower (declining earnings),6.0,P/E = 0% growth credit + dividend 1.6% (floor 6) · 5-year trend (regression on all points),"Earnings are contracting, so the model gives no credit for growth: the multiple comes from the dividend and the floor alone. Applied to normalized earnings where available, since the latest figure of a declining company is its lowest point. Check whether the decline is cyclical or structural.",earnings,current,,medium,earnings declining -32%/year,109.02,ok,78.6,Overvalued,-31.8,5-year trend (regression on all points),-7.3,-31.8,0,0,,37.4,-2.81,,1.16,False,67,1,-28.6,1.64,3.2,4.0,3.2,1.64,True,119457775616.0,613484836.0,2026-10-20,1.02,5.24,9901000000.0,8062000000.0,10520000000.0,12998000000.0,31452000000.0,29701000000.0,,26140000000.0,113793000000.0,673835000000.0,44677000000.0,45371000000.0,55881000000.0,-10510000000.0,108947775616.0,8.38,-0.81,12.07,4.02,9.4,16.9,1.9,106.3,131.3,0.39,24.86,54.2,ttm,revenue=RevenueFromContractWithCustomerExcludingAssessedTax+Revenues;net_income=NetIncomeLoss;ebit=IncomeLossFromContinuingOperationsBeforeIncomeTaxesExtraordinaryItemsNoncontrollingInterest+IncomeLossFromContinuingOperationsBeforeIncomeTaxesMinorityInterestAndIncomeLossFromEquityMethodInvestments;ocf=NetCashProvidedByUsedInOperatingActivities;capex=PaymentsToAcquirePropertyPlantAndEquipment;interest_expense=InterestExpense;assets=Assets;equity=StockholdersEquity;long_term_debt=LongTermDebtAndCapitalLeaseObligations;short_term_debt=ShortTermBorrowings;cash=CashCashEquivalentsRestrictedCashAndRestrictedCashEquivalents,54.9,185.49,16.14,48.41,9.4,-7.3,9.3,21.9,18.5,-8.7,22.1,19.0,9.7,25.5,-2.3,10.2,22.1,19.0,9.8,ttm,edgar,,95,yfinance,,Undervalued
COHR,0000820318,Coherent Corp.,Technology,Scientific & Technical Instruments,yfinance,False,NYSE,3827,Optical Instruments & Lenses,77.48,77.48,0.0,24.0,14.046,4.35,4.35,4.12,5.3,ok,yfinance,1.056,892.31,337.04,65.25,,,,2026-06-30,Turnaround,,earnings not normalizable — back to profit only 1.0 years ago,Losses too recent or too frequent for the P/E to be a reliable basis. Assess the margin recovery and the balance sheet strength.,none,current,,low,erratic earnings (volatility 225),,no valuation anchor for this category,,N/A,11.8,"5-year CAGR (two endpoints, window contains losses)",11.8,,11,1,1.0,225.0,0.15,6.57,6.051,True,65,4,416.5,,,,,,False,66003300352.0,195832246.0,2026-11-04,2.1,5.24,7118181000.0,7118181000.0,804998000.0,847733000.0,79514000.0,-1023395000.0,,-1023395000.0,10903495000.0,18299852000.0,3214308000.0,3222224000.0,1162018000.0,2060206000.0,68063506352.0,80.29,2.43,9.27,,9.7,59.6,4.6,11.3,11.9,0.29,-1.55,-630.9,ttm,revenue=RevenueFromContractWithCustomerExcludingAssessedTax+Revenues;net_income=NetIncomeLoss+ProfitLoss;ebit=IncomeLossFromContinuingOperationsBeforeIncomeTaxesExtraordinaryItemsNoncontrollingInterest+OperatingIncomeLoss+IncomeLossFromContinuingOperationsBeforeIncomeTaxesMinorityInterestAndIncomeLossFromEquityMethodInvestments;ocf=NetCashProvidedByUsedInOperatingActivities;capex=PaymentsToAcquirePropertyPlantAndEquipment;interest_expense=InterestExpense;assets=Assets;equity=StockholdersEquity;long_term_debt=LongTermDebtNoncurrent;short_term_debt=LongTermDebtCurrent;cash=CashAndCashEquivalentsAtCarryingValue,22.5,55.68,36.35,-5.23,,11.8,14.8,11.3,18.0,24.0,,,,,22.0,28.5,-49.9,-32.7,-4.3,ttm,edgar,,95,yfinance,dividend_yield,Overvalued
COIN,0001679788,"Coinbase Global, Inc.",Financial Services,Financial Data & Stock Exchanges,yfinance,False,Nasdaq,6199,Finance Services,,,,64.55,2.835,-3.73,-3.73,-3.78,1.3,ok,yfinance,,-136.63,183.0,,5.215,78.22,-171.5,2026-06-30,Turnaround,10.0,P/E 10 on 3-year normalized earnings — currently loss-making,"A recovery multiple, not a PEG multiple: the growth rate of a company coming out of losses measures the rebound, not a trend, and using it as a multiple is how a fair value becomes nonsense. Applied to normalized earnings, and deliberately below the market average.",earnings,normalized,,low,growth not calculable on any window; erratic earnings (volatility 228),52.15,ok,250.9,Overvalued,,not calculable,,,7,2,0.0,227.8,,,3.691,True,23,0,,,,,,,False,48282157056.0,263836923.0,2026-10-29,3.39,5.24,6282872000.0,7181325000.0,-948093000.0,619376000.0,1713665000.0,,89452000.0,-1588352000.0,13079665000.0,26460286000.0,5944232000.0,5944232000.0,8614065000.0,-2669833000.0,45612324056.0,73.64,-4.31,7.68,,-7.5,49.4,2.3,-15.1,9.9,0.45,,-139.4,ttm,revenue=Revenues;net_income=NetIncomeLoss;ebit=OperatingIncomeLoss;ocf=NetCashProvidedByUsedInOperatingActivities;capex=PaymentsToAcquirePropertyPlantAndEquipment;interest_expense=InterestExpenseNonoperating+InterestExpense+InterestExpenseDebt;assets=Assets;equity=StockholdersEquity;long_term_debt=LongTermDebtNoncurrent;short_term_debt=LongTermDebtCurrent;cash=CashAndCashEquivalentsAtCarryingValue,-10.4,49.57,23.81,,,,,32.5,5.0,,-14.8,,,,,,,-24.6,,ttm,edgar,,95,yfinance,dividend_yield;growth_5y;free_cash_flow,N/A
COO,0000711404,"The Cooper Companies, Inc.",Healthcare,Medical Instruments & Supplies,yfinance,False,Nasdaq,3851,Ophthalmic Goods,19.69,19.69,0.0,12.12,4.694,2.89,2.89,2.92,1.0,ok,yfinance,,43.14,56.91,43.35,1.895,28.43,52.5,2026-07-31,Slow Grower (declining earnings),6.0,P/E = 0% growth credit + dividend not available (treated as 0) (floor 6) · 5-year trend (regression on all points),"Earnings are contracting, so the model gives no credit for growth: the multiple comes from the dividend and the floor alone. Applied to normalized earnings where available, since the latest figure of a declining company is its lowest point. Check whether the decline is cyclical or structural.",earnings,current,,low,erratic earnings (volatility 67); earnings declining -23%/year,17.34,ok,228.2,Overvalued,-23.0,5-year trend (regression on all points),-27.6,-23.0,0,0,,66.9,-1.17,,1.299,False,64,3,31.3,,,2.0,0.0,,False,10821737472.0,190155294.0,2026-09-09,0.82,5.24,4236900000.0,4092400000.0,570300000.0,544200000.0,1033300000.0,678000000.0,89200000.0,433700000.0,8328200000.0,12673400000.0,1914500000.0,2542600000.0,154700000.0,2387900000.0,13209637472.0,24.27,4.39,2.55,15.96,6.8,65.7,4.3,13.5,12.8,0.23,6.27,50.5,ttm,revenue=RevenueFromContractWithCustomerExcludingAssessedTax+Revenues+SalesRevenueNet;net_income=NetIncomeLoss;ebit=OperatingIncomeLoss+IncomeLossFromContinuingOperationsBeforeIncomeTaxesExtraordinaryItemsNoncontrollingInterest+IncomeLossFromContinuingOperationsBeforeIncomeTaxesMinorityInterestAndIncomeLossFromEquityMethodInvestments;ocf=NetCashProvidedByUsedInOperatingActivities;capex=PaymentsToAcquirePropertyPlantAndEquipment;interest_expense=InterestExpenseNonoperating+InterestExpense;assets=Assets;equity=StockholdersEquity;long_term_debt=LongTermDebtNoncurrent;short_term_debt=DebtCurrent;cash=CashAndCashEquivalentsAtCarryingValue,4.7,43.8,22.28,3.57,28.1,-27.6,8.6,6.4,8.3,8.3,45.2,5.2,10.7,27.5,-27.8,8.6,22.4,5.7,9.4,ttm,edgar,,64,yfinance,dividend_yield,Overvalued
COP,0001163165,ConocoPhillips,Energy,Oil & Gas E&P,yfinance,False,NYSE,2911,Petroleum Refining,16.81,16.81,0.0,13.12,9.661,7.54,7.54,7.57,0.4,ok,yfinance,,1.34,126.75,113.1,7.819,117.28,-3.6,2026-06-30,Slow Grower,9.3,"P/E = growth 7% + dividend 2.7% (floor 6, cap 12) · 5-year trend (regression on all points)",Modest growth: deserves a contained multiple. The dividend partly offsets the lower growth.,earnings,current,,high,"consistent earnings, growth measured over the full 5-year window",69.82,ok,81.5,Overvalued,6.6,5-year trend (regression on all points),45.8,6.6,0,0,,32.3,0.55,2.54,2.33,False,67,3,12.1,2.65,3.36,4.0,3.36,2.65,True,152269520896.0,1201337479.0,2026-11-05,0.13,5.24,56312000000.0,51824000000.0,9282000000.0,14618000000.0,21925000000.0,,1119000000.0,18155000000.0,65349000000.0,124261000000.0,22828000000.0,23290000000.0,6574000000.0,16716000000.0,168985520896.0,11.56,1.14,2.7,,14.2,52.6,11.8,16.5,26.0,0.35,,55.5,ttm,revenue=RevenueFromContractWithCustomerExcludingAssessedTax+Revenues+SalesRevenueNet;net_income=NetIncomeLoss;ebit=IncomeLossFromContinuingOperationsBeforeIncomeTaxesExtraordinaryItemsNoncontrollingInterest;ocf=NetCashProvidedByUsedInOperatingActivities;capex=PaymentsToAcquireProductiveAssets;interest_expense=InterestAndDebtExpense+InterestExpenseDebt;assets=Assets;equity=StockholdersEquity;long_term_debt=LongTermDebtAndCapitalLeaseObligations;short_term_debt=DebtCurrent;cash=CashAndCashEquivalentsAtCarryingValue,9.2,54.4,46.87,,-10.2,45.8,,2.2,23.4,8.5,23.6,,,-10.5,38.1,,-3.7,19.8,15.5,ttm,edgar,,95,yfinance,free_cash_flow,Overvalued
COR,0001140859,"Cencora, Inc.",Healthcare,Medical Distribution,yfinance,False,NYSE,5122,"Wholesale-Drugs, Proprietaries & Druggists' Sundries",22.99,22.99,0.0,15.59,19.826,13.44,13.44,13.47,0.2,ok,yfinance,,38.3,309.05,201.6,8.87,133.05,51.5,2026-06-30,Stalwart,12.3,P/E = growth 11% + dividend 0.8% · 3-year trend — no usable 5-year history,"Solid, predictable growth: the fair P/E matches the growth rate plus the dividend yield (PEG = 1).",earnings,current,,low,"growth measured on a short window (3-year trend — no usable 5-year history); one loss episode 5 years ago, profitable since",164.78,ok,87.6,Overvalued,11.5,3-year trend — no usable 5-year history,,,1,1,5.0,22.6,0.53,2.0,19.33,True,68,3,53.3,0.78,2.4,4.0,2.4,0.78,False,58975133696.0,190827165.0,2026-11-04,0.57,5.24,332771323000.0,321332819000.0,2624793000.0,3041762000.0,4820947000.0,4060102000.0,,3207139000.0,3050958000.0,83805553000.0,11444086000.0,11723241000.0,2815291000.0,8907950000.0,67883083696.0,22.32,2.93,0.18,14.53,104.3,3.6,3.6,0.8,0.9,3.75,6.88,7.0,ttm,revenue=Revenues;net_income=NetIncomeLoss+ProfitLoss;ebit=OperatingIncomeLoss;ocf=NetCashProvidedByUsedInOperatingActivities;capex=PaymentsToAcquirePropertyPlantAndEquipment;assets=Assets;equity=StockholdersEquity;long_term_debt=LongTermDebtNoncurrent;short_term_debt=DebtCurrent;cash=CashAndCashEquivalentsAtCarryingValue,5.1,15.99,1743.84,21.28,17.9,,6.4,9.4,10.2,8.7,13.3,9.6,4.6,15.8,,4.8,14.1,10.3,4.9,ttm,edgar,,95,yfinance,,Overvalued
COST,0000909832,Costco Wholesale Corporation,Consumer Defensive,Discount Stores,yfinance,False,Nasdaq,5331,Retail-Variety Stores,44.05,44.05,0.0,36.8,25.014,20.9,20.9,19.88,4.9,ok,yfinance,1.051,12.83,920.65,313.5,17.946,269.19,16.5,2026-05-10,Stalwart,13.0,P/E = growth 12% + dividend 0.6% · 5-year trend (regression on all points),"Solid, predictable growth: the fair P/E matches the growth rate plus the dividend yield (PEG = 1).",earnings,current,,high,"consistent earnings, growth measured over the full 5-year window",271.56,ok,239.0,Overvalued,12.4,5-year trend (regression on all points),13.3,12.4,0,0,,5.4,0.29,3.57,11.398,False,68,2,193.7,0.64,5.88,4.0,5.54,0.6,True,408092835840.0,443266000.0,2026-12-10,0.85,5.24,275235000000.0,275235000000.0,8099000000.0,10383000000.0,13335000000.0,7837000000.0,154000000.0,7837000000.0,33509000000.0,86430000000.0,5670000000.0,5670000000.0,18946000000.0,-13276000000.0,394816835840.0,38.03,-1.28,1.48,52.07,26.7,38.8,12.0,2.9,3.8,0.17,1.92,18.2,"annual:ebit,fcf,interest_expense,net_income,ocf,revenue",revenue=RevenueFromContractWithCustomerExcludingAssessedTax+Revenues;net_income=NetIncomeLoss;ebit=OperatingIncomeLoss;ocf=NetCashProvidedByUsedInOperatingActivities+NetCashProvidedByUsedInOperatingActivitiesContinuingOperations;capex=PaymentsToAcquirePropertyPlantAndEquipment;interest_expense=InterestExpense;assets=Assets;equity=StockholdersEquity;long_term_debt=LongTermDebtNoncurrent;short_term_debt=LongTermDebtCurrent;cash=CashAndCashEquivalentsAtCarryingValue,8.2,75.6,620.93,17.68,13.7,13.3,14.1,6.6,10.5,9.0,30.7,5.3,15.3,11.5,15.1,13.0,21.7,8.5,12.0,ttm,edgar,,146,yfinance,,Overvalued
CPAY,0001175454,"Corpay, Inc.",Technology,Software - Infrastructure,yfinance,False,NYSE,7389,"Services-Business Services, NEC",23.7,23.7,0.0,12.55,31.448,16.65,16.65,16.42,1.4,ok,yfinance,,11.62,394.6,249.75,14.333,214.99,16.2,2026-06-30,Stalwart (mid cap),10.8,P/E = growth 11% + dividend 0.0% · 5-year trend (regression on all points),"Solid, predictable growth: the fair P/E matches the growth rate plus the dividend yield (PEG = 1).",earnings,current,,high,"consistent earnings, growth measured over the full 5-year window",179.1,ok,120.3,Overvalued,10.8,5-year trend (regression on all points),12.6,10.8,0,0,,5.9,0.45,2.2,7.315,False,63,0,58.0,,,,,,False,25909278720.0,65659599.0,2026-11-04,0.87,5.24,5020502000.0,4528403000.0,1140972000.0,2196033000.0,1847284000.0,1638406000.0,437873000.0,1299145000.0,3541884000.0,28224167000.0,10623531000.0,15148920000.0,3163539000.0,11985381000.0,37894659720.0,17.26,5.46,5.16,15.81,30.5,12.5,7.8,22.7,43.7,3.0,6.32,-26.4,ttm,revenue=Revenues+RevenueFromContractWithCustomerExcludingAssessedTax+SalesRevenueNet;net_income=NetIncomeLoss;ebit=OperatingIncomeLoss;ocf=NetCashProvidedByUsedInOperatingActivities+NetCashProvidedByUsedInOperatingActivitiesContinuingOperations;capex=PaymentsToAcquirePropertyPlantAndEquipment;interest_expense=InterestExpenseNonoperating+InterestExpense;assets=Assets;equity=StockholdersEquity;long_term_debt=LongTermDebtNoncurrent;short_term_debt=LongTermDebtCurrent;cash=CashAndCashEquivalentsAtCarryingValue,20.4,53.94,76.46,24.95,9.8,12.6,14.6,11.5,15.2,11.3,-0.2,11.8,6.9,7.1,7.0,11.1,0.6,12.5,7.6,ttm,edgar,,95,yfinance,dividend_yield,Overvalued
CPRT,0000900075,"Copart, Inc.",Industrials,Specialty Business Services,yfinance,False,Nasdaq,5500,Retail-Auto Dealers & Gasoline Stations,17.56,17.56,0.0,15.55,1.751,1.55,1.55,1.55,0.0,ok,yfinance,,-2.52,27.22,23.25,1.515,22.72,2.3,2026-07-31,Stalwart (mid cap),10.7,P/E = growth 11% + dividend 0.0% · 5-year trend (regression on all points),"Solid, predictable growth: the fair P/E matches the growth rate plus the dividend yield (PEG = 1).",earnings,current,,high,"consistent earnings, growth measured over the full 5-year window",16.64,ok,63.6,Overvalued,10.7,5-year trend (regression on all points),9.8,10.7,0,0,,12.5,0.61,1.64,2.772,False,65,7,17.1,,,,,,False,25214713856.0,926330452.0,2026-11-19,1.03,5.24,4666209000.0,4666209000.0,1484270000.0,1652590000.0,1604492000.0,1267134000.0,,1267129000.0,9097295000.0,10027810000.0,2665000.0,2726000.0,1907901000.0,-1905175000.0,23309538856.0,14.1,-1.15,5.4,19.9,16.2,90.7,16.5,31.8,35.4,0.0,5.03,3.0,ttm,revenue=RevenueFromContractWithCustomerIncludingAssessedTax+Revenues+SalesRevenueNet;net_income=NetIncomeLoss+ProfitLoss;ebit=OperatingIncomeLoss;ocf=NetCashProvidedByUsedInOperatingActivities+NetCashProvidedByUsedInOperatingActivitiesContinuingOperations;capex=PaymentsToAcquirePropertyPlantAndEquipment+PaymentsToAcquireProductiveAssets;interest_expense=InterestExpense+InterestExpenseDebt;assets=Assets;equity=StockholdersEquity;long_term_debt=LongTermDebtNoncurrent;short_term_debt=ShortTermBorrowings;cash=CashAndCashEquivalentsAtCarryingValue,0.4,9.82,5.04,1.37,6.6,9.8,18.7,6.4,11.6,13.9,14.3,19.1,23.1,6.2,9.6,18.6,5.6,10.1,17.0,ttm,edgar,,64,yfinance,dividend_yield,Overvalued
CPT,0000906345,Camden Property Trust,Real Estate,REIT - Residential,yfinance,False,NYSE,6798,Real Estate Investment Trusts,31.88,31.88,0.0,88.04,1.09,3.01,3.01,3.02,0.3,ok,yfinance,,111.19,95.96,45.15,3.08,46.2,-2.3,2026-06-30,Slow Grower (declining earnings),6.0,P/E = 0% growth credit + dividend 4.4% (floor 6) · 5-year trend (regression on all points),"Earnings are contracting, so the model gives no credit for growth: the multiple comes from the dividend and the floor alone. Applied to normalized earnings where available, since the latest figure of a declining company is its lowest point. Check whether the decline is cyclical or structural.",earnings,current,,low,erratic earnings (volatility 101); earnings declining -4%/year,18.06,ok,431.3,Overvalued,-3.7,5-year trend (regression on all points),19.3,-3.7,0,0,,101.2,0.02,,2.588,False,63,0,112.5,4.42,4.24,4.0,4.23,4.41,False,11105697792.0,115732578.0,2026-11-05,0.78,5.24,13121000.0,12967000.0,326209000.0,,807444000.0,,147855000.0,,3802124000.0,9456080000.0,4848300000.0,5448300000.0,44717000.0,5403583000.0,16509280792.0,,,846.41,,7.8,40.2,,2486.2,,1.28,,,ttm,revenue=RevenueFromContractWithCustomerExcludingAssessedTax;net_income=NetIncomeLoss+NetIncomeLossAvailableToCommonStockholdersBasic+ProfitLoss;ocf=NetCashProvidedByUsedInOperatingActivities;interest_expense=InterestExpense;assets=Assets;equity=StockholdersEquity;long_term_debt=LongTermDebt;short_term_debt=CommercialPaper;cash=CashAndCashEquivalentsAtCarryingValue,56.8,32.85,0.11,,15.3,19.3,-7.3,66.5,4.8,-39.2,,,,16.1,21.0,-5.7,1.1,9.5,6.0,ttm,edgar,,95,yfinance,free_cash_flow,Overvalued
CRH,0000849395,CRH plc,Basic Materials,Building Materials,yfinance,False,NYSE,3241,"Cement, Hydraulic",14.43,14.43,0.0,12.62,6.494,5.68,5.68,5.66,0.4,ok,yfinance,,18.66,81.94,85.2,4.988,74.81,13.9,2026-06-30,Slow Grower,11.1,"P/E = growth 9% + dividend 1.9% (floor 6, cap 12) · 5-year trend (regression on all points)",Modest growth: deserves a contained multiple. The dividend partly offsets the lower growth.,earnings,current,,high,"consistent earnings, growth measured over the full 5-year window",62.77,ok,30.5,Overvalued,9.1,5-year trend (regression on all points),,9.1,0,0,,9.2,0.77,1.58,2.27,False,11,1,-3.8,1.9,1.56,4.0,1.17,1.43,True,54513410048.0,665284511.0,2026-10-29,1.2,5.24,38632000000.0,37447000000.0,3838000000.0,5528000000.0,5419000000.0,2766000000.0,852000000.0,2912000000.0,24035000000.0,58552000000.0,15410000000.0,17926000000.0,3025000000.0,14901000000.0,69414410048.0,12.56,2.7,1.41,19.71,16.6,41.0,9.4,9.9,14.3,0.64,5.07,20.8,ttm,revenue=RevenueFromContractWithCustomerExcludingAssessedTax;net_income=NetIncomeLoss;ebit=OperatingIncomeLoss;ocf=NetCashProvidedByUsedInOperatingActivities;capex=PaymentsToAcquireProductiveAssets+PaymentsToAcquirePropertyPlantAndEquipment;interest_expense=InterestExpenseNonoperating+InterestExpense;assets=Assets;equity=StockholdersEquity;long_term_debt=LongTermDebtNoncurrent;short_term_debt=DebtCurrent;cash=CashAndCashEquivalentsAtCarryingValue,6.3,36.13,58.07,4.16,11.3,,,4.1,,,-5.7,,,7.9,,,3.1,,,ttm,edgar,,95,yfinance,,Undervalued
CRL,0001100682,"Charles River Laboratories International, Inc.",Healthcare,Diagnostics & Research,yfinance,False,NYSE,8731,Services-Commercial Physical & Biological Research,,,,22.78,12.737,-4.88,-4.88,-4.8,1.6,ok,yfinance,,-275.0,290.19,,0.2,3.0,-2540.0,2026-06-27,Turnaround,10.0,P/E 10 on 3-year normalized earnings — currently loss-making,"A recovery multiple, not a PEG multiple: the growth rate of a company coming out of losses measures the rebound, not a trend, and using it as a multiple is how a fair value becomes nonsense. Applied to normalized earnings, and deliberately below the market average.",earnings,normalized,,low,growth not calculable on any window,,"suppressed: the earnings used imply a P/E of 1,451 — earnings this close to zero make every multiple arbitrary",,N/A,,not calculable,,,6,1,0.0,30.2,,,4.877,True,63,0,,,,,,,False,13977793536.0,48167730.0,2026-11-04,1.41,5.24,3998987000.0,4015382000.0,-238458000.0,90144000.0,582148000.0,370605000.0,106260000.0,518494000.0,2839636000.0,7532145000.0,2619985000.0,2625445000.0,192025000.0,2433420000.0,16411213536.0,182.06,26.99,3.5,37.72,-7.7,37.7,1.2,-6.0,2.3,0.92,2.65,3.4,ttm,revenue=RevenueFromContractWithCustomerExcludingAssessedTax+Revenues+SalesRevenueNet;net_income=NetIncomeLoss+NetIncomeLossAvailableToCommonStockholdersBasic;ebit=OperatingIncomeLoss;ocf=NetCashProvidedByUsedInOperatingActivities+NetCashProvidedByUsedInOperatingActivitiesContinuingOperations;capex=PaymentsToAcquireProductiveAssets;interest_expense=InterestExpenseNonoperating+InterestExpense;assets=Assets;equity=StockholdersEquity;long_term_debt=LongTermDebtNoncurrent;short_term_debt=LongTermDebtCurrent;cash=CashAndCashEquivalentsAtCarryingValue,-0.7,58.95,83.02,7.69,,,,-1.5,4.1,10.4,8.6,-5.2,3.0,,,,-2.3,-2.8,5.7,ttm,edgar,,98,yfinance,dividend_yield;growth_5y,N/A
CRM,0001108524,"Salesforce, Inc.",Technology,Software - Application,yfinance,False,NYSE,7372,Services-Prepackaged Software,21.69,21.69,0.0,14.65,16.021,10.82,10.82,10.96,1.3,ok,yfinance,,59.3,234.69,162.3,6.294,94.4,71.9,2026-07-31,Fast Grower,25.0,P/E = growth 80% + dividend 0.7% (capped at 25) · 5-year trend (regression on all points),"High growth: the multiple tracks the growth rate but is capped at 25, because very few companies sustain that pace for years.",earnings,current,,medium,erratic earnings (volatility 156),270.5,ok,-13.2,Undervalued,79.9,5-year trend (regression on all points),34.6,79.9,0,0,,155.7,3.72,0.27,5.033,False,67,1,44.6,0.75,1.76,4.0,1.736,0.74,False,193149878272.0,823000000.0,2026-12-02,1.2,5.24,43938000000.0,41525000000.0,9662000000.0,8735000000.0,15750000000.0,15154000000.0,979000000.0,14402000000.0,38378000000.0,109620000000.0,39288000000.0,39288000000.0,8310000000.0,30978000000.0,224127878272.0,25.66,3.55,4.4,12.75,19.4,35.0,8.0,22.0,19.9,1.02,7.85,15.8,ttm,revenue=RevenueFromContractWithCustomerExcludingAssessedTax+Revenues;net_income=NetIncomeLoss;ebit=OperatingIncomeLoss;ocf=NetCashProvidedByUsedInOperatingActivities;capex=PaymentsToAcquirePropertyPlantAndEquipment+PaymentsToAcquireProductiveAssets;interest_expense=InterestExpenseNonoperating+InterestExpenseDebt+InterestExpense;assets=Assets;equity=StockholdersEquity;long_term_debt=LongTermDebtNoncurrent;short_term_debt=LongTermDebtCurrent;cash=CashAndCashEquivalentsAtCarryingValue,11.2,46.63,53.39,18.41,90.3,34.6,42.8,9.9,13.3,19.4,26.1,22.6,25.2,82.9,32.7,46.1,23.3,20.8,23.3,ttm,edgar,,64,yfinance,,Overvalued
CRWD,0001535527,"CrowdStrike Holdings, Inc.",Technology,Software - Infrastructure,yfinance,False,Nasdaq,7372,Services-Prepackaged Software,5400.8,9001.33,40.0,168.15,1.606,0.05,0.03,0.05,66.7,check,edgar,,117.86,270.04,,,,,2026-07-31,Turnaround,,earnings not normalizable — back to profit only 0.3 years ago,Losses too recent or too frequent for the P/E to be a reliable basis. Assess the margin recovery and the balance sheet strength.,none,current,,low,growth not calculable on any window; erratic earnings (volatility 163),,no valuation anchor for this category,,N/A,,not calculable,,,16,2,0.3,163.1,,,54.192,True,31,1,,,,,,,False,276503363584.0,1023934842.0,2026-12-01,1.25,5.24,5396145000.0,4812005000.0,59797000.0,-119489000.0,2016615000.0,1608718000.0,26646000.0,1310241000.0,5101724000.0,12025001000.0,746216000.0,746216000.0,5013847000.0,-4267631000.0,272235732584.0,,,51.24,171.88,1.4,42.4,-1.0,1.1,-2.2,0.15,0.58,16.3,ttm,revenue=RevenueFromContractWithCustomerIncludingAssessedTax;net_income=NetIncomeLoss;ebit=OperatingIncomeLoss;ocf=NetCashProvidedByUsedInOperatingActivities;capex=PaymentsToAcquirePropertyPlantAndEquipment;interest_expense=InterestExpenseNonoperating+InterestExpense;assets=Assets;equity=StockholdersEquity;long_term_debt=LongTermDebtNoncurrent;cash=CashAndCashEquivalentsAtCarryingValue,24.3,4.98,5.27,1.57,,,,26.9,36.5,50.7,24.1,33.4,,,,,23.8,34.5,,ttm,edgar,,64,yfinance,dividend_yield;growth_5y,N/A
CSCO,0000858877,"Cisco Systems, Inc.",Technology,Communication Equipment,yfinance,False,Nasdaq,3576,Computer Communications Equipment,32.71,32.71,0.0,19.96,5.622,3.43,3.43,3.33,2.9,ok,yfinance,1.03,30.59,112.2,51.45,2.863,42.95,19.8,2026-07-25,Slow Grower,6.0,"P/E = growth 0% + dividend 1.5% (floor 6, cap 12) · 5-year trend (regression on all points)",Modest growth: deserves a contained multiple. The dividend partly offsets the lower growth.,earnings,current,,high,"consistent earnings, growth measured over the full 5-year window",20.58,ok,445.2,Overvalued,0.1,5-year trend (regression on all points),5.9,0.1,0,0,,14.6,0.05,293.61,8.805,False,69,9,118.1,1.5,1.68,4.0,1.67,1.49,False,442358235136.0,3942586873.0,2026-11-12,0.99,5.24,63325000000.0,63325000000.0,13267000000.0,15368000000.0,14177000000.0,12767000000.0,1470000000.0,12767000000.0,50285000000.0,129637000000.0,19372000000.0,29533000000.0,7218000000.0,22315000000.0,464673235136.0,30.24,1.45,6.99,34.65,27.3,38.8,11.9,21.0,24.3,0.39,2.89,-3.9,ttm,revenue=RevenueFromContractWithCustomerExcludingAssessedTax+Revenues+SalesRevenueNet;net_income=NetIncomeLoss;ebit=OperatingIncomeLoss;ocf=NetCashProvidedByUsedInOperatingActivities+NetCashProvidedByUsedInOperatingActivitiesContinuingOperations;capex=PaymentsToAcquirePropertyPlantAndEquipment;interest_expense=InterestExpenseNonoperating+InterestExpense;assets=Assets;equity=StockholdersEquity;long_term_debt=LongTermDebtNoncurrent;short_term_debt=DebtCurrent;cash=CashAndCashEquivalentsAtCarryingValue,11.8,12.75,16.06,3.24,2.8,5.9,4.6,3.6,4.9,2.6,-12.5,-2.9,0.3,1.7,4.6,2.1,-10.7,-1.7,0.4,ttm,edgar,,70,yfinance,,Overvalued
CSGP,0001057352,"CoStar Group, Inc.",Real Estate,Real Estate Services,yfinance,False,Nasdaq,7389,"Services-Business Services, NEC",152.11,152.11,0.0,15.41,1.777,0.18,0.18,0.2,11.1,ok,yfinance,0.9,-16.67,27.38,2.7,0.279,4.19,-35.5,2026-06-30,Slow Grower (declining earnings),6.0,P/E = 0% growth credit + dividend not available (treated as 0) (floor 6) · 5-year trend (regression on all points),"Earnings are contracting, so the model gives no credit for growth: the multiple comes from the dividend and the floor alone. Applied to normalized earnings where available, since the latest figure of a declining company is its lowest point. Check whether the decline is cyclical or structural.",earnings,current,,low,erratic earnings (volatility 53); earnings declining -41%/year,,suppressed: the earnings used imply a P/E of 152 — earnings this close to zero make every multiple arbitrary,,N/A,-40.7,5-year trend (regression on all points),-19.5,-40.7,0,0,,53.4,-0.27,,1.397,False,59,1,914.1,,,,,,False,11094309888.0,405197588.0,2026-10-27,0.75,5.24,3555500000.0,3247000000.0,73100000.0,77000000.0,497000000.0,280000000.0,28000000.0,123000000.0,7932000000.0,10139000000.0,994000000.0,1000000000.0,1266000000.0,-266000000.0,10828309888.0,140.63,-3.45,3.12,39.62,0.9,78.2,0.8,2.1,2.2,0.13,2.52,166.1,ttm,revenue=RevenueFromContractWithCustomerExcludingAssessedTax+Revenues;net_income=NetIncomeLoss;ebit=OperatingIncomeLoss;ocf=NetCashProvidedByUsedInOperatingActivities;capex=PaymentsToAcquirePropertyPlantAndEquipment+PaymentsToAcquireProductiveAssets;interest_expense=InterestExpenseDebt+InterestExpense;assets=Assets;equity=StockholdersEquity;long_term_debt=LongTermDebtNoncurrent;short_term_debt=LongTermDebtCurrent;cash=CashAndCashEquivalentsAtCarryingValue,22.0,19.58,8.77,0.69,-40.5,-19.5,2.6,15.3,14.5,16.3,-18.1,-4.2,4.8,-42.5,-20.4,3.9,-4.2,1.7,9.6,ttm,edgar,,95,yfinance,dividend_yield,Overvalued
CSX,0000277948,CSX Corporation,Industrials,Railroads,yfinance,False,Nasdaq,4011,"Railroads, Line-Haul Operating",27.1,27.1,0.0,20.86,2.274,1.75,1.75,1.73,1.1,ok,yfinance,,6.13,47.43,26.25,1.78,26.71,-1.7,2026-06-30,Slow Grower (declining earnings),6.0,P/E = 0% growth credit + dividend 1.2% (floor 6) · 5-year trend (regression on all points),"Earnings are contracting, so the model gives no credit for growth: the multiple comes from the dividend and the floor alone. Applied to normalized earnings where available, since the latest figure of a declining company is its lowest point. Check whether the decline is cyclical or structural.",earnings,current,,medium,earnings declining -1%/year,10.5,ok,351.7,Overvalued,-0.8,5-year trend (regression on all points),3.2,-0.8,0,0,,18.1,0.01,,6.239,False,69,5,80.7,1.18,0.56,4.0,0.55,1.16,False,87862886400.0,1852474917.0,2026-10-21,1.21,5.24,14512000000.0,14092000000.0,3223000000.0,4956000000.0,5322000000.0,2796000000.0,847000000.0,1711000000.0,14088000000.0,44726000000.0,17162000000.0,17162000000.0,1007000000.0,16155000000.0,104017886400.0,20.99,3.26,6.05,31.42,24.4,31.5,11.1,22.2,34.2,1.22,3.18,-37.0,ttm,revenue=RevenueFromContractWithCustomerExcludingAssessedTax+SalesRevenueNet+Revenues;net_income=NetIncomeLoss;ebit=OperatingIncomeLoss;ocf=NetCashProvidedByUsedInOperatingActivities;capex=PaymentsToAcquirePropertyPlantAndEquipment;interest_expense=InterestExpenseNonoperating+InterestExpense;assets=Assets;equity=StockholdersEquity;long_term_debt=LongTermDebtAndCapitalLeaseObligations;cash=CashAndCashEquivalentsAtCarryingValue,2.5,7.6,7.83,1.51,-3.9,3.2,10.9,-1.2,5.2,2.8,-4.1,-0.7,10.4,-7.2,-0.9,6.1,-0.9,3.5,4.6,ttm,edgar,,95,yfinance,,Overvalued
CTAS,0000723254,Cintas Corporation,Industrials,Specialty Business Services,yfinance,False,Nasdaq,2320,"Men's & Boys' Furnishgs, Work Clothg, & Allied Garments",38.6,38.6,0.0,31.33,6.161,5.0,5.0,4.91,1.8,ok,yfinance,,11.59,193.02,75.0,4.313,64.69,15.9,2026-05-31,Stalwart,15.5,P/E = growth 14% + dividend 1.1% · 5-year trend (regression on all points),"Solid, predictable growth: the fair P/E matches the growth rate plus the dividend yield (PEG = 1).",earnings,current,,high,"consistent earnings, growth measured over the full 5-year window",77.73,ok,148.3,Overvalued,14.5,5-year trend (regression on all points),13.9,14.5,0,0,,4.8,0.4,2.67,14.817,False,65,6,157.4,1.08,2.08,4.0,1.87,0.97,True,77114769408.0,399517000.0,2026-12-17,0.91,5.24,11264761000.0,11264761000.0,1999968000.0,2606512000.0,2276280000.0,1881175000.0,106285000.0,1881175000.0,5139887000.0,10529140000.0,1429086000.0,2428073000.0,289018000.0,2139055000.0,79253824408.0,30.41,0.82,6.85,40.99,40.7,48.8,24.8,17.8,23.1,0.28,2.44,7.1,ttm,revenue=RevenueFromContractWithCustomerExcludingAssessedTax+Revenues;net_income=NetIncomeLoss+ProfitLoss;ebit=OperatingIncomeLoss;ocf=NetCashProvidedByUsedInOperatingActivities+NetCashProvidedByUsedInOperatingActivitiesContinuingOperations;capex=PaymentsToAcquirePropertyPlantAndEquipment;interest_expense=InterestExpenseNonoperating+InterestExpense;assets=Assets;equity=StockholdersEquity;long_term_debt=LongTermDebtNoncurrent;short_term_debt=DebtCurrent;cash=CashAndCashEquivalentsAtCarryingValue,8.9,12.87,28.2,4.71,14.7,13.9,12.5,8.5,9.6,8.9,14.4,9.1,25.7,14.1,12.5,11.2,12.8,10.8,17.2,ttm,edgar,,125,yfinance,,Overvalued
CTSH,0001058290,Cognizant Technology Solutions Corporation,Technology,Information Technology Services,yfinance,False,Nasdaq,7371,Services-Computer Programming Services,12.56,12.56,0.0,9.24,6.335,4.66,4.66,4.61,1.1,ok,yfinance,,-2.95,58.51,69.9,4.503,67.55,3.5,2026-03-31,Slow Grower,8.7,"P/E = growth 6% + dividend 2.3% (floor 6, cap 12) · 5-year trend (regression on all points)",Modest growth: deserves a contained multiple. The dividend partly offsets the lower growth.,earnings,current,,high,"consistent earnings, growth measured over the full 5-year window",40.33,ok,45.1,Overvalued,6.4,5-year trend (regression on all points),10.1,6.4,0,0,,13.9,0.69,1.96,1.829,False,66,5,-16.3,2.26,1.32,4.0,1.3,2.22,False,26355490816.0,450444209.0,2026-10-29,0.83,5.24,21406000000.0,21108000000.0,2229000000.0,3379000000.0,2757000000.0,2470000000.0,32000000.0,2595000000.0,15068000000.0,20500000000.0,535000000.0,568000000.0,1504000000.0,-936000000.0,25419490816.0,7.52,-0.28,1.23,10.67,14.9,73.5,16.5,10.4,15.8,0.04,9.37,42.0,ttm,revenue=RevenueFromContractWithCustomerExcludingAssessedTax+Revenues+SalesRevenueNet;net_income=NetIncomeLoss;ebit=OperatingIncomeLoss;ocf=NetCashProvidedByUsedInOperatingActivities;capex=PaymentsToAcquirePropertyPlantAndEquipment;interest_expense=InterestExpenseNonoperating+InterestExpense;assets=Assets;equity=StockholdersEquity;long_term_debt=LongTermDebtNoncurrent;short_term_debt=DebtCurrent;cash=CashAndCashEquivalentsAtCarryingValue,6.5,33.45,47.52,5.48,1.0,10.1,5.3,3.3,4.9,5.4,-2.7,-1.1,3.3,-1.1,7.8,2.9,-2.7,-1.6,2.9,ttm,edgar,,186,yfinance,,Undervalued
CTVA,0001755672,"Corteva, Inc.",Basic Materials,Agricultural Inputs,yfinance,False,NYSE,0100,Agricultural Production-Crops,7.59,7.59,0.0,2.89,4.123,1.57,1.57,1.53,2.5,ok,yfinance,1.026,-25.73,11.92,23.55,1.457,21.86,7.7,2026-06-30,Asset Play,,net asset value (fair P/B = 1),"Trading at 0.32x book value: the market prices the company below its accounting net worth. The anchor is the balance sheet, not the P/E. Book value is a starting point, not an appraisal — it understates land carried at cost and overstates obsolete inventory.",book,current,1.0,medium,erratic earnings (volatility 84),37.71,ok,-68.4,Undervalued,-5.6,5-year trend (regression on all points),-2.3,-5.6,0,0,,84.0,0.06,,0.316,False,31,0,-49.4,6.04,0.72,4.0,0.72,6.04,False,7952976896.0,667196000.0,2026-11-03,,5.24,17812000000.0,17401000000.0,1009000000.0,1583000000.0,1211000000.0,629000000.0,175000000.0,2815000000.0,25159000000.0,41642000000.0,1682000000.0,4875000000.0,2365000000.0,2510000000.0,10462976896.0,6.61,1.59,0.45,12.64,4.0,60.4,3.8,5.7,8.9,0.07,7.91,81.8,ttm,revenue=Revenues;net_income=NetIncomeLoss;ebit=IncomeLossFromContinuingOperationsBeforeIncomeTaxesExtraordinaryItemsNoncontrollingInterest;ocf=NetCashProvidedByUsedInOperatingActivities;capex=PaymentsToAcquireProductiveAssets+PaymentsToAcquirePropertyPlantAndEquipment;interest_expense=InterestAndDebtExpense;assets=Assets;equity=StockholdersEquity;long_term_debt=LongTermDebtAndCapitalLeaseObligations;short_term_debt=DebtCurrent;cash=CashAndCashEquivalentsAtCarryingValue,3.7,37.71,26.7,0.94,5.6,-2.3,,0.5,3.7,3.0,,-18.5,,3.0,-3.7,,,-12.0,13.0,ttm,edgar,,95,yfinance,,Undervalued
CVNA,0001690820,Carvana Co.,Consumer Cyclical,Auto & Truck Dealerships,yfinance,False,NYSE,5500,Retail-Auto Dealers & Gasoline Stations,45.08,33.39,35.0,28.19,2.262,1.415,1.91,1.415,25.9,check,edgar,,178.51,63.77,21.22,0.538,8.07,163.1,2026-06-30,Cyclical,12.0,P/E 12 on 3-year normalized (mid-cycle) earnings,"Erratic, cycle-driven earnings: a low P/E can signal the peak of the cycle, not a bargain. The multiple is applied to mid-cycle earnings, so the fair value does not follow the peak.",earnings,normalized,,low,"growth not calculable on any window; erratic earnings (volatility 178); one loss episode 3 years ago, profitable since",,suppressed: the earnings used imply a P/E of 119 — earnings this close to zero make every multiple arbitrary,,N/A,,not calculable,,,10,1,2.7,177.5,,,11.383,True,39,1,200.5,,,,,,False,70686736384.0,1108463770.0,2026-10-28,3.5,5.24,25058000000.0,20322000000.0,1568000000.0,2237000000.0,1120000000.0,929000000.0,423000000.0,889000000.0,4028000000.0,14552000000.0,4854000000.0,5173000000.0,2630000000.0,2543000000.0,73229736384.0,32.74,1.14,2.82,76.09,54.5,27.7,15.4,6.3,8.9,1.21,1.31,7.5,ttm,revenue=RevenueFromContractWithCustomerExcludingAssessedTax+SalesRevenueNet;net_income=NetIncomeLoss+ProfitLoss;ebit=OperatingIncomeLoss;ocf=NetCashProvidedByUsedInOperatingActivities;capex=PaymentsToAcquirePropertyPlantAndEquipment;interest_expense=InterestExpenseNonoperating+InterestExpense;assets=Assets;equity=StockholdersEquity;long_term_debt=LongTermDebtNoncurrent;short_term_debt=LongTermDebtCurrent;cash=CashAndCashEquivalentsAtCarryingValue,54.0,3.63,22.61,0.84,,,,28.5,22.9,56.1,,,,,,,,,,ttm,edgar-derived,"EPS non depositato in forma non dimensionale (societa' multiclasse): derivato da utile netto SEC / 1,108,463,770 azioni (yfinance). La serie storica usa un numero di azioni costante, quindi non riflette buyback e diluizioni passate.",95,yfinance,dividend_yield;growth_5y,Overvalued
CVS,0000064803,CVS Health Corporation,Healthcare,Healthcare Plans,yfinance,False,NYSE,5912,Retail-Drug Stores and Proprietary Stores,22.46,22.46,0.0,10.14,8.529,3.85,3.85,3.79,1.6,ok,yfinance,,5.87,86.46,57.75,3.931,58.97,-2.1,2026-06-30,Slow Grower (declining earnings),6.0,P/E = 0% growth credit + dividend 3.1% (floor 6) · 5-year trend (regression on all points),"Earnings are contracting, so the model gives no credit for growth: the multiple comes from the dividend and the floor alone. Applied to normalized earnings where available, since the latest figure of a declining company is its lowest point. Check whether the decline is cyclical or structural.",earnings,current,,low,erratic earnings (volatility 52); earnings declining -19%/year,23.1,ok,274.3,Overvalued,-19.2,5-year trend (regression on all points),-7.0,-19.2,0,0,,52.0,-0.72,,1.386,False,67,4,49.7,3.08,2.66,4.0,2.66,3.08,False,110579777536.0,1278970369.0,2026-10-28,0.58,5.24,415086000000.0,402067000000.0,4890000000.0,8288000000.0,14780000000.0,11758000000.0,3102000000.0,7807000000.0,79702000000.0,253768000000.0,59452000000.0,59452000000.0,11329000000.0,48123000000.0,158702777536.0,19.15,5.81,0.27,9.4,6.2,31.4,3.3,1.2,2.0,0.75,10.63,23.4,ttm,revenue=Revenues+RevenueFromContractWithCustomerExcludingAssessedTax;net_income=NetIncomeLoss+NetIncomeLossAvailableToCommonStockholdersBasic+ProfitLoss;ebit=OperatingIncomeLoss;ocf=NetCashProvidedByUsedInOperatingActivities;capex=PaymentsToAcquirePropertyPlantAndEquipment;interest_expense=InterestExpenseNonoperating+InterestExpense;assets=Assets;equity=StockholdersEquity;long_term_debt=LongTermDebtNoncurrent;short_term_debt=LongTermDebtCurrent;cash=CashAndCashEquivalentsAtCarryingValue,7.4,62.32,324.55,9.19,17.6,-7.0,-1.4,7.0,8.3,9.6,-12.7,0.2,5.2,18.1,-7.5,0.2,-10.4,0.8,4.4,ttm,edgar,,95,yfinance,,Overvalued
CVX,0000093410,Chevron Corporation,Energy,Oil & Gas Integrated,yfinance,False,NYSE,2911,Petroleum Refining,19.91,19.91,0.0,14.27,14.48,10.38,10.38,10.4,0.2,ok,yfinance,,33.85,206.69,155.7,9.392,140.88,10.5,2026-06-30,Cyclical,12.0,P/E 12 on 3-year normalized (mid-cycle) earnings,"Erratic, cycle-driven earnings: a low P/E can signal the peak of the cycle, not a bargain. The multiple is applied to mid-cycle earnings, so the fair value does not follow the peak.",earnings,normalized,,medium,erratic earnings (volatility 60),112.7,ok,83.4,Overvalued,0.2,5-year trend (regression on all points),40.9,0.2,0,0,,59.6,0.18,91.61,2.135,False,71,5,32.7,3.44,7.12,4.0,7.05,3.41,False,405443805184.0,1961603274.0,2026-10-30,0.49,5.24,208711000000.0,184432000000.0,20592000000.0,30643000000.0,45321000000.0,27012000000.0,1428000000.0,16592000000.0,189883000000.0,330135000000.0,36674000000.0,37075000000.0,9582000000.0,27493000000.0,432936805184.0,14.13,0.9,1.94,15.01,12.2,57.5,9.3,9.9,14.7,0.19,6.66,10.3,ttm,revenue=RevenueFromContractWithCustomerExcludingAssessedTax+RevenueFromContractWithCustomerIncludingAssessedTax+Revenues;net_income=NetIncomeLoss;ebit=IncomeLossFromContinuingOperationsBeforeIncomeTaxesMinorityInterestAndIncomeLossFromEquityMethodInvestments;ocf=NetCashProvidedByUsedInOperatingActivities;capex=PaymentsToAcquireProductiveAssets;interest_expense=InterestExpenseDebt;assets=Assets;equity=StockholdersEquity;long_term_debt=LongTermDebtNoncurrent;short_term_debt=DebtCurrent;cash=CashAndCashEquivalentsAtCarryingValue,11.2,96.8,106.4,13.77,-13.0,40.9,,-0.8,12.5,6.0,-0.8,22.8,,-12.0,41.8,,3.2,21.8,12.8,ttm,edgar,,95,yfinance,,Overvalued
D,0000715957,"Dominion Energy, Inc.",Utilities,Utilities - Regulated Electric,yfinance,False,NYSE,4911,Electric Services,18.14,21.0,13.6,16.07,3.814,3.38,2.92,3.38,15.8,check,edgar,,28.03,61.31,50.7,2.6,39.0,30.0,2026-03-31,Slow Grower,9.2,"P/E = growth 5% + dividend 4.4% (floor 6, cap 12) · 5-year trend (regression on all points)",Modest growth: deserves a contained multiple. The dividend partly offsets the lower growth.,earnings,current,,medium,erratic earnings (volatility 79),31.0,ok,97.8,Overvalued,4.8,5-year trend (regression on all points),29.2,4.8,0,0,,79.0,0.51,3.77,1.932,False,62,2,20.9,4.36,2.672,4.0,2.672,4.36,False,53923737600.0,879525949.0,2026-10-30,0.62,5.24,17412000000.0,16523000000.0,2954000000.0,4583000000.0,5060000000.0,,2102000000.0,224000000.0,29147000000.0,118578000000.0,45110000000.0,48208000000.0,351000000.0,47857000000.0,101780737600.0,22.21,10.44,3.1,,10.5,24.6,3.9,17.0,26.3,1.55,,-56.8,ttm,revenue=RevenueFromContractWithCustomerExcludingAssessedTax+Revenues+RevenueFromContractWithCustomerIncludingAssessedTax;net_income=NetIncomeLoss;ebit=OperatingIncomeLoss;ocf=NetCashProvidedByUsedInOperatingActivities;capex=PaymentsToAcquirePropertyPlantAndEquipment;interest_expense=InterestAndDebtExpense;assets=Assets;equity=StockholdersEquity;long_term_debt=LongTermDebtNoncurrent;short_term_debt=LongTermDebtCurrent;cash=CashAndCashEquivalentsAtCarryingValue,18.2,33.14,19.8,,23.1,29.2,0.6,5.6,4.6,4.5,,,2.2,22.6,27.5,4.6,2.7,0.1,1.1,ttm,edgar,,186,yfinance,free_cash_flow,Overvalued
DAL,0000027904,"Delta Air Lines, Inc.",Industrials,Airlines,yfinance,False,NYSE,4512,"Air Transportation, Scheduled",13.95,13.95,0.0,10.27,8.185,6.03,6.03,6.02,0.2,ok,yfinance,,-12.75,84.09,90.45,6.947,104.2,-13.2,2026-06-30,Cyclical,12.0,P/E 12 on 3-year normalized (mid-cycle) earnings,"Erratic, cycle-driven earnings: a low P/E can signal the peak of the cycle, not a bargain. The multiple is applied to mid-cycle earnings, so the fair value does not follow the peak.",earnings,normalized,,low,"growth measured on a short window (3-year trend — no usable 5-year history); erratic earnings (volatility 99); one loss episode 5 years ago, profitable since",83.36,ok,0.9,Overvalued,1.2,3-year trend — no usable 5-year history,,,2,1,4.7,98.8,0.16,11.27,2.521,True,63,0,-7.0,1.02,0.86,4.0,0.779,0.93,True,55299518464.0,657623030.0,2026-10-09,1.29,5.24,68287000000.0,63364000000.0,3951000000.0,5516000000.0,8134000000.0,3920000000.0,,3843000000.0,21815000000.0,86321000000.0,10101000000.0,12905000000.0,4665000000.0,8240000000.0,63539518464.0,11.52,1.49,0.81,14.11,20.1,25.3,6.4,5.8,8.1,0.46,7.09,33.2,ttm,revenue=RevenueFromContractWithCustomerExcludingAssessedTax+Revenues;net_income=NetIncomeLoss;ebit=OperatingIncomeLoss;ocf=NetCashProvidedByUsedInOperatingActivities;capex=PaymentsToAcquireProductiveAssets;interest_expense=InterestExpense;assets=Assets;equity=StockholdersEquity;long_term_debt=LongTermDebtNoncurrent;short_term_debt=LongTermDebtCurrent;cash=CashAndCashEquivalentsAtCarryingValue,10.3,33.17,103.84,5.96,8.9,,-0.2,7.0,30.1,5.4,47.3,,-0.4,9.8,,-1.9,5.6,,0.5,ttm,edgar,,95,yfinance,,Undervalued
DASH,0001792789,"DoorDash, Inc.",Consumer Cyclical,Internet Retail,yfinance,False,Nasdaq,7389,"Services-Business Services, NEC",95.05,95.05,0.0,22.92,8.252,1.99,1.99,1.92,3.5,ok,yfinance,1.036,5.49,189.15,29.85,0.56,8.4,255.6,2026-06-30,Unclassified,,growth not calculable on any window,"Not enough usable earnings history to estimate growth on any of the four windows tried (5-year trend and CAGR, 3-year trend and CAGR). No category multiple is assigned: the fixed P/E 15 line is the only reading available.",none,current,,low,"growth not calculable on any window; unstable earnings base: latest TTM $1.99 vs 3-year median $0.56 — the fair value depends on which one is used; erratic earnings (volatility 95); one loss episode 2 years ago, profitable since",,no valuation anchor for this category,,N/A,,not calculable,,,14,1,1.7,95.1,,,8.26,True,23,0,533.7,,,,,,False,81958305792.0,433297937.0,2026-11-04,1.79,5.24,15891000000.0,13717000000.0,841000000.0,712000000.0,2830000000.0,2595000000.0,,2174000000.0,9921000000.0,19561000000.0,2727000000.0,2727000000.0,4424000000.0,-1697000000.0,80261305792.0,112.73,-2.38,5.16,31.58,8.9,50.7,3.6,5.3,4.5,0.27,3.17,7.2,ttm,revenue=RevenueFromContractWithCustomerExcludingAssessedTax;net_income=NetIncomeLoss;ebit=OperatingIncomeLoss;ocf=NetCashProvidedByUsedInOperatingActivities;capex=PaymentsToAcquirePropertyPlantAndEquipment;interest_expense=InterestExpense;assets=Assets;equity=StockholdersEquity;long_term_debt=ConvertibleLongTermNotesPayable;short_term_debt=ConvertibleNotesPayableCurrent;cash=CashAndCashEquivalentsAtCarryingValue,33.6,22.9,36.67,5.99,,,,27.4,30.7,,45.2,41.8,,,,,40.9,37.1,,ttm,edgar,,95,yfinance,dividend_yield;growth_5y,Overvalued
DD,0001666700,"DuPont de Nemours, Inc.",Basic Materials,Specialty Chemicals,yfinance,False,NYSE,2821,"Plastic Materials, Synth Resins & Nonvulcan Elastomers",55.55,55.55,0.0,16.32,7.965,2.34,2.34,0.45,80.8,check,yfinance,,132.61,129.98,35.1,1.635,24.52,43.1,2026-06-30,Turnaround,10.0,P/E 10 on 3-year normalized earnings — back to profit only 0.2 years ago,"A recovery multiple, not a PEG multiple: the growth rate of a company coming out of losses measures the rebound, not a trend, and using it as a multiple is how a fair value becomes nonsense. Applied to normalized earnings, and deliberately below the market average.",earnings,normalized,,low,erratic earnings (volatility 186),16.35,ok,695.0,Overvalued,-48.9,"5-year CAGR (two endpoints, window contains losses)",-48.9,,5,1,0.2,186.4,-0.85,,1.275,True,39,8,270.3,1.85,2.4,4.0,2.4,1.85,False,17552885760.0,135042975.0,2026-11-05,1.08,5.24,6988000000.0,6849000000.0,55000000.0,472000000.0,1041000000.0,702000000.0,227000000.0,227000000.0,13769000000.0,21061000000.0,3125000000.0,3125000000.0,1740000000.0,1385000000.0,18937885760.0,40.12,2.93,2.51,25.0,0.3,65.4,2.2,0.8,6.8,0.23,4.0,-52.7,ttm,revenue=RevenueFromContractWithCustomerExcludingAssessedTax+Revenues+SalesRevenueNet;net_income=NetIncomeLoss;ebit=IncomeLossFromContinuingOperationsBeforeIncomeTaxesExtraordinaryItemsNoncontrollingInterest;ocf=NetCashProvidedByUsedInOperatingActivitiesContinuingOperations+NetCashProvidedByUsedInOperatingActivities;capex=PaymentsToAcquireProductiveAssets;interest_expense=InterestAndDebtExpense;assets=Assets;equity=StockholdersEquity;long_term_debt=LongTermDebtAndCapitalLeaseObligations;short_term_debt=DebtCurrent;cash=CashAndCashEquivalentsAtCarryingValue,3.3,101.96,51.75,5.2,-66.5,-48.9,-23.9,-17.7,-12.3,-18.4,17.9,-19.6,,-77.3,-60.9,-36.8,-1.8,-19.8,,ttm,edgar,,95,yfinance,,Overvalued
DDOG,0001561550,"Datadog, Inc.",Technology,Software - Application,yfinance,False,Nasdaq,7372,Services-Prepackaged Software,554.44,554.44,0.0,93.2,2.974,0.5,0.5,0.5,0.0,ok,yfinance,,38.89,277.22,,0.375,5.62,33.3,2026-06-30,Unclassified,,growth not calculable on any window,"Not enough usable earnings history to estimate growth on any of the four windows tried (5-year trend and CAGR, 3-year trend and CAGR). No category multiple is assigned: the fixed P/E 15 line is the only reading available.",none,current,,low,"growth not calculable on any window; erratic earnings (volatility 209); one loss episode 3 years ago, profitable since",,no valuation anchor for this category,,N/A,,not calculable,,,9,1,2.7,209.2,,,22.786,True,27,0,,,,,,,False,99542777856.0,359075024.0,2026-11-05,1.49,5.24,3966725000.0,3427158000.0,177543000.0,16329000.0,1229034000.0,1182109000.0,9281000.0,1000557000.0,4367160000.0,7547675000.0,985545000.0,985545000.0,434957000.0,550588000.0,100093365856.0,6129.79,33.72,25.09,84.21,4.7,57.9,0.2,4.5,0.4,0.23,1.19,19.7,ttm,revenue=RevenueFromContractWithCustomerExcludingAssessedTax;net_income=NetIncomeLoss;ebit=OperatingIncomeLoss;ocf=NetCashProvidedByUsedInOperatingActivities;capex=PaymentsToAcquirePropertyPlantAndEquipment;interest_expense=InterestExpenseDebt+InterestExpenseNonoperating+InterestExpense;assets=Assets;equity=StockholdersEquity;long_term_debt=ConvertibleLongTermNotesPayable;short_term_debt=ConvertibleNotesPayableCurrent;cash=CashAndCashEquivalentsAtCarryingValue,31.5,12.16,11.05,3.29,,,,27.9,39.0,47.1,37.5,49.8,,,,,36.3,49.7,,ttm,edgar,,95,yfinance,dividend_yield;growth_5y,N/A
DE,0000315189,Deere & Company,Industrials,Farm & Heavy Construction Machinery,yfinance,False,NYSE,3523,Farm Machinery & Equipment,37.04,37.04,0.0,30.07,22.843,18.55,18.55,17.99,3.0,ok,yfinance,1.031,-6.06,687.0,278.25,22.308,334.63,-16.8,2026-08-02,Cyclical,12.0,P/E 12 on 3-year normalized (mid-cycle) earnings,"Erratic, cycle-driven earnings: a low P/E can signal the peak of the cycle, not a bargain. The multiple is applied to mid-cycle earnings, so the fair value does not follow the peak.",earnings,normalized,,medium,erratic earnings (volatility 52),267.7,ok,156.6,Overvalued,-3.6,5-year trend (regression on all points),0.8,-3.6,0,0,,52.4,-0.07,,6.618,False,68,4,146.9,0.94,6.48,4.0,6.48,0.94,False,185232654336.0,269625412.0,2026-11-25,0.91,5.24,47982000000.0,45684000000.0,4873000000.0,6436000000.0,7245000000.0,6021000000.0,2903000000.0,6099000000.0,27990000000.0,107607000000.0,73000000.0,17115000000.0,8928000000.0,8187000000.0,193419654336.0,30.05,1.27,3.86,30.76,18.3,26.0,6.0,10.2,13.4,0.0,3.25,-19.7,ttm,revenue=Revenues;net_income=NetIncomeLoss+ProfitLoss;ebit=IncomeLossFromContinuingOperationsBeforeIncomeTaxesMinorityInterestAndIncomeLossFromEquityMethodInvestments+OperatingIncomeLoss;ocf=NetCashProvidedByUsedInOperatingActivities+NetCashProvidedByUsedInOperatingActivitiesContinuingOperations;capex=PaymentsToAcquirePropertyPlantAndEquipment;interest_expense=InterestExpense;assets=Assets;equity=StockholdersEquity;long_term_debt=LongTermDebtNoncurrent;short_term_debt=DebtCurrent;cash=CashAndCashEquivalentsAtCarryingValue,8.0,103.81,177.96,22.33,-18.9,0.8,13.7,-7.9,2.5,6.0,1.5,-3.0,6.4,-21.4,-2.2,11.8,0.3,-1.3,6.5,ttm,edgar,,62,yfinance,,Overvalued
DECK,0000910521,Deckers Outdoor Corporation,Consumer Cyclical,Footwear & Accessories,yfinance,False,NYSE,3021,Rubber & Plastics Footwear,11.32,11.32,0.0,9.5,8.326,6.99,6.99,7.03,0.6,ok,yfinance,,7.99,79.12,104.85,6.212,93.18,12.5,2026-06-30,Fast Grower,25.0,P/E = growth 29% + dividend 0.0% (capped at 25) · 5-year trend (regression on all points),"High growth: the multiple tracks the growth rate but is capped at 25, because very few companies sustain that pace for years.",earnings,current,,high,"consistent earnings, growth measured over the full 5-year window",174.75,ok,-54.7,Undervalued,28.8,5-year trend (regression on all points),22.2,28.8,0,0,,16.9,2.55,0.39,4.7,False,63,2,-24.5,,,,,,False,10774709248.0,136181857.0,2026-10-22,1.15,5.24,5527289000.0,5472296000.0,1014840000.0,1252917000.0,1193713000.0,1117808000.0,3822000.0,1097332000.0,2301682000.0,3868621000.0,,,1602589000.0,,9172120248.0,7.32,,1.95,9.64,42.6,59.5,32.4,18.4,22.7,,10.37,14.5,ttm,revenue=RevenueFromContractWithCustomerExcludingAssessedTax+SalesRevenueGoodsNet;net_income=NetIncomeLoss+NetIncomeLossAvailableToCommonStockholdersBasic+ProfitLoss;ebit=OperatingIncomeLoss;ocf=NetCashProvidedByUsedInOperatingActivities+NetCashProvidedByUsedInOperatingActivitiesContinuingOperations;capex=PaymentsToAcquirePropertyPlantAndEquipment;interest_expense=InterestExpenseNonoperating;assets=Assets;equity=StockholdersEquity;long_term_debt=LongTermNotesPayable;short_term_debt=ShortTermBorrowings;cash=CashAndCashEquivalentsAtCarryingValue,7.9,16.9,40.59,8.21,27.9,22.2,28.9,14.4,14.8,11.7,23.6,17.4,38.9,23.7,18.3,24.8,19.9,17.3,27.0,ttm,edgar,,95,yfinance,dividend_yield,Undervalued
DELL,0001571996,Dell Technologies Inc.,Technology,Computer Hardware,yfinance,False,NYSE,3571,Electronic Computers,31.55,31.55,0.0,19.32,29.117,17.83,17.83,17.19,3.6,ok,yfinance,1.037,150.58,562.52,267.45,6.628,99.42,169.0,2026-07-31,Fast Grower,21.0,P/E = growth 21% + dividend 0.4% (capped at 25) · 5-year trend (regression on all points),"High growth: the multiple tracks the growth rate but is capped at 25, because very few companies sustain that pace for years.",earnings,current,,medium,erratic earnings (volatility 81),373.86,ok,50.5,Overvalued,20.5,5-year trend (regression on all points),47.6,20.5,0,0,,80.7,0.66,1.54,-252.251,False,30,2,110.3,0.45,2.52,4.0,2.31,0.41,True,357657378816.0,635812750.0,2026-11-27,1.41,5.24,151197000000.0,113538000000.0,11378000000.0,14252000000.0,12152000000.0,8560000000.0,1598000000.0,8552000000.0,-1427000000.0,127393000000.0,25985000000.0,34466000000.0,11569000000.0,22897000000.0,380554378816.0,26.7,1.61,2.37,41.78,,-1.1,11.2,7.5,9.4,,2.39,357.6,ttm,revenue=Revenues+SalesRevenueNet;net_income=NetIncomeLoss;ebit=OperatingIncomeLoss;ocf=NetCashProvidedByUsedInOperatingActivities;capex=PaymentsToAcquirePropertyPlantAndEquipment;interest_expense=InterestExpenseDebt+InterestExpenseNonoperating+InterestExpense;assets=Assets;equity=StockholdersEquity;long_term_debt=LongTermDebtNoncurrent;short_term_debt=DebtCurrent;cash=CashAndCashEquivalentsAtCarryingValue,49.0,-2.24,237.8,13.46,85.5,47.6,62.0,17.4,10.3,11.5,17.6,-4.2,12.0,79.9,24.7,42.7,14.5,-1.1,14.1,ttm,edgar,,64,yfinance,,Overvalued
DG,0000029534,Dollar General Corporation,Consumer Defensive,Discount Stores,yfinance,False,NYSE,5331,Retail-Variety Stores,15.45,15.45,0.0,14.35,8.289,7.7,7.7,7.69,0.1,ok,yfinance,,42.41,118.94,115.5,6.859,102.88,12.3,2026-07-31,Slow Grower (declining earnings),6.0,P/E = 0% growth credit + dividend 2.0% (floor 6) · 5-year trend (regression on all points),"Earnings are contracting, so the model gives no credit for growth: the multiple comes from the dividend and the floor alone. Applied to normalized earnings where available, since the latest figure of a declining company is its lowest point. Check whether the decline is cyclical or structural.",earnings,current,,medium,earnings declining -13%/year,46.2,ok,157.4,Overvalued,-12.9,5-year trend (regression on all points),-5.9,-12.9,0,0,,30.7,-0.71,,2.825,False,63,0,3.0,1.98,2.36,4.0,2.36,1.98,False,26240161792.0,220616790.0,2026-08-27,0.23,5.24,43637998000.0,42724369000.0,1703399000.0,2439807000.0,3316350000.0,2010656000.0,,2393338000.0,9288648000.0,32167333000.0,4558145000.0,4558145000.0,1589590000.0,2968555000.0,29208716792.0,11.97,1.22,0.6,13.05,19.7,28.9,7.6,3.9,5.6,0.49,7.66,41.9,ttm,revenue=RevenueFromContractWithCustomerExcludingAssessedTax+SalesRevenueGoodsNet;net_income=NetIncomeLoss+NetIncomeLossAvailableToCommonStockholdersBasic+ProfitLoss;ebit=OperatingIncomeLoss;ocf=NetCashProvidedByUsedInOperatingActivities+NetCashProvidedByUsedInOperatingActivitiesContinuingOperations;capex=PaymentsToAcquireProductiveAssets;interest_expense=InterestExpense;assets=Assets;equity=StockholdersEquity;long_term_debt=LongTermDebtNoncurrent;short_term_debt=LongTermDebtCurrent;cash=CashAndCashEquivalentsAtCarryingValue,4.8,42.1,197.8,9.11,-7.7,-5.9,6.1,4.0,5.3,7.6,179.0,11.5,6.5,-7.8,-7.6,3.3,23.5,7.7,7.6,ttm,edgar,,64,yfinance,,Overvalued
DGX,0001022079,Quest Diagnostics Incorporated,Healthcare,Diagnostics & Research,yfinance,False,NYSE,8071,Services-Medical Laboratories,24.51,24.51,0.0,19.35,12.059,9.52,9.52,9.42,1.1,ok,yfinance,,12.81,233.33,142.8,7.883,118.24,20.8,2026-06-30,Slow Grower (declining earnings),6.0,P/E = 0% growth credit + dividend 1.5% (floor 6) · 5-year trend (regression on all points),"Earnings are contracting, so the model gives no credit for growth: the multiple comes from the dividend and the floor alone. Applied to normalized earnings where available, since the latest figure of a declining company is its lowest point. Check whether the decline is cyclical or structural.",earnings,current,,medium,earnings declining -11%/year,57.12,ok,308.5,Overvalued,-11.2,5-year trend (regression on all points),-10.9,-11.2,0,0,,40.7,-0.4,,3.415,False,67,2,63.4,1.47,3.44,4.0,2.52,1.08,False,25753415680.0,110373360.0,2026-10-22,0.55,5.24,11560000000.0,11035000000.0,1062000000.0,1630000000.0,1903000000.0,1349000000.0,,1359000000.0,7516000000.0,16939000000.0,5632000000.0,5642000000.0,626000000.0,5016000000.0,30769415680.0,18.88,3.08,2.23,19.09,14.4,44.4,9.6,9.2,14.1,0.75,5.24,49.5,ttm,revenue=RevenueFromContractWithCustomerExcludingAssessedTax+SalesRevenueNet;net_income=NetIncomeLoss;ebit=OperatingIncomeLoss;ocf=NetCashProvidedByUsedInOperatingActivities;capex=PaymentsToAcquirePropertyPlantAndEquipment;interest_expense=InterestExpense;assets=Assets;equity=StockholdersEquity;long_term_debt=LongTermDebtNoncurrent;short_term_debt=DebtCurrent;cash=CashAndCashEquivalentsAtCarryingValue,9.9,68.1,104.74,12.22,10.8,-10.9,5.1,6.8,0.9,4.4,15.4,-9.1,6.8,10.2,-13.9,2.5,11.5,-6.0,7.2,ttm,edgar,,95,yfinance,,Overvalued
DHI,0000882184,"D.R. Horton, Inc.",Consumer Cyclical,Residential Construction,yfinance,False,NYSE,1531,Operative Builders,13.07,13.07,0.0,11.61,11.63,10.33,10.33,10.49,1.5,ok,yfinance,,-15.74,135.0,154.95,13.299,199.49,-22.3,2026-06-30,Slow Grower (declining earnings),6.0,P/E = 0% growth credit + dividend 1.3% (floor 6) · 5-year trend (regression on all points),"Earnings are contracting, so the model gives no credit for growth: the multiple comes from the dividend and the floor alone. Applied to normalized earnings where available, since the latest figure of a declining company is its lowest point. Check whether the decline is cyclical or structural.",earnings,current,,medium,earnings declining -3%/year,61.98,ok,117.8,Overvalued,-2.7,5-year trend (regression on all points),1.0,-2.7,0,0,,35.8,-0.11,,1.591,False,64,10,-12.9,1.33,1.8,4.0,1.8,1.33,True,37759672320.0,279701267.0,2026-10-29,1.37,5.24,33349900000.0,34250400000.0,3052900000.0,4096500000.0,3352600000.0,3202200000.0,,3283500000.0,23819500000.0,36511300000.0,,,2078700000.0,,35680972320.0,8.71,,1.13,11.79,12.8,65.2,11.2,9.2,12.3,,8.48,62.2,ttm,revenue=Revenues;net_income=NetIncomeLoss+ProfitLoss;ebit=IncomeLossFromContinuingOperationsBeforeIncomeTaxesExtraordinaryItemsNoncontrollingInterest+IncomeLossFromContinuingOperationsBeforeIncomeTaxesMinorityInterestAndIncomeLossFromEquityMethodInvestments;ocf=NetCashProvidedByUsedInOperatingActivities;capex=PaymentsToAcquirePropertyPlantAndEquipment;interest_expense=InterestExpense;assets=Assets;equity=StockholdersEquity;cash=CashAndCashEquivalentsAtCarryingValue,-3.5,85.16,119.23,11.45,-9.2,1.0,16.7,-1.2,5.1,11.2,-0.4,34.7,19.9,-14.4,-3.6,13.8,-0.3,33.3,18.8,ttm,edgar,,95,yfinance,,Undervalued
DHR,0000313616,Danaher Corporation,Healthcare,Diagnostics & Research,yfinance,False,NYSE,3823,"Industrial Instruments For Measurement, Display, and Control",37.75,37.75,0.0,23.01,9.302,5.67,5.67,5.64,0.5,ok,yfinance,,19.75,214.06,85.05,5.318,79.77,6.6,2026-06-26,Slow Grower (declining earnings),6.0,P/E = 0% growth credit + dividend 0.7% (floor 6) · 5-year trend (regression on all points),"Earnings are contracting, so the model gives no credit for growth: the multiple comes from the dividend and the floor alone. Applied to normalized earnings where available, since the latest figure of a declining company is its lowest point. Check whether the decline is cyclical or structural.",earnings,current,,medium,earnings declining -12%/year,34.02,ok,529.2,Overvalued,-12.3,5-year trend (regression on all points),-3.3,-12.3,0,0,,45.4,-0.31,,2.862,False,67,7,151.7,0.75,1.6,4.0,1.52,0.71,True,150481190912.0,702986054.0,2026-10-21,0.81,5.24,25107000000.0,24568000000.0,4004000000.0,5127000000.0,6635000000.0,5466000000.0,292000000.0,5260000000.0,52581000000.0,92367000000.0,25147000000.0,26558000000.0,4348000000.0,22210000000.0,172691190912.0,33.68,4.33,5.99,27.53,7.6,56.9,5.6,15.9,20.4,0.48,3.63,-0.7,ttm,revenue=RevenueFromContractWithCustomerExcludingAssessedTax+Revenues+SalesRevenueNet;net_income=NetIncomeLoss+NetIncomeLossAvailableToCommonStockholdersBasic;ebit=OperatingIncomeLoss;ocf=NetCashProvidedByUsedInOperatingActivities;capex=PaymentsToAcquirePropertyPlantAndEquipment;interest_expense=InterestExpenseNonoperating+InterestExpense;assets=Assets;equity=StockholdersEquity;long_term_debt=LongTermDebtNoncurrent;short_term_debt=DebtCurrent;cash=CashAndCashEquivalentsAtCarryingValue,4.6,74.8,35.71,7.78,-12.9,-3.3,2.4,-0.5,-1.2,4.6,-9.0,-4.5,4.0,-14.2,-6.5,1.3,-7.7,-3.5,4.6,ttm,edgar,,99,yfinance,,Overvalued
DIS,0001744489,The Walt Disney Company,Communication Services,Entertainment,yfinance,False,NYSE,7990,Services-Miscellaneous Amusement & Recreation,20.9,20.9,0.0,13.65,7.486,4.89,4.89,4.84,1.0,ok,yfinance,,-24.26,102.19,73.35,3.112,46.68,57.1,2026-06-27,Fast Grower,25.0,P/E = growth 48% + dividend 1.5% (capped at 25) · 5-year trend (regression on all points),"High growth: the multiple tracks the growth rate but is capped at 25, because very few companies sustain that pace for years.",earnings,current,,medium,erratic earnings (volatility 129),122.25,ok,-16.4,Undervalued,48.2,5-year trend (regression on all points),51.5,48.2,0,0,,129.0,2.38,0.43,1.607,False,36,8,39.3,1.47,1.5,2.0,1.5,1.47,True,176450125824.0,1726686902.0,2026-11-12,1.41,5.24,98861000000.0,94425000000.0,8600000000.0,18238000000.0,16989000000.0,8293000000.0,-1829000000.0,10077000000.0,110032000000.0,204740000000.0,37414000000.0,46041000000.0,5185000000.0,40856000000.0,217306125824.0,11.92,2.24,1.78,21.28,7.8,53.7,8.9,8.7,18.4,0.34,4.7,17.7,ttm,revenue=Revenues;net_income=NetIncomeLoss;ebit=OperatingIncomeLoss;ocf=NetCashProvidedByUsedInOperatingActivities+NetCashProvidedByUsedInOperatingActivitiesContinuingOperations;capex=PaymentsToAcquirePropertyPlantAndEquipment;interest_expense=InterestExpense;assets=Assets;equity=StockholdersEquity;long_term_debt=LongTermDebtNoncurrent;short_term_debt=LongTermDebtCurrent;cash=CashAndCashEquivalentsAtCarryingValue,4.6,63.72,57.25,4.8,58.1,51.5,-1.8,4.0,9.3,6.9,43.0,42.8,-2.2,56.5,50.4,-0.5,30.9,30.0,2.3,ttm,edgar,,98,yfinance,,Overvalued
DLR,0001297996,"Digital Realty Trust, Inc.",Real Estate,REIT - Specialty,yfinance,False,NYSE,6798,Real Estate Investment Trusts,47.36,86.26,45.1,64.64,2.762,3.77,2.07,3.77,82.1,check,edgar,,255.66,178.55,56.55,3.12,46.8,20.8,2026-03-31,Slow Grower,6.0,"P/E = growth 1% + dividend 2.7% (floor 6, cap 12) · 5-year trend (regression on all points)",Modest growth: deserves a contained multiple. The dividend partly offsets the lower growth.,earnings,current,,medium,erratic earnings (volatility 160),22.62,ok,689.3,Overvalued,1.2,5-year trend (regression on all points),19.6,1.2,0,0,,160.0,0.08,39.34,2.474,False,58,0,215.7,2.73,4.88,4.0,4.88,2.73,False,67431858176.0,377663727.0,2026-10-29,1.04,5.24,6340228000.0,6112692000.0,1382465000.0,730548000.0,2545472000.0,,455867000.0,,23368753000.0,48859973000.0,,340630000.0,2426631000.0,-2086001000.0,65345857176.0,89.45,-2.86,10.64,,6.2,47.8,1.5,21.8,11.5,,,,ttm,revenue=Revenues;net_income=NetIncomeLoss;ebit=OperatingIncomeLoss;ocf=NetCashProvidedByUsedInOperatingActivities+NetCashProvidedByUsedInOperatingActivitiesContinuingOperations;interest_expense=InterestExpense;assets=Assets;equity=StockholdersEquity;long_term_debt=LongTermDebt;cash=CashAndCashEquivalentsAtCarryingValue,12.6,61.88,16.79,,51.2,19.6,12.8,8.9,8.7,13.0,,,,54.4,21.7,19.2,13.7,7.1,11.7,ttm,edgar,,186,yfinance,free_cash_flow,Overvalued
DLTR,0000935703,"Dollar Tree, Inc.",Consumer Defensive,Discount Stores,yfinance,False,Nasdaq,5331,Retail-Variety Stores,14.02,14.02,0.0,14.18,7.912,8.0,8.0,8.16,2.0,ok,yfinance,,160.13,112.16,120.0,,,,2026-08-01,Turnaround,,earnings not normalizable — back to profit only 0.7 years ago,Losses too recent or too frequent for the P/E to be a reliable basis. Assess the margin recovery and the balance sheet strength.,none,current,,low,erratic earnings (volatility 205),,no valuation anchor for this category,,N/A,5.1,"5-year CAGR (two endpoints, window contains losses)",5.1,,8,1,0.7,205.4,0.37,2.73,6.145,True,67,6,-6.5,,,,,,False,21044615168.0,187630299.0,2026-08-27,0.66,5.24,20049400000.0,19395700000.0,1612500000.0,2201400000.0,3117000000.0,1978100000.0,,1056700000.0,3425300000.0,14029600000.0,2933500000.0,2933500000.0,1058100000.0,1875400000.0,22920015168.0,10.41,0.85,1.05,10.64,45.9,24.4,15.7,8.0,11.0,0.86,9.4,18.4,ttm,revenue=RevenueFromContractWithCustomerExcludingAssessedTax+SalesRevenueGoodsNet;net_income=NetIncomeLoss;ebit=OperatingIncomeLoss;ocf=NetCashProvidedByUsedInOperatingActivitiesContinuingOperations+NetCashProvidedByUsedInOperatingActivities;capex=PaymentsToAcquireProductiveAssets+PaymentsToAcquirePropertyPlantAndEquipment;assets=Assets;equity=StockholdersEquity;long_term_debt=LongTermDebtNoncurrent;short_term_debt=DebtCurrent;cash=CashAndCashEquivalentsAtCarryingValue,8.2,18.26,106.86,10.54,14.0,5.1,8.8,28.0,-4.9,-0.4,20.4,11.8,9.0,9.8,1.6,6.8,15.5,9.1,7.5,ttm,edgar,,63,yfinance,dividend_yield,Undervalued
DOC,0000765880,"Healthpeak Properties, Inc.",Real Estate,REIT - Healthcare Facilities,yfinance,False,NYSE,6798,Real Estate Investment Trusts,55.69,55.69,0.0,139.21,0.14,0.35,0.35,0.35,0.0,ok,yfinance,,40.0,19.49,5.25,0.355,5.32,-1.4,2026-06-30,Turnaround,10.0,P/E 10 on 3-year normalized earnings — back to profit only 0.7 years ago,"A recovery multiple, not a PEG multiple: the growth rate of a company coming out of losses measures the rebound, not a trend, and using it as a multiple is how a fair value becomes nonsense. Applied to normalized earnings, and deliberately below the market average.",earnings,normalized,,low,erratic earnings (volatility 61),3.55,ok,449.0,Overvalued,-10.8,"5-year CAGR (two endpoints, window contains losses)",-10.8,,1,1,0.7,60.9,-0.08,,1.713,True,67,3,271.2,6.28,1.224,12.0,1.224,6.28,False,13817381888.0,708947260.0,2026-11-02,0.99,5.24,723008000.0,603989000.0,243297000.0,445324000.0,1231026000.0,357010000.0,336994000.0,357010000.0,7844750000.0,21680046000.0,10032186000.0,10032186000.0,1626827000.0,8405359000.0,22222740888.0,49.9,18.87,19.11,38.7,3.1,36.2,2.1,33.7,61.6,1.28,2.58,7.0,annual:fcf,revenue=RevenueFromContractWithCustomerExcludingAssessedTax+Revenues;net_income=NetIncomeLoss+NetIncomeLossAvailableToCommonStockholdersBasic;ebit=IncomeLossFromContinuingOperationsBeforeIncomeTaxesMinorityInterestAndIncomeLossFromEquityMethodInvestments+IncomeLossFromContinuingOperationsBeforeIncomeTaxesExtraordinaryItemsNoncontrollingInterest;ocf=NetCashProvidedByUsedInOperatingActivities;capex=PaymentsToAcquireProductiveAssets;interest_expense=InterestExpense;assets=Assets;equity=StockholdersEquity;long_term_debt=LongTermDebt;cash=CashAndCashEquivalentsAtCarryingValue,23.3,11.07,1.02,0.5,-28.8,-10.8,,-7.2,-1.5,-10.1,,,,-22.9,-13.6,,10.1,9.1,-0.5,ttm,edgar,,95,yfinance,,Overvalued
DOV,0000029905,Dover Corporation,Industrials,Specialty Industrial Machinery,yfinance,False,NYSE,3530,"Construction, Mining & Materials Handling Machinery & Equip",22.72,22.72,0.0,16.28,11.65,8.35,8.35,8.3,0.6,ok,yfinance,,-49.94,189.69,125.25,10.634,159.51,-21.5,2026-06-30,Stalwart (mid cap),14.9,P/E = growth 14% + dividend 1.1% · 5-year trend (regression on all points),"Solid, predictable growth: the fair P/E matches the growth rate plus the dividend yield (PEG = 1).",earnings,current,,high,"consistent earnings, growth measured over the full 5-year window",124.05,ok,52.9,Overvalued,13.7,5-year trend (regression on all points),6.5,13.7,0,0,,40.0,0.65,1.65,3.316,False,67,6,51.4,1.11,2.1,4.0,2.085,1.1,False,25547491328.0,134680225.0,2026-10-22,1.15,5.24,8420564000.0,8092571000.0,1134750000.0,1420151000.0,1395359000.0,1176629000.0,113953000.0,1117742000.0,7704004000.0,13694216000.0,2578196000.0,3259988000.0,1755971000.0,1504017000.0,27051508328.0,19.05,1.06,3.03,21.71,15.0,56.3,10.4,13.5,16.9,0.33,4.61,21.5,ttm,revenue=RevenueFromContractWithCustomerExcludingAssessedTax+Revenues+SalesRevenueNet;net_income=NetIncomeLoss;ebit=OperatingIncomeLoss;ocf=NetCashProvidedByUsedInOperatingActivitiesContinuingOperations+NetCashProvidedByUsedInOperatingActivities;capex=PaymentsToAcquirePropertyPlantAndEquipment;interest_expense=InterestExpenseNonoperating+InterestExpense+InterestExpenseDebt;assets=Assets;equity=StockholdersEquity;long_term_debt=LongTermDebtNoncurrent;short_term_debt=DebtCurrent;cash=CashAndCashEquivalentsAtCarryingValue,7.6,57.2,62.52,8.74,4.8,6.5,11.4,2.5,2.5,2.2,11.8,2.6,4.1,3.6,5.2,7.6,10.3,3.2,4.0,ttm,edgar,,95,yfinance,,Overvalued
DOW,0001751788,Dow Inc.,Basic Materials,Chemicals,yfinance,False,NYSE,2821,"Plastic Materials, Synth Resins & Nonvulcan Elastomers",,,,16.29,1.717,-1.85,-1.85,-4.0,116.2,check,yfinance,,-1100.0,27.97,,1.16,17.4,-259.5,2026-03-31,Turnaround,10.0,P/E 10 on 3-year normalized earnings — currently loss-making,"A recovery multiple, not a PEG multiple: the growth rate of a company coming out of losses measures the rebound, not a trend, and using it as a multiple is how a fair value becomes nonsense. Applied to normalized earnings, and deliberately below the market average.",earnings,normalized,,low,growth not calculable on any window; erratic earnings (volatility 206),11.6,ok,141.1,Overvalued,,not calculable,,,4,1,0.0,206.0,,,1.274,True,34,0,,5.01,1.4,4.0,1.4,5.01,True,20203870208.0,722340711.0,2026-10-22,0.42,5.24,39331000000.0,39968000000.0,-2849000000.0,-2527000000.0,2065000000.0,-232000000.0,868000000.0,-1447000000.0,15249000000.0,59780000000.0,17254000000.0,17254000000.0,4110000000.0,13144000000.0,33347870208.0,,,0.51,,-17.8,25.5,-4.2,-7.2,-6.4,1.13,-1.15,-5465.4,ttm,revenue=RevenueFromContractWithCustomerIncludingAssessedTax;net_income=NetIncomeLoss+NetIncomeLossAvailableToCommonStockholdersBasic;ebit=IncomeLossFromContinuingOperationsBeforeIncomeTaxesExtraordinaryItemsNoncontrollingInterest;ocf=NetCashProvidedByUsedInOperatingActivities;capex=PaymentsToAcquireProductiveAssets;interest_expense=InterestExpenseDebt+InterestAndDebtExpense;assets=Assets;equity=StockholdersEquity;long_term_debt=LongTermDebtAndCapitalLeaseObligations;short_term_debt=ShortTermBorrowings;cash=CashAndCashEquivalentsAtCarryingValue,-7.7,21.11,54.45,-0.32,,,,-9.7,-0.7,-1.3,,,,,,,-31.4,-15.2,-9.5,ttm,edgar,,186,yfinance,growth_5y,N/A
DPZ,0001286681,"Domino's Pizza, Inc.",Consumer Cyclical,Restaurants,yfinance,False,Nasdaq,5140,Wholesale-Groceries & Related Products,16.72,16.72,0.0,14.26,20.869,17.8,17.8,17.63,1.0,ok,yfinance,,2.38,297.62,267.0,16.851,252.76,5.6,2026-06-14,Slow Grower,11.3,"P/E = growth 9% + dividend 2.7% (floor 6, cap 12) · 5-year trend (regression on all points)",Modest growth: deserves a contained multiple. The dividend partly offsets the lower growth.,earnings,current,,high,"consistent earnings, growth measured over the full 5-year window",200.43,ok,48.5,Overvalued,8.6,5-year trend (regression on all points),7.3,8.6,0,0,,10.4,0.67,1.95,-2.471,False,63,0,11.5,2.67,7.96,4.0,7.71,2.59,True,9845620736.0,33081735.0,2026-10-13,0.95,5.24,4939994000.0,4939994000.0,601704000.0,953974000.0,792062000.0,671504000.0,195972000.0,671504000.0,-3982431000.0,1763322000.0,4876221000.0,4883544000.0,164836000.0,4718708000.0,14564328736.0,15.27,4.95,1.99,14.66,,-225.8,54.1,12.2,19.3,,6.82,31.2,"annual:ebit,fcf,interest_expense,net_income,ocf,revenue",revenue=Revenues;net_income=NetIncomeLoss;ebit=OperatingIncomeLoss+IncomeLossFromContinuingOperationsBeforeIncomeTaxesExtraordinaryItemsNoncontrollingInterest+IncomeLossFromContinuingOperationsBeforeIncomeTaxesMinorityInterestAndIncomeLossFromEquityMethodInvestments;ocf=NetCashProvidedByUsedInOperatingActivities+NetCashProvidedByUsedInOperatingActivitiesContinuingOperations;capex=PaymentsToAcquirePropertyPlantAndEquipment+PaymentsForCapitalImprovements;interest_expense=InterestExpense;assets=Assets;equity=StockholdersEquity;long_term_debt=LongTermDebtNoncurrent;short_term_debt=LongTermDebtCurrent;cash=CashAndCashEquivalentsAtCarryingValue,5.0,-120.38,149.33,20.3,10.1,7.3,16.9,2.9,3.7,8.4,20.1,5.9,11.4,10.0,4.2,12.1,18.6,6.0,10.5,ttm,edgar,,111,yfinance,,Overvalued
DRI,0000940944,"Darden Restaurants, Inc.",Consumer Cyclical,Restaurants,yfinance,False,NYSE,5812,Retail-Eating  Places,19.45,19.45,0.0,16.16,12.4,10.3,10.3,10.23,0.7,ok,yfinance,,9.88,200.33,154.5,8.921,133.81,15.5,2026-08-30,Slow Grower,10.9,"P/E = growth 8% + dividend 3.2% (floor 6, cap 12) · 5-year trend (regression on all points)",Modest growth: deserves a contained multiple. The dividend partly offsets the lower growth.,earnings,current,,high,"consistent earnings, growth measured over the full 5-year window",112.05,ok,78.8,Overvalued,7.6,5-year trend (regression on all points),10.4,7.6,0,0,,7.2,0.56,2.54,10.352,False,66,2,29.7,3.23,6.48,4.0,6.12,3.05,False,22745821184.0,113541756.0,2026-12-24,0.59,5.24,13366500000.0,13210900000.0,1182300000.0,1562900000.0,1789600000.0,1054400000.0,126500000.0,1119100000.0,2068400000.0,13226600000.0,1636100000.0,2615800000.0,220500000.0,2395300000.0,25141121184.0,16.09,1.53,1.7,21.57,55.1,15.6,11.8,8.8,11.7,0.79,4.64,5.3,annual:interest_expense,revenue=RevenueFromContractWithCustomerExcludingAssessedTax+SalesRevenueNet;net_income=NetIncomeLoss;ebit=OperatingIncomeLoss+IncomeLossFromContinuingOperationsBeforeIncomeTaxesMinorityInterestAndIncomeLossFromEquityMethodInvestments;ocf=NetCashProvidedByUsedInOperatingActivitiesContinuingOperations;capex=PaymentsToAcquirePropertyPlantAndEquipment;interest_expense=InterestExpenseNonoperating+InterestExpense;assets=Assets;equity=StockholdersEquity;long_term_debt=LongTermDebtNoncurrent;short_term_debt=LongTermDebtCurrent;cash=CashAndCashEquivalentsAtCarryingValue,8.1,18.22,117.72,9.29,8.4,10.4,12.6,7.4,10.9,6.7,9.6,3.9,5.2,6.3,7.5,11.5,8.7,8.9,7.7,ttm,edgar,,34,yfinance,,Overvalued
DTE,0000936340,DTE Energy Company,Utilities,Utilities - Regulated Electric,yfinance,False,NYSE,4911,Electric Services,19.51,19.51,0.0,14.88,8.365,6.38,6.38,6.08,4.7,ok,yfinance,1.049,-17.84,124.45,95.7,7.057,105.85,-9.6,2026-03-31,Slow Grower,9.9,"P/E = growth 6% + dividend 3.7% (floor 6, cap 12) · 5-year trend (regression on all points)",Modest growth: deserves a contained multiple. The dividend partly offsets the lower growth.,earnings,current,,high,"consistent earnings, growth measured over the full 5-year window",63.07,ok,97.3,Overvalued,6.1,5-year trend (regression on all points),-3.8,6.1,0,0,,16.9,0.51,3.18,2.132,False,66,2,30.0,3.74,4.66,4.0,4.66,3.74,False,25896558592.0,208088069.0,2026-10-29,0.39,5.24,,12607000000.0,1264000000.0,2162000000.0,3295000000.0,,1099000000.0,,12323000000.0,55108000000.0,25204000000.0,25204000000.0,238000000.0,24966000000.0,50862558592.0,23.53,11.55,,,10.4,22.4,3.9,,,2.05,,,ttm,revenue=Revenues+SalesRevenueNet;net_income=NetIncomeLoss;ebit=OperatingIncomeLoss;ocf=NetCashProvidedByUsedInOperatingActivities;interest_expense=InterestExpense;assets=Assets;equity=StockholdersEquity;long_term_debt=LongTermDebtNoncurrent;short_term_debt=DebtCurrent;cash=CashAndCashEquivalentsAtCarryingValue,16.1,59.22,,,2.5,-3.8,6.2,4.9,7.7,,,,,3.7,-2.4,6.1,16.3,-2.3,5.6,ttm,edgar,,186,yfinance,revenue;free_cash_flow,Overvalued
DUK,0001326160,Duke Energy Corporation,Utilities,Utilities - Regulated Electric,yfinance,False,NYSE,4931,Electric & Other Services Combined,17.11,17.11,0.0,15.91,7.171,6.67,6.67,6.52,2.2,ok,yfinance,1.023,8.13,114.13,100.05,5.703,85.55,17.0,2026-03-31,Stalwart,19.9,P/E = growth 16% + dividend 3.8% · 5-year trend (regression on all points),"Solid, predictable growth: the fair P/E matches the growth rate plus the dividend yield (PEG = 1).",earnings,current,,medium,erratic earnings (volatility 71),132.66,ok,-14.0,Undervalued,16.1,5-year trend (regression on all points),30.4,16.1,0,0,,71.0,1.16,1.06,1.655,False,66,4,14.1,3.8,4.34,4.0,4.28,3.75,False,88987410432.0,779702193.0,2026-11-05,0.36,5.24,32518000000.0,31741000000.0,5139000000.0,9008000000.0,11665000000.0,-3299000000.0,3713000000.0,-1694000000.0,54457000000.0,198048000000.0,80477000000.0,87872000000.0,2140000000.0,85732000000.0,174719410432.0,19.4,9.52,2.74,,9.8,27.5,4.5,15.8,27.7,1.48,-3.71,-3629.2,ttm,revenue=RevenueFromContractWithCustomerIncludingAssessedTax+RevenueFromContractWithCustomerExcludingAssessedTax+Revenues;net_income=NetIncomeLoss+NetIncomeLossAvailableToCommonStockholdersBasic;ebit=OperatingIncomeLoss;ocf=NetCashProvidedByUsedInOperatingActivities;capex=PaymentsToAcquirePropertyPlantAndEquipment;interest_expense=InterestExpenseNonoperating+InterestExpense;assets=Assets;equity=StockholdersEquity;long_term_debt=LongTermDebtNoncurrent;short_term_debt=LongTermDebtCurrent;cash=CashAndCashEquivalentsAtCarryingValue,5.8,69.84,41.71,-4.23,28.1,30.4,5.5,4.1,6.7,4.0,,,,27.4,29.1,6.9,27.6,4.4,5.3,ttm,edgar,,186,yfinance,,Overvalued
DVA,0000927066,DaVita Inc.,Healthcare,Medical Care Facilities,yfinance,False,NYSE,8090,"Services-Misc Health & Allied Services, NEC",14.95,14.95,0.0,10.42,17.143,11.95,11.95,12.15,1.7,ok,yfinance,,19.59,178.69,179.25,9.609,144.14,24.4,2026-06-30,Slow Grower,9.5,"P/E = growth 9% + dividend not available (treated as 0) (floor 6, cap 12) · 5-year trend (regression on all points)",Modest growth: deserves a contained multiple. The dividend partly offsets the lower growth.,earnings,current,,high,"consistent earnings, growth measured over the full 5-year window",113.2,ok,57.9,Overvalued,9.5,5-year trend (regression on all points),10.1,9.5,0,0,,24.9,0.63,1.58,-14.937,False,67,3,-0.3,,,,,,False,11400422400.0,63800000.0,2026-10-28,0.83,5.24,14009646000.0,13643069000.0,1179389000.0,2127730000.0,2193155000.0,1609804000.0,554194000.0,1310636000.0,-765096000.0,17709489000.0,10663836000.0,10663836000.0,668963000.0,9994873000.0,21395295400.0,10.06,4.7,0.81,7.08,,-4.3,12.0,8.4,15.2,,14.12,-10.6,ttm,revenue=Revenues+RevenueFromContractWithCustomerIncludingAssessedTax;net_income=NetIncomeLoss;ebit=OperatingIncomeLoss;ocf=NetCashProvidedByUsedInOperatingActivities+NetCashProvidedByUsedInOperatingActivitiesContinuingOperations;capex=PaymentsToAcquirePropertyPlantAndEquipment+PaymentsToAcquireProductiveAssets;interest_expense=InterestAndDebtExpense+InterestExpenseDebt;assets=Assets;equity=StockholdersEquity;long_term_debt=LongTermDebtNoncurrent;short_term_debt=LongTermDebtCurrent;cash=CashAndCashEquivalentsAtCarryingValue,6.4,-11.99,219.59,25.23,33.5,10.1,21.7,6.1,3.9,3.5,5.9,7.4,2.3,19.6,6.4,12.6,3.7,4.0,0.6,ttm,edgar,,95,yfinance,dividend_yield,Undervalued
DVN,0001090012,Devon Energy Corporation,Energy,Oil & Gas E&P,yfinance,False,NYSE,1311,Crude Petroleum & Natural Gas,10.25,10.25,0.0,8.84,5.388,4.65,4.65,4.21,9.5,ok,yfinance,1.105,-5.61,47.65,69.75,4.981,74.72,-6.7,2026-06-30,Stalwart,14.2,P/E = growth 14% + dividend 0.7% · 5-year trend (regression on all points),"Solid, predictable growth: the fair P/E matches the growth rate plus the dividend yield (PEG = 1).",earnings,current,,high,"consistent earnings, growth measured over the full 5-year window",66.02,ok,-27.8,Undervalued,13.5,5-year trend (regression on all points),87.9,13.5,0,0,,48.3,1.39,0.76,1.312,False,67,1,-31.7,0.67,0.32,1.0,1.12,2.35,True,52415000576.0,1100000000.0,2026-11-04,0.43,5.24,19699000000.0,16786000000.0,3280000000.0,4209000000.0,8553000000.0,4694000000.0,506000000.0,3119000000.0,41747000000.0,70893000000.0,9891000000.0,11388000000.0,950000000.0,10438000000.0,62853000576.0,14.93,2.48,2.66,11.17,11.5,58.9,5.9,16.7,21.4,0.24,8.96,5.5,ttm,revenue=RevenueFromContractWithCustomerExcludingAssessedTax+Revenues;net_income=NetIncomeLoss;ebit=IncomeLossFromContinuingOperationsBeforeIncomeTaxesExtraordinaryItemsNoncontrollingInterest+IncomeLossFromContinuingOperationsBeforeIncomeTaxesMinorityInterestAndIncomeLossFromEquityMethodInvestments+OperatingIncomeLoss;ocf=NetCashProvidedByUsedInOperatingActivities+NetCashProvidedByUsedInOperatingActivitiesContinuingOperations;capex=PaymentsToAcquireProductiveAssets+PaymentsToAcquirePropertyPlantAndEquipment;interest_expense=InterestExpenseDebt+InterestAndDebtExpense+InterestExpense;assets=Assets;equity=StockholdersEquity;long_term_debt=LongTermDebtNoncurrent;short_term_debt=DebtCurrent;cash=CashAndCashEquivalentsAtCarryingValue,16.7,37.95,17.91,4.27,-16.8,87.9,,5.4,19.0,5.9,9.5,35.0,30.4,-11.9,64.2,,6.4,28.2,12.4,ttm,edgar,,95,yfinance,,Undervalued
DXCM,0001093557,"DexCom, Inc.",Healthcare,Medical Devices,yfinance,False,Nasdaq,3841,Surgical & Medical Instruments & Apparatus,34.14,34.14,0.0,27.34,3.122,2.5,2.5,2.52,0.8,ok,yfinance,,76.22,85.36,37.5,1.562,23.44,60.0,2026-06-30,Fast Grower,25.0,P/E = growth 26% + dividend 0.0% (capped at 25) · 5-year trend (regression on all points),"High growth: the multiple tracks the growth rate but is capped at 25, because very few companies sustain that pace for years.",earnings,current,,medium,erratic earnings (volatility 81),62.5,ok,36.6,Overvalued,25.6,5-year trend (regression on all points),11.1,25.6,0,0,,80.9,0.75,1.33,12.289,False,63,1,127.6,,,,,,False,32211515392.0,377360765.0,2026-10-29,1.42,5.24,4969200000.0,4662000000.0,999700000.0,1139100000.0,1748700000.0,1405000000.0,11100000.0,1077200000.0,2621400000.0,6455300000.0,1242800000.0,1242800000.0,1105000000.0,137800000.0,32349315392.0,28.4,0.12,6.48,22.93,38.5,40.6,17.6,20.1,22.9,0.47,4.36,70.8,ttm,revenue=RevenueFromContractWithCustomerExcludingAssessedTax+Revenues+SalesRevenueNet;net_income=NetIncomeLoss;ebit=OperatingIncomeLoss+IncomeLossFromContinuingOperationsBeforeIncomeTaxesMinorityInterestAndIncomeLossFromEquityMethodInvestments;ocf=NetCashProvidedByUsedInOperatingActivities;capex=PaymentsToAcquirePropertyPlantAndEquipment;interest_expense=InterestExpenseDebt+InterestExpense;assets=Assets;equity=StockholdersEquity;long_term_debt=LongTermDebt;short_term_debt=ConvertibleNotesPayableCurrent;cash=CashAndCashEquivalentsAtCarryingValue,15.5,6.95,13.17,3.72,42.5,11.1,,15.8,18.0,26.1,44.5,69.5,67.5,40.9,10.1,,31.4,33.7,43.0,ttm,edgar,,95,yfinance,dividend_yield,Overvalued
EBAY,0001065088,eBay Inc.,Consumer Cyclical,Internet Retail,yfinance,False,Nasdaq,7389,"Services-Business Services, NEC",22.21,22.21,0.0,15.85,6.713,4.79,4.79,4.84,1.0,ok,yfinance,,8.28,106.4,71.85,4.454,66.8,7.6,2026-06-30,Slow Grower (declining earnings),6.0,"P/E = 0% growth credit + dividend 1.2% (floor 6) · 5-year CAGR (two endpoints, window contains losses)","Earnings are contracting, so the model gives no credit for growth: the multiple comes from the dividend and the floor alone. Applied to normalized earnings where available, since the latest figure of a declining company is its lowest point. Check whether the decline is cyclical or structural.",earnings,current,,low,"erratic earnings (volatility 165); one loss episode 3 years ago, profitable since; earnings declining -24%/year",28.74,ok,270.2,Overvalued,-23.7,"5-year CAGR (two endpoints, window contains losses)",-23.7,,2,1,3.5,165.5,-1.02,,10.15,True,67,5,48.1,1.17,1.24,4.0,1.22,1.15,False,47347998720.0,445000000.0,2026-11-04,1.34,5.24,12008000000.0,11100000000.0,2222000000.0,2464000000.0,3036000000.0,2428000000.0,249000000.0,1434000000.0,4665000000.0,17933000000.0,5142000000.0,6735000000.0,2310000000.0,4425000000.0,51772998720.0,21.01,1.8,3.94,19.5,47.8,26.0,13.7,18.5,20.5,1.1,5.13,-26.7,ttm,revenue=RevenueFromContractWithCustomerExcludingAssessedTax+SalesRevenueNet+Revenues;net_income=NetIncomeLoss;ebit=OperatingIncomeLoss;ocf=NetCashProvidedByUsedInOperatingActivities;capex=PaymentsToAcquirePropertyPlantAndEquipment;interest_expense=InterestExpenseNonoperating+InterestExpense+InterestExpenseDebt;assets=Assets;equity=StockholdersEquity;long_term_debt=LongTermDebtNoncurrent;short_term_debt=DebtCurrent;cash=CashAndCashEquivalentsAtCarryingValue,14.7,10.48,26.98,5.46,27.6,-23.7,11.5,6.5,3.6,3.2,1.0,-0.7,-0.1,18.3,-29.6,1.4,2.1,0.4,-0.3,ttm,edgar,,95,yfinance,,Overvalued
ECHO,0001415404,EchoStar Corporation,Communication Services,Telecom Services,yfinance,False,Nasdaq,4899,"Communications Services, NEC",,,,4.15,22.73,-26.57,-26.57,-25.03,5.8,ok,yfinance,,-2283.81,94.25,,,,,2026-06-30,Turnaround,,"no positive earnings, current or normalized","Loss-making now and on a 3-year average: no earnings base exists to capitalise. Any P/E-derived fair value would be invented. Assess the cash burn, the runway and the balance sheet instead.",none,current,,low,growth not calculable on any window; erratic earnings (volatility 278),,no valuation anchor for this category,,N/A,,not calculable,,,11,1,0.0,278.0,,,1.934,True,63,1,,,,,,,False,27409393664.0,290815844.0,2026-11-05,1.01,5.24,14653925000.0,15004989000.0,8772388000.0,-16515821000.0,-85317000.0,-725181000.0,,-1065104000.0,14155098000.0,39425398000.0,15985387000.0,15996675000.0,439988000.0,15556687000.0,42966080664.0,,,1.87,,51.8,35.9,-41.9,59.9,-112.7,1.13,-2.65,-264.5,ttm,revenue=RevenueFromContractWithCustomerExcludingAssessedTax+Revenues+SalesRevenueNet;net_income=NetIncomeLoss+NetIncomeLossAvailableToCommonStockholdersBasic;ebit=OperatingIncomeLoss;ocf=NetCashProvidedByUsedInOperatingActivities+NetCashProvidedByUsedInOperatingActivitiesContinuingOperations;capex=PaymentsToAcquirePropertyPlantAndEquipment;interest_expense=InterestExpenseDebt+InterestExpense;assets=Assets;equity=StockholdersEquity;long_term_debt=LongTermDebtNoncurrent;short_term_debt=LongTermDebtCurrent;cash=CashAndCashEquivalentsAtCarryingValue,-5.2,48.67,50.39,-2.49,,,,-6.4,49.8,19.7,,,,67.0,128.3,46.0,,,,ttm,edgar,,95,yfinance,dividend_yield;growth_5y,N/A
ECL,0000031462,Ecolab Inc.,Basic Materials,Specialty Chemicals,yfinance,False,NYSE,2840,"Soap, Detergents, Cleang Preparations, Perfumes, Cosmetics",36.35,36.35,0.0,29.08,9.411,7.53,7.53,7.45,1.1,ok,yfinance,,-0.53,273.7,112.95,7.282,109.24,3.4,2026-06-30,Stalwart,20.7,P/E = growth 20% + dividend 1.1% · 5-year trend (regression on all points),"Solid, predictable growth: the fair P/E matches the growth rate plus the dividend yield (PEG = 1).",earnings,current,,high,"consistent earnings, growth measured over the full 5-year window",155.76,ok,75.7,Overvalued,19.6,5-year trend (regression on all points),15.4,19.6,0,0,,31.6,0.57,1.85,7.63,False,67,4,142.3,1.07,2.92,4.0,2.92,1.07,False,76725944320.0,280328603.0,2026-10-27,0.89,5.24,16842500000.0,16081200000.0,2116400000.0,2852100000.0,3056800000.0,1874500000.0,329800000.0,1904300000.0,10055500000.0,29927000000.0,11905100000.0,13176200000.0,5135300000.0,8040900000.0,84766844320.0,29.72,2.82,4.56,40.93,21.8,33.6,9.5,12.6,16.9,1.18,2.44,4.7,ttm,revenue=RevenueFromContractWithCustomerExcludingAssessedTax+SalesRevenueNet;net_income=NetIncomeLoss+NetIncomeLossAvailableToCommonStockholdersBasic;ebit=OperatingIncomeLoss;ocf=NetCashProvidedByUsedInOperatingActivities+NetCashProvidedByUsedInOperatingActivitiesContinuingOperations;capex=PaymentsToAcquirePropertyPlantAndEquipment;interest_expense=InterestExpenseNonoperating+InterestExpense;assets=Assets;equity=StockholdersEquity;long_term_debt=LongTermDebtNoncurrent;short_term_debt=DebtCurrent;cash=CashAndCashEquivalentsAtCarryingValue,7.1,35.87,60.08,6.69,21.9,15.4,8.9,4.5,6.8,2.4,12.2,5.8,2.3,21.7,15.0,8.3,13.9,10.0,3.2,ttm,edgar,,95,yfinance,,Overvalued
ED,0001047862,"Consolidated Edison, Inc.",Utilities,Utilities - Regulated Electric,yfinance,False,NYSE,4931,Electric & Other Services Combined,17.03,17.03,0.0,15.91,6.5,6.07,6.07,5.93,2.3,ok,yfinance,1.024,9.61,103.39,91.05,5.707,85.6,6.4,2026-03-31,Stalwart (mid cap),14.1,P/E = growth 11% + dividend 3.4% · 5-year trend (regression on all points),"Solid, predictable growth: the fair P/E matches the growth rate plus the dividend yield (PEG = 1).",earnings,current,,high,"consistent earnings, growth measured over the full 5-year window",85.61,ok,20.8,Overvalued,10.7,5-year trend (regression on all points),11.9,10.7,0,0,,36.3,0.83,1.6,1.487,False,62,3,13.6,3.44,3.552,4.0,3.514,3.4,False,38236581888.0,369828633.0,2026-11-05,0.26,5.24,17392000000.0,17049000000.0,134023000.0,2987000000.0,4137000000.0,,1193000000.0,-530000000.0,25596000000.0,74741000000.0,25551000000.0,869000000.0,147000000.0,722000000.0,38958581888.0,13.04,0.24,2.2,,0.5,34.2,4.0,0.8,17.2,1.0,,56.9,ttm,revenue=RevenueFromContractWithCustomerExcludingAssessedTax+Revenues;net_income=NetIncomeLoss+ProfitLoss+NetIncomeLossAvailableToCommonStockholdersBasic;ebit=OperatingIncomeLoss;ocf=NetCashProvidedByUsedInOperatingActivities+NetCashProvidedByUsedInOperatingActivitiesContinuingOperations;capex=PaymentsToAcquirePropertyPlantAndEquipment;interest_expense=InterestExpenseDebt;assets=Assets;equity=StockholdersEquity;long_term_debt=LongTermDebtNoncurrent;short_term_debt=LongTermDebtCurrent;cash=CashAndCashEquivalentsAtCarryingValue,8.0,69.21,47.03,,-5.4,11.9,4.4,3.4,6.9,3.7,,,,-45.6,-34.9,-19.2,5.2,14.8,2.5,ttm,edgar,,186,yfinance,free_cash_flow,Overvalued
EFX,0000033185,Equifax Inc.,Industrials,Consulting Services,yfinance,False,NYSE,7320,"Services-Consumer Credit Reporting, Collection Agencies",24.56,24.56,0.0,13.79,10.151,5.7,5.7,5.69,0.2,ok,yfinance,,11.13,140.0,85.5,4.879,73.18,16.8,2026-06-30,Slow Grower (declining earnings),6.0,P/E = 0% growth credit + dividend 1.6% (floor 6) · 5-year trend (regression on all points),"Earnings are contracting, so the model gives no credit for growth: the multiple comes from the dividend and the floor alone. Applied to normalized earnings where available, since the latest figure of a declining company is its lowest point. Check whether the decline is cyclical or structural.",earnings,current,,medium,earnings declining -2%/year,34.2,ok,309.4,Overvalued,-2.4,5-year trend (regression on all points),-0.6,-2.4,0,0,,23.0,-0.03,,3.759,False,67,5,63.7,1.6,2.24,4.0,2.18,1.56,True,16447885312.0,117484896.0,2026-10-20,1.3,5.24,6444500000.0,6074500000.0,691400000.0,1150400000.0,1612400000.0,1105000000.0,221800000.0,1134300000.0,4380200000.0,11981800000.0,4056800000.0,5467100000.0,170100000.0,5297000000.0,21744885312.0,18.9,4.6,2.55,14.88,14.6,36.6,9.6,10.7,17.9,0.93,6.72,39.5,ttm,revenue=RevenueFromContractWithCustomerExcludingAssessedTax;net_income=NetIncomeLoss;ebit=OperatingIncomeLoss;ocf=NetCashProvidedByUsedInOperatingActivities;capex=PaymentsToAcquireProductiveAssets;interest_expense=InterestExpenseNonoperating+InterestExpense;assets=Assets;equity=StockholdersEquity;long_term_debt=LongTermDebtNoncurrent;short_term_debt=DebtCurrent;cash=CashAndCashEquivalentsAtCarryingValue,10.3,37.28,54.85,9.41,10.2,-0.6,4.0,8.4,6.8,8.0,33.6,8.0,6.2,9.6,-0.8,4.1,13.8,5.8,7.6,ttm,edgar,,95,yfinance,,Overvalued
EG,0001095073,"Everest Group, Ltd.",Financial Services,Insurance - Reinsurance,yfinance,False,NYSE,6331,"Fire, Marine & Casualty Insurance",7.79,7.79,0.0,6.15,59.929,47.25,47.25,47.23,0.0,ok,yfinance,,145.86,368.27,708.75,48.19,722.86,-2.0,2026-06-30,Asset Play,,net asset value (fair P/B = 1),"Trading at 0.92x book value: the market prices the company below its accounting net worth. The anchor is the balance sheet, not the P/E. Book value is a starting point, not an appraisal — it understates land carried at cost and overstates obsolete inventory.",book,current,1.0,medium,erratic earnings (volatility 131),402.42,ok,-8.5,Undervalued,7.8,5-year trend (regression on all points),7.4,7.8,0,0,,131.2,1.28,1.0,0.924,False,63,0,-48.0,2.17,8.0,4.0,6.0,1.63,False,14120478720.0,38342734.0,2026-10-28,0.28,5.24,16771000000.0,17496000000.0,1913000000.0,2243000000.0,2000000000.0,,,,15430000000.0,62167000000.0,,,1117000000.0,,13003478720.0,5.8,,0.84,,12.6,24.8,3.6,11.4,13.4,,,,ttm,revenue=Revenues;net_income=NetIncomeLoss+NetIncomeLossAvailableToCommonStockholdersBasic+ProfitLoss;ebit=IncomeLossFromContinuingOperationsBeforeIncomeTaxesExtraordinaryItemsNoncontrollingInterest+IncomeLossFromContinuingOperationsBeforeIncomeTaxesMinorityInterestAndIncomeLossFromEquityMethodInvestments;ocf=NetCashProvidedByUsedInOperatingActivities+NetCashProvidedByUsedInOperatingActivitiesContinuingOperations;interest_expense=InterestExpenseDebt+InterestExpense;assets=Assets;equity=StockholdersEquity;long_term_debt=LongTermNotesPayable;short_term_debt=ShortTermBorrowings;cash=CashAndCashEquivalentsAtCarryingValue,-5.1,402.42,437.4,,16.2,7.4,10.2,8.1,8.4,11.8,,,,16.4,11.1,9.5,-22.5,-10.1,4.7,ttm,edgar,,95,yfinance,free_cash_flow,Undervalued
EIX,0000827052,Edison International,Utilities,Utilities - Regulated Electric,yfinance,False,NYSE,4911,Electric Services,5.55,5.55,0.0,8.29,6.502,9.71,9.71,9.2,5.3,ok,yfinance,1.055,30.31,53.89,145.65,3.541,53.11,174.2,2026-03-31,Fast Grower,25.0,P/E = growth 41% + dividend 6.5% (capped at 25) · 5-year trend (regression on all points),"High growth: the multiple tracks the growth rate but is capped at 25, because very few companies sustain that pace for years.",earnings,current,,medium,erratic earnings (volatility 79),242.75,ok,-77.8,Undervalued,41.3,5-year trend (regression on all points),33.6,41.3,0,0,,78.8,8.61,0.13,1.189,False,66,2,-63.0,6.52,3.512,4.0,3.462,6.42,False,20737626112.0,384813979.0,2026-10-29,0.61,5.24,19609000000.0,19317000000.0,3554000000.0,6033000000.0,6003000000.0,-643000000.0,1762000000.0,-715000000.0,17320000000.0,94475000000.0,37311000000.0,40307000000.0,168000000.0,40139000000.0,60876626112.0,10.09,6.65,1.06,,20.9,18.3,6.4,18.1,30.8,2.15,-3.1,-3.2,ttm,revenue=Revenues;net_income=NetIncomeLoss+NetIncomeLossAvailableToCommonStockholdersBasic;ebit=OperatingIncomeLoss;ocf=NetCashProvidedByUsedInOperatingActivities;capex=PaymentsToAcquirePropertyPlantAndEquipment;interest_expense=InterestExpenseNonoperating+InterestExpense;assets=Assets;equity=StockholdersEquity;long_term_debt=LongTermDebtNoncurrent;short_term_debt=LongTermDebtCurrent;cash=CashAndCashEquivalentsAtCarryingValue,13.1,45.01,50.96,-1.67,61.3,33.6,11.7,4.4,7.4,5.5,,,,52.7,33.3,13.5,37.0,42.6,3.2,ttm,edgar,,186,yfinance,,Undervalued
EL,0001001250,The Estée Lauder Companies Inc.,Consumer Defensive,Household & Personal Products,yfinance,False,NYSE,2844,"Perfumes, Cosmetics & Other Toilet Preparations",180.33,180.33,0.0,23.51,3.911,0.51,0.51,0.5,2.0,ok,yfinance,1.02,115.87,91.97,7.65,,,,2026-06-30,Turnaround,,earnings not normalizable — back to profit only 0.2 years ago,Losses too recent or too frequent for the P/E to be a reliable basis. Assess the margin recovery and the balance sheet strength.,none,current,,low,erratic earnings (volatility 70),,no valuation anchor for this category,,N/A,-42.3,"5-year CAGR (two endpoints, window contains losses)",-42.3,,6,1,0.2,69.8,-0.23,,8.742,True,65,2,1102.2,1.52,1.4,4.0,1.4,1.52,True,33322827776.0,362322775.0,2026-11-02,1.27,5.24,15049000000.0,15049000000.0,182000000.0,780000000.0,1773000000.0,1316000000.0,334000000.0,1316000000.0,3806000000.0,19762000000.0,6803000000.0,7306000000.0,3498000000.0,3808000000.0,37130827776.0,47.6,4.88,2.21,25.32,4.7,19.3,3.9,1.2,5.2,1.79,3.95,96.4,ttm,revenue=RevenueFromContractWithCustomerExcludingAssessedTax+SalesRevenueNet;net_income=NetIncomeLoss+NetIncomeLossAvailableToCommonStockholdersBasic;ebit=OperatingIncomeLoss;ocf=NetCashProvidedByUsedInOperatingActivities+NetCashProvidedByUsedInOperatingActivitiesContinuingOperations;capex=PaymentsToAcquirePropertyPlantAndEquipment;interest_expense=InterestExpenseNonoperating+InterestExpense+InterestAndDebtExpense;assets=Assets;equity=StockholdersEquity;long_term_debt=LongTermDebtNoncurrent;short_term_debt=DebtCurrent;cash=CashAndCashEquivalentsAtCarryingValue,5.0,10.5,41.53,3.63,-43.6,-42.3,-16.3,-1.8,-1.5,2.9,21.8,-15.2,0.4,-43.5,-42.4,-16.6,0.8,-13.4,-0.1,ttm,edgar,,95,yfinance,,Overvalued
ELV,0001156039,"Elevance Health, Inc.",Healthcare,Healthcare Plans,yfinance,False,NYSE,6324,Hospital & Medical Service Plans,16.89,16.89,0.0,13.08,29.54,22.88,22.88,22.59,1.3,ok,yfinance,,-4.16,386.43,343.2,25.539,383.08,-10.4,2026-06-30,Slow Grower,6.0,"P/E = growth 2% + dividend 1.8% (floor 6, cap 12) · 5-year trend (regression on all points)",Modest growth: deserves a contained multiple. The dividend partly offsets the lower growth.,earnings,current,,high,"consistent earnings, growth measured over the full 5-year window",137.28,ok,181.5,Overvalued,1.8,5-year trend (regression on all points),5.8,1.8,0,0,,9.4,0.21,9.18,1.867,False,67,1,12.6,1.78,6.88,4.0,6.87,1.78,False,83804798976.0,216869290.0,2026-10-21,0.7,5.24,201113000000.0,199125000000.0,4963000000.0,5453000000.0,7464000000.0,6289000000.0,1438000000.0,3174000000.0,44883000000.0,126438000000.0,30669000000.0,31044000000.0,10232000000.0,20812000000.0,104616798976.0,19.19,3.82,0.42,13.33,11.2,35.5,4.3,2.5,2.7,0.68,7.5,-30.3,ttm,revenue=Revenues;net_income=NetIncomeLoss;ebit=OperatingIncomeLoss+IncomeLossFromContinuingOperationsBeforeIncomeTaxesExtraordinaryItemsNoncontrollingInterest+IncomeLossFromContinuingOperationsBeforeIncomeTaxesMinorityInterestAndIncomeLossFromEquityMethodInvestments;ocf=NetCashProvidedByUsedInOperatingActivities;capex=PaymentsToAcquirePropertyPlantAndEquipment;interest_expense=InterestExpenseNonoperating+InterestExpense;assets=Assets;equity=StockholdersEquity;long_term_debt=LongTermDebtNoncurrent;short_term_debt=LongTermDebtCurrent;cash=CashAndCashEquivalentsAtCarryingValue,6.3,206.96,927.35,29.0,-5.0,5.8,10.1,6.7,9.3,9.4,-15.9,1.7,8.6,-7.7,3.2,7.9,-14.2,1.7,8.1,ttm,edgar,,95,yfinance,,Overvalued
EME,0000105634,"EMCOR Group, Inc.",Industrials,Engineering & Construction,yfinance,False,NYSE,1731,Electrical Work,23.92,23.92,0.0,21.4,36.749,32.88,32.88,32.11,2.3,ok,yfinance,1.024,33.35,786.61,493.2,22.594,338.91,45.5,2026-06-30,Fast Grower,25.0,P/E = growth 45% + dividend 0.2% (capped at 25) · 5-year trend (regression on all points),"High growth: the multiple tracks the growth rate but is capped at 25, because very few companies sustain that pace for years.",earnings,current,,high,"consistent earnings, growth measured over the full 5-year window",822.0,ok,-4.3,Undervalued,44.7,5-year trend (regression on all points),40.4,44.7,0,0,,36.8,1.88,0.54,8.532,False,63,2,59.5,0.2,1.6,4.0,1.45,0.18,True,34697289728.0,44109901.0,2026-10-29,1.13,5.24,18597775000.0,16986422000.0,1439158000.0,1930635000.0,1289818000.0,1171382000.0,12020000.0,1189313000.0,4078907000.0,10157082000.0,3600000.0,6100000.0,924411000.0,-918311000.0,33778978728.0,17.5,-0.48,1.87,29.62,40.4,40.2,19.0,7.7,10.4,0.0,3.38,-10.8,annual:interest_expense,revenue=RevenueFromContractWithCustomerIncludingAssessedTax+RevenueFromContractWithCustomerExcludingAssessedTax+SalesRevenueNet;net_income=NetIncomeLoss;ebit=OperatingIncomeLoss;ocf=NetCashProvidedByUsedInOperatingActivities;capex=PaymentsToAcquireProductiveAssets;interest_expense=InterestExpense;assets=Assets;equity=StockholdersEquity;long_term_debt=LongTermDebtAndCapitalLeaseObligations;short_term_debt=LinesOfCreditCurrent;cash=CashAndCashEquivalentsAtCarryingValue,18.9,92.47,421.62,26.56,47.6,40.4,27.1,16.7,15.1,10.0,20.2,19.3,15.3,43.8,34.8,23.0,20.8,19.8,14.9,ttm,edgar,,95,yfinance,,Overvalued
EMR,0000032604,Emerson Electric Co.,Industrials,Specialty Industrial Machinery,yfinance,False,NYSE,3600,Electronic & Other Electrical Equipment (No Computer Equip),34.75,34.75,0.0,22.23,7.269,4.65,4.65,4.57,1.7,ok,yfinance,,-1.72,161.61,69.75,4.335,65.02,7.3,2026-06-30,Slow Grower (declining earnings),6.0,P/E = 0% growth credit + dividend 1.4% (floor 6) · 5-year trend (regression on all points),"Earnings are contracting, so the model gives no credit for growth: the multiple comes from the dividend and the floor alone. Applied to normalized earnings where available, since the latest figure of a declining company is its lowest point. Check whether the decline is cyclical or structural.",earnings,current,,medium,earnings declining -5%/year,27.9,ok,479.2,Overvalued,-5.5,5-year trend (regression on all points),3.2,-5.5,0,0,,41.0,-0.12,,4.423,False,68,4,131.7,1.37,2.22,4.0,2.22,1.37,False,90146062336.0,557800000.0,2026-11-04,1.23,5.24,18636000000.0,18016000000.0,2578000000.0,3280000000.0,3912000000.0,3460000000.0,,2667000000.0,20379000000.0,42208000000.0,7526000000.0,13113000000.0,2180000000.0,10933000000.0,101079062336.0,30.82,3.33,4.84,26.05,12.8,48.3,7.8,13.8,17.6,0.37,3.84,-8.4,ttm,revenue=RevenueFromContractWithCustomerExcludingAssessedTax+Revenues+SalesRevenueNet;net_income=NetIncomeLoss;ebit=IncomeLossFromContinuingOperationsBeforeIncomeTaxesExtraordinaryItemsNoncontrollingInterest+IncomeLossFromContinuingOperationsBeforeIncomeTaxesMinorityInterestAndIncomeLossFromEquityMethodInvestments;ocf=NetCashProvidedByUsedInOperatingActivities;capex=PaymentsToAcquirePropertyPlantAndEquipment+PaymentsToAcquireProductiveAssets;interest_expense=InterestExpense;assets=Assets;equity=StockholdersEquity;long_term_debt=LongTermDebtNoncurrent;short_term_debt=DebtCurrent;cash=CashAndCashEquivalentsAtCarryingValue,4.8,36.53,33.41,6.2,-41.5,3.2,4.9,7.6,0.9,2.3,16.2,0.4,2.7,-42.0,1.8,3.4,16.1,-0.2,2.6,ttm,edgar,,95,yfinance,,Overvalued
EOG,0000821189,"EOG Resources, Inc.",Energy,Oil & Gas E&P,yfinance,False,NYSE,1311,Crude Petroleum & Natural Gas,11.0,11.0,0.0,9.3,15.195,12.85,12.85,12.86,0.1,ok,yfinance,,24.73,141.38,192.75,11.821,177.31,8.7,2026-06-30,Cyclical,12.0,P/E 12 on 3-year normalized (mid-cycle) earnings,"Erratic, cycle-driven earnings: a low P/E can signal the peak of the cycle, not a bargain. The multiple is applied to mid-cycle earnings, so the fair value does not follow the peak.",earnings,normalized,,medium,erratic earnings (volatility 63),141.85,ok,-0.3,Undervalued,11.4,5-year trend (regression on all points),31.9,11.4,0,0,,62.6,1.3,0.96,2.332,False,67,3,-26.7,2.89,4.08,4.0,4.08,2.89,True,74157940736.0,524529176.0,2026-11-05,0.27,5.24,27026000000.0,22632000000.0,6876000000.0,8905000000.0,13358000000.0,,270000000.0,,31864000000.0,54783000000.0,7899000000.0,7926000000.0,4907000000.0,3019000000.0,77176940736.0,8.67,0.34,2.74,,22.5,58.2,16.3,25.4,32.9,0.25,,,ttm,revenue=Revenues;net_income=NetIncomeLoss+NetIncomeLossAvailableToCommonStockholdersBasic;ebit=OperatingIncomeLoss;ocf=NetCashProvidedByUsedInOperatingActivities;interest_expense=InterestExpense+InterestExpenseNonoperating+InterestExpenseDebt;assets=Assets;equity=StockholdersEquity;long_term_debt=LongTermDebtNoncurrent;short_term_debt=LongTermDebtCurrent;cash=CashAndCashEquivalentsAtCarryingValue,19.1,60.75,51.52,,-4.7,31.9,,1.4,15.7,14.3,,,,-7.6,29.6,,-1.0,18.3,18.1,ttm,edgar,,95,yfinance,free_cash_flow,Undervalued
EQIX,0001101239,"Equinix, Inc.",Real Estate,REIT - Specialty,yfinance,False,Nasdaq,6798,Real Estate Investment Trusts,64.92,64.92,0.0,55.09,18.62,15.8,15.8,15.54,1.6,ok,yfinance,,52.95,1025.72,237.0,10.767,161.51,46.7,2026-06-30,Fast Grower,25.0,P/E = growth 24% + dividend 2.0% (capped at 25) · 5-year trend (regression on all points),"High growth: the multiple tracks the growth rate but is capped at 25, because very few companies sustain that pace for years.",earnings,current,,high,"consistent earnings, growth measured over the full 5-year window",395.0,ok,159.7,Overvalued,23.9,5-year trend (regression on all points),32.5,23.9,0,0,,40.6,0.4,2.72,7.037,False,63,1,332.8,2.01,20.64,4.0,20.17,1.97,False,101209522176.0,98671686.0,2026-10-28,0.97,5.24,9805000000.0,9217000000.0,1533000000.0,2138000000.0,3942000000.0,-998000000.0,569000000.0,-400000000.0,14382000000.0,41076000000.0,19873000000.0,21043000000.0,979000000.0,20064000000.0,121273522176.0,56.72,9.38,10.32,,10.8,35.0,5.2,15.6,21.8,1.38,-0.99,-318.6,ttm,revenue=RevenueFromContractWithCustomerExcludingAssessedTax+Revenues+SalesRevenueNet;net_income=NetIncomeLoss;ebit=OperatingIncomeLoss;ocf=NetCashProvidedByUsedInOperatingActivities+NetCashProvidedByUsedInOperatingActivitiesContinuingOperations;capex=PaymentsToAcquireProductiveAssets+PaymentsToAcquirePropertyPlantAndEquipment;interest_expense=InterestExpenseNonoperating+InterestExpense+InterestExpenseDebt;assets=Assets;equity=StockholdersEquity;long_term_debt=LongTermDebt;short_term_debt=LongTermDebtCurrent;cash=CashAndCashEquivalentsAtCarryingValue,9.6,145.76,99.37,-10.11,21.5,32.5,30.7,7.2,9.1,12.0,,,,23.8,35.0,37.1,9.4,12.3,16.8,ttm,edgar,,95,yfinance,,Overvalued
EQT,0000033213,EQT Corporation,Energy,Oil & Gas E&P,yfinance,False,NYSE,1311,Crude Petroleum & Natural Gas,11.64,11.64,0.0,13.32,3.768,4.31,4.31,4.31,0.0,ok,yfinance,,126.84,50.17,64.65,2.435,36.52,77.0,2026-06-30,Cyclical,12.0,P/E 12 on 3-year normalized (mid-cycle) earnings,"Erratic, cycle-driven earnings: a low P/E can signal the peak of the cycle, not a bargain. The multiple is applied to mid-cycle earnings, so the fair value does not follow the peak.",earnings,normalized,,low,"growth measured on a short window (3-year trend — no usable 5-year history); erratic earnings (volatility 166); one loss episode 4 years ago, profitable since",29.22,ok,71.7,Overvalued,11.9,3-year trend — no usable 5-year history,,,5,1,4.0,165.6,1.13,0.98,1.242,True,67,7,-22.4,1.32,0.66,4.0,0.66,1.32,False,31382138880.0,625516000.0,2026-10-20,0.58,5.24,9535318000.0,8644211000.0,2711615000.0,4049329000.0,6246145000.0,3758333000.0,387687000.0,2837527000.0,25258876000.0,41320840000.0,5540755000.0,5655714000.0,112863000.0,5542851000.0,36924989880.0,9.12,1.37,3.29,8.35,11.6,61.1,9.8,28.4,42.5,0.22,11.98,395.0,ttm,revenue=Revenues+RevenueFromContractWithCustomerExcludingAssessedTax;net_income=NetIncomeLoss+NetIncomeLossAvailableToCommonStockholdersBasic+ProfitLoss;ebit=OperatingIncomeLoss;ocf=NetCashProvidedByUsedInOperatingActivities+NetCashProvidedByUsedInOperatingActivitiesContinuingOperations;capex=PaymentsToAcquirePropertyPlantAndEquipment+PaymentsToAcquireProductiveAssets;interest_expense=InterestExpenseNonoperating+InterestExpense+InterestExpenseDebt;assets=Assets;equity=StockholdersEquity;long_term_debt=LongTermDebtNoncurrent;short_term_debt=LongTermDebtCurrent;cash=CashAndCashEquivalentsAtCarryingValue,32.3,40.38,15.24,6.01,-22.2,,,2.2,21.2,14.2,12.8,156.9,,-8.6,,,13.1,43.3,19.5,ttm,edgar,,95,yfinance,,Undervalued
ERIE,0000922621,Erie Indemnity Company,Financial Services,Insurance Brokers,yfinance,False,Nasdaq,6411,"Insurance Agents, Brokers & Service",20.15,20.15,0.0,15.78,14.01,10.97,10.97,11.035,0.6,ok,yfinance,,-7.67,221.09,164.55,10.749,161.23,2.1,2026-06-30,Fast Grower,23.5,P/E = growth 21% + dividend 2.6% (capped at 25) · 5-year trend (regression on all points),"High growth: the multiple tracks the growth rate but is capped at 25, because very few companies sustain that pace for years.",earnings,current,,high,"consistent earnings, growth measured over the full 5-year window",257.61,ok,-14.2,Undervalued,20.8,5-year trend (regression on all points),13.6,20.8,0,0,,17.3,1.17,0.97,4.686,False,63,1,34.4,2.65,5.852,4.0,5.754,2.6,False,11560766464.0,52289868.0,2026-10-29,0.3,5.24,4119469000.0,4067258000.0,577001000.0,737545000.0,697777000.0,553083000.0,,570965000.0,2467106000.0,3557016000.0,,,282902000.0,,11277864464.0,15.29,,2.81,20.9,24.8,69.4,20.7,14.0,17.9,,4.78,17.4,ttm,revenue=RevenueFromContractWithCustomerExcludingAssessedTax+Revenues;net_income=NetIncomeLoss;ebit=OperatingIncomeLoss+IncomeLossFromContinuingOperationsBeforeIncomeTaxesExtraordinaryItemsNoncontrollingInterest;ocf=NetCashProvidedByUsedInOperatingActivities+NetCashProvidedByUsedInOperatingActivitiesContinuingOperations;capex=PaymentsToAcquireProductiveAssets;interest_expense=InterestExpenseNonoperating+InterestExpense;assets=Assets;equity=StockholdersEquity;long_term_debt=LongTermDebtNoncurrent;short_term_debt=LongTermDebtCurrent;cash=CashAndCashEquivalentsAtCarryingValue,3.7,47.18,78.78,10.58,17.7,13.6,11.9,10.7,9.9,10.3,15.8,13.3,14.0,17.7,13.6,11.9,16.6,15.3,11.9,ttm,edgar-derived,"EPS non depositato in forma non dimensionale (societa' multiclasse): derivato da utile netto SEC / 52,289,868 azioni (yfinance). La serie storica usa un numero di azioni costante, quindi non riflette buyback e diluizioni passate.",95,yfinance,,Overvalued
ES,0000072741,Eversource Energy,Utilities,Utilities - Regulated Electric,yfinance,False,NYSE,4911,Electric Services,16.71,16.71,0.0,13.12,4.916,3.86,3.86,3.85,0.3,ok,yfinance,,68.12,64.5,57.9,2.291,34.36,68.5,2026-06-30,Slow Grower,6.1,"P/E = growth 1% + dividend 4.9% (floor 6, cap 12) · 5-year CAGR (two endpoints, window contains losses)",Modest growth: deserves a contained multiple. The dividend partly offsets the lower growth.,earnings,current,,medium,"one loss episode 2 years ago, profitable since",23.65,ok,172.7,Overvalued,1.2,"5-year CAGR (two endpoints, window contains losses)",1.2,,4,1,1.7,39.9,0.37,13.48,1.487,True,63,0,11.4,4.89,3.152,4.0,3.117,4.83,False,24295522304.0,376674754.0,2026-11-04,0.7,5.24,14078100000.0,13493100000.0,1449376000.0,3016168000.0,4430451000.0,297711000.0,1369973000.0,-45097000.0,16340177000.0,63415743000.0,26608990000.0,29111619000.0,1819319000.0,27292300000.0,51587822304.0,17.1,9.05,1.73,81.61,9.1,25.8,4.8,10.3,21.4,1.63,1.23,98.1,ttm,revenue=RevenueFromContractWithCustomerIncludingAssessedTax+Revenues;net_income=NetIncomeLossAvailableToCommonStockholdersBasic+NetIncomeLoss;ebit=OperatingIncomeLoss;ocf=NetCashProvidedByUsedInOperatingActivities;capex=PaymentsToAcquirePropertyPlantAndEquipment;interest_expense=InterestExpenseNonoperating+InterestExpense;assets=Assets;equity=StockholdersEquity;long_term_debt=LongTermDebtNoncurrent;short_term_debt=LongTermDebtCurrent;cash=CashAndCashEquivalentsAtCarryingValue,8.8,43.38,37.37,0.79,4.4,1.2,3.5,3.7,8.3,6.6,,,,7.0,2.9,5.2,26.1,24.4,11.1,ttm,edgar,,95,yfinance,,Overvalued
ESS,0000920522,"Essex Property Trust, Inc.",Real Estate,REIT - Residential,yfinance,False,NYSE,6798,Real Estate Investment Trusts,42.04,42.04,0.0,42.65,6.3,6.39,6.39,6.42,0.5,ok,yfinance,,-48.39,268.65,95.85,8.689,130.34,-26.5,2026-06-30,Stalwart (mid cap),15.4,P/E = growth 12% + dividend 3.9% · 5-year trend (regression on all points),"Solid, predictable growth: the fair P/E matches the growth rate plus the dividend yield (PEG = 1).",earnings,current,,high,"consistent earnings, growth measured over the full 5-year window",98.59,ok,172.5,Overvalued,11.6,5-year trend (regression on all points),0.6,11.6,0,0,,36.2,0.37,3.63,3.244,False,63,0,180.3,3.86,10.36,4.0,10.34,3.85,False,18518820864.0,68932888.0,2026-10-27,0.71,5.24,9295000.0,9381000.0,413842000.0,627101000.0,1118023000.0,,262809000.0,518822000.0,5323073000.0,12898302000.0,6386526000.0,6386526000.0,58327000.0,6328199000.0,24847019864.0,39.62,10.09,1992.34,,7.6,41.3,4.9,4452.3,6746.6,1.2,,26.0,ttm,revenue=RevenueFromContractWithCustomerExcludingAssessedTax+RevenueFromContractWithCustomerIncludingAssessedTax+Revenues;net_income=NetIncomeLossAvailableToCommonStockholdersBasic+NetIncomeLoss;ebit=OperatingIncomeLoss;ocf=NetCashProvidedByUsedInOperatingActivities+NetCashProvidedByUsedInOperatingActivitiesContinuingOperations;capex=PaymentsForCapitalImprovements;interest_expense=InterestExpenseNonoperating+InterestExpense;assets=Assets;equity=StockholdersEquity;long_term_debt=LongTermDebt;cash=CashAndCashEquivalentsAtCarryingValue,-4.1,77.22,0.13,,-7.9,0.6,4.4,-6.2,0.4,-38.8,27.2,21.7,,-8.0,0.5,4.1,5.4,6.8,5.1,ttm,edgar,,95,yfinance,free_cash_flow,Overvalued
ETN,0001551182,Eaton Corporation plc,Industrials,Specialty Industrial Machinery,yfinance,False,NYSE,3590,Misc Industrial & Commercial Machinery & Equipment,44.46,44.46,0.0,26.89,16.219,9.81,9.81,9.82,0.1,ok,yfinance,,-1.21,436.11,147.15,9.65,144.75,1.7,2026-06-30,Stalwart,19.5,P/E = growth 19% + dividend 1.0% · 5-year trend (regression on all points),"Solid, predictable growth: the fair P/E matches the growth rate plus the dividend yield (PEG = 1).",earnings,current,,high,"consistent earnings, growth measured over the full 5-year window",191.57,ok,127.7,Overvalued,18.5,5-year trend (regression on all points),15.9,18.5,0,0,,17.8,0.44,2.4,8.363,False,55,6,196.4,1.01,4.4,4.0,4.34,1.0,False,169385115648.0,388400000.0,2026-11-03,1.17,5.24,30025000000.0,27448000000.0,3829000000.0,4821000000.0,4950000000.0,3934000000.0,444000000.0,3553000000.0,20254000000.0,56181000000.0,18509000000.0,20600000000.0,483000000.0,20117000000.0,189502115648.0,39.31,4.17,5.64,43.06,19.7,36.1,8.6,12.8,16.1,0.91,2.32,1.0,ttm,revenue=RevenueFromContractWithCustomerExcludingAssessedTax+SalesRevenueNet+Revenues;net_income=NetIncomeLoss+NetIncomeLossAvailableToCommonStockholdersBasic;ebit=IncomeLossFromContinuingOperationsBeforeIncomeTaxesExtraordinaryItemsNoncontrollingInterest+OperatingIncomeLoss+IncomeLossFromContinuingOperationsBeforeIncomeTaxesMinorityInterestAndIncomeLossFromEquityMethodInvestments;ocf=NetCashProvidedByUsedInOperatingActivities;capex=PaymentsToAcquirePropertyPlantAndEquipment;interest_expense=InterestExpenseNonoperating+InterestExpense+InterestExpenseDebt;assets=Assets;equity=StockholdersEquity;long_term_debt=LongTermDebtNoncurrent;short_term_debt=ShortTermBorrowings;cash=CashAndCashEquivalentsAtCarryingValue,15.5,52.15,77.3,10.13,13.3,15.9,9.3,10.8,9.4,,13.3,11.3,5.2,12.2,15.2,7.5,14.1,12.4,5.5,ttm,edgar,,95,yfinance,,Overvalued
ETR,0000065984,Entergy Corporation,Utilities,Utilities - Regulated Electric,yfinance,False,NYSE,4911,Electric Services,25.68,25.68,0.0,19.77,5.104,3.93,3.93,3.92,0.3,ok,yfinance,,26.86,100.91,58.95,3.985,59.78,-1.4,2026-03-31,Slow Grower,8.4,"P/E = growth 6% + dividend 2.5% (floor 6, cap 12) · 5-year trend (regression on all points)",Modest growth: deserves a contained multiple. The dividend partly offsets the lower growth.,earnings,current,,high,"consistent earnings, growth measured over the full 5-year window",32.99,ok,205.9,Overvalued,5.9,5-year trend (regression on all points),-0.3,5.9,0,0,,22.8,0.33,4.38,2.583,False,66,1,71.2,2.54,2.56,4.0,2.56,2.54,False,48212525056.0,477777482.0,2026-11-02,0.48,5.24,13287438000.0,12946686000.0,1782428000.0,3074396000.0,5443427000.0,-2833619000.0,1464487000.0,-2534271000.0,17346741000.0,75804140000.0,31150915000.0,32676089000.0,3571053000.0,29105036000.0,77317561056.0,25.15,9.47,3.63,,11.0,22.9,4.1,13.4,23.1,1.8,-5.88,-624.4,ttm,revenue=Revenues+RevenueFromContractWithCustomerExcludingAssessedTax;net_income=NetIncomeLossAvailableToCommonStockholdersBasic+NetIncomeLoss;ebit=OperatingIncomeLoss;ocf=NetCashProvidedByUsedInOperatingActivities;capex=PaymentsToAcquirePropertyPlantAndEquipment+PaymentsToAcquireProductiveAssets+PaymentsForCapitalImprovements;interest_expense=InterestExpenseDebt;assets=Assets;equity=StockholdersEquity;long_term_debt=LongTermDebtNoncurrent;short_term_debt=LongTermDebtCurrent;cash=CashAndCashEquivalentsAtCarryingValue,11.4,36.31,27.81,-5.93,12.7,-0.3,,-1.4,4.8,2.2,,,,16.1,2.1,,21.9,22.4,5.4,ttm,edgar,,186,yfinance,,Overvalued
EVRG,0001711269,"Evergy, Inc.",Utilities,Utilities - Regulated Electric,yfinance,False,Nasdaq,4931,Electric & Other Services Combined,20.04,20.04,0.0,17.34,4.565,3.95,3.95,3.76,4.8,ok,yfinance,1.051,-1.05,79.17,59.25,3.829,57.44,3.2,2026-03-31,Slow Grower,6.0,"P/E = growth 1% + dividend 3.5% (floor 6, cap 12) · 5-year trend (regression on all points)",Modest growth: deserves a contained multiple. The dividend partly offsets the lower growth.,earnings,current,,high,"consistent earnings, growth measured over the full 5-year window",23.7,ok,234.1,Overvalued,1.0,5-year trend (regression on all points),3.0,1.0,0,0,,14.1,0.23,19.35,1.786,False,34,1,33.6,3.51,2.78,4.0,2.78,3.51,False,18254002176.0,230567172.0,2026-11-05,0.51,5.24,5761100000.0,5705100000.0,882100000.0,1559700000.0,1958100000.0,-1097900000.0,638300000.0,-751700000.0,10156600000.0,34481500000.0,13147000000.0,13514000000.0,18400000.0,13495600000.0,31749602176.0,20.36,8.65,3.17,,8.8,29.5,4.5,15.3,27.1,1.29,-6.01,-113.0,ttm,revenue=RevenueFromContractWithCustomerExcludingAssessedTax+Revenues;net_income=NetIncomeLoss;ebit=OperatingIncomeLoss;ocf=NetCashProvidedByUsedInOperatingActivities;capex=PaymentsToAcquirePropertyPlantAndEquipment;interest_expense=InterestExpense;assets=Assets;equity=StockholdersEquity;long_term_debt=LongTermDebtNoncurrent;short_term_debt=LongTermDebtCurrent;cash=CashAndCashEquivalentsAtCarryingValue,0.7,44.05,24.99,-4.76,3.8,3.0,6.3,0.5,2.1,10.3,,,,4.5,3.6,12.9,1.0,6.9,9.8,ttm,edgar,,186,yfinance,,Overvalued
EW,0001099800,Edwards Lifesciences Corporation,Healthcare,Medical Devices,yfinance,False,NYSE,3842,"Orthopedic, Prosthetic & Surgical Appliances & Supplies",50.68,50.68,0.0,25.21,3.377,1.68,1.68,1.74,3.6,ok,yfinance,0.966,-74.96,85.15,25.2,2.25,33.74,-25.3,2026-06-30,Slow Grower,6.6,"P/E = growth 7% + dividend not available (treated as 0) (floor 6, cap 12) · 5-year trend (regression on all points)",Modest growth: deserves a contained multiple. The dividend partly offsets the lower growth.,earnings,current,,medium,erratic earnings (volatility 66),11.12,ok,665.6,Overvalued,6.6,5-year trend (regression on all points),-5.7,6.6,0,0,,66.3,0.13,7.66,4.624,False,67,3,237.9,,,,,,False,49080459264.0,576400000.0,2026-10-29,0.85,5.24,6512300000.0,6067600000.0,1004900000.0,1449000000.0,1720300000.0,1433600000.0,20400000.0,1335000000.0,10618000000.0,13867100000.0,598700000.0,598700000.0,2906500000.0,-2307800000.0,46772659264.0,32.28,-1.59,7.54,34.24,9.5,76.6,10.4,15.4,22.3,0.06,2.92,360.5,annual:interest_expense,revenue=RevenueFromContractWithCustomerExcludingAssessedTax+SalesRevenueNet;net_income=NetIncomeLoss+NetIncomeLossAvailableToCommonStockholdersBasic+ProfitLoss;ebit=OperatingIncomeLoss+IncomeLossFromContinuingOperationsBeforeIncomeTaxesMinorityInterestAndIncomeLossFromEquityMethodInvestments;ocf=NetCashProvidedByUsedInOperatingActivities+NetCashProvidedByUsedInOperatingActivitiesContinuingOperations;capex=PaymentsToAcquirePropertyPlantAndEquipment;interest_expense=InterestExpenseNonoperating+InterestExpense;assets=Assets;equity=StockholdersEquity;long_term_debt=LongTermDebtNoncurrent;short_term_debt=LongTermDebtCurrent;cash=CashAndCashEquivalentsAtCarryingValue,14.6,18.42,11.3,2.49,-8.3,-5.7,8.0,15.3,5.7,9.0,26.9,6.4,11.7,-10.2,-7.2,6.6,22.3,3.6,11.0,ttm,edgar,,95,yfinance,dividend_yield,Overvalued
EXC,0001109357,Exelon Corporation,Utilities,Utilities - Regulated Electric,yfinance,False,Nasdaq,4931,Electric & Other Services Combined,14.86,14.86,0.0,13.41,3.038,2.74,2.74,2.73,0.4,ok,yfinance,,1.49,40.73,41.1,2.454,36.81,11.7,2026-03-31,Stalwart (mid cap),15.7,P/E = growth 12% + dividend 4.1% · 5-year trend (regression on all points),"Solid, predictable growth: the fair P/E matches the growth rate plus the dividend yield (PEG = 1).",earnings,current,,high,"consistent earnings, growth measured over the full 5-year window",42.91,ok,-5.1,Undervalued,11.5,5-year trend (regression on all points),14.8,11.5,0,0,,13.9,1.05,1.29,1.416,False,66,2,-0.9,4.12,1.68,4.0,1.66,4.08,False,41962242048.0,1030253967.0,2026-11-03,0.39,5.24,24786000000.0,24258000000.0,2779000000.0,5217000000.0,6778000000.0,-2163000000.0,,-2275000000.0,29315000000.0,117545000000.0,47859000000.0,48524000000.0,713000000.0,47811000000.0,89773242048.0,17.21,9.16,1.69,,9.8,24.9,4.4,11.2,21.0,1.63,-5.15,-48.9,ttm,revenue=Revenues+RevenueFromContractWithCustomerIncludingAssessedTax;net_income=NetIncomeLossAvailableToCommonStockholdersBasic+ProfitLoss+NetIncomeLoss;ebit=OperatingIncomeLoss;ocf=NetCashProvidedByUsedInOperatingActivities;capex=PaymentsToAcquirePropertyPlantAndEquipment;interest_expense=InterestExpense;assets=Assets;equity=StockholdersEquity;long_term_debt=LongTermDebtNoncurrent;short_term_debt=LongTermDebtCurrent;cash=CashAndCashEquivalentsAtCarryingValue,4.6,28.45,24.06,-2.1,6.5,14.8,7.0,8.7,14.6,-1.3,,,,7.4,20.5,4.7,23.8,29.1,-1.1,ttm,edgar,,186,yfinance,,Undervalued
EXE,0000895126,Expand Energy Corporation,Energy,Oil & Gas E&P,yfinance,False,Nasdaq,1311,Crude Petroleum & Natural Gas,7.42,7.42,0.0,9.99,8.561,11.53,11.53,11.61,0.7,ok,yfinance,,29125.0,85.52,172.95,5.259,78.88,119.3,2026-06-30,Turnaround,10.0,P/E 10 on 3-year normalized earnings — back to profit only 1.0 years ago,"A recovery multiple, not a PEG multiple: the growth rate of a company coming out of losses measures the rebound, not a trend, and using it as a multiple is how a fair value becomes nonsense. Applied to normalized earnings, and deliberately below the market average.",earnings,normalized,,low,growth measured on a short window (3-year CAGR — no usable 5-year history); erratic earnings (volatility 125),52.59,ok,62.6,Overvalued,-35.7,3-year CAGR — no usable 5-year history,,,3,1,1.0,124.8,-4.45,,1.033,True,60,0,-50.6,2.69,2.3,4.0,2.3,2.69,True,19798204416.0,231503789.0,2026-10-27,0.32,5.24,13595000000.0,12124000000.0,2781000000.0,3662000000.0,5655000000.0,2679000000.0,218000000.0,1839000000.0,19410000000.0,28030000000.0,3685000000.0,3685000000.0,663000000.0,3022000000.0,22820204416.0,6.23,0.83,1.46,7.39,14.9,69.2,13.1,20.5,26.9,0.19,13.53,22887.5,ttm,revenue=Revenues+RevenueFromContractWithCustomerIncludingAssessedTax+RevenueFromContractWithCustomerExcludingAssessedTax;net_income=NetIncomeLoss;ebit=OperatingIncomeLoss;ocf=NetCashProvidedByUsedInOperatingActivities;capex=PaymentsToAcquirePropertyPlantAndEquipment+PaymentsToAcquireProductiveAssets;interest_expense=InterestExpenseNonoperating+InterestExpense+InterestExpenseDebt;assets=Assets;equity=StockholdersEquity;long_term_debt=LongTermDebtNoncurrent;short_term_debt=DebtCurrent;cash=CashAndCashEquivalentsAtCarryingValue,59.3,83.84,58.72,11.57,-35.7,,,2.7,29.6,3.5,16.9,139.6,,-23.6,,,14.5,33.3,41.9,ttm,edgar,,95,yfinance,,Undervalued
EXPD,0000746515,"Expeditors International of Washington, Inc.",Industrials,Integrated Freight & Logistics,yfinance,False,NYSE,4731,Arrangement of  Transportation of  Freight & Cargo,27.34,27.34,0.0,24.06,8.001,7.04,7.04,6.88,2.3,ok,yfinance,1.023,12.42,192.47,105.6,5.971,89.56,17.9,2026-06-30,Slow Grower (declining earnings),6.0,P/E = 0% growth credit + dividend 0.8% (floor 6) · 5-year trend (regression on all points),"Earnings are contracting, so the model gives no credit for growth: the multiple comes from the dividend and the floor alone. Applied to normalized earnings where available, since the latest figure of a declining company is its lowest point. Check whether the decline is cyclical or structural.",earnings,current,,medium,earnings declining -6%/year,42.24,ok,355.7,Overvalued,-6.2,5-year trend (regression on all points),3.5,-6.2,0,0,,38.9,-0.2,,11.812,False,67,6,82.3,0.84,1.62,2.0,1.58,0.82,True,25019295744.0,129990622.0,2026-11-03,1.06,5.24,12036002000.0,11069009000.0,918799000.0,1183398000.0,972541000.0,923864000.0,,953400000.0,2118702000.0,5134910000.0,,,1031448000.0,,23987847744.0,20.27,,2.08,27.08,42.6,41.3,23.0,7.6,9.8,,3.69,39.6,ttm,revenue=RevenueFromContractWithCustomerExcludingAssessedTax+Revenues;net_income=NetIncomeLoss;ebit=OperatingIncomeLoss;ocf=NetCashProvidedByUsedInOperatingActivities;capex=PaymentsToAcquireProductiveAssets;interest_expense=InterestExpense;assets=Assets;equity=StockholdersEquity;cash=CashAndCashEquivalentsAtCarryingValue,6.8,16.3,92.59,7.11,0.9,3.5,11.2,-1.6,-0.5,7.0,-20.0,7.1,5.5,-4.5,-1.6,7.5,-19.5,7.1,5.1,ttm,edgar,,95,yfinance,,Overvalued
EXPE,0001324424,"Expedia Group, Inc.",Consumer Cyclical,Travel Services,yfinance,False,Nasdaq,4700,Transportation Services,16.53,16.53,0.0,10.81,24.512,16.03,16.03,16.0,0.2,ok,yfinance,,98.51,265.0,240.45,8.235,123.53,94.6,2026-06-30,Fast Grower,25.0,P/E = growth 44% + dividend 0.7% (capped at 25) · 3-year trend — no usable 5-year history,"High growth: the multiple tracks the growth rate but is capped at 25, because very few companies sustain that pace for years.",earnings,current,,low,"growth measured on a short window (3-year trend — no usable 5-year history); erratic earnings (volatility 74); one loss episode 4 years ago, profitable since",400.75,ok,-33.9,Undervalued,43.7,3-year trend — no usable 5-year history,,,3,1,4.5,73.7,2.69,0.38,26.303,True,63,1,10.2,0.72,1.92,4.0,1.84,0.69,True,31805851648.0,120022077.0,2026-11-05,1.25,5.24,15700000000.0,14733000000.0,2043000000.0,2507000000.0,5216000000.0,4459000000.0,355000000.0,3110000000.0,1209000000.0,29061000000.0,5459000000.0,5459000000.0,6682000000.0,-1223000000.0,30582851648.0,12.2,-0.49,2.03,7.13,199.8,4.2,8.6,13.0,16.0,4.52,14.02,33.5,ttm,revenue=RevenueFromContractWithCustomerExcludingAssessedTax+RevenueFromContractWithCustomerIncludingAssessedTax+SalesRevenueNet;net_income=NetIncomeLoss+NetIncomeLossAvailableToCommonStockholdersBasic;ebit=OperatingIncomeLoss;ocf=NetCashProvidedByUsedInOperatingActivities+NetCashProvidedByUsedInOperatingActivitiesContinuingOperations;capex=PaymentsToAcquirePropertyPlantAndEquipment;interest_expense=InterestExpenseNonoperating+InterestExpense;assets=Assets;equity=StockholdersEquity;long_term_debt=LongTermDebtNoncurrent;short_term_debt=LongTermDebtCurrent;cash=CashAndCashEquivalentsAtCarryingValue,12.0,10.07,130.81,37.15,41.0,,26.5,8.6,22.1,7.3,24.3,9.6,19.8,31.9,,26.6,18.6,8.4,13.8,ttm,edgar,,95,yfinance,,Overvalued
EXR,0001289490,Extra Space Storage Inc.,Real Estate,REIT - Industrial,yfinance,False,NYSE,6798,Real Estate Investment Trusts,29.42,29.42,0.0,27.69,4.812,4.53,4.53,4.52,0.2,ok,yfinance,,-1.74,133.25,67.95,4.47,67.05,1.3,2026-06-30,Slow Grower (declining earnings),6.0,P/E = 0% growth credit + dividend 4.9% (floor 6) · 5-year trend (regression on all points),"Earnings are contracting, so the model gives no credit for growth: the multiple comes from the dividend and the floor alone. Applied to normalized earnings where available, since the latest figure of a declining company is its lowest point. Check whether the decline is cyclical or structural.",earnings,current,,medium,earnings declining -8%/year,27.18,ok,390.3,Overvalued,-8.2,5-year trend (regression on all points),-1.4,-8.2,0,0,,32.7,-0.11,,2.123,False,63,0,96.1,4.86,6.48,4.0,6.48,4.86,False,29408614400.0,220702548.0,2026-10-27,1.18,5.24,135128000.0,129476000.0,957841000.0,1409728000.0,1901194000.0,1538070000.0,,1288470000.0,13257895000.0,29660493000.0,,140535000.0,695171000.0,-554636000.0,28853978400.0,20.47,-0.39,217.64,19.12,7.1,44.7,4.8,708.8,1043.3,,5.23,-8.5,ttm,revenue=RevenueFromContractWithCustomerExcludingAssessedTax+Revenues;net_income=NetIncomeLoss+NetIncomeLossAvailableToCommonStockholdersBasic;ebit=OperatingIncomeLoss;ocf=NetCashProvidedByUsedInOperatingActivities+NetCashProvidedByUsedInOperatingActivitiesContinuingOperations;capex=PaymentsToAcquireProductiveAssets;interest_expense=InterestExpense+InterestExpenseDebt;assets=Assets;equity=StockholdersEquity;long_term_debt=LongTermDebt;short_term_debt=CommercialPaper;cash=CashAndCashEquivalentsAtCarryingValue,9.2,60.07,0.61,6.97,-9.7,-1.4,8.7,15.8,18.6,-21.9,57.3,,,5.2,8.3,14.6,15.7,17.7,16.2,ttm,edgar,,95,yfinance,,Overvalued
F,0000037996,Ford Motor Company,Consumer Cyclical,Auto Manufacturers,yfinance,False,NYSE,3711,Motor Vehicles & Passenger Car Bodies,,,,6.19,1.956,-1.84,-1.84,-1.55,15.8,check,yfinance,,-224.0,12.1,,1.005,15.08,-283.1,2026-03-31,Turnaround,10.0,P/E 10 on 3-year normalized earnings — currently loss-making,"A recovery multiple, not a PEG multiple: the growth rate of a company coming out of losses measures the rebound, not a trend, and using it as a multiple is how a fair value becomes nonsense. Applied to normalized earnings, and deliberately below the market average.",earnings,normalized,,low,growth not calculable on any window; erratic earnings (volatility 222),10.05,ok,20.4,Overvalued,,not calculable,,,3,2,0.0,222.3,,,1.351,True,66,8,,4.96,0.6,4.0,0.6,4.96,True,48249909248.0,3987595667.0,2026-10-28,1.83,5.24,189861000000.0,187267000000.0,-6105000000.0,-7159000000.0,18919000000.0,9546000000.0,1254000000.0,12467000000.0,37453000000.0,282434000000.0,754000000.0,890000000.0,17649000000.0,-16759000000.0,31490909248.0,,,0.25,5.05,-14.9,13.3,-2.5,-3.2,-3.8,0.02,19.78,85.0,annual:interest_expense,revenue=RevenueFromContractWithCustomerExcludingAssessedTax+Revenues;net_income=NetIncomeLossAvailableToCommonStockholdersBasic+NetIncomeLoss;ebit=OperatingIncomeLoss+IncomeLossFromContinuingOperationsBeforeIncomeTaxesExtraordinaryItemsNoncontrollingInterest+IncomeLossFromContinuingOperationsBeforeIncomeTaxesMinorityInterestAndIncomeLossFromEquityMethodInvestments;ocf=NetCashProvidedByUsedInOperatingActivities+NetCashProvidedByUsedInOperatingActivitiesContinuingOperations;capex=PaymentsToAcquireProductiveAssets;interest_expense=InterestExpenseNonoperating+InterestExpense+InterestExpenseDebt;assets=Assets;equity=StockholdersEquity;long_term_debt=LongTermDebtNoncurrent;short_term_debt=FinanceLeaseLiabilityCurrent;cash=CashAndCashEquivalentsAtCarryingValue,3.8,9.39,47.61,2.39,,,,4.8,8.0,2.0,40.2,-16.8,-1.5,,,,20.8,-8.3,0.5,ttm,edgar,,186,yfinance,growth_5y,N/A
FANG,0001539838,"Diamondback Energy, Inc.",Energy,Oil & Gas E&P,yfinance,False,Nasdaq,1311,Crude Petroleum & Natural Gas,35.32,35.32,0.0,9.86,18.727,5.23,5.23,5.25,0.4,ok,yfinance,,-61.96,184.71,78.45,15.745,236.17,-66.8,2026-06-30,Cyclical,12.0,P/E 12 on 3-year normalized (mid-cycle) earnings,"Erratic, cycle-driven earnings: a low P/E can signal the peak of the cycle, not a bargain. The multiple is applied to mid-cycle earnings, so the fair value does not follow the peak.",earnings,normalized,,low,"growth measured on a short window (3-year trend — no usable 5-year history); unstable earnings base: latest TTM $5.23 vs 3-year median $15.74 — the fair value depends on which one is used; erratic earnings (volatility 84); one loss episode 5 years ago, profitable since",188.94,ok,-2.2,Undervalued,-49.8,3-year trend — no usable 5-year history,,,1,1,5.0,84.4,-1.34,,1.367,True,55,0,135.4,2.38,4.4,4.0,4.25,2.3,True,51722452992.0,280019792.0,2026-11-02,0.41,5.24,17102000000.0,15026000000.0,1350000000.0,1082000000.0,10143000000.0,,244000000.0,,37900000000.0,70218000000.0,11066000000.0,12614000000.0,462000000.0,12152000000.0,63874452992.0,59.03,11.23,3.02,,3.5,54.0,1.5,7.9,6.3,0.29,,,annual:interest_expense,revenue=Revenues+RevenueFromContractWithCustomerExcludingAssessedTax+RevenueFromContractWithCustomerIncludingAssessedTax;net_income=NetIncomeLoss+ProfitLoss;ebit=OperatingIncomeLoss;ocf=NetCashProvidedByUsedInOperatingActivities+NetCashProvidedByUsedInOperatingActivitiesContinuingOperations;interest_expense=InterestExpense+InterestExpenseDebt;assets=Assets;equity=StockholdersEquity;long_term_debt=LongTermDebtNoncurrent;short_term_debt=DebtCurrent;cash=CashAndCashEquivalentsAtCarryingValue,21.4,135.35,61.07,,-35.2,,,27.6,31.8,36.6,,,,-28.1,,,17.2,32.1,40.5,ttm,edgar,,95,yfinance,free_cash_flow,Overvalued
FAST,0000815556,Fastenal Company,Industrials,Industrial Distribution,yfinance,False,Nasdaq,5200,"Retail-Building Materials, Hardware, Garden Supply",43.01,43.01,0.0,36.18,1.403,1.18,1.18,1.17,0.8,ok,yfinance,,12.5,50.75,17.7,1.019,15.28,15.8,2026-06-30,Slow Grower,9.3,"P/E = growth 7% + dividend 2.0% (floor 6, cap 12) · 5-year trend (regression on all points)",Modest growth: deserves a contained multiple. The dividend partly offsets the lower growth.,earnings,current,,high,"consistent earnings, growth measured over the full 5-year window",11.01,ok,360.8,Overvalued,7.3,5-year trend (regression on all points),9.2,7.3,0,0,,4.9,0.22,5.91,14.312,False,67,9,186.7,2.05,1.04,4.0,0.96,1.89,True,58235502592.0,1147497573.0,2026-10-14,0.71,5.24,8749300000.0,8200500000.0,1352100000.0,1775200000.0,1399100000.0,1155800000.0,4500000.0,1050600000.0,4068800000.0,5293500000.0,50000000.0,120000000.0,204700000.0,-84700000.0,58150802592.0,32.76,-0.05,6.66,50.39,34.3,76.9,33.5,15.5,20.3,0.01,1.98,11.0,ttm,revenue=RevenueFromContractWithCustomerExcludingAssessedTax+SalesRevenueNet;net_income=NetIncomeLoss;ebit=OperatingIncomeLoss+IncomeLossFromContinuingOperationsBeforeIncomeTaxesMinorityInterestAndIncomeLossFromEquityMethodInvestments;ocf=NetCashProvidedByUsedInOperatingActivities;capex=PaymentsToAcquirePropertyPlantAndEquipment;interest_expense=InterestExpenseNonoperating+InterestExpense;assets=Assets;equity=StockholdersEquity;long_term_debt=LongTermDebtNoncurrent;short_term_debt=LongTermDebtCurrent;cash=CashAndCashEquivalentsAtCarryingValue,12.5,3.55,7.62,1.01,6.1,9.2,10.3,6.5,9.0,8.4,2.6,4.9,11.6,6.4,9.3,10.3,3.8,5.8,9.9,ttm,edgar,,95,yfinance,,Overvalued
FCX,0000831259,Freeport-McMoRan Inc.,Basic Materials,Copper,yfinance,False,NYSE,1000,Metal Mining,33.98,33.98,0.0,17.25,4.177,2.12,2.12,2.04,3.8,ok,yfinance,1.039,53.38,72.04,31.8,1.408,21.12,50.6,2026-06-30,Cyclical,12.0,P/E 12 on 3-year normalized (mid-cycle) earnings,"Erratic, cycle-driven earnings: a low P/E can signal the peak of the cycle, not a bargain. The multiple is applied to mid-cycle earnings, so the fair value does not follow the peak.",earnings,normalized,,medium,erratic earnings (volatility 74),16.9,ok,326.3,Overvalued,-13.0,5-year trend (regression on all points),1.1,-13.0,0,0,,73.6,-0.36,,5.145,False,71,1,126.5,0.83,0.6,4.0,0.6,0.83,False,103450705920.0,1436017523.0,2026-10-27,1.4,5.24,25257000000.0,25186000000.0,2945000000.0,6923000000.0,5900000000.0,1752000000.0,,1116000000.0,20109000000.0,59727000000.0,8166000000.0,9386000000.0,4080000000.0,5306000000.0,108756705920.0,15.71,0.77,4.1,59.05,15.4,33.7,11.6,11.7,27.4,0.41,1.69,-52.6,ttm,revenue=RevenueFromContractWithCustomerExcludingAssessedTax+Revenues+SalesRevenueNet;net_income=NetIncomeLoss+NetIncomeLossAvailableToCommonStockholdersBasic;ebit=OperatingIncomeLoss;ocf=NetCashProvidedByUsedInOperatingActivities;capex=PaymentsToAcquireProductiveAssets;interest_expense=InterestExpense;assets=Assets;equity=StockholdersEquity;long_term_debt=LongTermDebtNoncurrent;short_term_debt=DebtCurrent;cash=CashAndCashEquivalentsAtCarryingValue,-1.6,14.0,17.59,1.22,11.5,1.1,,5.1,6.7,6.5,40.5,-6.2,,11.8,0.7,,9.0,-0.4,6.8,ttm,edgar,,95,yfinance,,Overvalued
FDS,0001013237,FactSet Research Systems Inc.,Financial Services,Financial Data & Stock Exchanges,yfinance,False,NYSE,7370,"Services-Computer Programming, Data Processing, Etc.",19.04,19.04,0.0,13.49,19.725,13.97,13.97,15.18,8.7,ok,yfinance,0.92,9.6,266.0,209.55,12.824,192.36,8.9,2026-05-31,Stalwart (mid cap),11.9,P/E = growth 10% + dividend 1.7% · 5-year trend (regression on all points),"Solid, predictable growth: the fair P/E matches the growth rate plus the dividend yield (PEG = 1).",earnings,current,,high,"consistent earnings, growth measured over the full 5-year window",165.68,ok,60.6,Overvalued,10.1,5-year trend (regression on all points),8.6,10.1,0,0,,5.3,0.62,1.88,4.683,False,64,3,26.9,1.74,4.64,4.0,4.52,1.7,False,9460434944.0,35565543.0,2026-12-17,0.71,5.24,2438459000.0,2321748000.0,565970000.0,720654000.0,829592000.0,708307000.0,54611000.0,617454000.0,2032290000.0,4191997000.0,890542000.0,1389701000.0,288114000.0,1101587000.0,10562021944.0,14.66,1.53,3.88,13.36,27.0,48.5,17.2,23.2,29.6,0.44,7.49,0.5,ttm,revenue=RevenueFromContractWithCustomerExcludingAssessedTax+RevenueFromContractWithCustomerIncludingAssessedTax+Revenues;net_income=NetIncomeLoss;ebit=OperatingIncomeLoss;ocf=NetCashProvidedByUsedInOperatingActivities;capex=PaymentsToAcquireProductiveAssets+PaymentsToAcquirePropertyPlantAndEquipment;interest_expense=InterestExpenseDebt;assets=Assets;equity=StockholdersEquity;long_term_debt=LongTermDebtNoncurrent;short_term_debt=LongTermDebtCurrent;cash=CashAndCashEquivalentsAtCarryingValue,6.6,57.14,68.56,19.92,5.2,8.6,9.4,6.0,9.3,8.3,7.8,8.7,9.0,3.7,7.9,8.2,9.0,9.4,9.2,ttm,edgar,,125,yfinance,,Overvalued
FDX,0001048911,FedEx Corporation,Industrials,Integrated Freight & Logistics,yfinance,False,NYSE,4513,Air Courier Services,15.48,15.48,0.0,13.87,20.936,18.76,18.76,18.55,1.1,ok,yfinance,,10.35,290.36,281.4,16.787,251.8,11.8,2026-05-31,Slow Grower,9.3,"P/E = growth 8% + dividend 1.7% (floor 6, cap 12) · 5-year trend (regression on all points)",Modest growth: deserves a contained multiple. The dividend partly offsets the lower growth.,earnings,current,,high,"consistent earnings, growth measured over the full 5-year window",173.68,ok,67.2,Overvalued,7.6,5-year trend (regression on all points),3.4,7.6,0,0,,38.2,0.6,2.04,2.202,False,69,6,3.2,1.68,4.88,4.0,4.7768,1.65,False,68719624192.0,236670435.0,2026-10-28,1.36,5.24,94720000000.0,94720000000.0,4433.0,5463000000.0,8925000000.0,5116000000.0,970000000.0,5116000000.0,31647000000.0,98937000000.0,23293000000.0,24038000000.0,13311000000.0,10727000000.0,79446624192.0,14.54,1.96,0.73,13.43,0.0,32.0,5.5,0.0,5.8,0.74,7.44,71.6,annual:interest_expense,revenue=RevenueFromContractWithCustomerExcludingAssessedTax+Revenues;net_income=NetIncomeLoss;ebit=OperatingIncomeLoss;ocf=NetCashProvidedByUsedInOperatingActivities+NetCashProvidedByUsedInOperatingActivitiesContinuingOperations;capex=PaymentsToAcquireProductiveAssets;interest_expense=InterestExpenseNonoperating+InterestExpense;assets=Assets;equity=StockholdersEquity;long_term_debt=LongTermDebtNoncurrent;short_term_debt=ShortTermBorrowings;cash=CashAndCashEquivalentsAtCarryingValue,7.7,133.72,400.22,21.62,14.1,3.4,13.6,1.7,2.4,6.5,24.1,3.8,19.1,3.7,-93.9,-72.5,0.3,-2.5,4.6,ttm,edgar,,125,yfinance,,Overvalued
FDXF,0002082247,"FedEx Freight Holding Company, Inc.",Industrials,Integrated Freight & Logistics,yfinance,False,NYSE,4513,Air Courier Services,25.26,25.26,0.0,21.92,5.15,4.47,4.47,4.38,2.0,ok,yfinance,1.021,-51.33,112.89,67.05,9.185,137.77,-51.3,2026-05-31,Unclassified,,growth not calculable on any window,"Not enough usable earnings history to estimate growth on any of the four windows tried (5-year trend and CAGR, 3-year trend and CAGR). No category multiple is assigned: the fixed P/E 15 line is the only reading available.",none,current,,low,growth not calculable on any window,,no valuation anchor for this category,,N/A,,not calculable,,,0,0,,,,,-33.962,False,3,0,68.4,,,,,,False,16879100928.0,149518133.0,2026-10-29,,5.24,8795000000.0,8795000000.0,655000000.0,540000000.0,167000000.0,-212000000.0,57000000.0,-212000000.0,-497000000.0,6884000000.0,4484000000.0,4484000000.0,,,21363100928.0,39.56,,1.92,,69.1,-7.2,7.8,7.4,6.1,,-1.26,-119.4,"annual:ebit,fcf,interest_expense,net_income,ocf,revenue",revenue=RevenueFromContractWithCustomerExcludingAssessedTax;net_income=NetIncomeLoss;ebit=OperatingIncomeLoss;ocf=NetCashProvidedByUsedInOperatingActivities;capex=PaymentsToAcquireProductiveAssets;interest_expense=InterestExpenseNonoperating;assets=Assets;equity=StockholdersEquity;long_term_debt=LongTermDebtAndCapitalLeaseObligations,-1.1,-3.32,58.82,-1.42,,,,,,,,,,,,,,,,annual,edgar,,125,yfinance,dividend_yield;growth_5y,Overvalued
FE,0001031296,FirstEnergy Corp.,Utilities,Utilities - Regulated Electric,yfinance,False,NYSE,4911,Electric Services,23.18,23.18,0.0,14.69,2.949,1.87,1.87,1.84,1.6,ok,yfinance,,-2.13,43.34,28.05,1.829,27.44,2.2,2026-03-31,Slow Grower (declining earnings),6.0,P/E = 0% growth credit + dividend 4.3% (floor 6) · 5-year trend (regression on all points),"Earnings are contracting, so the model gives no credit for growth: the multiple comes from the dividend and the floor alone. Applied to normalized earnings where available, since the latest figure of a declining company is its lowest point. Check whether the decline is cyclical or structural.",earnings,current,,low,erratic earnings (volatility 57); earnings declining -1%/year,11.22,ok,286.3,Overvalued,-1.3,5-year trend (regression on all points),-5.7,-1.3,0,0,,57.2,0.13,,1.939,False,66,0,54.5,4.29,1.86,4.0,1.82,4.2,False,25078255616.0,578639932.0,2026-10-27,0.44,5.24,15527000000.0,15090000000.0,1065000000.0,2280000000.0,3211000000.0,-1744000000.0,1255000000.0,-1005000000.0,12654000000.0,56917000000.0,26331000000.0,27636000000.0,52000000.0,27584000000.0,52662255616.0,23.1,12.1,1.62,,8.4,22.2,4.0,6.9,14.7,2.08,-6.95,11.8,ttm,revenue=Revenues+RevenueFromContractWithCustomerIncludingAssessedTax+RevenueFromContractWithCustomerExcludingAssessedTax;net_income=NetIncomeLoss+ProfitLoss;ebit=OperatingIncomeLoss;ocf=NetCashProvidedByUsedInOperatingActivities+NetCashProvidedByUsedInOperatingActivitiesContinuingOperations;capex=PaymentsToAcquireProductiveAssets;interest_expense=InterestExpenseNonoperating+InterestExpense+InterestAndDebtExpense;assets=Assets;equity=StockholdersEquity;long_term_debt=LongTermDebtAndCapitalLeaseObligations;short_term_debt=LongTermDebtCurrent;cash=CashAndCashEquivalentsAtCarryingValue,11.3,21.87,26.83,-3.01,36.7,-5.7,1.3,7.0,7.5,0.3,,,,37.5,-4.5,4.5,13.2,5.0,-2.0,ttm,edgar,,186,yfinance,,Overvalued
FFIV,0001048695,"F5, Inc.",Technology,Software - Infrastructure,yfinance,False,Nasdaq,3576,Computer Communications Equipment,35.33,35.33,0.0,25.12,18.077,12.85,12.85,12.55,2.3,ok,yfinance,1.024,10.67,454.04,192.75,10.536,158.04,22.0,2026-06-30,Fast Grower,24.4,P/E = growth 24% + dividend 0.0% (capped at 25) · 5-year trend (regression on all points),"High growth: the multiple tracks the growth rate but is capped at 25, because very few companies sustain that pace for years.",earnings,current,,high,"consistent earnings, growth measured over the full 5-year window",313.81,ok,44.7,Overvalued,24.4,5-year trend (regression on all points),21.0,24.4,0,0,,24.0,0.69,1.45,6.692,False,64,1,135.6,,,,,,False,25711007744.0,56627182.0,2026-10-26,1.03,5.24,3309332000.0,3088072000.0,726510000.0,812125000.0,1049441000.0,969595000.0,,906406000.0,3855729000.0,6829074000.0,,,1605782000.0,,24105225744.0,29.68,,7.77,26.52,19.8,56.5,11.9,22.0,24.5,,3.77,18.9,ttm,revenue=RevenueFromContractWithCustomerExcludingAssessedTax+RevenueFromContractWithCustomerIncludingAssessedTax+SalesRevenueNet;net_income=NetIncomeLoss;ebit=OperatingIncomeLoss;ocf=NetCashProvidedByUsedInOperatingActivities;capex=PaymentsToAcquirePropertyPlantAndEquipment;assets=Assets;equity=StockholdersEquityIncludingPortionAttributableToNoncontrollingInterest;long_term_debt=LongTermDebtNoncurrent;short_term_debt=LongTermDebtCurrent;cash=CashAndCashEquivalentsAtCarryingValue,9.4,68.09,58.44,17.12,31.7,21.0,9.4,5.6,5.5,5.3,19.3,10.5,4.5,29.8,19.5,7.5,19.3,11.0,4.3,ttm,edgar,,95,yfinance,dividend_yield,Overvalued
FICO,0000814547,Fair Isaac Corporation,Technology,Software - Application,yfinance,False,NYSE,7389,"Services-Business Services, NEC",19.16,19.16,0.0,12.87,51.377,34.52,34.52,34.61,0.3,ok,yfinance,,35.35,661.25,517.8,22.446,336.7,53.8,2026-06-30,Fast Grower,20.9,P/E = growth 21% + dividend 0.0% (capped at 25) · 5-year trend (regression on all points),"High growth: the multiple tracks the growth rate but is capped at 25, because very few companies sustain that pace for years.",earnings,current,,high,"consistent earnings, growth measured over the full 5-year window",719.86,ok,-8.1,Undervalued,20.9,5-year trend (regression on all points),22.8,20.9,0,0,,11.5,1.09,0.92,-3.486,False,64,4,27.7,,,4.0,0.0,,False,14281437184.0,21597635.0,2026-11-04,1.32,5.24,2393575000.0,1990869000.0,815017000.0,1236298000.0,1001549000.0,996023000.0,186344000.0,769885000.0,-4097135000.0,2037373000.0,5282389000.0,5582389000.0,248444000.0,5333945000.0,19615382184.0,15.87,4.31,5.97,14.34,,-201.1,60.7,34.1,51.7,,6.97,23.4,ttm,revenue=RevenueFromContractWithCustomerExcludingAssessedTax+Revenues+SalesRevenueNet;net_income=NetIncomeLoss;ebit=OperatingIncomeLoss;ocf=NetCashProvidedByUsedInOperatingActivities+NetCashProvidedByUsedInOperatingActivitiesContinuingOperations;capex=PaymentsToAcquirePropertyPlantAndEquipment+PaymentsToAcquireProductiveAssets;interest_expense=InterestExpenseNonoperating+InterestExpense;assets=Assets;equity=StockholdersEquity;long_term_debt=LongTermDebtNoncurrent;short_term_debt=DebtCurrent;cash=CashAndCashEquivalentsAtCarryingValue,24.1,-189.7,110.83,46.12,28.1,22.8,26.0,17.6,12.0,10.5,30.7,16.6,16.4,24.9,17.4,22.1,30.6,16.4,15.5,ttm,edgar,,95,yfinance,dividend_yield,Overvalued
FIS,0001136893,"Fidelity National Information Services, Inc.",Technology,Information Technology Services,yfinance,False,NYSE,7389,"Services-Business Services, NEC",5.08,5.08,0.0,4.84,6.698,6.38,6.38,6.51,2.0,ok,yfinance,,2859.09,32.44,95.7,0.99,14.85,544.6,2026-06-30,Stalwart (recovering),15.0,"P/E 15 — growth of 113% measured from a loss-making base (5-year CAGR (two endpoints, window contains losses))","The measured growth rate is a rebound off depressed earnings, not a trend, so it does not earn a fast grower's multiple. The multiple is capped at the stalwart level until the company has a full window of profitable history.",earnings,current,,low,"unstable earnings base: latest TTM $6.38 vs 3-year median $0.99 — the fair value depends on which one is used; erratic earnings (volatility 150); one loss episode 2 years ago, profitable since",95.7,ok,-66.1,Undervalued,112.6,"5-year CAGR (two endpoints, window contains losses)",112.6,,4,1,2.2,150.0,23.21,0.05,1.044,True,67,0,-66.1,5.43,1.76,4.0,1.72,5.3,False,16729499648.0,515705917.0,2026-11-04,0.8,5.24,12201000000.0,10677000000.0,3372000000.0,1916000000.0,2976000000.0,2822000000.0,599000000.0,2454000000.0,16038000000.0,44106000000.0,15432000000.0,16948000000.0,744000000.0,16204000000.0,32933499648.0,17.19,8.46,1.37,5.93,22.3,36.4,4.3,27.6,15.7,0.96,16.87,18.1,ttm,revenue=RevenueFromContractWithCustomerExcludingAssessedTax;net_income=NetIncomeLoss;ebit=OperatingIncomeLoss;ocf=NetCashProvidedByUsedInOperatingActivitiesContinuingOperations+NetCashProvidedByUsedInOperatingActivities;capex=PaymentsToAcquirePropertyPlantAndEquipment+PaymentsToAcquireProductiveAssets;interest_expense=InterestExpenseNonoperating+InterestExpense;assets=Assets;equity=StockholdersEquity;long_term_debt=LongTermDebtNoncurrent;short_term_debt=LongTermDebtCurrent;cash=CashAndCashEquivalentsAtCarryingValue,18.3,31.1,23.66,5.47,,112.6,16.0,7.7,-1.6,4.1,-4.7,-6.5,8.8,,105.5,22.3,-7.3,-8.7,7.0,ttm,edgar,,95,yfinance,,Undervalued
FISV,0000798354,"Fiserv, Inc.",Technology,Business Services (SIC catch-all),sic,False,Nasdaq,7389,"Services-Business Services, NEC",8.51,8.7,2.1,5.53,,5.21,,5.21,,edgar-only,edgar,,-12.88,44.36,78.15,5.515,82.73,-5.5,2026-06-30,Asset Play,,net asset value (fair P/B = 1),"Trading at 0.88x book value: the market prices the company below its accounting net worth. The anchor is the balance sheet, not the P/E. Book value is a starting point, not an appraisal — it understates land carried at cost and overstates obsolete inventory.",book,current,1.0,medium,sector/industry guessed from the SEC SIC code — the market data provider had no profile for this symbol,50.59,ok,-12.3,Undervalued,27.7,5-year trend (regression on all points),25.4,27.7,0,0,,30.8,3.25,0.31,0.876,False,67,8,-43.2,,,,,,False,23589171200.0,531766721.0,2026-10-28,,5.24,20866000000.0,21193000000.0,2801000000.0,4660000000.0,5831000000.0,3926000000.0,1553000000.0,4299000000.0,26904000000.0,80886000000.0,26679000000.0,27886000000.0,627000000.0,27259000000.0,50848171200.0,10.91,5.85,1.13,6.01,10.7,33.3,5.8,13.4,22.3,0.99,16.64,-15.1,ttm,revenue=RevenueFromContractWithCustomerExcludingAssessedTax+Revenues;net_income=NetIncomeLoss;ebit=OperatingIncomeLoss;ocf=NetCashProvidedByUsedInOperatingActivities+NetCashProvidedByUsedInOperatingActivitiesContinuingOperations;capex=PaymentsToAcquirePropertyPlantAndEquipment;interest_expense=InterestExpense+InterestExpenseNonoperating;assets=Assets;equity=StockholdersEquity;long_term_debt=LongTermDebtNoncurrent;short_term_debt=DebtCurrent;cash=CashAndCashEquivalentsAtCarryingValue,-1.2,50.59,39.24,7.38,9.6,25.4,10.2,4.2,6.2,14.5,5.1,3.3,13.2,3.7,19.8,11.9,6.5,6.6,15.1,ttm,edgar,,95,yfinance,dividend_yield,Undervalued
FITB,0000035527,Fifth Third Bancorp,Financial Services,Banks - Regional,yfinance,False,NYSE,6022,State Commercial Banks,16.96,16.96,0.0,10.27,4.953,3.0,3.0,2.92,2.7,ok,yfinance,1.027,-9.32,50.87,45.0,3.231,48.47,-7.2,2026-06-30,Slow Grower (declining earnings),6.0,P/E = 0% growth credit + dividend 3.3% (floor 6) · 5-year trend (regression on all points),"Earnings are contracting, so the model gives no credit for growth: the multiple comes from the dividend and the floor alone. Applied to normalized earnings where available, since the latest figure of a declining company is its lowest point. Check whether the decline is cyclical or structural.",earnings,current,,medium,earnings declining -3%/year,18.0,ok,182.6,Overvalued,-2.8,5-year trend (regression on all points),-3.2,-2.8,0,0,,13.3,0.03,,1.428,False,67,10,13.0,3.3,1.68,4.0,1.62,3.18,False,46133620736.0,906892564.0,2026-10-19,0.91,5.24,,577000000.0,2346000000.0,2993000000.0,3665000000.0,3021000000.0,,3930000000.0,34482000000.0,300180000000.0,17636000000.0,22269000000.0,4374000000.0,17895000000.0,64028620736.0,21.39,5.98,,15.27,8.4,11.5,1.0,,,0.51,6.55,63.1,ttm,revenue=RevenueFromContractWithCustomerIncludingAssessedTax;net_income=NetIncomeLoss+ProfitLoss;ebit=IncomeLossFromContinuingOperationsBeforeIncomeTaxesExtraordinaryItemsNoncontrollingInterest+IncomeLossFromContinuingOperationsBeforeIncomeTaxesMinorityInterestAndIncomeLossFromEquityMethodInvestments;ocf=NetCashProvidedByUsedInOperatingActivities+NetCashProvidedByUsedInOperatingActivitiesContinuingOperations;capex=PaymentsToAcquirePropertyPlantAndEquipment;interest_expense=InterestAndDebtExpense+InterestExpense;assets=Assets;equity=StockholdersEquity;long_term_debt=LongTermDebt;short_term_debt=ShortTermBorrowings;cash=CashCashEquivalentsRestrictedCashAndRestrictedCashEquivalents,7.7,38.02,,3.33,-5.9,-3.2,3.8,1.3,2.2,,-16.2,,4.2,-2.7,-1.9,3.3,-13.1,,5.4,ttm,edgar,,95,yfinance,revenue,Overvalued
FIX,0001035983,"Comfort Systems USA, Inc.",Industrials,Engineering & Construction,yfinance,False,NYSE,1731,Electrical Work,41.49,41.49,0.0,28.71,60.178,41.65,41.65,40.64,2.4,ok,yfinance,1.025,108.95,1728.01,624.75,16.018,240.28,160.0,2026-06-30,Fast Grower,25.0,P/E = growth 57% + dividend 0.2% (capped at 25) · 5-year trend (regression on all points),"High growth: the multiple tracks the growth rate but is capped at 25, because very few companies sustain that pace for years.",earnings,current,,high,"consistent earnings, growth measured over the full 5-year window",1041.25,ok,66.0,Overvalued,57.0,5-year trend (regression on all points),57.8,57.0,0,0,,31.6,1.38,0.73,18.875,False,59,0,176.6,0.21,3.6,4.0,3.0,0.17,True,60816150528.0,35194329.0,2026-10-22,1.68,5.24,3957669000.0,1831286000.0,1434401000.0,743811000.0,2550065000.0,2159806000.0,9400000.0,1031453000.0,3217269000.0,8487806000.0,53849000.0,54064000.0,1854794000.0,-1800730000.0,59015420528.0,79.34,-2.42,15.37,28.16,55.3,37.9,8.8,36.2,18.8,0.02,3.55,39.8,ttm,revenue=Revenues+RevenueFromContractWithCustomerExcludingAssessedTax+SalesRevenueNet;net_income=NetIncomeLoss+NetIncomeLossAvailableToCommonStockholdersBasic+ProfitLoss;ebit=OperatingIncomeLoss;ocf=NetCashProvidedByUsedInOperatingActivities;capex=PaymentsToAcquirePropertyPlantAndEquipment;interest_expense=InterestExpenseNonoperating+InterestExpense;assets=Assets;equity=StockholdersEquity;long_term_debt=LongTermDebtNoncurrent;short_term_debt=DebtCurrent;cash=CashAndCashEquivalentsAtCarryingValue,-48.5,91.41,112.45,61.37,81.7,57.8,38.7,-5.6,7.2,9.4,79.0,59.0,42.8,80.5,56.6,37.7,78.9,61.4,40.7,ttm,edgar,,95,yfinance,,Overvalued
FLEX,0000866374,Flex Ltd.,Technology,Electronic Components,yfinance,False,Nasdaq,3672,Printed Circuit Boards,43.51,43.51,0.0,16.52,7.057,2.68,2.68,2.59,3.4,ok,yfinance,1.035,13.6,116.61,40.2,2.339,35.08,14.6,2026-06-26,Stalwart (mid cap),14.1,P/E = growth 14% + dividend 0.0% · 5-year trend (regression on all points),"Solid, predictable growth: the fair P/E matches the growth rate plus the dividend yield (PEG = 1).",earnings,current,,high,"consistent earnings, growth measured over the full 5-year window",37.82,ok,208.3,Overvalued,14.1,5-year trend (regression on all points),17.9,14.1,0,0,,39.9,0.32,3.08,7.831,False,70,4,190.1,,,,,,False,43076079616.0,369402978.0,2026-10-28,1.65,5.24,29267000000.0,27914000000.0,973000000.0,1449000000.0,1562000000.0,826000000.0,209000000.0,1052000000.0,5500000000.0,25198000000.0,5219000000.0,5219000000.0,2840000000.0,2379000000.0,45455079616.0,31.37,1.64,1.47,52.15,18.4,21.8,5.8,3.3,5.0,0.95,1.92,-1.4,ttm,revenue=RevenueFromContractWithCustomerExcludingAssessedTax+RevenueFromContractWithCustomerIncludingAssessedTax+SalesRevenueNet;net_income=ProfitLoss+NetIncomeLoss;ebit=OperatingIncomeLoss+IncomeLossFromContinuingOperationsBeforeIncomeTaxesExtraordinaryItemsNoncontrollingInterest+IncomeLossFromContinuingOperationsBeforeIncomeTaxesMinorityInterestAndIncomeLossFromEquityMethodInvestments;ocf=NetCashProvidedByUsedInOperatingActivities;capex=PaymentsToAcquirePropertyPlantAndEquipment;interest_expense=InterestExpenseDebt+InterestExpense;assets=Assets;equity=StockholdersEquity;long_term_debt=LongTermDebtNoncurrent;short_term_debt=DebtCurrent;cash=CashAndCashEquivalentsAtCarryingValue,12.2,14.89,79.23,2.24,14.7,17.9,15.9,1.0,3.0,1.7,55.0,2.0,5.0,7.2,4.9,8.3,19.5,7.2,4.2,ttm,edgar,,99,yfinance,dividend_yield,Overvalued
FOX,0001754301,Fox Corporation,Communication Services,Entertainment,yfinance,False,Nasdaq,4833,Television Broadcasting Stations,14.29,14.29,0.0,9.73,5.745,3.91,3.91,3.84,1.8,ok,yfinance,,-21.79,55.89,58.65,4.002,60.02,-2.3,2026-06-30,Stalwart (mid cap),15.8,P/E = growth 15% + dividend 1.0% · 5-year trend (regression on all points),"Solid, predictable growth: the fair P/E matches the growth rate plus the dividend yield (PEG = 1).",earnings,current,,high,"consistent earnings, growth measured over the full 5-year window",61.63,ok,-9.3,Undervalued,14.7,5-year trend (regression on all points),1.4,14.7,0,0,,34.0,1.1,0.97,2.017,False,33,0,-4.7,1.04,0.58,2.0,0.57,1.02,False,23567339520.0,421673622.0,2026-10-29,0.56,5.24,17126000000.0,17126000000.0,1685000000.0,2278000000.0,1970000000.0,1468000000.0,401000000.0,1468000000.0,11628000000.0,22482000000.0,6606000000.0,6606000000.0,4205000000.0,2401000000.0,25968339520.0,11.4,1.05,1.38,16.05,14.3,51.7,10.1,9.8,13.3,0.57,6.23,-51.0,ttm,revenue=RevenueFromContractWithCustomerExcludingAssessedTax+Revenues;net_income=NetIncomeLoss+NetIncomeLossAvailableToCommonStockholdersBasic;ebit=IncomeLossFromContinuingOperationsBeforeIncomeTaxesExtraordinaryItemsNoncontrollingInterest;ocf=NetCashProvidedByUsedInOperatingActivities;capex=PaymentsToAcquirePropertyPlantAndEquipment;interest_expense=InterestExpenseNonoperating+InterestExpense;assets=Assets;equity=StockholdersEquity;long_term_debt=LongTermDebtNoncurrent;short_term_debt=LongTermDebtCurrent;cash=CashAndCashEquivalentsAtCarryingValue,5.1,27.58,40.61,3.48,18.1,1.4,1.1,4.7,5.8,6.8,0.6,-7.4,2.8,10.8,-4.8,-3.2,3.1,-5.7,4.8,ttm,edgar,,95,yfinance,,Undervalued
FOXA,0001754301,Fox Corporation,Communication Services,Entertainment,yfinance,False,Nasdaq,4833,Television Broadcasting Stations,15.97,15.97,0.0,10.65,5.848,3.9,3.9,3.84,1.5,ok,yfinance,,-21.79,62.28,58.5,3.991,59.87,-2.3,2026-06-30,Stalwart (mid cap),15.7,P/E = growth 15% + dividend 0.9% · 5-year trend (regression on all points),"Solid, predictable growth: the fair P/E matches the growth rate plus the dividend yield (PEG = 1).",earnings,current,,high,"consistent earnings, growth measured over the full 5-year window",61.06,ok,2.0,Overvalued,14.7,5-year trend (regression on all points),1.4,14.7,0,0,,34.0,0.98,1.08,2.247,False,33,0,6.5,0.93,0.58,2.0,0.57,0.92,False,26261833728.0,421673622.0,2026-10-29,0.56,5.24,17126000000.0,17126000000.0,1685000000.0,2278000000.0,1970000000.0,1468000000.0,401000000.0,1468000000.0,11628000000.0,22482000000.0,6606000000.0,6606000000.0,4205000000.0,2401000000.0,28662833728.0,12.58,1.05,1.53,17.89,14.3,51.7,10.1,9.8,13.3,0.57,5.59,-51.0,ttm,revenue=RevenueFromContractWithCustomerExcludingAssessedTax+Revenues;net_income=NetIncomeLoss+NetIncomeLossAvailableToCommonStockholdersBasic;ebit=IncomeLossFromContinuingOperationsBeforeIncomeTaxesExtraordinaryItemsNoncontrollingInterest;ocf=NetCashProvidedByUsedInOperatingActivities;capex=PaymentsToAcquirePropertyPlantAndEquipment;interest_expense=InterestExpenseNonoperating+InterestExpense;assets=Assets;equity=StockholdersEquity;long_term_debt=LongTermDebtNoncurrent;short_term_debt=LongTermDebtCurrent;cash=CashAndCashEquivalentsAtCarryingValue,5.1,27.58,40.61,3.48,18.1,1.4,1.1,4.7,5.8,6.8,0.6,-7.4,2.8,10.8,-4.8,-3.2,3.1,-5.7,4.8,ttm,edgar,,95,yfinance,,Overvalued
FRT,0000034903,Federal Realty Investment Trust,Real Estate,REIT - Retail,yfinance,False,NYSE,6798,Real Estate Investment Trusts,18.49,21.82,15.3,33.64,3.172,5.77,4.89,5.77,18.0,check,edgar,,65.8,106.69,86.55,3.48,52.2,65.8,2026-03-31,Cyclical,12.0,P/E 12 on 3-year normalized (mid-cycle) earnings,"Erratic, cycle-driven earnings: a low P/E can signal the peak of the cycle, not a bargain. The multiple is applied to mid-cycle earnings, so the fair value does not follow the peak.",earnings,normalized,,medium,erratic earnings (volatility 61),41.76,ok,155.5,Overvalued,11.5,5-year trend (regression on all points),30.6,11.5,0,0,,60.8,0.86,1.61,2.893,False,62,2,23.3,4.35,4.64,4.0,4.55,4.26,False,9326662656.0,87418340.0,2026-10-30,0.92,5.24,1310905000.0,1278975000.0,506408000.0,703051000.0,627928000.0,,190255000.0,379083000.0,3311137000.0,9096770000.0,4963602000.0,12935000.0,115633000.0,-102698000.0,9223964656.0,13.12,-0.15,7.11,,15.6,36.4,7.7,38.6,53.6,1.5,,-15.9,ttm,revenue=Revenues;net_income=NetIncomeLoss;ebit=OperatingIncomeLoss;ocf=NetCashProvidedByUsedInOperatingActivities;capex=PaymentsForCapitalImprovements;interest_expense=InterestExpense;assets=Assets;equity=StockholdersEquity;long_term_debt=LongTermDebt;cash=CashAndCashEquivalentsAtCarryingValue,7.4,37.88,15.0,,6.8,30.6,5.3,6.3,9.8,5.6,0.8,4.8,6.2,9.2,32.3,7.7,4.1,11.4,4.8,ttm,edgar,,186,yfinance,free_cash_flow,Overvalued
FSLR,0001274494,"First Solar, Inc.",Technology,Solar,yfinance,False,Nasdaq,3674,Semiconductors & Related Devices,10.61,10.61,0.0,7.52,23.214,16.45,16.45,16.22,1.4,ok,yfinance,,38.63,174.61,246.75,11.901,178.52,38.2,2026-06-30,Stalwart (recovering),15.0,"P/E 15 — growth of 25% measured from a loss-making base (5-year CAGR (two endpoints, window contains losses))","The measured growth rate is a rebound off depressed earnings, not a trend, so it does not earn a fast grower's multiple. The multiple is capped at the stalwart level until the company has a full window of profitable history.",earnings,current,,low,"erratic earnings (volatility 160); one loss episode 3 years ago, profitable since",246.75,ok,-29.2,Undervalued,25.3,"5-year CAGR (two endpoints, window contains losses)",25.3,,1,1,3.5,160.0,2.38,0.42,1.818,True,67,0,-29.2,,,,,,False,18765299712.0,107469788.0,2026-10-29,1.73,5.24,5378071000.0,5219376000.0,1746014000.0,1809702000.0,2155743000.0,1500119000.0,38600000.0,1187230000.0,10320338000.0,13388598000.0,0.0,37635000.0,1688279000.0,-1650644000.0,17114655712.0,9.46,-0.91,3.49,12.51,18.5,77.1,13.5,32.5,33.6,0.0,7.99,485.4,ttm,revenue=Revenues+SalesRevenueNet+SalesRevenueGoodsNet;net_income=NetIncomeLoss;ebit=OperatingIncomeLoss;ocf=NetCashProvidedByUsedInOperatingActivities;capex=PaymentsToAcquirePropertyPlantAndEquipment;interest_expense=InterestExpenseNonoperating+InterestExpense;assets=Assets;equity=StockholdersEquity;long_term_debt=LongTermDebtNoncurrent;short_term_debt=DebtCurrent;cash=CashAndCashEquivalentsAtCarryingValue,23.8,96.03,50.04,13.96,122.6,25.3,8.3,21.6,12.6,1.5,,,,123.4,25.4,8.9,39.2,49.2,32.2,ttm,edgar,,95,yfinance,dividend_yield,Undervalued
FTNT,0001262039,"Fortinet, Inc.",Technology,Software - Infrastructure,yfinance,False,Nasdaq,3577,"Computer Peripheral Equipment, NEC",63.27,63.27,0.0,47.9,3.778,2.86,2.86,2.83,1.0,ok,yfinance,,12.75,180.95,42.9,2.365,35.47,20.9,2026-06-30,Fast Grower,25.0,P/E = growth 38% + dividend 0.0% (capped at 25) · 5-year trend (regression on all points),"High growth: the multiple tracks the growth rate but is capped at 25, because very few companies sustain that pace for years.",earnings,current,,high,"consistent earnings, growth measured over the full 5-year window",71.5,ok,153.1,Overvalued,38.0,5-year trend (regression on all points),35.9,38.0,0,0,,18.9,0.6,1.66,85.596,False,59,2,321.8,,,,,,False,132765483008.0,733713653.0,2026-10-28,1.06,5.24,7527400000.0,6799600000.0,2120742685.0,2442200000.0,3396100000.0,3117000000.0,18000000.0,2225800000.0,1551100000.0,10859200000.0,496900000.0,496900000.0,2934900000.0,-2438000000.0,130327483008.0,53.36,-1.0,17.64,42.59,117.4,14.3,22.5,28.2,32.4,0.32,2.35,18.4,ttm,revenue=RevenueFromContractWithCustomerExcludingAssessedTax+SalesRevenueNet;net_income=NetIncomeLoss;ebit=OperatingIncomeLoss;ocf=NetCashProvidedByUsedInOperatingActivities;capex=PaymentsToAcquirePropertyPlantAndEquipment+PaymentsToAcquireProductiveAssets;interest_expense=InterestExpenseNonoperating+InterestExpense;assets=Assets;equity=StockholdersEquity;long_term_debt=LongTermDebtNoncurrent;short_term_debt=LongTermDebtCurrent;cash=CashAndCashEquivalentsAtCarryingValue,18.8,2.11,10.26,4.25,28.9,35.9,79.8,14.7,20.9,20.6,16.4,23.0,29.4,26.0,32.7,78.8,15.5,22.1,27.4,ttm,edgar,,95,yfinance,dividend_yield,Overvalued
FTV,0001659166,Fortive Corporation,Technology,Scientific & Technical Instruments,yfinance,False,NYSE,3823,"Industrial Instruments For Measurement, Display, and Control",29.62,29.62,0.0,17.68,3.251,1.94,1.94,1.67,13.9,ok,yfinance,1.162,-26.75,57.47,29.1,2.614,39.21,-25.8,2026-04-03,Slow Grower,6.0,"P/E = growth 1% + dividend 0.5% (floor 6, cap 12) · 5-year trend (regression on all points)",Modest growth: deserves a contained multiple. The dividend partly offsets the lower growth.,earnings,current,,medium,erratic earnings (volatility 81),11.64,ok,393.7,Overvalued,1.5,5-year trend (regression on all points),-13.5,1.5,0,0,,80.8,0.07,20.31,2.869,False,42,2,97.5,0.49,0.28,4.0,0.25,0.44,False,17356920832.0,302017052.0,2026-10-28,0.97,5.24,4235400000.0,4159100000.0,543700000.0,746600000.0,1076300000.0,954000000.0,-120100000.0,978100000.0,6083100000.0,11584100000.0,2589300000.0,3489100000.0,356100000.0,3133000000.0,20489920832.0,27.44,4.2,4.1,18.19,6.7,52.5,6.4,12.8,17.6,0.43,5.5,-32.1,ttm,revenue=RevenueFromContractWithCustomerExcludingAssessedTax+Revenues+SalesRevenueNet;net_income=NetIncomeLoss+ProfitLoss+NetIncomeLossAvailableToCommonStockholdersBasic;ebit=OperatingIncomeLoss;ocf=NetCashProvidedByUsedInOperatingActivities;capex=PaymentsToAcquirePropertyPlantAndEquipment+PaymentsToAcquireProductiveAssets;interest_expense=InterestExpense;assets=Assets;equity=StockholdersEquity;long_term_debt=LongTermDebtNoncurrent;short_term_debt=LongTermDebtCurrent;cash=CashAndCashEquivalentsAtCarryingValue,3.6,20.14,14.02,3.16,1.2,-13.5,0.8,-10.5,-2.4,-3.6,-6.3,-6.5,-0.3,-10.7,-19.7,-4.3,-5.2,-5.0,-0.3,ttm,edgar,,183,yfinance,,Overvalued
GD,0000040533,General Dynamics Corporation,Industrials,Aerospace & Defense,yfinance,False,NYSE,3730,Ship & Boat Building & Repairing,20.29,20.29,0.0,17.75,18.593,16.27,16.27,15.89,2.3,ok,yfinance,1.024,10.27,330.09,244.05,13.7,205.5,18.8,2026-04-05,Slow Grower,9.0,"P/E = growth 7% + dividend 1.9% (floor 6, cap 12) · 5-year trend (regression on all points)",Modest growth: deserves a contained multiple. The dividend partly offsets the lower growth.,earnings,current,,high,"consistent earnings, growth measured over the full 5-year window",145.85,ok,126.3,Overvalued,7.0,5-year trend (regression on all points),7.5,7.0,0,0,,7.5,0.44,2.88,3.324,False,66,5,35.3,1.93,6.36,4.0,6.18,1.87,False,89308217344.0,270557195.0,2026-10-28,0.32,5.24,53808000000.0,52550000000.0,4341000000.0,5508000000.0,7423000000.0,6201000000.0,,3959000000.0,26079000000.0,59029000000.0,6259000000.0,8014000000.0,3654000000.0,4360000000.0,93668217344.0,17.01,0.79,1.66,14.4,18.0,44.2,9.3,8.1,10.2,0.24,6.94,23.9,ttm,revenue=RevenueFromContractWithCustomerExcludingAssessedTax+Revenues;net_income=NetIncomeLoss;ebit=OperatingIncomeLoss;ocf=NetCashProvidedByUsedInOperatingActivities+NetCashProvidedByUsedInOperatingActivitiesContinuingOperations;capex=PaymentsToAcquirePropertyPlantAndEquipment;interest_expense=InterestExpense;assets=Assets;equity=StockholdersEquity;long_term_debt=LongTermDebtNoncurrent;short_term_debt=DebtCurrent;cash=CashAndCashEquivalentsAtCarryingValue,9.3,96.39,198.88,22.92,9.1,7.5,5.6,10.5,6.9,5.5,28.2,11.4,14.1,8.6,6.5,3.9,22.1,10.4,13.0,ttm,edgar,,181,yfinance,,Overvalued
GDDY,0001609711,GoDaddy Inc.,Technology,Software - Infrastructure,yfinance,False,NYSE,7373,Services-Computer Integrated Systems Design,14.4,14.4,0.0,8.82,11.027,6.75,6.75,6.73,0.3,ok,yfinance,,3304.76,97.21,101.25,6.329,94.93,6.7,2026-06-30,Unclassified,,growth not calculable on any window,"Not enough usable earnings history to estimate growth on any of the four windows tried (5-year trend and CAGR, 3-year trend and CAGR). No category multiple is assigned: the fixed P/E 15 line is the only reading available.",none,current,,low,growth not calculable on any window,,no valuation anchor for this category,,N/A,,not calculable,,,0,0,,,,,1834.151,False,12,0,-4.0,,,,,,False,12311422976.0,126647704.0,2026-10-29,0.94,5.24,5104100000.0,4951100000.0,910300000.0,1266700000.0,1728800000.0,1702900000.0,150700000.0,1575500000.0,6700000.0,7996600000.0,3759400000.0,3774400000.0,1155500000.0,2618900000.0,14930322976.0,11.79,2.07,2.41,7.23,442.9,0.1,15.8,17.8,24.8,561.1,13.83,24.9,ttm,revenue=RevenueFromContractWithCustomerExcludingAssessedTax;net_income=NetIncomeLoss+ProfitLoss;ebit=OperatingIncomeLoss;ocf=NetCashProvidedByUsedInOperatingActivities;capex=PaymentsToAcquirePropertyPlantAndEquipment+PaymentsForCapitalImprovements;interest_expense=InterestExpenseNonoperating+InterestExpense;assets=Assets;equity=StockholdersEquity;long_term_debt=LongTermDebtNoncurrent;short_term_debt=LongTermDebtCurrent;cash=CashAndCashEquivalentsAtCarryingValue,7.4,0.05,40.3,13.45,,,,7.1,7.5,10.2,24.2,18.2,19.7,41.2,36.4,,22.2,16.8,17.7,ttm,edgar,,95,yfinance,dividend_yield;growth_5y,Undervalued
GE,0000040545,GE Aerospace,Industrials,Aerospace & Defense,yfinance,False,NYSE,3600,Electronic & Other Electrical Equipment (No Computer Equip),36.9,36.9,0.0,34.11,9.074,8.39,8.39,8.49,1.2,ok,yfinance,,18.41,309.56,125.85,7.244,108.65,15.8,2026-06-30,Stalwart,16.0,P/E = growth 15% + dividend 0.6% · 3-year trend — no usable 5-year history,"Solid, predictable growth: the fair P/E matches the growth rate plus the dividend yield (PEG = 1).",earnings,current,,low,"growth measured on a short window (3-year trend — no usable 5-year history); erratic earnings (volatility 119); one loss episode 4 years ago, profitable since",134.48,ok,130.2,Overvalued,15.4,3-year trend — no usable 5-year history,,,6,1,3.7,118.9,0.43,2.39,18.208,True,67,10,146.0,0.61,1.88,4.0,1.3,0.42,True,321187840000.0,1037562513.0,2026-10-20,1.35,5.24,50639000000.0,45855000000.0,8972000000.0,10365000000.0,9800000000.0,8396000000.0,,7264000000.0,17640000000.0,127672000000.0,17157000000.0,19157000000.0,9345000000.0,9812000000.0,330999840000.0,31.93,0.95,6.34,38.25,48.8,13.8,8.1,17.7,20.5,0.97,2.61,97.5,ttm,revenue=Revenues+RevenueFromContractWithCustomerExcludingAssessedTax+RevenueFromContractWithCustomerIncludingAssessedTax;net_income=NetIncomeLoss;ebit=IncomeLossFromContinuingOperationsBeforeIncomeTaxesExtraordinaryItemsNoncontrollingInterest+OperatingIncomeLoss+IncomeLossFromContinuingOperationsBeforeIncomeTaxesMinorityInterestAndIncomeLossFromEquityMethodInvestments;ocf=NetCashProvidedByUsedInOperatingActivities;capex=PaymentsToAcquireProductiveAssets+PaymentsToAcquirePropertyPlantAndEquipment;interest_expense=InterestAndDebtExpense+InterestExpense;assets=Assets;equity=StockholdersEquity;long_term_debt=LongTermDebtAndCapitalLeaseObligations;short_term_debt=DebtCurrent;cash=CashAndCashEquivalentsAtCarryingValue,27.3,17.0,48.81,8.09,0.9,,4.1,4.2,-4.3,-2.7,16.1,28.0,,-3.2,,-2.8,16.8,23.8,7.7,ttm,edgar,,95,yfinance,,Overvalued
GEHC,0001932393,GE HealthCare Technologies Inc.,Healthcare,Medical Devices,yfinance,False,Nasdaq,3844,X-Ray Apparatus & Tubes & Related Irradiation Apparatus,14.75,14.75,0.0,11.88,5.412,4.36,4.36,4.17,4.4,ok,yfinance,1.046,-12.39,64.29,65.4,4.088,61.32,6.6,2026-03-31,Slow Grower,9.6,"P/E = growth 9% + dividend 0.2% (floor 6, cap 12) · 5-year trend (regression on all points)",Modest growth: deserves a contained multiple. The dividend partly offsets the lower growth.,earnings,current,,high,"consistent earnings, growth measured over the full 5-year window",41.92,ok,53.4,Overvalued,9.4,5-year trend (regression on all points),,9.4,0,0,,33.6,0.65,1.57,2.646,False,14,0,-1.7,0.22,0.14,4.0,0.14,0.22,False,29038909440.0,451686252.0,2026-10-28,0.82,5.24,20979000000.0,20625000000.0,1910000000.0,2649000000.0,2027000000.0,1519000000.0,425000000.0,1505000000.0,10668000000.0,37125000000.0,10127000000.0,10129000000.0,2261000000.0,7868000000.0,36906909440.0,13.93,2.97,1.38,19.12,19.2,28.7,7.1,9.1,12.6,0.95,5.23,-3.2,ttm,revenue=RevenueFromContractWithCustomerExcludingAssessedTax;net_income=NetIncomeLoss;ebit=OperatingIncomeLoss;ocf=NetCashProvidedByUsedInOperatingActivities+NetCashProvidedByUsedInOperatingActivitiesContinuingOperations;capex=PaymentsToAcquireProductiveAssets+PaymentsToAcquirePropertyPlantAndEquipment;interest_expense=InterestAndDebtExpense;assets=Assets;equity=StockholdersEquity;long_term_debt=LongTermDebtNoncurrent;short_term_debt=LongTermDebtCurrent;cash=CashAndCashEquivalentsAtCarryingValue,6.0,23.62,46.45,3.36,3.4,,,3.9,,,-5.2,,,0.2,,,-1.7,,,ttm,edgar,,186,yfinance,,Undervalued
GEN,0000849399,Gen Digital Inc.,Technology,Software - Infrastructure,yfinance,False,Nasdaq,7372,Services-Prepackaged Software,13.01,13.01,0.0,6.65,3.309,1.69,1.69,1.71,1.2,ok,yfinance,,78.12,21.99,25.35,0.988,14.82,71.0,2026-07-03,Slow Grower (declining earnings),6.0,P/E = 0% growth credit + dividend 2.3% (floor 6) · 5-year trend (regression on all points),"Earnings are contracting, so the model gives no credit for growth: the multiple comes from the dividend and the floor alone. Applied to normalized earnings where available, since the latest figure of a declining company is its lowest point. Check whether the decline is cyclical or structural.",earnings,current,,low,erratic earnings (volatility 80); earnings declining -6%/year,10.14,ok,116.9,Overvalued,-5.8,5-year trend (regression on all points),10.5,-5.8,0,0,,80.5,-0.27,,4.959,False,70,4,-13.3,2.27,0.5,4.0,0.5,2.27,False,13162928128.0,598587032.0,2026-11-05,1.22,5.24,5079000000.0,5000000000.0,1053000000.0,2117000000.0,1570000000.0,1548000000.0,537000000.0,1523000000.0,2656000000.0,15644000000.0,7975000000.0,8156000000.0,564000000.0,7592000000.0,20754928128.0,9.8,3.59,2.59,8.5,41.9,17.0,13.5,20.7,41.7,3.0,11.76,26.3,ttm,revenue=RevenueFromContractWithCustomerExcludingAssessedTax+SalesRevenueNet+RevenueFromContractWithCustomerIncludingAssessedTax;net_income=NetIncomeLoss+ProfitLoss;ebit=OperatingIncomeLoss;ocf=NetCashProvidedByUsedInOperatingActivities+NetCashProvidedByUsedInOperatingActivitiesContinuingOperations;capex=PaymentsToAcquirePropertyPlantAndEquipment;interest_expense=InterestAndDebtExpense+InterestExpenseDebt;assets=Assets;equity=StockholdersEquity;long_term_debt=LongTermDebtNoncurrent;short_term_debt=LongTermDebtCurrent;cash=CashAndCashEquivalentsAtCarryingValue,20.2,4.44,8.48,2.59,-6.6,10.5,-7.6,12.6,14.1,3.6,26.7,14.5,,-7.3,11.3,-8.3,26.8,14.6,,ttm,edgar,,92,yfinance,,Undervalued
GEV,0001996810,GE Vernova Inc.,Industrials,Specialty Industrial Machinery,yfinance,False,NYSE,3600,Electronic & Other Electrical Equipment (No Computer Equip),28.33,28.33,0.0,39.27,25.175,34.9,34.9,34.83,0.2,ok,yfinance,,735.25,988.7,523.5,6.974,104.61,400.4,2026-06-30,Fast Grower,25.0,P/E = growth 300% + dividend 0.2% (capped at 25) · 5-year trend (regression on all points),"High growth: the multiple tracks the growth rate but is capped at 25, because very few companies sustain that pace for years.",earnings,current,,medium,unstable earnings base: latest TTM $34.90 vs 3-year median $6.97 — the fair value depends on which one is used,872.5,ok,13.3,Overvalued,300.0,5-year trend (regression on all points),,300.0,0,0,,0.0,10.6,0.09,22.022,False,7,0,88.9,0.2,2.0,4.0,1.75,0.18,True,263324024832.0,266333581.0,2026-10-28,0.97,5.24,41368000000.0,38068000000.0,9529000000.0,1799000000.0,14139000000.0,12438000000.0,,3710000000.0,11957000000.0,80800000000.0,2794000000.0,2794000000.0,13120000000.0,-10326000000.0,252998024832.0,140.63,-5.74,6.37,21.17,91.5,14.8,2.2,23.0,4.3,0.23,4.72,118.2,ttm,revenue=RevenueFromContractWithCustomerExcludingAssessedTax;net_income=NetIncomeLoss;ebit=OperatingIncomeLoss;ocf=NetCashProvidedByUsedInOperatingActivities;capex=PaymentsToAcquireProductiveAssets;assets=Assets;equity=StockholdersEquity;long_term_debt=LongTermDebtAndCapitalLeaseObligations;short_term_debt=ShortTermBorrowings;cash=CashCashEquivalentsRestrictedCashAndRestrictedCashEquivalents,13.0,44.89,155.32,46.7,,,,9.2,,,280.6,,,,,,169.8,,,ttm,edgar,,95,yfinance,,Overvalued
GILD,0000882095,"Gilead Sciences, Inc.",Healthcare,Drug Manufacturers - General,yfinance,False,Nasdaq,2836,"Biological Products, (No Diagnostic Substances)",,,,14.64,9.889,-2.61,-2.61,-2.66,1.9,ok,yfinance,,-152.88,144.74,,4.575,68.62,-157.0,2026-06-30,Turnaround,10.0,P/E 10 on 3-year normalized earnings — currently loss-making,"A recovery multiple, not a PEG multiple: the growth rate of a company coming out of losses measures the rebound, not a trend, and using it as a multiple is how a fair value becomes nonsense. Applied to normalized earnings, and deliberately below the market average.",earnings,normalized,,low,growth not calculable on any window; erratic earnings (volatility 173),45.75,ok,216.4,Overvalued,,not calculable,,,1,1,0.0,172.7,,,15.185,True,67,5,,2.27,3.28,4.0,3.25,2.25,False,179471122432.0,1239955155.0,2026-10-29,0.35,5.24,30457000000.0,29443000000.0,-3240000000.0,-2497000000.0,13552000000.0,12943000000.0,998000000.0,9456000000.0,11829000000.0,49362000000.0,23832000000.0,26246000000.0,3179000000.0,23067000000.0,202538122432.0,,,5.89,13.87,-20.6,24.0,-5.1,-10.6,-8.2,2.01,7.21,-8.2,ttm,revenue=RevenueFromContractWithCustomerExcludingAssessedTax+Revenues+SalesRevenueNet;net_income=NetIncomeLoss;ebit=OperatingIncomeLoss;ocf=NetCashProvidedByUsedInOperatingActivities;capex=PaymentsToAcquirePropertyPlantAndEquipment+PaymentsToAcquireProductiveAssets;interest_expense=InterestExpenseNonoperating+InterestExpense;assets=Assets;equity=StockholdersEquity;long_term_debt=LongTermDebtNoncurrent;short_term_debt=DebtCurrent;cash=CashAndCashEquivalentsAtCarryingValue,5.5,9.54,24.56,10.44,,,,3.6,2.7,-0.6,13.2,8.8,-3.3,,,,12.5,8.3,-3.3,ttm,edgar,,95,yfinance,growth_5y,N/A
GIS,0000040704,"General Mills, Inc.",Consumer Defensive,Packaged Foods,yfinance,False,NYSE,2040,Grain Mill Products,,,,10.15,3.153,-1.66,-1.66,-1.66,0.0,ok,yfinance,,-131.38,32.01,,4.255,63.82,-139.0,2026-08-30,Turnaround,10.0,P/E 10 on 3-year normalized earnings — currently loss-making,"A recovery multiple, not a PEG multiple: the growth rate of a company coming out of losses measures the rebound, not a trend, and using it as a multiple is how a fair value becomes nonsense. Applied to normalized earnings, and deliberately below the market average.",earnings,normalized,,low,growth not calculable on any window,42.55,ok,-24.8,Undervalued,,not calculable,,,2,1,0.0,16.3,,,2.319,True,70,5,,7.62,2.44,4.0,2.44,7.62,False,17115334656.0,534687144.0,2026-12-23,-0.03,5.24,18296600000.0,18424600000.0,-894800000.0,-206400000.0,2067000000.0,1546100000.0,526800000.0,1626300000.0,7450400000.0,30273400000.0,12367200000.0,12568800000.0,433100000.0,12135700000.0,29251034656.0,,,0.94,11.07,-10.6,24.6,-0.7,-4.9,-1.1,1.66,9.03,-29.1,ttm,revenue=RevenueFromContractWithCustomerExcludingAssessedTax+SalesRevenueGoodsNet;net_income=NetIncomeLoss;ebit=OperatingIncomeLoss;ocf=NetCashProvidedByUsedInOperatingActivities+NetCashProvidedByUsedInOperatingActivitiesContinuingOperations;capex=PaymentsToAcquirePropertyPlantAndEquipment;interest_expense=InterestExpense;assets=Assets;equity=StockholdersEquity;long_term_debt=LongTermDebtNoncurrent;short_term_debt=LongTermDebtCurrent;cash=CashAndCashEquivalentsAtCarryingValue,-4.5,13.93,34.22,2.89,,,,-3.4,-0.0,1.2,-8.6,-7.2,-2.4,,,,-9.2,-5.7,-2.6,ttm,edgar,,34,yfinance,growth_5y,N/A
GL,0000320335,Globe Life Inc.,Financial Services,Insurance - Life,yfinance,False,NYSE,6311,Life Insurance,11.02,11.02,0.0,10.03,16.518,15.03,15.03,15.05,0.1,ok,yfinance,,20.4,165.68,225.45,12.094,181.41,24.3,2026-06-30,Stalwart (mid cap),12.6,P/E = growth 12% + dividend 0.8% · 5-year trend (regression on all points),"Solid, predictable growth: the fair P/E matches the growth rate plus the dividend yield (PEG = 1).",earnings,current,,high,"consistent earnings, growth measured over the full 5-year window",189.89,ok,-12.7,Undervalued,11.8,5-year trend (regression on all points),15.5,11.8,0,0,,10.4,1.15,0.93,2.074,False,63,4,-26.5,0.8,1.32,4.0,0.93,0.56,True,12732416000.0,76849447.0,2026-10-21,0.46,5.24,6191958000.0,5994318000.0,1212199000.0,1495614000.0,1391578000.0,1232375000.0,141394000.0,1253907000.0,6155815000.0,31562519000.0,2665296000.0,2943249000.0,257054000.0,2686195000.0,15418611000.0,10.31,1.8,2.06,10.33,20.9,19.5,4.7,19.6,24.2,0.43,9.68,-5.8,ttm,revenue=Revenues;net_income=NetIncomeLoss;ebit=IncomeLossFromContinuingOperationsBeforeIncomeTaxesExtraordinaryItemsNoncontrollingInterest+OperatingIncomeLoss+IncomeLossFromContinuingOperationsBeforeIncomeTaxesMinorityInterestAndIncomeLossFromEquityMethodInvestments;ocf=NetCashProvidedByUsedInOperatingActivities+NetCashProvidedByUsedInOperatingActivitiesContinuingOperations;capex=PaymentsToAcquirePropertyPlantAndEquipment;interest_expense=InterestExpense;assets=Assets;equity=StockholdersEquity;long_term_debt=LongTermDebtNoncurrent;short_term_debt=LongTermDebtCurrent;cash=CashAndCashEquivalentsAtCarryingValue,5.2,80.1,80.57,16.04,19.0,15.5,13.2,5.5,4.5,4.9,-6.2,-2.0,-0.1,11.6,9.5,8.4,-3.2,-0.3,0.9,ttm,edgar,,95,yfinance,,Undervalued
GLW,0000024741,Corning Incorporated,Technology,Electronic Components,yfinance,False,NYSE,3357,Drawing & Insulating of  Nonferrous Wire,73.96,73.96,0.0,37.71,4.354,2.22,2.22,2.18,1.8,ok,yfinance,,131.91,164.19,33.3,0.713,10.69,211.4,2026-06-30,Slow Grower (declining earnings),6.0,P/E = 0% growth credit + dividend 0.7% (floor 6) · 5-year trend (regression on all points),"Earnings are contracting, so the model gives no credit for growth: the multiple comes from the dividend and the floor alone. Applied to normalized earnings where available, since the latest figure of a declining company is its lowest point. Check whether the decline is cyclical or structural.",earnings,current,,low,unstable earnings base: latest TTM $2.22 vs 3-year median $0.71 — the fair value depends on which one is used; erratic earnings (volatility 117); earnings declining -3%/year,13.32,ok,1132.7,Overvalued,-2.6,5-year trend (regression on all points),15.1,-2.6,0,0,,117.0,-0.03,,11.844,False,67,4,393.1,0.68,1.12,4.0,1.12,0.68,False,141431357440.0,861388331.0,2026-10-27,1.15,5.24,16964000000.0,15629000000.0,1900000000.0,2598000000.0,3915000000.0,2395000000.0,357000000.0,1413000000.0,12560000000.0,32956000000.0,7756000000.0,8424000000.0,2504000000.0,5920000000.0,147351357440.0,56.72,2.28,8.34,59.05,16.1,38.1,7.9,11.2,15.3,0.62,1.69,45.1,ttm,revenue=Revenues+RevenueFromContractWithCustomerExcludingAssessedTax+SalesRevenueGoodsNet;net_income=NetIncomeLoss;ebit=OperatingIncomeLoss;ocf=NetCashProvidedByUsedInOperatingActivities+NetCashProvidedByUsedInOperatingActivitiesContinuingOperations;capex=PaymentsForCapitalImprovements+PaymentsToAcquireProductiveAssets;interest_expense=InterestExpenseNonoperating+InterestAndDebtExpense;assets=Assets;equity=StockholdersEquity;long_term_debt=LongTermDebtAndCapitalLeaseObligations;short_term_debt=DebtCurrent;cash=CashAndCashEquivalentsAtCarryingValue,19.4,14.58,19.69,2.78,44.0,15.1,1.8,8.4,5.2,6.7,111.0,6.9,,44.5,1.9,-1.8,27.4,6.4,6.2,ttm,edgar,,95,yfinance,,Overvalued
GM,0001467858,General Motors Company,Consumer Cyclical,Auto Manufacturers,yfinance,False,NYSE,3711,Motor Vehicles & Passenger Car Bodies,35.42,35.42,0.0,5.2,15.038,2.21,2.21,2.24,1.4,ok,yfinance,,-65.64,78.27,33.15,6.724,100.86,-67.1,2026-06-30,Slow Grower (declining earnings),6.0,P/E = 0% growth credit + dividend 0.9% (floor 6) · 5-year trend (regression on all points),"Earnings are contracting, so the model gives no credit for growth: the multiple comes from the dividend and the floor alone. Applied to normalized earnings where available, since the latest figure of a declining company is its lowest point. Check whether the decline is cyclical or structural.",earnings,current,,low,unstable earnings base: latest TTM $2.21 vs 3-year median $6.72 — the fair value depends on which one is used; earnings declining -12%/year,13.26,ok,490.3,Overvalued,-12.3,5-year trend (regression on all points),-23.7,-12.3,0,0,,48.8,-0.32,,1.107,False,63,0,136.1,0.92,0.72,4.0,0.69,0.88,True,70791413760.0,904451541.0,2026-10-20,1.32,5.24,168352000000.0,167971000000.0,2032000000.0,1815000000.0,23202000000.0,14398000000.0,,17564000000.0,62000000000.0,282742000000.0,131574000000.0,131574000000.0,20134000000.0,111440000000.0,182231413760.0,100.4,61.4,0.42,4.92,3.2,21.9,0.6,1.2,1.1,2.12,20.34,88.9,ttm,revenue=RevenueFromContractWithCustomerExcludingAssessedTax+Revenues;net_income=NetIncomeLoss+NetIncomeLossAvailableToCommonStockholdersBasic;ebit=OperatingIncomeLoss;ocf=NetCashProvidedByUsedInOperatingActivities+NetCashProvidedByUsedInOperatingActivitiesContinuingOperations;capex=PaymentsToAcquirePropertyPlantAndEquipment;interest_expense=InterestExpense;assets=Assets;equity=StockholdersEquity;long_term_debt=LongTermDebtAndCapitalLeaseObligationsIncludingCurrentMaturities;cash=CashAndCashEquivalentsAtCarryingValue,-1.6,68.55,186.14,15.92,-32.1,-23.7,-11.7,2.5,6.0,1.2,8.1,-7.2,12.9,-41.3,-30.7,-16.6,2.6,-2.5,7.2,ttm,edgar,,95,yfinance,,Overvalued
GNRC,0001474735,Generac Holdings Inc.,Industrials,Specialty Industrial Machinery,yfinance,False,NYSE,3621,Motors & Generators,47.86,47.86,0.0,17.11,12.668,4.53,4.53,4.35,4.0,ok,yfinance,1.041,-27.62,216.8,67.95,4.296,64.44,5.5,2026-06-30,Cyclical,12.0,P/E 12 on 3-year normalized (mid-cycle) earnings,"Erratic, cycle-driven earnings: a low P/E can signal the peak of the cycle, not a bargain. The multiple is applied to mid-cycle earnings, so the fair value does not follow the peak.",earnings,normalized,,medium,erratic earnings (volatility 72),51.55,ok,320.6,Overvalued,-12.9,5-year trend (regression on all points),-11.7,-12.9,0,0,,72.2,-0.27,,4.445,False,59,0,219.1,,,,0.0,,False,12805061632.0,59063935.0,2026-10-28,1.91,5.24,4438732000.0,4209147000.0,260041000.0,421488000.0,548133000.0,379249000.0,67508000.0,268128000.0,2877623000.0,5772151000.0,1191250000.0,1212527000.0,264921000.0,947606000.0,13752667632.0,32.63,2.25,2.88,33.76,9.5,49.9,7.3,5.9,9.5,0.41,2.96,-55.6,ttm,revenue=RevenueFromContractWithCustomerExcludingAssessedTax+SalesRevenueNet+SalesRevenueGoodsNet;net_income=NetIncomeLoss;ebit=OperatingIncomeLoss+IncomeLossFromContinuingOperationsBeforeIncomeTaxesExtraordinaryItemsNoncontrollingInterest;ocf=NetCashProvidedByUsedInOperatingActivities;capex=PaymentsToAcquirePropertyPlantAndEquipment;interest_expense=InterestExpense+InterestExpenseNonoperating;assets=Assets;equity=StockholdersEquity;long_term_debt=LongTermDebtNoncurrent;short_term_debt=LongTermDebtCurrent;cash=CashAndCashEquivalentsAtCarryingValue,0.6,48.72,75.15,6.42,21.8,-11.7,14.8,3.3,6.8,12.5,188.2,-7.4,6.7,11.6,-12.8,13.3,71.1,-3.3,9.2,ttm,edgar,,95,yfinance,dividend_yield,Overvalued
GOOG,0001652044,Alphabet Inc.,Communication Services,Internet Content & Information,yfinance,False,Nasdaq,7370,"Services-Computer Programming, Data Processing, Etc.",16.81,16.81,0.0,22.58,15.072,20.25,20.25,19.91,1.7,ok,yfinance,,112.26,340.35,303.75,8.645,129.68,134.2,2026-06-30,Fast Grower,25.0,P/E = growth 25% + dividend 0.3% (capped at 25) · 5-year trend (regression on all points),"High growth: the multiple tracks the growth rate but is capped at 25, because very few companies sustain that pace for years.",earnings,current,,high,"consistent earnings, growth measured over the full 5-year window",506.25,ok,-32.8,Undervalued,25.4,5-year trend (regression on all points),34.0,25.4,0,0,,23.9,1.52,0.66,6.687,False,61,3,12.0,0.26,0.88,4.0,0.86,0.25,False,4162458484736.0,12229934831.0,2026-10-28,1.23,5.24,445867000000.0,402836000000.0,244205000000.0,147628000000.0,185675000000.0,53273000000.0,2252000000.0,73266000000.0,640480000000.0,921983000000.0,98165000000.0,100164000000.0,55911000000.0,44253000000.0,4206711484736.0,28.5,0.3,9.34,78.13,48.7,69.5,16.0,54.8,33.1,0.15,1.28,0.7,ttm,revenue=Revenues+RevenueFromContractWithCustomerExcludingAssessedTax;net_income=NetIncomeLoss;ebit=OperatingIncomeLoss;ocf=NetCashProvidedByUsedInOperatingActivities;capex=PaymentsToAcquirePropertyPlantAndEquipment;interest_expense=InterestExpenseNonoperating+InterestExpense;assets=Assets;equity=StockholdersEquity;long_term_debt=LongTermDebtNoncurrent;short_term_debt=DebtCurrent;cash=CashAndCashEquivalentsAtCarryingValue,20.1,52.37,36.46,4.36,61.4,34.0,32.3,15.5,15.1,18.5,-9.2,-1.9,10.0,58.8,31.2,29.8,23.3,18.1,20.2,ttm,edgar,,95,yfinance,,Overvalued
GOOGL,0001652044,Alphabet Inc.,Communication Services,Internet Content & Information,yfinance,False,Nasdaq,7370,"Services-Computer Programming, Data Processing, Etc.",16.98,16.98,0.0,22.79,15.072,20.23,20.23,19.91,1.6,ok,yfinance,,112.26,343.5,303.45,8.637,129.55,134.2,2026-06-30,Fast Grower,25.0,P/E = growth 25% + dividend 0.3% (capped at 25) · 5-year trend (regression on all points),"High growth: the multiple tracks the growth rate but is capped at 25, because very few companies sustain that pace for years.",earnings,current,,high,"consistent earnings, growth measured over the full 5-year window",505.75,ok,-32.1,Undervalued,25.4,5-year trend (regression on all points),34.0,25.4,0,0,,23.9,1.51,0.67,6.749,False,61,2,13.2,0.26,0.88,4.0,0.86,0.25,False,4200982642688.0,12229934831.0,2026-10-28,1.23,5.24,445867000000.0,402836000000.0,244205000000.0,147628000000.0,185675000000.0,53273000000.0,2252000000.0,73266000000.0,640480000000.0,921983000000.0,98165000000.0,100164000000.0,55911000000.0,44253000000.0,4245235642688.0,28.76,0.3,9.42,78.86,48.7,69.5,16.0,54.8,33.1,0.15,1.27,0.7,ttm,revenue=Revenues+RevenueFromContractWithCustomerExcludingAssessedTax;net_income=NetIncomeLoss;ebit=OperatingIncomeLoss;ocf=NetCashProvidedByUsedInOperatingActivities;capex=PaymentsToAcquirePropertyPlantAndEquipment;interest_expense=InterestExpenseNonoperating+InterestExpense;assets=Assets;equity=StockholdersEquity;long_term_debt=LongTermDebtNoncurrent;short_term_debt=DebtCurrent;cash=CashAndCashEquivalentsAtCarryingValue,20.1,52.37,36.46,4.36,61.4,34.0,32.3,15.5,15.1,18.5,-9.2,-1.9,10.0,58.8,31.2,29.8,23.3,18.1,20.2,ttm,edgar,,95,yfinance,,Overvalued
GPC,0000040987,Genuine Parts Company,Consumer Cyclical,Auto Parts,yfinance,False,NYSE,5013,Wholesale-Motor Vehicle Supplies & New Parts,508.96,508.96,0.0,15.3,8.314,0.25,0.25,0.26,4.0,ok,yfinance,0.962,-95.52,127.24,,6.038,90.58,-95.9,2026-06-30,Cyclical,12.0,P/E 12 on 3-year normalized (mid-cycle) earnings,"Erratic, cycle-driven earnings: a low P/E can signal the peak of the cycle, not a bargain. The multiple is applied to mid-cycle earnings, so the fair value does not follow the peak.",earnings,normalized,,low,unstable earnings base: latest TTM $0.25 vs 3-year median $6.04 — the fair value depends on which one is used; erratic earnings (volatility 52),72.46,ok,75.6,Overvalued,-33.9,5-year trend (regression on all points),-45.9,-33.9,0,0,,52.2,-0.06,,3.876,False,67,4,,3.34,4.252,4.0,4.219,3.32,False,17541275648.0,137859758.0,2026-10-20,0.66,5.24,25071538000.0,24300141000.0,32766000.0,1197000.0,1185761000.0,759354000.0,170243000.0,420924000.0,4526012000.0,21058293000.0,3976648000.0,4226648000.0,559118000.0,3667530000.0,21208805648.0,17718.3,3063.93,0.7,23.1,0.7,21.5,0.0,0.1,0.0,0.88,4.33,-38.5,ttm,revenue=RevenueFromContractWithCustomerExcludingAssessedTax+SalesRevenueGoodsNet;net_income=NetIncomeLoss+ProfitLoss;ebit=IncomeLossFromContinuingOperationsBeforeIncomeTaxesExtraordinaryItemsNoncontrollingInterest+OperatingIncomeLoss+IncomeLossFromContinuingOperationsBeforeIncomeTaxesMinorityInterestAndIncomeLossFromEquityMethodInvestments;ocf=NetCashProvidedByUsedInOperatingActivities+NetCashProvidedByUsedInOperatingActivitiesContinuingOperations;capex=PaymentsToAcquirePropertyPlantAndEquipment;interest_expense=InterestExpenseNonoperating+InterestExpense;assets=Assets;equity=StockholdersEquity;long_term_debt=LongTermDebtNoncurrent;short_term_debt=LongTermDebtCurrent;cash=CashAndCashEquivalentsAtCarryingValue,5.5,32.83,181.86,5.51,-68.8,-45.9,-25.0,3.1,7.0,5.1,0.8,-14.2,-3.8,-70.0,-47.4,-26.4,1.5,-8.0,-0.4,ttm,edgar,,95,yfinance,,N/A
GPN,0001123360,Global Payments Inc.,Industrials,Specialty Business Services,yfinance,False,NYSE,7389,"Services-Business Services, NEC",38.05,38.05,0.0,4.9,16.01,2.06,2.06,-2.99,245.1,check,yfinance,,-152.46,78.38,30.9,5.375,80.62,-61.7,2026-06-30,Turnaround,10.0,P/E 10 on 3-year normalized earnings — currently loss-making,"A recovery multiple, not a PEG multiple: the growth rate of a company coming out of losses measures the rebound, not a trend, and using it as a multiple is how a fair value becomes nonsense. Applied to normalized earnings, and deliberately below the market average.",earnings,normalized,,low,growth not calculable on any window; erratic earnings (volatility 90),53.75,ok,45.8,Overvalued,,not calculable,,,3,2,0.0,89.9,,,0.901,True,60,2,153.7,1.28,1.0,4.0,1.0,1.28,False,20740788224.0,264618390.0,2026-11-03,0.79,5.24,10230917000.0,7705878000.0,-934174000.0,1268797000.0,1657741000.0,822719000.0,838200000.0,2038823000.0,23110707000.0,63573787000.0,21493294000.0,22630058000.0,5408962000.0,17221096000.0,37961884224.0,29.92,13.57,2.03,25.21,-4.1,36.4,2.0,-9.1,12.4,0.93,3.97,-14.4,ttm,revenue=RevenueFromContractWithCustomerExcludingAssessedTax+Revenues+SalesRevenueNet;net_income=NetIncomeLoss;ebit=OperatingIncomeLoss;ocf=NetCashProvidedByUsedInOperatingActivities;capex=PaymentsToAcquireProductiveAssets+PaymentsToAcquirePropertyPlantAndEquipment;interest_expense=InterestExpenseDebt+InterestAndDebtExpense;assets=Assets;equity=StockholdersEquity;long_term_debt=LongTermDebtNoncurrent;short_term_debt=LongTermDebtCurrent;cash=CashAndCashEquivalentsAtCarryingValue,32.5,87.34,38.66,3.11,,,,12.8,5.1,13.1,-24.1,-16.4,-0.5,,,,-12.9,-7.6,5.4,ttm,edgar,,95,yfinance,growth_5y,Overvalued
GRMN,0001121788,Garmin Ltd.,Technology,Scientific & Technical Instruments,yfinance,False,NYSE,3812,"Search, Detection, Navigation, Guidance, Aeronautical Sys",29.17,29.17,0.0,25.25,11.134,9.64,9.64,8.96,7.1,ok,yfinance,1.076,18.05,281.16,144.6,7.854,117.81,22.7,2026-03-28,Stalwart,13.5,P/E = growth 12% + dividend 1.5% · 5-year trend (regression on all points),"Solid, predictable growth: the fair P/E matches the growth rate plus the dividend yield (PEG = 1).",earnings,current,,high,"consistent earnings, growth measured over the full 5-year window",129.72,ok,116.7,Overvalued,12.0,5-year trend (regression on all points),10.4,12.0,0,0,,15.3,0.46,2.44,6.007,False,66,1,94.4,1.49,4.2,4.0,3.9,1.39,True,54222422016.0,192852536.0,2026-10-28,0.87,5.24,7463909000.0,7245519000.0,1736196000.0,1974917000.0,1748559000.0,1451558000.0,,1362913000.0,9271024000.0,10952438000.0,,,2289916000.0,,51932506016.0,26.3,,7.26,37.35,19.9,84.6,18.0,23.3,26.5,,2.68,10.0,ttm,revenue=RevenueFromContractWithCustomerExcludingAssessedTax+RevenueFromContractWithCustomerIncludingAssessedTax+SalesRevenueNet;net_income=NetIncomeLoss+ProfitLoss;ebit=OperatingIncomeLoss;ocf=NetCashProvidedByUsedInOperatingActivities+NetCashProvidedByUsedInOperatingActivitiesContinuingOperations;capex=PaymentsToAcquirePropertyPlantAndEquipment;interest_expense=InterestExpense;assets=Assets;equity=StockholdersEquity;cash=CashAndCashEquivalentsAtCarryingValue,15.7,48.07,38.7,7.53,21.5,10.4,13.6,15.6,11.1,10.1,30.8,5.8,19.1,21.7,10.6,13.8,25.7,6.5,18.2,ttm,edgar,,189,yfinance,,Overvalued
GS,0000886982,"The Goldman Sachs Group, Inc.",Financial Services,Capital Markets,yfinance,False,NYSE,6211,"Security Brokers, Dealers & Flotation Companies",13.85,13.85,0.0,12.36,73.027,65.16,65.16,64.82,0.5,ok,yfinance,,42.87,902.56,977.4,42.029,630.44,55.0,2026-06-30,Slow Grower,6.0,"P/E = growth 1% + dividend 2.2% (floor 6, cap 12) · 5-year trend (regression on all points)",Modest growth: deserves a contained multiple. The dividend partly offsets the lower growth.,earnings,current,,medium,erratic earnings (volatility 71),390.96,ok,130.9,Overvalued,1.4,5-year trend (regression on all points),3.4,1.4,0,0,,71.4,0.26,9.99,2.493,False,67,0,-7.7,2.22,20.0,4.0,18.0,1.99,True,262799654912.0,291171408.0,2026-10-13,1.28,5.24,66203000000.0,58283000000.0,20973000000.0,26296000000.0,-39359000000.0,-41515000000.0,66814000000.0,-47218000000.0,122742000000.0,2127711000000.0,,437874000000.0,187266000000.0,250608000000.0,513407654912.0,19.52,9.53,3.97,,17.0,5.8,1.2,31.7,39.7,,-15.8,-208.6,ttm,revenue=RevenuesNetOfInterestExpense;net_income=NetIncomeLoss;ebit=IncomeLossFromContinuingOperationsBeforeIncomeTaxesExtraordinaryItemsNoncontrollingInterest+IncomeLossFromContinuingOperationsBeforeIncomeTaxesMinorityInterestAndIncomeLossFromEquityMethodInvestments;ocf=NetCashProvidedByUsedInOperatingActivities+NetCashProvidedByUsedInOperatingActivitiesContinuingOperations;capex=PaymentsToAcquirePropertyPlantAndEquipment;interest_expense=InterestExpense;assets=Assets;equity=StockholdersEquity;long_term_debt=LongTermDebtNoncurrent;short_term_debt=ShortTermBorrowings;cash=CashAndCashEquivalentsAtCarryingValue,17.8,421.55,227.37,-142.58,40.4,3.4,19.8,13.2,3.5,8.8,,,,33.3,0.8,15.1,,,,ttm,edgar,,95,yfinance,,Undervalued
GWW,0000277135,"W.W. Grainger, Inc.",Industrials,Industrial Distribution,yfinance,False,NYSE,5000,Wholesale-Durable Goods,32.68,32.68,0.0,25.11,50.992,39.18,39.18,39.23,0.1,ok,yfinance,,-0.46,1280.3,587.7,36.643,549.65,6.9,2026-06-30,Stalwart,17.2,P/E = growth 16% + dividend 0.8% · 5-year trend (regression on all points),"Solid, predictable growth: the fair P/E matches the growth rate plus the dividend yield (PEG = 1).",earnings,current,,high,"consistent earnings, growth measured over the full 5-year window",673.21,ok,90.2,Overvalued,16.4,5-year trend (regression on all points),19.2,16.4,0,0,,27.2,0.53,1.99,14.598,False,67,3,117.8,0.78,9.96,4.0,9.5,0.74,True,60303339520.0,47100942.0,2026-11-04,1.03,5.24,18845000000.0,17942000000.0,1870000000.0,2745000000.0,2175000000.0,1510000000.0,81000000.0,1331000000.0,4131000000.0,9618000000.0,2406000000.0,2408000000.0,589000000.0,1819000000.0,62122339520.0,22.63,0.66,3.2,39.94,47.9,43.0,28.5,9.9,14.6,0.58,2.5,-15.2,annual:interest_expense,revenue=RevenueFromContractWithCustomerExcludingAssessedTax+SalesRevenueNet+Revenues;net_income=NetIncomeLoss;ebit=OperatingIncomeLoss;ocf=NetCashProvidedByUsedInOperatingActivities;capex=PaymentsToAcquirePropertyPlantAndEquipment;interest_expense=InterestExpenseNonoperating+InterestExpense;assets=Assets;equity=StockholdersEquity;long_term_debt=LongTermDebtNoncurrent;short_term_debt=LongTermDebtCurrent;cash=CashAndCashEquivalentsAtCarryingValue,7.8,87.71,400.1,32.06,4.2,19.2,13.6,5.6,9.0,6.5,3.6,9.5,8.0,1.9,16.5,10.4,9.8,12.4,8.0,ttm,edgar,,95,yfinance,,Overvalued
HAL,0000045012,Halliburton Company,Energy,Oil & Gas Equipment & Services,yfinance,False,NYSE,1389,"Oil & Gas Field Services, NEC",16.68,16.68,0.0,10.98,2.901,1.91,1.91,1.9,0.5,ok,yfinance,,-11.21,31.85,28.65,1.91,28.65,0.0,2026-06-30,Cyclical,12.0,P/E 12 on 3-year normalized (mid-cycle) earnings,"Erratic, cycle-driven earnings: a low P/E can signal the peak of the cycle, not a bargain. The multiple is applied to mid-cycle earnings, so the fair value does not follow the peak.",earnings,normalized,,medium,erratic earnings (volatility 62),22.92,ok,39.0,Overvalued,-26.1,5-year trend (regression on all points),,-26.1,0,0,,62.3,-1.43,,2.413,False,53,5,11.2,2.14,0.68,4.0,0.68,2.14,False,26535202816.0,833130367.0,2026-10-20,0.77,5.24,22373000000.0,22184000000.0,1602000000.0,2559000000.0,2750000000.0,1725000000.0,,1672000000.0,11010000000.0,25828000000.0,7071000000.0,7161000000.0,2048000000.0,5113000000.0,31648202816.0,12.37,2.0,1.19,15.38,14.9,42.6,9.9,7.2,11.4,0.64,6.5,-31.0,ttm,revenue=RevenueFromContractWithCustomerIncludingAssessedTax+SalesRevenueNet+Revenues;net_income=NetIncomeLoss;ebit=OperatingIncomeLoss;ocf=NetCashProvidedByUsedInOperatingActivities;capex=PaymentsToAcquireProductiveAssets;interest_expense=InterestExpenseDebt+InterestExpense;assets=Assets;equity=StockholdersEquity;long_term_debt=LongTermDebtNoncurrent;short_term_debt=DebtCurrent;cash=CashAndCashEquivalentsAtCarryingValue,0.6,13.22,26.85,2.07,,,,-0.1,10.8,1.8,-3.5,11.5,,-13.3,61.7,,-3.8,10.5,,ttm,edgar,,95,yfinance,,Overvalued
HAS,0000046080,"Hasbro, Inc.",Consumer Cyclical,Leisure,yfinance,False,Nasdaq,3944,"Games, Toys & Children's Vehicles (No Dolls & Bicycles)",16.02,16.02,0.0,13.77,6.503,5.59,5.59,5.61,0.4,ok,yfinance,,238.18,89.54,83.85,,,,2026-06-28,Turnaround,,earnings not normalizable — back to profit only 0.2 years ago,Losses too recent or too frequent for the P/E to be a reliable basis. Assess the margin recovery and the balance sheet strength.,none,current,,low,erratic earnings (volatility 81),,no valuation anchor for this category,,N/A,13.0,"5-year CAGR (two endpoints, window contains losses)",13.0,,10,1,0.2,80.7,1.01,1.23,17.937,True,63,8,6.8,3.13,2.8,4.0,2.8,3.13,False,12629121024.0,141044467.0,2026-10-20,0.47,5.24,4973200000.0,4701300000.0,794100000.0,1161400000.0,1288200000.0,1213600000.0,169500000.0,829900000.0,730300000.0,6037200000.0,3041200000.0,3538200000.0,880500000.0,2657700000.0,15286821024.0,13.16,2.29,2.54,10.41,158.8,12.1,19.2,16.0,23.4,4.16,9.61,9.2,ttm,revenue=RevenueFromContractWithCustomerExcludingAssessedTax+Revenues+SalesRevenueNet;net_income=NetIncomeLoss;ebit=OperatingIncomeLoss;ocf=NetCashProvidedByUsedInOperatingActivities+NetCashProvidedByUsedInOperatingActivitiesContinuingOperations;capex=PaymentsToAcquirePropertyPlantAndEquipment;interest_expense=InterestExpenseNonoperating+InterestExpense;assets=Assets;equity=StockholdersEquity;long_term_debt=LongTermDebtNoncurrent;short_term_debt=LongTermDebtCurrent;cash=CashAndCashEquivalentsAtCarryingValue,17.0,5.18,35.26,8.6,,13.0,3.9,-3.7,-3.5,0.7,89.4,0.7,9.3,,13.6,5.1,55.5,-0.1,7.2,ttm,edgar,,97,yfinance,,Overvalued
HBAN,0000049196,Huntington Bancshares Incorporated,Financial Services,Banks - Regional,yfinance,False,Nasdaq,6021,National Commercial Banks,11.7,11.7,0.0,8.63,1.776,1.31,1.31,1.3,0.8,ok,yfinance,,-0.0,15.33,19.65,1.31,19.65,0.0,2026-03-31,Slow Grower,10.7,"P/E = growth 7% + dividend 4.0% (floor 6, cap 12) · 5-year trend (regression on all points)",Modest growth: deserves a contained multiple. The dividend partly offsets the lower growth.,earnings,current,,high,"consistent earnings, growth measured over the full 5-year window",14.03,ok,9.3,Overvalued,6.7,5-year trend (regression on all points),2.7,6.7,0,0,,32.8,0.92,1.76,1.041,False,62,13,-22.0,4.04,0.62,4.0,0.62,4.04,False,30972958720.0,2020414826.0,2026-10-22,0.94,5.24,1683000000.0,1562000000.0,2207000000.0,2676000000.0,2493000000.0,2156000000.0,,2215000000.0,32535000000.0,285372000000.0,21594000000.0,23469000000.0,19186000000.0,4283000000.0,35255958720.0,13.17,1.6,18.4,14.37,8.3,11.4,0.9,131.1,159.0,0.66,6.96,30.8,ttm,revenue=RevenueFromContractWithCustomerExcludingAssessedTax;net_income=NetIncomeLoss;ebit=IncomeLossFromContinuingOperationsBeforeIncomeTaxesExtraordinaryItemsNoncontrollingInterest+IncomeLossFromContinuingOperationsBeforeIncomeTaxesMinorityInterestAndIncomeLossFromEquityMethodInvestments;ocf=NetCashProvidedByUsedInOperatingActivities;capex=PaymentsToAcquirePropertyPlantAndEquipment;interest_expense=InterestExpense;assets=Assets;equity=StockholdersEquity;long_term_debt=LongTermDebt;short_term_debt=ShortTermBorrowings;cash=CashAndCashEquivalentsAtCarryingValue,13.5,16.1,0.83,1.07,-5.7,2.7,4.7,6.7,13.9,9.4,-11.8,29.9,6.5,-2.5,11.2,12.2,-9.0,28.4,7.2,ttm,edgar,,186,yfinance,,Undervalued
HCA,0000860730,"HCA Healthcare, Inc.",Healthcare,Medical Care Facilities,yfinance,False,NYSE,8062,"Services-General Medical & Surgical Hospitals, NEC",14.2,14.2,0.0,13.33,32.016,30.04,30.04,29.03,3.4,ok,yfinance,1.035,28.91,426.69,450.6,22.9,343.5,31.2,2026-03-31,Slow Grower,6.0,"P/E = growth 5% + dividend 0.7% (floor 6, cap 12) · 5-year trend (regression on all points)",Modest growth: deserves a contained multiple. The dividend partly offsets the lower growth.,earnings,current,,high,"consistent earnings, growth measured over the full 5-year window",180.24,ok,136.7,Overvalued,4.5,5-year trend (regression on all points),7.4,4.5,0,0,,18.5,0.37,3.14,-14.002,False,62,0,-5.3,0.73,3.12,4.0,3.06,0.72,False,92379029504.0,216501500.0,2026-10-27,1.11,5.24,76388000000.0,75600000000.0,6794000000.0,9792000000.0,12999000000.0,7927000000.0,2285000000.0,7692000000.0,-6303000000.0,61450000000.0,39491000000.0,48023000000.0,940000000.0,47083000000.0,139462029504.0,14.24,4.81,1.21,11.65,,-10.3,15.9,8.9,12.8,,8.58,36.4,ttm,revenue=Revenues+RevenueFromContractWithCustomerIncludingAssessedTax;net_income=NetIncomeLoss;ebit=IncomeLossFromContinuingOperationsBeforeIncomeTaxesExtraordinaryItemsNoncontrollingInterest;ocf=NetCashProvidedByUsedInOperatingActivities+NetCashProvidedByUsedInOperatingActivitiesContinuingOperations;capex=PaymentsToAcquirePropertyPlantAndEquipment;interest_expense=InterestExpense;assets=Assets;equity=StockholdersEquity;long_term_debt=LongTermDebtNoncurrent;short_term_debt=DebtCurrent;cash=CashAndCashEquivalentsAtCarryingValue,6.7,-29.11,352.83,36.61,13.5,7.4,18.5,7.9,7.7,7.0,23.1,1.9,11.5,5.8,8.1,11.8,13.1,5.7,9.8,ttm,edgar,,186,yfinance,,Undervalued
HD,0000354950,"The Home Depot, Inc.",Consumer Cyclical,Home Improvement Retail,yfinance,False,NYSE,5211,Retail-Lumber & Other Building Materials Dealers,19.77,19.77,0.0,17.65,16.025,14.31,14.31,14.29,0.1,ok,yfinance,,-2.86,282.85,214.65,14.751,221.26,-3.0,2026-08-02,Slow Grower (declining earnings),6.0,P/E = 0% growth credit + dividend 3.3% (floor 6) · 5-year trend (regression on all points),"Earnings are contracting, so the model gives no credit for growth: the multiple comes from the dividend and the floor alone. Applied to normalized earnings where available, since the latest figure of a declining company is its lowest point. Check whether the decline is cyclical or structural.",earnings,current,,medium,earnings declining -3%/year,85.86,ok,229.4,Overvalued,-2.7,5-year trend (regression on all points),0.1,-2.7,0,0,,11.8,0.03,,16.988,False,67,13,31.8,3.3,9.32,4.0,9.29,3.28,False,282196508672.0,997689626.0,2026-11-17,0.95,5.24,169176000000.0,164683000000.0,14231000000.0,21022000000.0,18779000000.0,15099000000.0,2416000000.0,12646000000.0,16617000000.0,109384000000.0,43951000000.0,48199000000.0,2085000000.0,46114000000.0,328310508672.0,15.62,2.19,1.67,18.69,104.3,15.2,19.2,8.4,12.4,2.64,5.35,-22.5,ttm,revenue=RevenueFromContractWithCustomerExcludingAssessedTax+SalesRevenueNet+Revenues;net_income=NetIncomeLoss;ebit=OperatingIncomeLoss;ocf=NetCashProvidedByUsedInOperatingActivities;capex=PaymentsToAcquireProductiveAssets;interest_expense=InterestExpenseNonoperating+InterestExpense;assets=Assets;equity=StockholdersEquity;long_term_debt=LongTermDebtNoncurrent;short_term_debt=LongTermDebtCurrent;cash=CashAndCashEquivalentsAtCarryingValue,2.5,16.66,169.57,15.13,-3.7,0.1,9.2,3.0,3.2,6.3,-2.4,5.6,5.5,-4.3,-1.4,6.7,-1.5,6.1,6.2,ttm,edgar,,62,yfinance,,Overvalued
HIG,0000874766,"The Hartford Insurance Group, Inc.",Financial Services,Insurance - Diversified,yfinance,False,NYSE,6331,"Fire, Marine & Casualty Insurance",8.68,8.68,0.0,9.19,13.712,14.52,14.52,15.45,6.4,ok,yfinance,0.94,40.07,126.05,217.8,9.577,143.65,51.6,2026-06-30,Fast Grower,23.8,P/E = growth 22% + dividend 1.9% (capped at 25) · 5-year trend (regression on all points),"High growth: the multiple tracks the growth rate but is capped at 25, because very few companies sustain that pace for years.",earnings,current,,high,"consistent earnings, growth measured over the full 5-year window",345.84,ok,-63.6,Undervalued,21.9,5-year trend (regression on all points),21.2,21.9,0,0,,28.8,2.74,0.4,1.774,False,67,1,-42.1,1.9,2.4,4.0,2.4,1.9,False,34143416320.0,270872002.0,2026-10-26,0.45,5.24,1277000000.0,1506000000.0,4365000000.0,5019000000.0,5880000000.0,5873000000.0,199000000.0,5753000000.0,19633000000.0,87983000000.0,4374000000.0,4374000000.0,203000000.0,4171000000.0,38314416320.0,7.63,0.83,26.74,5.81,23.5,22.3,5.7,341.8,393.0,0.22,17.2,-0.2,ttm,revenue=RevenueFromContractWithCustomerExcludingAssessedTax+Revenues;net_income=NetIncomeLoss+ProfitLoss;ebit=IncomeLossFromContinuingOperationsBeforeIncomeTaxesExtraordinaryItemsNoncontrollingInterest+IncomeLossFromContinuingOperationsBeforeIncomeTaxesMinorityInterestAndIncomeLossFromEquityMethodInvestments+OperatingIncomeLoss;ocf=NetCashProvidedByUsedInOperatingActivities;capex=PaymentsToAcquirePropertyPlantAndEquipment;interest_expense=InterestExpense;assets=Assets;equity=StockholdersEquity;long_term_debt=LongTermDebtNoncurrent;short_term_debt=DebtCurrent;cash=CashCashEquivalentsRestrictedCashAndRestrictedCashEquivalents,4.8,72.48,4.71,21.68,35.3,21.2,16.9,-43.4,-27.7,-22.9,22.0,7.5,10.7,29.4,15.2,12.5,19.7,7.0,9.1,ttm,edgar,,95,yfinance,,Undervalued
HII,0001501585,"Huntington Ingalls Industries, Inc.",Industrials,Aerospace & Defense,yfinance,False,NYSE,3730,Ship & Boat Building & Repairing,16.34,16.34,0.0,12.89,20.835,16.43,16.43,16.8,2.3,ok,yfinance,0.978,25.75,268.54,246.45,15.051,225.77,9.2,2026-06-30,Slow Grower,6.0,"P/E = growth 0% + dividend 2.1% (floor 6, cap 12) · 5-year trend (regression on all points)",Modest growth: deserves a contained multiple. The dividend partly offsets the lower growth.,earnings,current,,high,"consistent earnings, growth measured over the full 5-year window",98.58,ok,172.4,Overvalued,0.4,5-year trend (regression on all points),-1.9,0.4,0,0,,29.4,0.15,37.75,1.992,False,59,0,9.0,2.06,5.52,4.0,5.52,2.06,False,10581711872.0,39404598.0,2026-10-29,0.23,5.24,13185000000.0,12484000000.0,661000000.0,698000000.0,347000000.0,-82000000.0,98000000.0,794000000.0,5312000000.0,12682000000.0,2702000000.0,2702000000.0,12000000.0,2690000000.0,13271711872.0,19.01,3.85,0.8,,13.0,41.9,5.5,5.0,5.3,0.51,-0.77,2953.8,ttm,revenue=Revenues+SalesRevenueNet;net_income=NetIncomeLoss;ebit=OperatingIncomeLoss;ocf=NetCashProvidedByUsedInOperatingActivities;capex=PaymentsToAcquirePropertyPlantAndEquipment+PaymentsToAcquireProductiveAssets;interest_expense=InterestExpense;assets=Assets;equity=StockholdersEquity;long_term_debt=LongTermDebtNoncurrent;short_term_debt=LongTermDebtCurrent;cash=CashAndCashEquivalentsAtCarryingValue,14.0,134.81,334.61,-2.08,8.9,-1.9,6.4,6.6,6.6,6.3,,,,8.3,-2.4,4.4,-19.1,-18.5,-9.2,ttm,edgar,,95,yfinance,,Overvalued
HLT,0001585689,Hilton Worldwide Holdings Inc.,Consumer Cyclical,Lodging,yfinance,False,NYSE,7011,Hotels & Motels,46.28,46.28,0.0,30.55,10.455,6.9,6.9,6.81,1.3,ok,yfinance,,4.77,319.36,103.5,6.211,93.17,11.1,2026-06-30,Cyclical,12.0,P/E 12 on 3-year normalized (mid-cycle) earnings,"Erratic, cycle-driven earnings: a low P/E can signal the peak of the cycle, not a bargain. The multiple is applied to mid-cycle earnings, so the fair value does not follow the peak.",earnings,normalized,,low,"growth measured on a short window (3-year trend — no usable 5-year history); erratic earnings (volatility 57); one loss episode 5 years ago, profitable since",74.53,ok,328.5,Overvalued,18.5,3-year trend — no usable 5-year history,,,1,1,5.0,56.8,0.4,2.5,-11.436,True,51,1,208.6,0.19,0.6,4.0,0.6,0.19,False,71876730880.0,225064910.0,2026-10-27,1.06,5.24,12485000000.0,12039000000.0,1584000000.0,2915000000.0,2109000000.0,2029000000.0,669000000.0,2028000000.0,-6303000000.0,16928000000.0,12719000000.0,12719000000.0,1009000000.0,11710000000.0,83586730880.0,28.67,4.02,5.76,35.42,,-37.2,17.2,12.7,23.3,,2.82,5.8,ttm,revenue=RevenueFromContractWithCustomerExcludingAssessedTax+Revenues;net_income=NetIncomeLoss;ebit=OperatingIncomeLoss;ocf=NetCashProvidedByUsedInOperatingActivities;capex=PaymentsToAcquirePropertyPlantAndEquipment;interest_expense=InterestExpenseNonoperating+InterestExpense;assets=Assets;equity=StockholdersEquity;long_term_debt=LongTermDebtAndCapitalLeaseObligations;short_term_debt=LongTermDebtCurrent;cash=CashAndCashEquivalentsAtCarryingValue,8.7,-28.01,55.47,9.02,12.5,,3.2,8.5,25.4,5.5,3.2,,5.8,7.0,,-0.4,2.7,,3.7,ttm,edgar,,95,yfinance,,Overvalued
HON,0000773840,Honeywell International Inc.,Industrials,Conglomerates,yfinance,False,Nasdaq,3724,Aircraft Engines & Engine Parts,9.73,8.22,18.4,21.71,9.857,21.994,26.04,21.994,15.5,check,edgar,,90.43,213.99,329.9,9.316,139.74,136.1,2026-06-30,Stalwart,14.7,P/E = growth 13% + dividend 1.3% · 5-year trend (regression on all points),"Solid, predictable growth: the fair P/E matches the growth rate plus the dividend yield (PEG = 1).",earnings,current,,high,"consistent earnings, growth measured over the full 5-year window",323.72,ok,-33.9,Undervalued,13.4,5-year trend (regression on all points),25.8,13.4,0,0,,16.6,1.51,0.73,3.659,False,67,11,-35.1,1.31,2.8,4.0,4.4441,2.08,False,67821993984.0,316940010.0,2026-10-22,0.9,5.24,38057000000.0,37442000000.0,8213000000.0,7872000000.0,5118000000.0,4010000000.0,1447000000.0,5422000000.0,18537000000.0,77344000000.0,26228000000.0,28706000000.0,8751000000.0,19955000000.0,87776993984.0,11.15,2.53,1.78,16.91,47.4,24.0,10.2,21.6,20.7,1.41,5.91,3.8,ttm,revenue=RevenueFromContractWithCustomerExcludingAssessedTax+SalesRevenueNet+Revenues;net_income=NetIncomeLoss;ebit=OperatingIncomeLoss+IncomeLossFromContinuingOperationsBeforeIncomeTaxesExtraordinaryItemsNoncontrollingInterest+IncomeLossFromContinuingOperationsBeforeIncomeTaxesMinorityInterestAndIncomeLossFromEquityMethodInvestments;ocf=NetCashProvidedByUsedInOperatingActivities+NetCashProvidedByUsedInOperatingActivitiesContinuingOperations;capex=PaymentsToAcquirePropertyPlantAndEquipment;interest_expense=InterestExpenseNonoperating+InterestAndDebtExpense;assets=Assets;equity=StockholdersEquity;long_term_debt=LongTermDebtAndCapitalLeaseObligations;short_term_debt=ShortTermBorrowings;cash=CashAndCashEquivalentsAtCarryingValue,5.0,58.49,120.08,12.65,40.2,25.8,13.8,1.7,2.3,-0.3,-1.3,-4.7,-1.0,14.6,10.6,5.1,0.6,-3.3,-0.9,ttm,edgar,,95,yfinance,,Undervalued
HOOD,0001783879,"Robinhood Markets, Inc.",Financial Services,Capital Markets,yfinance,False,Nasdaq,6211,"Security Brokers, Dealers & Flotation Companies",49.23,49.23,0.0,32.8,3.437,2.29,2.29,2.26,1.3,ok,yfinance,,15.31,112.74,34.35,1.677,25.15,36.6,2026-06-30,Unclassified,,growth not calculable on any window,"Not enough usable earnings history to estimate growth on any of the four windows tried (5-year trend and CAGR, 3-year trend and CAGR). No category multiple is assigned: the fixed P/E 15 line is the only reading available.",none,current,,low,"growth not calculable on any window; erratic earnings (volatility 102); one loss episode 2 years ago, profitable since",,no valuation anchor for this category,,N/A,,not calculable,,,7,1,2.5,102.4,,,10.691,True,19,0,228.2,,,,,,False,101362540544.0,899082273.0,2026-10-27,2.34,5.24,4932000000.0,4473000000.0,2072000000.0,2415000000.0,245000000.0,,,-880000000.0,9541000000.0,56550000000.0,2170000000.0,2170000000.0,5362000000.0,-3192000000.0,98170540544.0,40.65,-1.32,20.55,,23.5,16.9,4.3,42.0,49.0,0.23,,7.2,ttm,revenue=Revenues+RevenueFromContractWithCustomerExcludingAssessedTax;net_income=NetIncomeLoss;ebit=IncomeLossFromContinuingOperationsBeforeIncomeTaxesExtraordinaryItemsNoncontrollingInterest+IncomeLossFromContinuingOperationsBeforeIncomeTaxesMinorityInterestAndIncomeLossFromEquityMethodInvestments;ocf=NetCashProvidedByUsedInOperatingActivities;capex=PaymentsToAcquireProductiveAssets;assets=Assets;equity=StockholdersEquity;long_term_debt=ConvertibleDebtNoncurrent;cash=CashAndCashEquivalentsAtCarryingValue,38.3,10.61,5.49,,,,,43.5,25.9,,,,,,,,-40.6,3.0,,ttm,edgar,,95,yfinance,dividend_yield;growth_5y;free_cash_flow,Overvalued
HPE,0001645590,Hewlett Packard Enterprise Company,Technology,Communication Equipment,yfinance,False,NYSE,3570,Computer & office Equipment,33.33,33.33,0.0,14.75,4.699,2.08,2.08,1.94,6.7,ok,yfinance,1.072,128.24,69.33,31.2,1.485,22.27,40.1,2026-07-31,Turnaround,10.0,P/E 10 on 3-year normalized earnings — back to profit only 0.5 years ago,"A recovery multiple, not a PEG multiple: the growth rate of a company coming out of losses measures the rebound, not a trend, and using it as a multiple is how a fair value becomes nonsense. Applied to normalized earnings, and deliberately below the market average.",earnings,normalized,,low,erratic earnings (volatility 160),14.85,ok,366.9,Overvalued,20.3,"5-year CAGR (two endpoints, window contains losses)",20.3,,2,1,0.5,159.6,0.63,1.64,3.473,True,44,2,122.2,0.83,0.572,4.0,0.572,0.83,False,92033138688.0,1327464779.0,2026-09-02,1.44,5.24,41871000000.0,34296000000.0,2791000000.0,2602000000.0,6694000000.0,4156000000.0,598000000.0,627000000.0,26514000000.0,83596000000.0,17343000000.0,20244000000.0,6216000000.0,14028000000.0,106061138688.0,40.76,5.39,2.2,22.14,11.0,31.7,3.1,6.7,6.2,0.65,4.52,-68.2,annual:interest_expense,revenue=Revenues;net_income=NetIncomeLoss+ProfitLoss;ebit=OperatingIncomeLoss;ocf=NetCashProvidedByUsedInOperatingActivities+NetCashProvidedByUsedInOperatingActivitiesContinuingOperations;capex=PaymentsToAcquireProductiveAssets;interest_expense=InterestExpenseDebt;assets=Assets;equity=StockholdersEquity;long_term_debt=LongTermDebtNoncurrent;short_term_debt=DebtCurrent;cash=CashAndCashEquivalentsAtCarryingValue,26.6,19.97,31.54,3.13,33.2,20.3,-2.7,12.2,8.7,6.8,41.5,25.7,,37.3,22.0,-4.1,13.1,12.8,10.0,ttm,edgar,,64,yfinance,,Overvalued
HPQ,0000047217,HP Inc.,Technology,Computer Hardware,yfinance,False,NYSE,3570,Computer & office Equipment,12.26,12.26,0.0,10.24,3.138,2.62,2.62,2.62,0.0,ok,yfinance,,-4.38,32.12,39.3,2.76,41.4,-5.1,2026-07-31,Slow Grower (declining earnings),6.0,P/E = 0% growth credit + dividend 3.7% (floor 6) · 5-year trend (regression on all points),"Earnings are contracting, so the model gives no credit for growth: the multiple comes from the dividend and the floor alone. Applied to normalized earnings where available, since the latest figure of a declining company is its lowest point. Check whether the decline is cyclical or structural.",earnings,current,,medium,earnings declining -11%/year,15.72,ok,104.3,Overvalued,-11.3,5-year trend (regression on all points),-3.9,-11.3,0,0,,31.0,-0.62,,-314.902,False,68,8,-18.3,3.74,1.2,4.0,1.2,3.74,False,28965525504.0,901790969.0,2026-11-24,1.21,5.24,59162000000.0,55295000000.0,2451000000.0,3222000000.0,4668000000.0,3881000000.0,394000000.0,2800000000.0,-92000000.0,45701000000.0,7868000000.0,9160000000.0,4169000000.0,4991000000.0,33956525504.0,10.54,1.55,0.49,7.46,,-0.2,7.1,4.1,5.4,,13.4,-11.3,ttm,revenue=Revenues;net_income=NetIncomeLoss+NetIncomeLossAvailableToCommonStockholdersBasic+ProfitLoss;ebit=OperatingIncomeLoss;ocf=NetCashProvidedByUsedInOperatingActivities+NetCashProvidedByUsedInOperatingActivitiesContinuingOperations;capex=PaymentsToAcquireProductiveAssets+PaymentsToAcquirePropertyPlantAndEquipment;interest_expense=InterestExpenseDebt+InterestExpense;assets=Assets;equity=StockholdersEquity;long_term_debt=LongTermDebtNoncurrent;short_term_debt=DebtCurrent;cash=CashAndCashEquivalentsAtCarryingValue,8.1,-0.1,65.61,4.3,4.3,-3.9,3.4,2.7,-1.0,2.1,9.9,-4.6,-1.3,2.6,-9.5,-3.0,10.1,-3.0,-2.0,ttm,edgar,,64,yfinance,,Undervalued
HRL,0000048465,Hormel Foods Corporation,Consumer Defensive,Packaged Foods,yfinance,False,NYSE,2011,Meat Packing Plants,32.14,32.14,0.0,12.89,1.572,0.63,0.63,0.63,0.0,ok,yfinance,,-54.35,20.25,9.45,1.38,20.7,-54.3,2026-07-26,Slow Grower (declining earnings),6.0,P/E = 0% growth credit + dividend 5.8% (floor 6) · 5-year trend (regression on all points),"Earnings are contracting, so the model gives no credit for growth: the multiple comes from the dividend and the floor alone. Applied to normalized earnings where available, since the latest figure of a declining company is its lowest point. Check whether the decline is cyclical or structural.",earnings,current,,medium,earnings declining -16%/year,3.78,ok,435.7,Overvalued,-15.9,5-year trend (regression on all points),-16.8,-15.9,0,0,,10.4,-0.31,,1.421,False,64,6,114.3,5.79,1.172,4.0,1.169,5.77,False,11144603648.0,550350800.0,2026-08-27,0.32,5.24,12146911000.0,12106160000.0,342711000.0,573886000.0,1091658000.0,780869000.0,78785000.0,534349000.0,7843444000.0,13292014000.0,2349489000.0,2855123000.0,839639000.0,2015484000.0,13160087648.0,22.93,3.51,0.92,14.27,4.3,59.0,4.3,2.8,4.7,0.3,7.01,-47.1,ttm,revenue=RevenueFromContractWithCustomerIncludingAssessedTax+SalesRevenueNet;net_income=NetIncomeLoss+NetIncomeLossAvailableToCommonStockholdersBasic;ebit=OperatingIncomeLoss+IncomeLossFromContinuingOperationsBeforeIncomeTaxesExtraordinaryItemsNoncontrollingInterest;ocf=NetCashProvidedByUsedInOperatingActivities+NetCashProvidedByUsedInOperatingActivitiesContinuingOperations;capex=PaymentsToAcquirePropertyPlantAndEquipment;interest_expense=InterestExpenseNonoperating+InterestExpense;assets=Assets;equity=StockholdersEquity;long_term_debt=LongTermDebtNoncurrent;short_term_debt=LongTermDebtCurrent;cash=CashAndCashEquivalentsAtCarryingValue,0.7,14.25,22.07,1.42,-26.8,-16.8,-8.5,-0.1,3.2,2.7,-2.5,13.9,1.0,-27.0,-16.8,-8.5,-0.3,9.7,1.7,ttm,edgar,,69,yfinance,,Overvalued
HSIC,0001000228,"Henry Schein, Inc.",Healthcare,Medical Distribution,yfinance,False,Nasdaq,5047,"Wholesale-Medical, Dental & Hospital Equipment & Supplies",24.75,24.75,0.0,14.17,5.99,3.43,3.43,3.43,0.0,ok,yfinance,,10.29,84.88,51.45,3.17,47.55,8.2,2026-06-27,Slow Grower (declining earnings),6.0,P/E = 0% growth credit + dividend not available (treated as 0) (floor 6) · 5-year trend (regression on all points),"Earnings are contracting, so the model gives no credit for growth: the multiple comes from the dividend and the floor alone. Applied to normalized earnings where available, since the latest figure of a declining company is its lowest point. Check whether the decline is cyclical or structural.",earnings,current,,medium,earnings declining -8%/year,20.58,ok,312.4,Overvalued,-8.4,5-year trend (regression on all points),-4.1,-8.4,0,0,,31.6,-0.34,,3.009,False,67,3,65.0,,,,,,False,9459581952.0,111446542.0,2026-11-03,0.81,5.24,13602000000.0,13184000000.0,424000000.0,680000000.0,700000000.0,569000000.0,159000000.0,573000000.0,3157000000.0,11381000000.0,2300000000.0,3324000000.0,157000000.0,3167000000.0,12626581952.0,18.57,4.66,0.7,16.62,12.8,27.7,6.0,3.1,5.0,0.73,6.02,-18.1,ttm,revenue=RevenueFromContractWithCustomerExcludingAssessedTax+Revenues+SalesRevenueNet;net_income=NetIncomeLoss;ebit=OperatingIncomeLoss;ocf=NetCashProvidedByUsedInOperatingActivities+NetCashProvidedByUsedInOperatingActivitiesContinuingOperations;capex=PaymentsToAcquireProductiveAssets;interest_expense=InterestExpense;assets=Assets;equity=StockholdersEquity;long_term_debt=LongTermDebtNoncurrent;short_term_debt=LongTermDebtCurrent;cash=CashAndCashEquivalentsAtCarryingValue,6.5,28.33,122.05,5.11,0.1,-4.1,4.0,2.6,2.7,2.0,2.3,-6.2,-0.0,-4.5,-6.9,-1.5,2.4,-3.4,1.0,ttm,edgar,,98,yfinance,dividend_yield,Overvalued
HST,0001070750,"Host Hotels & Resorts, Inc.",Real Estate,REIT - Hotel & Motel,yfinance,False,Nasdaq,6798,Real Estate Investment Trusts,15.14,15.14,0.0,21.37,1.056,1.49,1.49,1.5,0.7,ok,yfinance,,59.57,22.56,22.35,1.038,15.57,43.5,2026-06-30,Stalwart (mid cap),14.1,P/E = growth 11% + dividend 3.5% · 3-year trend — no usable 5-year history,"Solid, predictable growth: the fair P/E matches the growth rate plus the dividend yield (PEG = 1).",earnings,current,,low,"growth measured on a short window (3-year trend — no usable 5-year history); one loss episode 4 years ago, profitable since",20.98,ok,7.5,Overvalued,10.5,3-year trend — no usable 5-year history,,,1,1,4.5,16.1,0.93,1.44,2.419,True,44,3,0.9,3.55,0.8,4.0,1.67,7.4,True,15673028608.0,694726443.0,2026-11-04,1.1,5.24,6219000000.0,6114000000.0,1027000000.0,905000000.0,1606000000.0,1330000000.0,237000000.0,1228000000.0,6388000000.0,13253000000.0,1274000000.0,5082000000.0,1953000000.0,3129000000.0,18802028608.0,20.78,3.46,2.52,11.78,15.8,48.2,6.8,16.5,14.6,0.2,8.49,-0.8,ttm,revenue=RevenueFromContractWithCustomerExcludingAssessedTax+Revenues;net_income=NetIncomeLoss;ebit=OperatingIncomeLoss+IncomeLossFromContinuingOperationsBeforeIncomeTaxesMinorityInterestAndIncomeLossFromEquityMethodInvestments;ocf=NetCashProvidedByUsedInOperatingActivities;capex=PaymentsForCapitalImprovements+PaymentsToAcquireProductiveAssets+PaymentsToAcquirePropertyPlantAndEquipment;interest_expense=InterestExpenseNonoperating+InterestExpense;assets=Assets;equity=StockholdersEquity;long_term_debt=LongTermDebt;cash=CashAndCashEquivalentsAtCarryingValue,4.9,9.19,8.95,1.91,12.6,,3.7,6.0,32.7,1.4,1.1,,4.0,10.7,,2.8,1.7,,2.8,ttm,edgar,,95,yfinance,,Overvalued
HSY,0000047111,The Hershey Company,Consumer Defensive,Confectioners,yfinance,False,NYSE,2060,Sugar & Confectionery Products,21.74,21.74,0.0,16.25,9.859,7.37,7.37,7.411,0.6,ok,yfinance,,-2.66,160.19,110.55,8.778,131.68,-16.0,2026-06-28,Slow Grower (declining earnings),6.0,P/E = 0% growth credit + dividend 3.6% (floor 6) · 5-year trend (regression on all points),"Earnings are contracting, so the model gives no credit for growth: the multiple comes from the dividend and the floor alone. Applied to normalized earnings where available, since the latest figure of a declining company is its lowest point. Check whether the decline is cyclical or structural.",earnings,current,,medium,earnings declining -3%/year,44.22,ok,262.3,Overvalued,-3.1,5-year trend (regression on all points),0.7,-3.1,0,0,,14.8,0.02,,7.054,False,62,4,44.9,3.63,5.808,4.0,5.726,3.57,False,32186281984.0,200925657.0,2026-11-05,0.1,5.24,12163912000.0,11692576000.0,1489107000.0,2162830000.0,2656591000.0,2228157000.0,236112000.0,1822745000.0,4562690000.0,13973052000.0,4684968000.0,5189135000.0,791213000.0,4397922000.0,36584203984.0,16.91,2.03,2.65,14.45,32.8,32.7,15.5,12.2,17.8,1.03,6.92,-5.3,ttm,revenue=RevenueFromContractWithCustomerExcludingAssessedTax+Revenues+SalesRevenueNet;net_income=NetIncomeLoss+ProfitLoss;ebit=OperatingIncomeLoss+IncomeLossFromContinuingOperationsBeforeIncomeTaxesExtraordinaryItemsNoncontrollingInterest+IncomeLossFromContinuingOperationsBeforeIncomeTaxesMinorityInterestAndIncomeLossFromEquityMethodInvestments;ocf=NetCashProvidedByUsedInOperatingActivities;capex=PaymentsToAcquirePropertyPlantAndEquipment;interest_expense=InterestExpenseDebt+InterestExpense;assets=Assets;equity=StockholdersEquity;long_term_debt=LongTermDebtNoncurrent;short_term_debt=LongTermDebtCurrent;cash=CashAndCashEquivalentsAtCarryingValue,7.7,22.71,60.54,11.09,-6.0,0.7,7.2,3.9,7.0,5.2,10.5,6.6,10.4,-6.0,0.7,7.2,5.5,4.8,8.9,ttm,edgar-derived,"EPS non depositato in forma non dimensionale (societa' multiclasse): derivato da utile netto SEC / 200,925,657 azioni (yfinance). La serie storica usa un numero di azioni costante, quindi non riflette buyback e diluizioni passate.",97,yfinance,,Overvalued
HUBB,0000048898,Hubbell Incorporated,Industrials,Electrical Equipment & Parts,yfinance,False,NYSE,3670,Electronic Components & Accessories,27.63,27.63,0.0,20.72,22.954,17.21,17.21,16.93,1.6,ok,yfinance,,13.78,475.52,258.15,14.369,215.53,19.8,2026-03-31,Fast Grower,22.8,P/E = growth 22% + dividend 1.2% (capped at 25) · 5-year trend (regression on all points),"High growth: the multiple tracks the growth rate but is capped at 25, because very few companies sustain that pace for years.",earnings,current,,high,"consistent earnings, growth measured over the full 5-year window",393.19,ok,20.9,Overvalued,21.7,5-year trend (regression on all points),21.2,21.7,0,0,,15.7,0.83,1.28,6.422,False,62,9,84.2,1.19,5.68,4.0,5.68,1.19,False,25122945024.0,52832571.0,2026-10-27,0.89,5.24,5996100000.0,5844600000.0,905700000.0,1242200000.0,1079000000.0,909300000.0,,874700000.0,3768600000.0,8417700000.0,2037000000.0,2573000000.0,501600000.0,2071400000.0,27194345024.0,21.89,1.67,4.19,27.63,25.8,44.8,14.8,15.1,20.7,0.54,3.62,7.9,ttm,revenue=RevenueFromContractWithCustomerExcludingAssessedTax+SalesRevenueNet;net_income=NetIncomeLoss;ebit=OperatingIncomeLoss;ocf=NetCashProvidedByUsedInOperatingActivities+NetCashProvidedByUsedInOperatingActivitiesContinuingOperations;capex=PaymentsToAcquireProductiveAssets;interest_expense=InterestExpense;assets=Assets;equity=StockholdersEquity;long_term_debt=LongTermDebtNoncurrent;short_term_debt=DebtCurrent;cash=CashAndCashEquivalentsAtCarryingValue,7.2,71.33,113.49,17.21,18.7,21.2,13.5,5.7,10.3,5.8,13.4,12.1,11.7,18.3,20.7,12.6,12.2,12.5,11.1,ttm,edgar,,186,yfinance,,Overvalued
HUM,0000049071,Humana Inc.,Healthcare,Healthcare Plans,yfinance,False,NYSE,6324,Hospital & Medical Service Plans,36.92,36.92,0.0,23.41,16.592,10.52,10.52,9.37,10.9,ok,yfinance,1.123,-33.87,388.36,157.8,15.286,229.29,-31.2,2026-03-31,Slow Grower (declining earnings),6.0,P/E = 0% growth credit + dividend 0.9% (floor 6) · 5-year trend (regression on all points),"Earnings are contracting, so the model gives no credit for growth: the multiple comes from the dividend and the floor alone. Applied to normalized earnings where available, since the latest figure of a declining company is its lowest point. Check whether the decline is cyclical or structural.",earnings,current,,medium,earnings declining -18%/year,63.12,ok,515.3,Overvalued,-18.2,5-year trend (regression on all points),-19.7,-18.2,0,0,,27.8,-0.47,,2.427,False,66,4,146.1,0.91,3.54,4.0,2.655,0.68,False,46634385408.0,120080308.0,2026-11-06,0.74,5.24,6176000000.0,5833000000.0,1130000000.0,2444000000.0,1844000000.0,1272000000.0,664000000.0,375000000.0,18580000000.0,55280000000.0,12274000000.0,13993000000.0,4951000000.0,9042000000.0,55676385408.0,22.78,3.7,7.55,36.66,6.2,33.6,4.4,18.3,39.6,0.66,2.73,-84.3,ttm,revenue=RevenueFromContractWithCustomerIncludingAssessedTax+Revenues;net_income=NetIncomeLoss;ebit=OperatingIncomeLoss+IncomeLossFromContinuingOperationsBeforeIncomeTaxesMinorityInterestAndIncomeLossFromEquityMethodInvestments;ocf=NetCashProvidedByUsedInOperatingActivities;capex=PaymentsToAcquirePropertyPlantAndEquipment;interest_expense=InterestExpenseNonoperating+InterestExpense;assets=Assets;equity=StockholdersEquity;long_term_debt=LongTermDebtNoncurrent;short_term_debt=DebtCurrent;cash=CashAndCashEquivalentsAtCarryingValue,31.3,154.73,51.43,10.59,-27.6,-19.7,2.5,11.0,27.2,-19.5,-49.5,-17.2,5.6,-28.7,-21.2,0.3,-44.8,-15.7,3.9,ttm,edgar,,186,yfinance,,Overvalued
HWM,0000004281,Howmet Aerospace Inc.,Industrials,Aerospace & Defense,yfinance,False,NYSE,3350,Rolling Drawing & Extruding of  Nonferrous Metals,49.31,49.31,0.0,35.79,6.461,4.69,4.69,4.64,1.1,ok,yfinance,,36.07,231.27,70.35,2.967,44.5,58.1,2026-06-30,Fast Grower,25.0,P/E = growth 54% + dividend 0.2% (capped at 25) · 5-year trend (regression on all points),"High growth: the multiple tracks the growth rate but is capped at 25, because very few companies sustain that pace for years.",earnings,current,,high,"consistent earnings, growth measured over the full 5-year window",117.25,ok,97.2,Overvalued,54.2,5-year trend (regression on all points),47.3,54.2,0,0,,22.1,1.1,0.91,16.139,False,63,0,228.7,0.24,0.56,4.0,0.5,0.22,True,92230803456.0,398801399.0,2026-10-29,1.19,5.24,9117000000.0,8252000000.0,1871000000.0,2495000000.0,2221000000.0,1791000000.0,176000000.0,1431000000.0,5732000000.0,13251000000.0,4050000000.0,4501000000.0,563000000.0,3938000000.0,96168803456.0,38.54,1.58,10.12,51.5,34.7,43.3,18.8,20.5,27.4,0.71,1.94,46.5,annual:interest_expense,revenue=RevenueFromContractWithCustomerExcludingAssessedTax+SalesRevenueGoodsNet;net_income=NetIncomeLoss;ebit=OperatingIncomeLoss+IncomeLossFromContinuingOperationsBeforeIncomeTaxesMinorityInterestAndIncomeLossFromEquityMethodInvestments+IncomeLossFromContinuingOperationsBeforeIncomeTaxesExtraordinaryItemsNoncontrollingInterest;ocf=NetCashProvidedByUsedInOperatingActivities+NetCashProvidedByUsedInOperatingActivitiesContinuingOperations;capex=PaymentsToAcquirePropertyPlantAndEquipment;interest_expense=InterestAndDebtExpense+InterestExpenseNonoperating+InterestExpense;assets=Assets;equity=StockholdersEquity;long_term_debt=LongTermDebtNoncurrent;short_term_debt=DebtCurrent;cash=CashAndCashEquivalentsAtCarryingValue,18.1,14.37,22.86,4.49,54.4,47.3,,13.7,13.8,-3.0,45.6,81.5,,52.1,44.6,,42.2,53.0,6.5,ttm,edgar,,95,yfinance,,Overvalued
IBKR,0001381197,"Interactive Brokers Group, Inc.",Financial Services,Capital Markets,yfinance,False,Nasdaq,6211,"Security Brokers, Dealers & Flotation Companies",33.96,33.96,0.0,27.59,3.201,2.6,2.6,2.51,3.5,ok,yfinance,1.036,31.59,88.3,39.0,1.832,27.48,41.9,2026-06-30,Fast Grower,25.0,P/E = growth 30% + dividend 0.4% (capped at 25) · 5-year trend (regression on all points),"High growth: the multiple tracks the growth rate but is capped at 25, because very few companies sustain that pace for years.",earnings,current,,high,"consistent earnings, growth measured over the full 5-year window",65.0,ok,35.8,Overvalued,29.6,5-year trend (regression on all points),22.9,29.6,0,0,,19.6,0.88,1.15,6.739,False,63,1,126.4,0.4,0.352,4.0,0.336,0.38,True,150446915584.0,1703815587.0,2026-10-15,1.35,5.24,2729000000.0,2440000000.0,1126000000.0,5356000000.0,15915000000.0,,,,5904000000.0,247309000000.0,,13000000.0,7711000000.0,-7698000000.0,142748915584.0,26.65,-1.44,55.13,,21.0,2.4,2.2,41.3,196.3,,,,ttm,revenue=RevenueFromContractWithCustomerExcludingAssessedTax+Revenues;net_income=NetIncomeLossAvailableToCommonStockholdersBasic+NetIncomeLoss;ebit=IncomeLossFromContinuingOperationsBeforeIncomeTaxesExtraordinaryItemsNoncontrollingInterest;ocf=NetCashProvidedByUsedInOperatingActivities+NetCashProvidedByUsedInOperatingActivitiesContinuingOperations;interest_expense=InterestExpense;assets=Assets;equity=StockholdersEquity;short_term_debt=ShortTermBorrowings;cash=CashAndCashEquivalentsAtCarryingValue,22.1,3.47,1.6,,26.9,22.9,20.6,21.9,12.8,5.8,,,,30.4,28.9,27.5,64.4,10.9,34.3,ttm,edgar,,95,yfinance,free_cash_flow,Overvalued
IBM,0000051143,International Business Machines Corporation,Technology,Information Technology Services,yfinance,False,NYSE,3570,Computer & office Equipment,20.04,20.04,0.0,16.93,13.148,11.11,11.11,11.29,1.6,ok,yfinance,,82.69,222.64,166.65,8.128,121.92,36.7,2026-06-30,Fast Grower,25.0,P/E = growth 22% + dividend 3.0% (capped at 25) · 5-year trend (regression on all points),"High growth: the multiple tracks the growth rate but is capped at 25, because very few companies sustain that pace for years.",earnings,current,,medium,erratic earnings (volatility 54),277.75,ok,-19.8,Undervalued,22.3,5-year trend (regression on all points),13.3,22.3,0,0,,54.4,1.26,0.9,6.088,False,67,8,33.6,3.04,6.76,4.0,6.74,3.03,False,209756798976.0,942134390.0,2026-10-21,0.71,5.24,69096000000.0,67535000000.0,10725000000.0,10439000000.0,14888000000.0,13790000000.0,1929000000.0,12102000000.0,34452000000.0,152099000000.0,56212000000.0,61987000000.0,7172000000.0,54815000000.0,264571798976.0,25.34,5.25,3.04,15.21,34.6,22.7,6.9,15.5,15.1,1.63,6.57,-2.4,ttm,revenue=Revenues;net_income=NetIncomeLoss+ProfitLoss+NetIncomeLossAvailableToCommonStockholdersBasic;ebit=IncomeLossFromContinuingOperationsBeforeIncomeTaxesExtraordinaryItemsNoncontrollingInterest+IncomeLossFromContinuingOperationsBeforeIncomeTaxesMinorityInterestAndIncomeLossFromEquityMethodInvestments;ocf=NetCashProvidedByUsedInOperatingActivities+NetCashProvidedByUsedInOperatingActivitiesContinuingOperations;capex=PaymentsToAcquirePropertyPlantAndEquipment;interest_expense=InterestExpense;assets=Assets;equity=StockholdersEquity;long_term_debt=LongTermDebtNoncurrent;short_term_debt=DebtCurrent;cash=CashAndCashEquivalentsAtCarryingValue,7.9,36.57,73.34,14.64,72.7,13.3,-0.4,4.5,8.1,-1.5,8.2,-2.0,-0.9,74.3,15.0,-1.1,6.6,-3.4,-2.3,ttm,edgar,,95,yfinance,,Overvalued
ICE,0001571949,"Intercontinental Exchange, Inc.",Financial Services,Financial Data & Stock Exchanges,yfinance,False,NYSE,6200,"Security & Commodity Brokers, Dealers, Exchanges & Services",21.36,21.36,0.0,17.07,8.795,7.03,7.03,7.08,0.7,ok,yfinance,,35.89,150.15,105.45,4.771,71.57,47.3,2026-06-30,Slow Grower,6.0,"P/E = growth 3% + dividend 1.4% (floor 6, cap 12) · 5-year trend (regression on all points)",Modest growth: deserves a contained multiple. The dividend partly offsets the lower growth.,earnings,current,,high,"consistent earnings, growth measured over the full 5-year window",42.18,ok,256.0,Overvalued,3.2,5-year trend (regression on all points),7.2,3.2,0,0,,32.7,0.21,6.73,2.85,False,51,1,42.4,1.39,2.08,4.0,2.04,1.36,False,84293378048.0,561394487.0,2026-10-29,0.93,5.24,13426000000.0,12640000000.0,4038000000.0,5467000000.0,5514000000.0,5078000000.0,804000000.0,4289000000.0,29551000000.0,174247000000.0,18628000000.0,19846000000.0,1067000000.0,18779000000.0,103072378048.0,18.85,3.43,6.28,16.6,13.9,17.0,3.1,30.1,40.7,0.63,6.02,2.0,ttm,revenue=RevenueFromContractWithCustomerExcludingAssessedTax+Revenues;net_income=NetIncomeLoss;ebit=OperatingIncomeLoss;ocf=NetCashProvidedByUsedInOperatingActivities;capex=PaymentsToAcquirePropertyPlantAndEquipment;interest_expense=InterestExpenseNonoperating+InterestExpense;assets=Assets;equity=StockholdersEquity;long_term_debt=LongTermDebtNoncurrent;short_term_debt=LongTermDebtCurrent;cash=CashAndCashEquivalentsAtCarryingValue,6.9,52.64,23.92,9.05,32.8,7.2,11.3,11.9,9.0,12.5,14.1,12.2,13.4,33.7,7.5,10.9,14.9,12.1,12.9,ttm,edgar,,95,yfinance,,Overvalued
IDXX,0000874716,"IDEXX Laboratories, Inc.",Healthcare,Diagnostics & Research,yfinance,False,Nasdaq,2835,In Vitro & In Vivo Diagnostic Substances,36.4,36.4,0.0,30.97,16.737,14.24,14.24,14.23,0.1,ok,yfinance,,18.48,518.39,213.6,10.753,161.29,32.4,2026-06-30,Stalwart (mid cap),11.9,P/E = growth 12% + dividend 0.0% · 5-year trend (regression on all points),"Solid, predictable growth: the fair P/E matches the growth rate plus the dividend yield (PEG = 1).",earnings,current,,high,"consistent earnings, growth measured over the full 5-year window",168.97,ok,206.8,Overvalued,11.9,5-year trend (regression on all points),11.1,11.9,0,0,,17.8,0.33,3.07,25.355,False,63,4,142.7,,,,,,False,40839344128.0,78781116.0,2026-11-02,1.54,5.24,4553223000.0,4303702000.0,1139656000.0,1458603000.0,1371510000.0,1254332000.0,37788000.0,1057129000.0,1612575000.0,3442335000.0,299865000.0,449864000.0,196933000.0,252931000.0,41092275128.0,28.17,0.17,8.97,32.56,74.2,46.8,42.4,25.0,32.0,0.19,3.07,30.8,ttm,revenue=RevenueFromContractWithCustomerExcludingAssessedTax+SalesRevenueNet;net_income=NetIncomeLoss;ebit=OperatingIncomeLoss;ocf=NetCashProvidedByUsedInOperatingActivities+NetCashProvidedByUsedInOperatingActivitiesContinuingOperations;capex=PaymentsToAcquirePropertyPlantAndEquipment;interest_expense=InterestExpenseNonoperating+InterestExpense;assets=Assets;equity=StockholdersEquity;long_term_debt=LongTermDebtNoncurrent;short_term_debt=LongTermDebtCurrent;cash=CashAndCashEquivalentsAtCarryingValue,12.8,20.47,57.8,15.92,14.7,11.1,20.5,9.0,8.4,10.4,28.4,12.6,19.0,12.9,9.4,18.9,22.5,12.2,16.6,ttm,edgar,,95,yfinance,dividend_yield,Overvalued
IEX,0000832101,IDEX Corporation,Industrials,Specialty Industrial Machinery,yfinance,False,NYSE,3561,Pumps & Pumping Equipment,33.1,33.1,0.0,24.2,9.626,7.04,7.04,6.95,1.3,ok,yfinance,,12.46,232.99,105.6,6.787,101.8,3.7,2026-06-30,Slow Grower,6.0,"P/E = growth 1% + dividend 1.3% (floor 6, cap 12) · 5-year trend (regression on all points)",Modest growth: deserves a contained multiple. The dividend partly offsets the lower growth.,earnings,current,,high,"consistent earnings, growth measured over the full 5-year window",42.24,ok,451.6,Overvalued,1.1,5-year trend (regression on all points),4.8,1.1,0,0,,18.7,0.07,30.03,4.302,False,63,4,120.6,1.25,2.92,4.0,3.61,1.55,False,17175998464.0,73719896.0,2026-10-28,0.97,5.24,3585300000.0,3457500000.0,519500000.0,741700000.0,716700000.0,641500000.0,,616800000.0,4008000000.0,6930000000.0,1858500000.0,1858900000.0,621300000.0,1237600000.0,18413598464.0,24.83,1.67,4.79,26.77,13.0,57.8,10.7,14.5,20.7,0.46,3.73,2.3,ttm,revenue=RevenueFromContractWithCustomerExcludingAssessedTax+Revenues+SalesRevenueNet;net_income=NetIncomeLoss;ebit=OperatingIncomeLoss;ocf=NetCashProvidedByUsedInOperatingActivities;capex=PaymentsToAcquirePropertyPlantAndEquipment;interest_expense=InterestExpenseNonoperating+InterestExpense;assets=Assets;equity=StockholdersEquity;long_term_debt=LongTermDebtNoncurrent;short_term_debt=DebtCurrent;cash=CashAndCashEquivalentsAtCarryingValue,7.3,54.37,48.63,8.7,-3.5,4.8,6.3,2.5,7.2,5.7,4.0,5.1,6.8,-4.0,4.4,6.0,3.1,5.0,6.8,ttm,edgar,,95,yfinance,,Overvalued
IFF,0000051253,International Flavors & Fragrances Inc.,Basic Materials,Specialty Chemicals,yfinance,False,NYSE,2860,Industrial Organic Chemicals,74.93,,,20.8,3.962,1.1,-3.07,1.1,135.8,check,edgar,,173.33,82.42,16.5,,,,2026-06-30,Turnaround,,earnings not normalizable — back to profit only 0.5 years ago,Losses too recent or too frequent for the P/E to be a reliable basis. Assess the margin recovery and the balance sheet strength.,none,current,,low,erratic earnings (volatility 152),,no valuation anchor for this category,,N/A,-2.0,"5-year CAGR (two endpoints, window contains losses)",-2.0,,12,1,0.5,152.1,-0.0,,1.506,True,63,2,399.5,1.94,1.6,4.0,1.6,1.94,True,21029459968.0,255149963.0,2026-11-03,0.95,5.24,9978000000.0,10890000000.0,290000000.0,754000000.0,1161000000.0,540000000.0,187000000.0,256000000.0,13976000000.0,25154000000.0,4735000000.0,5699000000.0,569000000.0,5130000000.0,26159459968.0,34.69,6.8,2.11,38.94,2.0,55.6,3.0,2.9,7.6,0.34,2.57,-57.8,ttm,revenue=RevenueFromContractWithCustomerExcludingAssessedTax+Revenues+SalesRevenueGoodsNet;net_income=NetIncomeLoss+NetIncomeLossAvailableToCommonStockholdersBasic;ebit=OperatingIncomeLoss+IncomeLossFromContinuingOperationsBeforeIncomeTaxesMinorityInterestAndIncomeLossFromEquityMethodInvestments;ocf=NetCashProvidedByUsedInOperatingActivities;capex=PaymentsToAcquirePropertyPlantAndEquipment;interest_expense=InterestExpense+InterestExpenseNonoperating;assets=Assets;equity=StockholdersEquity;long_term_debt=LongTermDebtNoncurrent;short_term_debt=DebtCurrent;cash=CashAndCashEquivalentsAtCarryingValue,-4.6,54.78,39.11,2.12,,-2.0,-14.4,-5.6,4.3,12.6,26.8,-10.2,3.9,,16.0,-3.7,12.2,-0.7,9.4,ttm,edgar,,95,yfinance,,Overvalued
ILMN,0001110803,"Illumina, Inc.",Healthcare,Diagnostics & Research,yfinance,False,Nasdaq,3826,Laboratory Analytical Instruments,49.46,49.46,0.0,44.72,6.106,5.52,5.52,5.36,2.9,ok,yfinance,1.03,-32.07,273.04,82.8,,,,2026-06-28,Slow Grower,6.0,"P/E = growth 1% + dividend not available (treated as 0) (floor 6, cap 12) · 5-year CAGR (two endpoints, window contains losses)",Modest growth: deserves a contained multiple. The dividend partly offsets the lower growth.,earnings,current,,low,"erratic earnings (volatility 61); one loss episode 1 years ago, profitable since",33.12,ok,724.4,Overvalued,1.1,"5-year CAGR (two endpoints, window contains losses)",1.1,,12,1,1.2,61.4,0.02,45.33,14.527,True,63,2,229.8,,,,,,False,41229041664.0,151000000.0,2026-10-29,1.47,5.24,4493000000.0,4343000000.0,825000000.0,882000000.0,1095000000.0,931000000.0,99000000.0,931000000.0,2838000000.0,6650000000.0,1491000000.0,1991000000.0,1040000000.0,951000000.0,42180041664.0,47.82,1.08,9.18,44.28,32.4,42.7,13.3,18.4,19.6,0.53,2.26,31.3,ttm,revenue=RevenueFromContractWithCustomerExcludingAssessedTax+RevenueFromContractWithCustomerIncludingAssessedTax+SalesRevenueNet;net_income=NetIncomeLoss;ebit=OperatingIncomeLoss;ocf=NetCashProvidedByUsedInOperatingActivities;capex=PaymentsToAcquirePropertyPlantAndEquipment;interest_expense=InterestExpenseNonoperating+InterestExpense;assets=Assets;equity=StockholdersEquity;long_term_debt=LongTermDebtNoncurrent;short_term_debt=LongTermDebtCurrent;cash=CashAndCashEquivalentsAtCarryingValue,4.9,18.79,29.75,6.17,,1.1,6.6,0.2,2.5,6.9,,0.7,2.9,,1.4,6.7,73.7,0.0,2.1,ttm,edgar,,97,yfinance,dividend_yield,Overvalued
INCY,0000879169,Incyte Corporation,Healthcare,Biotechnology,yfinance,False,Nasdaq,8731,Services-Commercial Physical & Biological Research,14.92,14.92,0.0,12.98,8.885,7.73,7.73,7.08,8.4,ok,yfinance,1.092,3440.0,115.3,115.95,2.478,37.18,211.9,2026-03-31,Slow Grower (declining earnings),6.0,P/E = 0% growth credit + dividend not available (treated as 0) (floor 6) · 5-year trend (regression on all points),"Earnings are contracting, so the model gives no credit for growth: the multiple comes from the dividend and the floor alone. Applied to normalized earnings where available, since the latest figure of a declining company is its lowest point. Check whether the decline is cyclical or structural.",earnings,current,,low,unstable earnings base: latest TTM $7.73 vs 3-year median $2.48 — the fair value depends on which one is used; erratic earnings (volatility 195); earnings declining -9%/year,46.38,ok,148.6,Overvalued,-9.2,5-year trend (regression on all points),26.7,-9.2,0,0,,194.7,-0.62,,3.652,False,62,2,-0.6,,,,,,False,23371051008.0,202697746.0,2026-10-27,0.77,5.24,5361020000.0,5141242000.0,1431827000.0,1610808000.0,1516782000.0,,2337000.0,892108000.0,5622847000.0,7339113000.0,29414000.0,33827000.0,3461114000.0,-3427287000.0,19943764008.0,12.38,-2.13,4.36,,30.8,76.6,21.9,26.7,30.0,0.01,,56.9,ttm,revenue=RevenueFromContractWithCustomerExcludingAssessedTax+Revenues;net_income=NetIncomeLoss+NetIncomeLossAvailableToCommonStockholdersBasic+ProfitLoss;ebit=OperatingIncomeLoss;ocf=NetCashProvidedByUsedInOperatingActivities+NetCashProvidedByUsedInOperatingActivitiesContinuingOperations;capex=PaymentsToAcquirePropertyPlantAndEquipment+PaymentsToAcquireProductiveAssets;interest_expense=InterestExpenseNonoperating+InterestExpense;assets=Assets;equity=StockholdersEquity;long_term_debt=LongTermDebtNoncurrent;short_term_debt=DebtCurrent;cash=CashAndCashEquivalentsAtCarryingValue,21.5,27.74,26.45,,69.6,26.7,40.3,15.6,14.7,20.1,12.1,,,64.0,24.5,40.2,32.7,14.7,23.0,ttm,edgar,,186,yfinance,dividend_yield;free_cash_flow,Undervalued
INTC,0000050863,Intel Corporation,Technology,Semiconductors,yfinance,False,Nasdaq,3674,Semiconductors & Related Devices,,,,57.87,2.062,-2.08,-2.08,-2.09,0.5,ok,yfinance,,56.18,119.33,,,,,2026-06-27,Turnaround,,"no positive earnings, current or normalized","Loss-making now and on a 3-year average: no earnings base exists to capitalise. Any P/E-derived fair value would be invented. Assess the cash burn, the runway and the balance sheet instead.",none,current,,low,growth not calculable on any window; erratic earnings (volatility 113),,no valuation anchor for this category,,N/A,,not calculable,,,10,1,0.0,113.0,,,6.874,True,67,8,,,,4.0,0.0,,True,630790946816.0,5286105262.0,2026-10-22,2.23,5.24,57032000000.0,52853000000.0,-11289000000.0,-77000000.0,14936000000.0,2831000000.0,1150000000.0,-4949000000.0,87542000000.0,202439000000.0,48549000000.0,50537000000.0,12874000000.0,37663000000.0,668453946816.0,,,11.06,222.82,-12.2,43.2,-0.0,-19.8,-0.1,0.55,0.45,68.4,ttm,revenue=RevenueFromContractWithCustomerExcludingAssessedTax+SalesRevenueNet;net_income=NetIncomeLoss;ebit=OperatingIncomeLoss;ocf=NetCashProvidedByUsedInOperatingActivities+NetCashProvidedByUsedInOperatingActivitiesContinuingOperations;capex=PaymentsToAcquirePropertyPlantAndEquipment;interest_expense=InterestExpenseNonoperating+InterestExpense;assets=Assets;equity=StockholdersEquity;long_term_debt=LongTermDebtNoncurrent;short_term_debt=DebtCurrent;cash=CashAndCashEquivalentsAtCarryingValue,7.5,16.56,10.79,0.54,,,,1.8,-6.0,0.1,,-30.6,-13.4,,,,15.3,-14.5,-2.4,ttm,edgar,,98,yfinance,dividend_yield;growth_5y,N/A
INTU,0000896878,Intuit Inc.,Technology,Software - Application,yfinance,False,Nasdaq,7372,Services-Prepackaged Software,17.18,17.18,0.0,10.38,27.075,16.36,16.36,16.46,0.6,ok,yfinance,,20.41,281.08,245.4,11.49,172.35,42.4,2026-07-31,Stalwart,20.7,P/E = growth 19% + dividend 1.7% · 5-year trend (regression on all points),"Solid, predictable growth: the fair P/E matches the growth rate plus the dividend yield (PEG = 1).",earnings,current,,high,"consistent earnings, growth measured over the full 5-year window",338.92,ok,-17.1,Undervalued,19.0,5-year trend (regression on all points),16.8,19.0,0,0,,21.2,1.21,0.9,3.972,False,69,3,14.5,1.71,4.8,4.0,4.8,1.71,False,75114692608.0,267236000.0,2026-11-19,0.98,5.24,21448000000.0,21448000000.0,4566000000.0,5884000000.0,8838000000.0,8663000000.0,256000000.0,8663000000.0,18992000000.0,36786000000.0,6420000000.0,7669000000.0,4705000000.0,2964000000.0,78078692608.0,13.27,0.5,3.5,8.67,23.6,51.6,16.0,21.3,27.4,0.34,11.53,41.5,ttm,revenue=RevenueFromContractWithCustomerExcludingAssessedTax+Revenues+SalesRevenueNet;net_income=NetIncomeLoss;ebit=OperatingIncomeLoss;ocf=NetCashProvidedByUsedInOperatingActivities;capex=PaymentsToAcquirePropertyPlantAndEquipment;interest_expense=InterestExpenseDebt;assets=Assets;equity=StockholdersEquity;long_term_debt=LongTermDebtNoncurrent;short_term_debt=DebtCurrent;cash=CashAndCashEquivalentsAtCarryingValue,13.9,71.07,80.26,32.42,25.0,16.8,15.9,14.3,17.4,16.4,21.4,22.1,23.6,24.2,17.2,16.6,20.5,22.2,19.7,ttm,edgar,,64,yfinance,,Overvalued
INVH,0001687229,Invitation Homes Inc.,Real Estate,REIT - Residential,yfinance,False,NYSE,6510,Real Estate Operators (No Developers) & Lessors,24.11,24.11,0.0,36.63,0.711,1.08,1.08,1.09,0.9,ok,yfinance,,22.47,26.04,16.2,0.857,12.86,26.0,2026-06-30,Stalwart (mid cap),23.2,P/E = growth 19% + dividend 4.6% · 5-year trend (regression on all points),"Solid, predictable growth: the fair P/E matches the growth rate plus the dividend yield (PEG = 1).",earnings,current,,high,"consistent earnings, growth measured over the full 5-year window",25.07,ok,3.9,Overvalued,18.6,5-year trend (regression on all points),22.8,18.6,0,0,,12.0,0.96,1.3,1.699,False,35,0,60.7,4.61,1.2,4.0,1.2,4.61,False,15379829760.0,590623226.0,2026-10-28,0.83,5.24,1466621000.0,2729296000.0,660647000.0,,1199915000.0,1177898000.0,,1177898000.0,9054417000.0,18448310000.0,8526691000.0,8526691000.0,75786000.0,8450905000.0,23830734760.0,,,10.49,13.06,7.1,49.1,,45.0,,0.94,7.66,12.1,ttm,revenue=RevenueFromContractWithCustomerExcludingAssessedTax+Revenues;net_income=NetIncomeLoss+NetIncomeLossAvailableToCommonStockholdersBasic;ebit=OperatingIncomeLoss;ocf=NetCashProvidedByUsedInOperatingActivities;capex=PaymentsForCapitalImprovements+PaymentsToAcquirePropertyPlantAndEquipment;interest_expense=InterestExpense;assets=Assets;equity=StockholdersEquity;long_term_debt=LongTermDebt;cash=CashAndCashEquivalentsAtCarryingValue,11.2,15.33,2.48,1.99,14.8,22.8,,-14.4,-4.9,11.2,9.3,14.5,18.7,14.7,24.5,,3.9,9.3,17.7,ttm,edgar,,95,yfinance,,Overvalued
IP,0000051434,International Paper Company,Consumer Cyclical,Packaging & Containers,yfinance,False,NYSE,2621,Paper Mills,,,,10.59,3.02,-5.3,-5.3,-6.52,23.0,check,yfinance,,-6420.0,31.97,,0.615,9.22,-961.8,2026-06-30,Turnaround,10.0,P/E 10 on 3-year normalized earnings — currently loss-making,"A recovery multiple, not a PEG multiple: the growth rate of a company coming out of losses measures the rebound, not a trend, and using it as a multiple is how a fair value becomes nonsense. Applied to normalized earnings, and deliberately below the market average.",earnings,normalized,,low,growth not calculable on any window; erratic earnings (volatility 131),6.15,ok,419.8,Overvalued,,not calculable,,,5,1,0.0,130.6,,,1.171,True,67,5,,5.79,1.852,4.0,1.852,5.79,False,16930349056.0,529569895.0,2026-10-28,0.88,5.24,24203000000.0,23634000000.0,-3438000000.0,-3262000000.0,2647000000.0,492000000.0,536000000.0,-159000000.0,14455000000.0,36521000000.0,8215000000.0,9217000000.0,726000000.0,8491000000.0,25421349056.0,,,0.7,34.41,-20.8,39.6,-8.9,-14.2,-13.5,0.57,2.91,-121.0,ttm,revenue=RevenueFromContractWithCustomerExcludingAssessedTax+RevenueFromContractWithCustomerIncludingAssessedTax+SalesRevenueNet;net_income=NetIncomeLoss+ProfitLoss;ebit=IncomeLossFromContinuingOperationsBeforeIncomeTaxesMinorityInterestAndIncomeLossFromEquityMethodInvestments+OperatingIncomeLoss;ocf=NetCashProvidedByUsedInOperatingActivities;capex=PaymentsToAcquireProductiveAssets+PaymentsToAcquirePropertyPlantAndEquipment;interest_expense=InterestExpense;assets=Assets;equity=StockholdersEquity;long_term_debt=LongTermDebtNoncurrent;short_term_debt=DebtCurrent;cash=CashAndCashEquivalentsAtCarryingValue,25.4,27.3,45.7,0.93,,,,6.1,5.0,1.5,-18.3,-27.5,-12.1,,,,8.6,-1.1,-1.4,ttm,edgar,,95,yfinance,growth_5y,N/A
IQV,0001478242,IQVIA Holdings Inc.,Healthcare,Diagnostics & Research,yfinance,False,NYSE,8731,Services-Commercial Physical & Biological Research,32.48,32.48,0.0,17.84,14.472,7.95,7.95,8.05,1.3,ok,yfinance,,9.82,258.21,119.25,7.234,108.51,9.9,2026-03-31,Stalwart (mid cap),19.5,P/E = growth 20% + dividend 0.0% · 5-year trend (regression on all points),"Solid, predictable growth: the fair P/E matches the growth rate plus the dividend yield (PEG = 1).",earnings,current,,high,"consistent earnings, growth measured over the full 5-year window",155.06,ok,66.5,Overvalued,19.5,5-year trend (regression on all points),30.8,19.5,0,0,,37.2,0.6,1.67,6.887,False,54,0,116.5,,,,,,False,42501365760.0,164600000.0,2026-10-27,1.19,5.24,16632000000.0,16310000000.0,1385000000.0,2200000000.0,2704000000.0,2116000000.0,756000000.0,2051000000.0,6221000000.0,29675000000.0,13989000000.0,15833000000.0,1947000000.0,13886000000.0,56387365760.0,25.63,6.31,2.56,20.09,22.7,21.0,7.4,8.3,13.2,2.25,4.98,-3.0,ttm,revenue=RevenueFromContractWithCustomerExcludingAssessedTax+Revenues;net_income=NetIncomeLoss;ebit=OperatingIncomeLoss;ocf=NetCashProvidedByUsedInOperatingActivities+NetCashProvidedByUsedInOperatingActivitiesContinuingOperations;capex=PaymentsToAcquireProductiveAssets;interest_expense=InterestExpense;assets=Assets;equity=StockholdersEquity;long_term_debt=LongTermDebtNoncurrent;short_term_debt=LongTermDebtCurrent;cash=CashAndCashEquivalentsAtCarryingValue,7.3,37.79,101.04,12.86,13.1,30.8,9.4,4.7,6.7,11.0,12.0,0.7,14.1,9.5,27.6,13.0,7.6,0.3,15.3,ttm,edgar,,186,yfinance,dividend_yield,Overvalued
IR,0001699150,Ingersoll Rand Inc.,Industrials,Specialty Industrial Machinery,yfinance,False,NYSE,3560,General Industrial Machinery & Equipment,31.05,31.05,0.0,19.41,3.919,2.45,2.45,2.43,0.8,ok,yfinance,,89.84,76.07,36.75,1.971,29.57,24.3,2026-06-30,Cyclical,12.0,P/E 12 on 3-year normalized (mid-cycle) earnings,"Erratic, cycle-driven earnings: a low P/E can signal the peak of the cycle, not a bargain. The multiple is applied to mid-cycle earnings, so the fair value does not follow the peak.",earnings,normalized,,medium,erratic earnings (volatility 62),23.65,ok,221.6,Overvalued,8.1,5-year trend (regression on all points),24.6,8.1,0,0,,62.0,0.26,3.84,2.9,False,35,0,107.0,0.11,0.08,4.0,0.08,0.11,False,29515116544.0,387999429.0,2026-10-29,1.15,5.24,7942200000.0,7650900000.0,959100000.0,1435700000.0,1349200000.0,1219300000.0,257100000.0,1220100000.0,10177300000.0,18194100000.0,4068700000.0,4768500000.0,1173500000.0,3595000000.0,33110116544.0,23.06,2.5,3.72,24.21,9.5,55.9,7.9,12.1,18.1,0.4,4.13,-2.2,ttm,revenue=RevenueFromContractWithCustomerExcludingAssessedTax+Revenues;net_income=NetIncomeLoss;ebit=OperatingIncomeLoss;ocf=NetCashProvidedByUsedInOperatingActivities+NetCashProvidedByUsedInOperatingActivitiesContinuingOperations;capex=PaymentsToAcquireProductiveAssets;interest_expense=InterestExpenseNonoperating+InterestExpense;assets=Assets;equity=StockholdersEquity;long_term_debt=LongTermDebtAndCapitalLeaseObligations;short_term_debt=DebtCurrent;cash=CashAndCashEquivalentsAtCarryingValue,7.8,26.23,20.47,3.14,12.4,24.6,45.6,7.2,10.9,16.2,9.6,9.1,45.6,10.9,24.2,,9.5,10.1,31.3,ttm,edgar,,95,yfinance,,Overvalued
IRM,0001020569,Iron Mountain Incorporated,Real Estate,REIT - Specialty,yfinance,False,NYSE,6798,Real Estate Investment Trusts,78.74,78.74,0.0,41.54,2.73,1.44,1.44,1.41,2.1,ok,yfinance,1.021,907.14,113.39,21.6,0.633,9.5,127.4,2026-06-30,Slow Grower (declining earnings),6.0,P/E = 0% growth credit + dividend 3.0% (floor 6) · 5-year trend (regression on all points),"Earnings are contracting, so the model gives no credit for growth: the multiple comes from the dividend and the floor alone. Applied to normalized earnings where available, since the latest figure of a declining company is its lowest point. Check whether the decline is cyclical or structural.",earnings,current,,low,erratic earnings (volatility 59); earnings declining -27%/year,8.64,ok,1212.4,Overvalued,-26.7,5-year trend (regression on all points),-7.7,-26.7,0,0,,59.3,-0.3,,-26.351,False,67,5,425.0,3.05,3.456,4.0,3.456,3.05,False,33756522496.0,297702812.0,2026-11-04,1.2,5.24,7562471000.0,6901737000.0,418655000.0,1418390000.0,1655387000.0,-490924000.0,876801000.0,-931629000.0,-1280920000.0,21955442000.0,17128840000.0,17349649000.0,204793000.0,17144856000.0,50901378496.0,35.89,12.09,4.46,,,-5.8,6.5,5.5,18.8,,-1.45,-56.6,ttm,revenue=RevenueFromContractWithCustomerExcludingAssessedTax+Revenues;net_income=NetIncomeLossAvailableToCommonStockholdersBasic+NetIncomeLoss;ebit=OperatingIncomeLoss;ocf=NetCashProvidedByUsedInOperatingActivities;capex=PaymentsToAcquirePropertyPlantAndEquipment;interest_expense=InterestExpenseNonoperating+InterestExpense;assets=Assets;equity=StockholdersEquity;long_term_debt=LongTermDebtNoncurrent;short_term_debt=LongTermDebtCurrent;cash=CashAndCashEquivalentsAtCarryingValue,17.4,-4.3,25.4,-1.65,2.7,-7.7,14.0,13.0,12.3,8.3,,,,3.3,-7.2,18.4,17.2,12.0,11.3,ttm,edgar,,95,yfinance,,Overvalued
ISRG,0001035267,"Intuitive Surgical, Inc.",Healthcare,Medical Instruments & Supplies,yfinance,False,Nasdaq,3842,"Orthopedic, Prosthetic & Surgical Appliances & Supplies",46.06,46.06,0.0,32.42,12.091,8.51,8.51,8.71,2.4,ok,yfinance,0.977,21.31,391.95,127.65,6.473,97.09,31.5,2026-06-30,Stalwart,12.0,P/E = growth 12% + dividend 0.0% · 5-year trend (regression on all points),"Solid, predictable growth: the fair P/E matches the growth rate plus the dividend yield (PEG = 1).",earnings,current,,high,"consistent earnings, growth measured over the full 5-year window",102.21,ok,283.5,Overvalued,12.0,5-year trend (regression on all points),1.2,12.0,0,0,,35.8,0.26,3.83,7.635,False,67,3,207.1,,,,,,False,140427083776.0,358278038.0,2026-10-20,1.47,5.24,11034400000.0,10064700000.0,3138800000.0,3451200000.0,3706400000.0,3222600000.0,,2490700000.0,18168400000.0,20876600000.0,,,2760400000.0,,137666683776.0,39.89,,12.73,43.58,17.4,87.0,16.5,28.4,31.3,,2.29,91.0,ttm,revenue=RevenueFromContractWithCustomerExcludingAssessedTax+SalesRevenueNet;net_income=NetIncomeLoss;ebit=OperatingIncomeLoss;ocf=NetCashProvidedByUsedInOperatingActivities;capex=PaymentsToAcquireProductiveAssets+PaymentsToAcquirePropertyPlantAndEquipment;assets=Assets;equity=StockholdersEquity;cash=CashAndCashEquivalentsAtCarryingValue,20.7,50.71,30.8,8.99,29.8,1.2,16.1,18.3,16.4,15.9,39.9,14.2,13.4,30.1,14.1,16.6,25.9,14.0,14.2,ttm,edgar,,95,yfinance,dividend_yield,Overvalued
IT,0000749251,"Gartner, Inc.",Technology,Information Technology Services,yfinance,False,NYSE,8741,Services-Management Services,17.34,17.34,0.0,11.3,16.359,10.66,10.66,11.15,4.6,ok,yfinance,0.956,-31.26,184.8,159.9,10.765,161.48,-1.0,2026-06-30,Slow Grower,9.6,"P/E = growth 10% + dividend not available (treated as 0) (floor 6, cap 12) · 5-year trend (regression on all points)",Modest growth: deserves a contained multiple. The dividend partly offsets the lower growth.,earnings,current,,high,"consistent earnings, growth measured over the full 5-year window",101.87,ok,81.4,Overvalued,9.6,5-year trend (regression on all points),11.4,9.6,0,0,,45.1,0.55,1.81,-71.132,False,63,3,15.6,,,,0.0,,False,11669931008.0,63148976.0,2026-11-03,0.95,5.24,6463626000.0,6497226000.0,775120000.0,1115195000.0,1382615000.0,1288944000.0,143377000.0,1175223000.0,-167345000.0,7193674000.0,2979281000.0,2979281000.0,1488706000.0,1490575000.0,13160506008.0,11.8,1.34,1.81,9.05,113.5,-2.3,15.5,12.0,17.3,,11.05,-15.0,ttm,revenue=RevenueFromContractWithCustomerExcludingAssessedTax+SalesRevenueNet+Revenues;net_income=NetIncomeLoss;ebit=OperatingIncomeLoss;ocf=NetCashProvidedByUsedInOperatingActivities;capex=PaymentsForCapitalImprovements;interest_expense=InterestExpenseNonoperating+InterestExpense;assets=Assets;equity=StockholdersEquity;long_term_debt=LongTermDebtNoncurrent;short_term_debt=DebtCurrent;cash=CashAndCashEquivalentsAtCarryingValue,0.7,-2.65,102.36,20.41,-1.1,11.4,17.2,4.0,8.1,10.8,8.7,1.9,15.3,-5.7,6.3,14.9,7.3,2.3,14.5,ttm,edgar,,95,yfinance,dividend_yield,Overvalued
ITW,0000049826,Illinois Tool Works Inc.,Industrials,Specialty Industrial Machinery,yfinance,False,NYSE,3560,General Industrial Machinery & Equipment,23.64,23.64,0.0,21.22,12.388,11.12,11.12,11.03,0.8,ok,yfinance,,-3.25,262.92,166.8,10.717,160.75,3.8,2026-06-30,Slow Grower,9.1,"P/E = growth 6% + dividend 2.6% (floor 6, cap 12) · 5-year trend (regression on all points)",Modest growth: deserves a contained multiple. The dividend partly offsets the lower growth.,earnings,current,,high,"consistent earnings, growth measured over the full 5-year window",100.77,ok,160.9,Overvalued,6.4,5-year trend (regression on all points),5.6,6.4,0,0,,16.9,0.38,3.67,25.873,False,67,5,57.6,2.62,6.88,4.0,6.55,2.49,False,74879623168.0,284800000.0,2026-10-23,1.0,5.24,16469000000.0,16044000000.0,3194000000.0,4364000000.0,3330000000.0,2921000000.0,302000000.0,2707000000.0,2895000000.0,16494000000.0,6549000000.0,9694000000.0,839000000.0,8855000000.0,83734623168.0,19.19,2.03,4.55,25.63,104.6,17.6,26.5,19.4,26.5,2.26,3.9,-4.8,ttm,revenue=RevenueFromContractWithCustomerExcludingAssessedTax+RevenueFromContractWithCustomerIncludingAssessedTax+Revenues;net_income=ProfitLoss;ebit=OperatingIncomeLoss;ocf=NetCashProvidedByUsedInOperatingActivities;capex=PaymentsToAcquirePropertyPlantAndEquipment;interest_expense=InterestExpenseNonoperating+InterestExpense;assets=Assets;equity=StockholdersEquity;long_term_debt=LongTermDebtNoncurrent;short_term_debt=DebtCurrent;cash=CashAndCashEquivalentsAtCarryingValue,4.3,10.17,57.83,10.26,3.0,5.6,7.5,0.8,3.3,2.1,4.1,4.4,3.0,1.0,3.6,5.0,3.1,4.9,3.2,ttm,edgar,,95,yfinance,,Overvalued
IVZ,0000914208,Invesco Ltd.,Financial Services,Asset Management,yfinance,False,NYSE,6282,Investment Advice,,,,9.37,3.271,-0.69,-0.69,-0.68,1.4,ok,yfinance,,-173.12,30.66,,,,,2026-06-30,Turnaround,,"no positive earnings, current or normalized","Loss-making now and on a 3-year average: no earnings base exists to capitalise. Any P/E-derived fair value would be invented. Assess the cash burn, the runway and the balance sheet instead.",none,current,,low,growth not calculable on any window; erratic earnings (volatility 201),,no valuation anchor for this category,,N/A,,not calculable,,,7,2,0.0,201.0,,,1.359,True,67,2,,2.8,0.86,4.0,0.85,2.77,False,13536382976.0,441499780.0,2026-10-27,1.6,5.24,6902500000.0,6377100000.0,-309200000.0,-489800000.0,2008800000.0,1920700000.0,96600000.0,1441000000.0,12471900000.0,27473100000.0,1624000000.0,1624000000.0,915400000.0,708600000.0,14244982976.0,,,1.96,7.05,-2.3,45.4,-1.8,-4.5,-7.1,0.13,14.19,28.6,ttm,revenue=RevenueFromContractWithCustomerExcludingAssessedTax+Revenues;net_income=NetIncomeLossAvailableToCommonStockholdersBasic+NetIncomeLoss;ebit=OperatingIncomeLoss;ocf=NetCashProvidedByUsedInOperatingActivities;capex=PaymentsToAcquirePropertyPlantAndEquipment;interest_expense=InterestExpenseNonoperating+InterestExpense;assets=Assets;equity=StockholdersEquity;long_term_debt=LongTermDebtNoncurrent;short_term_debt=LongTermDebtCurrent;cash=CashAndCashEquivalentsAtCarryingValue,12.2,28.25,15.63,4.35,,,,6.3,1.2,3.6,25.7,7.5,9.9,,,,19.1,6.7,8.6,ttm,edgar,,95,yfinance,growth_5y,N/A
J,0000052988,Jacobs Solutions Inc.,Industrials,Engineering & Construction,yfinance,False,NYSE,1600,Heavy Construction Other Than Bldg Const - Contractors,46.48,46.48,0.0,16.7,8.267,2.97,2.97,2.81,5.4,ok,yfinance,1.057,-29.49,138.06,44.55,5.086,76.3,-41.6,2026-06-26,Slow Grower,6.0,"P/E = growth 3% + dividend 1.0% (floor 6, cap 12) · 5-year trend (regression on all points)",Modest growth: deserves a contained multiple. The dividend partly offsets the lower growth.,earnings,current,,high,"consistent earnings, growth measured over the full 5-year window",17.82,ok,674.7,Overvalued,3.3,5-year trend (regression on all points),-0.5,3.3,0,0,,25.9,0.09,14.02,4.954,False,72,7,209.9,1.04,1.44,4.0,1.4,1.01,True,16158350336.0,117038611.0,2026-11-19,0.68,5.24,14219216000.0,12029783000.0,338428000.0,649643000.0,735843000.0,644544000.0,165318000.0,607472000.0,3264489000.0,11743702000.0,3579376000.0,3579376000.0,1172914000.0,2406462000.0,18564812336.0,28.58,3.7,1.14,25.07,9.6,27.8,5.5,2.4,4.6,1.1,3.99,-34.9,ttm,revenue=RevenueFromContractWithCustomerIncludingAssessedTax+Revenues;net_income=NetIncomeLoss;ebit=OperatingIncomeLoss;ocf=NetCashProvidedByUsedInOperatingActivities+NetCashProvidedByUsedInOperatingActivitiesContinuingOperations;capex=PaymentsToAcquirePropertyPlantAndEquipment;interest_expense=InterestExpenseNonoperating+InterestExpense;assets=Assets;equity=StockholdersEquity;long_term_debt=LongTermDebtNoncurrent;short_term_debt=LongTermDebtCurrent;cash=CashAndCashEquivalentsAtCarryingValue,20.1,27.89,121.49,5.51,-23.5,-0.5,7.0,28.2,0.3,2.2,-10.1,-5.6,3.0,-23.1,-8.1,4.9,-10.7,-5.1,3.1,ttm,edgar,,99,yfinance,,Overvalued
JBHT,0000728535,"J.B. Hunt Transport Services, Inc.",Industrials,Integrated Freight & Logistics,yfinance,False,Nasdaq,4213,Trucking (No Local),32.39,32.39,0.0,23.42,9.999,7.23,7.23,7.04,2.6,ok,yfinance,1.027,28.0,234.2,108.45,6.126,91.89,18.0,2026-06-30,Slow Grower (declining earnings),6.0,P/E = 0% growth credit + dividend 0.8% (floor 6) · 5-year trend (regression on all points),"Earnings are contracting, so the model gives no credit for growth: the multiple comes from the dividend and the floor alone. Applied to normalized earnings where available, since the latest figure of a declining company is its lowest point. Check whether the decline is cyclical or structural.",earnings,current,,medium,earnings declining -6%/year,43.38,ok,439.9,Overvalued,-5.6,5-year trend (regression on all points),4.7,-5.6,0,0,,30.8,-0.15,,6.014,False,63,4,116.0,0.77,1.8,4.0,1.79,0.76,False,21994876928.0,93914939.0,2026-10-15,1.29,5.24,12701310000.0,11999096000.0,674505000.0,955614000.0,1595293000.0,1099722000.0,69991000.0,947585000.0,3657115000.0,7944778000.0,1145337000.0,1145337000.0,4162000.0,1141175000.0,23136051928.0,24.21,1.19,1.73,20.0,18.4,46.0,12.0,5.3,7.5,0.31,5.0,53.4,ttm,revenue=RevenueFromContractWithCustomerIncludingAssessedTax+Revenues;net_income=NetIncomeLoss;ebit=OperatingIncomeLoss;ocf=NetCashProvidedByUsedInOperatingActivities;capex=PaymentsToAcquirePropertyPlantAndEquipment;interest_expense=InterestExpenseNonoperating+InterestExpense;assets=Assets;equity=StockholdersEquity;long_term_debt=LongTermDebtNoncurrent;short_term_debt=DebtCurrent;cash=CashAndCashEquivalentsAtCarryingValue,5.3,38.94,135.24,11.71,-5.0,4.7,6.4,-2.8,3.4,7.2,91.1,19.6,18.6,-7.7,2.4,4.4,-8.6,6.7,6.0,ttm,edgar,,95,yfinance,,Overvalued
JBL,0000898293,Jabil Inc.,Technology,Electronic Components,yfinance,False,NYSE,3672,Printed Circuit Boards,38.19,30.78,24.1,13.73,22.168,7.97,9.89,7.97,19.4,check,edgar,,50.38,304.41,119.55,6.9,103.5,15.5,2026-05-31,Slow Grower,8.8,"P/E = growth 9% + dividend 0.1% (floor 6, cap 12) · 5-year trend (regression on all points)",Modest growth: deserves a contained multiple. The dividend partly offsets the lower growth.,earnings,current,,medium,erratic earnings (volatility 79),70.47,ok,332.0,Overvalued,8.7,5-year trend (regression on all points),15.5,8.7,0,0,,79.1,0.23,4.37,19.796,False,64,3,154.6,0.11,0.32,4.0,0.32,0.11,False,31898236928.0,104787089.0,2026-12-16,1.29,5.24,33590000000.0,29802000000.0,862000000.0,1439000000.0,1857000000.0,1306000000.0,,1172000000.0,1323000000.0,23819000000.0,2879000000.0,3378000000.0,1360000000.0,2018000000.0,33916236928.0,23.57,1.4,0.95,24.42,66.1,5.6,6.0,2.6,4.3,2.18,4.09,25.8,ttm,revenue=RevenueFromContractWithCustomerExcludingAssessedTax+Revenues+SalesRevenueNet;net_income=NetIncomeLoss;ebit=OperatingIncomeLoss;ocf=NetCashProvidedByUsedInOperatingActivities;capex=PaymentsToAcquirePropertyPlantAndEquipment;interest_expense=InterestExpense;assets=Assets;equity=StockholdersEquity;long_term_debt=LongTermDebtNoncurrent;short_term_debt=DebtCurrent;cash=CashAndCashEquivalentsAtCarryingValue,17.8,12.63,320.55,12.46,4.0,15.5,17.7,-1.6,2.9,6.1,18.9,55.2,,-4.1,7.9,11.0,-1.7,6.5,8.2,ttm,edgar,,125,yfinance,,Overvalued
JCI,0000833444,Johnson Controls International plc,Industrials,Building Products & Equipment,yfinance,False,NYSE,3585,Air-Cond & Warm Air Heatg Equip & Comm & Indl Refrig Equip,28.25,42.69,33.8,25.73,6.073,5.53,3.66,5.53,51.1,check,edgar,,48.26,156.24,82.95,3.02,45.3,83.1,2026-03-31,Cyclical,12.0,P/E 12 on 3-year normalized (mid-cycle) earnings,"Erratic, cycle-driven earnings: a low P/E can signal the peak of the cycle, not a bargain. The multiple is applied to mid-cycle earnings, so the fair value does not follow the peak.",earnings,normalized,,medium,erratic earnings (volatility 65),36.24,ok,331.1,Overvalued,22.3,5-year trend (regression on all points),30.7,22.3,0,0,,65.4,0.82,1.27,7.02,False,67,7,88.4,1.02,1.6,4.0,1.2,0.77,False,94641045504.0,605741470.0,2026-10-27,1.3,5.24,24433000000.0,23596000000.0,3531000000.0,2506000000.0,3038000000.0,2666000000.0,,2120000000.0,13518000000.0,38354000000.0,8613000000.0,9495000000.0,698000000.0,8797000000.0,103438045504.0,41.28,3.51,3.87,35.5,24.1,35.2,6.5,14.5,10.3,0.64,2.82,97.4,ttm,revenue=RevenueFromContractWithCustomerExcludingAssessedTax+SalesRevenueNet+Revenues;net_income=NetIncomeLoss+ProfitLoss;ebit=IncomeLossFromContinuingOperationsBeforeIncomeTaxesExtraordinaryItemsNoncontrollingInterest+OperatingIncomeLoss;ocf=NetCashProvidedByUsedInOperatingActivitiesContinuingOperations+NetCashProvidedByUsedInOperatingActivities;capex=PaymentsToAcquireProductiveAssets;interest_expense=InterestExpense;assets=Assets;equity=StockholdersEquity;long_term_debt=LongTermDebtAndCapitalLeaseObligations;short_term_debt=DebtCurrent;cash=CashAndCashEquivalentsAtCarryingValue,5.1,22.32,40.34,4.4,40.6,30.7,14.5,4.5,1.9,5.4,81.1,0.6,27.5,36.4,27.4,37.9,48.3,0.4,12.9,ttm,edgar,,186,yfinance,,Overvalued
JKHY,0000779152,"Jack Henry & Associates, Inc.",Technology,Information Technology Services,yfinance,False,Nasdaq,7373,Services-Computer Integrated Systems Design,20.63,20.63,0.0,18.03,7.904,6.91,6.91,6.98,1.0,ok,yfinance,,11.86,142.54,103.65,5.658,84.87,22.1,2026-06-30,Stalwart (mid cap),11.7,P/E = growth 10% + dividend 1.7% · 5-year trend (regression on all points),"Solid, predictable growth: the fair P/E matches the growth rate plus the dividend yield (PEG = 1).",earnings,current,,high,"consistent earnings, growth measured over the full 5-year window",81.13,ok,75.7,Overvalued,10.0,5-year trend (regression on all points),11.1,10.0,0,0,,9.8,0.57,2.06,4.868,False,65,6,37.5,1.71,2.44,4.0,2.41,1.69,False,9993850880.0,70112608.0,2026-11-03,0.56,5.24,2544340000.0,2544339000.0,502775000.0,635033000.0,761960000.0,694857000.0,,694857000.0,2051949000.0,3145711000.0,40000000.0,40000000.0,12056000.0,27944000.0,10021794880.0,15.78,0.04,3.93,14.38,24.0,65.2,20.2,19.8,25.0,0.02,6.95,18.1,ttm,revenue=RevenueFromContractWithCustomerExcludingAssessedTax+Revenues;net_income=NetIncomeLoss;ebit=OperatingIncomeLoss;ocf=NetCashProvidedByUsedInOperatingActivities;capex=PaymentsToAcquirePropertyPlantAndEquipment;interest_expense=InterestExpense;assets=Assets;equity=StockholdersEquity;long_term_debt=LongTermDebtNoncurrent;short_term_debt=DebtCurrent;cash=CashAndCashEquivalentsAtCarryingValue,7.1,29.27,36.29,9.91,11.6,11.1,8.4,7.0,7.7,6.5,26.6,9.6,8.4,11.1,10.1,7.3,25.9,10.5,7.6,ttm,edgar,,95,yfinance,,Overvalued
JNJ,0000200406,Johnson & Johnson,Healthcare,Drug Manufacturers - General,yfinance,False,NYSE,2834,Pharmaceutical Preparations,30.02,30.02,0.0,21.09,12.138,8.53,8.53,8.61,0.9,ok,yfinance,,-7.91,256.03,127.95,9.263,138.95,-7.9,2026-06-28,Slow Grower,10.5,"P/E = growth 8% + dividend 2.1% (floor 6, cap 12) · 5-year trend (regression on all points)",Modest growth: deserves a contained multiple. The dividend partly offsets the lower growth.,earnings,current,,high,"consistent earnings, growth measured over the full 5-year window",89.18,ok,187.1,Overvalued,8.4,5-year trend (regression on all points),5.3,8.4,0,0,,46.6,0.35,3.59,7.256,False,67,7,100.1,2.09,5.36,4.0,5.28,2.06,False,617006301184.0,2409898597.0,2026-10-13,0.23,5.24,97929000000.0,94193000000.0,21037000000.0,25196000000.0,27608000000.0,22244000000.0,1012000000.0,19698000000.0,84971000000.0,201061000000.0,37344000000.0,49036000000.0,20422000000.0,28614000000.0,645620301184.0,25.62,1.14,6.3,27.74,25.7,42.3,12.5,21.5,25.7,0.44,3.61,-0.7,ttm,revenue=RevenueFromContractWithCustomerExcludingAssessedTax+SalesRevenueGoodsNet+Revenues;net_income=NetIncomeLoss+ProfitLoss;ebit=IncomeLossFromContinuingOperationsBeforeIncomeTaxesExtraordinaryItemsNoncontrollingInterest+IncomeLossFromContinuingOperationsBeforeIncomeTaxesMinorityInterestAndIncomeLossFromEquityMethodInvestments+OperatingIncomeLoss;ocf=NetCashProvidedByUsedInOperatingActivities;capex=PaymentsToAcquirePropertyPlantAndEquipment;interest_expense=InterestExpenseNonoperating+InterestExpense;assets=Assets;equity=StockholdersEquity;long_term_debt=LongTermDebtNoncurrent;short_term_debt=DebtCurrent;cash=CashAndCashEquivalentsAtCarryingValue,8.1,35.26,40.64,9.23,20.4,5.3,4.8,6.0,1.9,3.3,15.3,-0.3,4.4,17.3,3.4,3.4,13.2,1.1,4.4,ttm,edgar,,97,yfinance,,Overvalued
JPM,0000019617,JPMorgan Chase & Co.,Financial Services,Banks - Diversified,yfinance,False,NYSE,6021,National Commercial Banks,14.27,14.27,0.0,13.29,25.017,23.3,23.3,23.35,0.2,ok,yfinance,,19.74,332.38,349.5,19.583,293.74,19.0,2026-06-30,Stalwart,13.0,P/E = growth 11% + dividend 1.8% · 5-year trend (regression on all points),"Solid, predictable growth: the fair P/E matches the growth rate plus the dividend yield (PEG = 1).",earnings,current,,high,"consistent earnings, growth measured over the full 5-year window",301.88,ok,10.1,Overvalued,11.2,5-year trend (regression on all points),9.3,11.2,0,0,,19.1,0.91,1.28,2.499,False,67,4,-4.9,1.81,6.0,4.0,6.0,1.81,True,883527974912.0,2658186195.0,2026-10-13,0.97,5.24,199408000000.0,182447000000.0,65019000000.0,83898000000.0,-162534000000.0,,,,374598000000.0,5015069000000.0,460523000000.0,532953000000.0,309811000000.0,223142000000.0,1106669974912.0,13.19,2.66,4.43,,17.8,7.5,1.7,32.6,42.1,1.23,,,ttm,revenue=RevenuesNetOfInterestExpense+Revenues;net_income=NetIncomeLoss;ebit=IncomeLossFromContinuingOperationsBeforeIncomeTaxesExtraordinaryItemsNoncontrollingInterest+IncomeLossFromContinuingOperationsBeforeIncomeTaxesMinorityInterestAndIncomeLossFromEquityMethodInvestments;ocf=NetCashProvidedByUsedInOperatingActivities;interest_expense=InterestExpense;assets=Assets;equity=StockholdersEquity;long_term_debt=LongTermDebt;short_term_debt=ShortTermBorrowings;cash=CashAndCashEquivalentsAtCarryingValue,13.5,140.92,75.02,,14.5,9.3,14.7,10.7,10.4,7.9,,,,10.7,6.3,10.5,,,,ttm,edgar,,95,yfinance,free_cash_flow,Undervalued
KDP,0001418135,Keurig Dr Pepper Inc.,Consumer Defensive,Beverages - Non-Alcoholic,yfinance,False,Nasdaq,2080,Beverages,30.99,30.99,0.0,11.98,2.535,0.98,0.98,0.99,1.0,ok,yfinance,,-11.61,30.37,14.7,1.351,20.27,-27.5,2026-06-30,Slow Grower (declining earnings),6.0,P/E = 0% growth credit + dividend 3.0% (floor 6) · 5-year trend (regression on all points),"Earnings are contracting, so the model gives no credit for growth: the multiple comes from the dividend and the floor alone. Applied to normalized earnings where available, since the latest figure of a declining company is its lowest point. Check whether the decline is cyclical or structural.",earnings,current,,medium,earnings declining -1%/year,5.88,ok,416.5,Overvalued,-1.5,5-year trend (regression on all points),-3.0,-1.5,0,0,,42.5,0.05,,1.651,False,67,0,106.6,3.03,0.92,4.0,0.92,3.03,False,41328287744.0,1360826038.0,2026-11-03,0.41,5.24,20090000000.0,16603000000.0,1427000000.0,3260000000.0,2527000000.0,1970000000.0,,1505000000.0,25032000000.0,87619000000.0,21586000000.0,29980000000.0,1517000000.0,28463000000.0,69791287744.0,21.41,8.73,2.06,20.98,5.7,28.6,3.7,7.1,16.2,0.86,4.77,-9.1,ttm,revenue=RevenueFromContractWithCustomerExcludingAssessedTax+SalesRevenueNet;net_income=NetIncomeLoss;ebit=OperatingIncomeLoss+IncomeLossFromContinuingOperationsBeforeIncomeTaxesMinorityInterestAndIncomeLossFromEquityMethodInvestments;ocf=NetCashProvidedByUsedInOperatingActivities;capex=PaymentsToAcquirePropertyPlantAndEquipment+PaymentsToAcquireProductiveAssets;interest_expense=InterestExpense+InterestExpenseDebt;assets=Assets;equity=StockholdersEquity;long_term_debt=LongTermDebtNoncurrent;short_term_debt=DebtCurrent;cash=CashAndCashEquivalentsAtCarryingValue,27.5,18.39,14.76,1.45,-4.6,-3.0,-13.8,11.3,10.5,12.2,6.4,-1.7,8.3,-3.8,-2.8,5.6,9.0,-0.0,8.7,ttm,edgar,,95,yfinance,,Overvalued
KEY,0000091576,KeyCorp,Financial Services,Banks - Regional,yfinance,False,NYSE,6021,National Commercial Banks,11.74,11.74,0.0,9.41,2.134,1.71,1.71,1.72,0.6,ok,yfinance,,2011.11,20.08,25.65,0.78,11.71,119.1,2026-06-30,Turnaround,10.0,P/E 10 on 3-year normalized earnings — back to profit only 1.0 years ago,"A recovery multiple, not a PEG multiple: the growth rate of a company coming out of losses measures the rebound, not a trend, and using it as a multiple is how a fair value becomes nonsense. Applied to normalized earnings, and deliberately below the market average.",earnings,normalized,,low,erratic earnings (volatility 87),7.8,ok,157.3,Overvalued,-5.8,"5-year CAGR (two endpoints, window contains losses)",-5.8,,3,1,1.0,87.5,-0.15,,1.244,True,67,3,-21.7,4.08,0.82,4.0,0.82,4.08,False,21427941376.0,1067128554.0,2026-10-20,1.02,5.24,1821000000.0,1749000000.0,2030000000.0,2555000000.0,1311000000.0,1199000000.0,,2101000000.0,19798000000.0,191317000000.0,10967000000.0,14647000000.0,1711000000.0,12936000000.0,34363941376.0,13.45,5.06,11.77,17.87,10.3,10.3,1.3,111.5,140.3,0.55,5.6,250.8,ttm,revenue=RevenueFromContractWithCustomerExcludingAssessedTax+Revenues;net_income=NetIncomeLoss;ebit=IncomeLossFromContinuingOperationsBeforeIncomeTaxesExtraordinaryItemsNoncontrollingInterest+IncomeLossFromContinuingOperationsBeforeIncomeTaxesMinorityInterestAndIncomeLossFromEquityMethodInvestments;ocf=NetCashProvidedByUsedInOperatingActivities;capex=PaymentsToAcquireProductiveAssets+PaymentsToAcquirePropertyPlantAndEquipment;interest_expense=InterestExpense;assets=Assets;equity=StockholdersEquity;long_term_debt=LongTermDebt;short_term_debt=ShortTermBorrowings;cash=CashCashEquivalentsRestrictedCashAndRestrictedCashEquivalents,6.9,18.55,1.71,1.12,4.4,-5.8,5.9,5.4,2.4,-8.2,-37.2,-7.3,-3.5,9.8,-3.0,9.3,-35.8,-6.3,-3.1,ttm,edgar,,95,yfinance,,Undervalued
KEYS,0001601046,"Keysight Technologies, Inc.",Technology,Scientific & Technical Instruments,yfinance,False,NYSE,3823,"Industrial Instruments For Measurement, Display, and Control",50.48,50.48,0.0,27.73,13.872,7.62,7.62,7.3,4.2,ok,yfinance,1.044,131.75,384.64,114.3,5.271,79.07,44.6,2026-07-31,Slow Grower (declining earnings),6.0,P/E = 0% growth credit + dividend not available (treated as 0) (floor 6) · 5-year trend (regression on all points),"Earnings are contracting, so the model gives no credit for growth: the multiple comes from the dividend and the floor alone. Applied to normalized earnings where available, since the latest figure of a declining company is its lowest point. Check whether the decline is cyclical or structural.",earnings,current,,medium,earnings declining -2%/year,45.72,ok,741.3,Overvalued,-1.8,5-year trend (regression on all points),10.6,-1.8,0,0,,35.9,-0.04,,9.969,False,48,0,236.5,,,,,,False,65482944512.0,170244745.0,2026-11-24,1.21,5.24,6582000000.0,5375000000.0,1260000000.0,1333000000.0,1604000000.0,1469000000.0,108000000.0,1281000000.0,6571000000.0,11921000000.0,1817000000.0,2517000000.0,2605000000.0,-88000000.0,65394944512.0,49.06,-0.07,9.95,44.58,20.6,55.1,11.2,19.1,20.3,0.28,2.24,42.7,ttm,revenue=RevenueFromContractWithCustomerExcludingAssessedTax+RevenueFromContractWithCustomerIncludingAssessedTax+Revenues;net_income=NetIncomeLoss+ProfitLoss;ebit=OperatingIncomeLoss;ocf=NetCashProvidedByUsedInOperatingActivities;capex=PaymentsToAcquirePropertyPlantAndEquipment;interest_expense=InterestExpenseNonoperating+InterestExpense;assets=Assets;equity=StockholdersEquity;long_term_debt=LongTermDebtNoncurrent;short_term_debt=DebtCurrent;cash=CashAndCashEquivalentsAtCarryingValue,25.5,38.6,38.66,8.63,5.0,10.6,9.2,5.6,6.2,8.4,6.6,4.8,19.1,3.7,8.7,9.3,3.9,4.4,16.2,ttm,edgar,,64,yfinance,dividend_yield,Overvalued
KHC,0001637459,The Kraft Heinz Company,Consumer Defensive,Packaged Foods,yfinance,False,Nasdaq,2030,"Canned, Frozen & Preservd Fruit, Veg & Food Specialties",,,,10.63,2.088,-2.84,-2.84,-2.85,0.4,ok,yfinance,,36.53,22.19,,1.56,23.4,-282.1,2026-06-27,Turnaround,10.0,P/E 10 on 3-year normalized earnings — currently loss-making,"A recovery multiple, not a PEG multiple: the growth rate of a company coming out of losses measures the rebound, not a trend, and using it as a multiple is how a fair value becomes nonsense. Applied to normalized earnings, and deliberately below the market average.",earnings,normalized,,low,growth not calculable on any window; erratic earnings (volatility 132),15.6,ok,42.2,Overvalued,,not calculable,,,5,1,0.0,131.7,,,0.731,True,51,0,,7.21,1.6,4.0,1.6,7.21,False,26313428992.0,1185823758.0,2026-10-28,0.08,5.24,24900000000.0,24942000000.0,-3396000000.0,-3177000000.0,4621000000.0,3816000000.0,683000000.0,3661000000.0,36006000000.0,73065000000.0,17619000000.0,17619000000.0,2419000000.0,15200000000.0,41513428992.0,,,1.06,6.9,-8.8,49.3,-4.3,-13.6,-12.8,0.49,14.5,15.9,ttm,revenue=RevenueFromContractWithCustomerIncludingAssessedTax+SalesRevenueGoodsNet+Revenues;net_income=NetIncomeLoss+NetIncomeLossAvailableToCommonStockholdersBasic;ebit=OperatingIncomeLoss;ocf=NetCashProvidedByUsedInOperatingActivities;capex=PaymentsToAcquirePropertyPlantAndEquipment;interest_expense=InterestExpense+InterestAndDebtExpense;assets=Assets;equity=StockholdersEquity;long_term_debt=LongTermDebtAndCapitalLeaseObligations;short_term_debt=ShortTermBorrowings;cash=CashAndCashEquivalentsAtCarryingValue,-1.6,30.36,21.0,3.22,,,,-2.8,-1.2,-0.7,18.9,-0.8,17.5,,,,12.3,-0.5,10.2,ttm,edgar,,98,yfinance,growth_5y,N/A
KIM,0000879101,Kimco Realty Corporation,Real Estate,REIT - Retail,yfinance,False,NYSE,6798,Real Estate Investment Trusts,25.86,25.86,0.0,24.71,0.9,0.86,0.86,0.86,0.0,ok,yfinance,,4.88,22.24,12.9,0.79,11.85,8.9,2026-06-30,Cyclical,12.0,P/E 12 on 3-year normalized (mid-cycle) earnings,"Erratic, cycle-driven earnings: a low P/E can signal the peak of the cycle, not a bargain. The multiple is applied to mid-cycle earnings, so the fair value does not follow the peak.",earnings,normalized,,medium,erratic earnings (volatility 73),9.48,ok,134.6,Overvalued,-5.1,5-year trend (regression on all points),-0.9,-5.1,0,0,,72.6,-0.0,,1.452,False,67,3,72.4,5.04,1.12,4.0,1.06,4.77,False,14918355968.0,670789373.0,2026-10-29,0.96,5.24,2187134000.0,2140116000.0,576789000.0,788443000.0,1179106000.0,1101615000.0,335645000.0,1101615000.0,10265601000.0,20030952000.0,7718700000.0,7718700000.0,699242000.0,7019458000.0,21937813968.0,27.82,8.9,6.82,13.54,5.5,51.2,3.9,26.4,36.0,0.75,7.38,,ttm,revenue=Revenues+RevenueFromContractWithCustomerIncludingAssessedTax;net_income=NetIncomeLoss+ProfitLoss;ebit=OperatingIncomeLoss+IncomeLossFromContinuingOperationsBeforeIncomeTaxesMinorityInterestAndIncomeLossFromEquityMethodInvestments;ocf=NetCashProvidedByUsedInOperatingActivities;capex=PaymentsToAcquirePropertyPlantAndEquipment+PaymentsForCapitalImprovements;interest_expense=InterestExpense;assets=Assets;equity=StockholdersEquity;long_term_debt=LongTermDebt;cash=CashAndCashEquivalentsAtCarryingValue,4.4,15.3,3.26,1.64,11.5,-0.9,-7.1,34.7,50.9,6.4,22.4,22.4,12.9,15.0,6.7,-3.2,5.0,12.8,10.8,ttm,edgar,,95,yfinance,,Overvalued
KKR,0001404912,KKR & Co. Inc.,Financial Services,Asset Management,yfinance,False,NYSE,6282,Investment Advice,29.13,29.13,0.0,12.19,7.405,3.1,3.1,3.511,13.3,ok,yfinance,0.883,53.73,90.29,46.5,2.927,43.91,5.9,2026-06-30,Slow Grower (declining earnings),6.0,"P/E = 0% growth credit + dividend 0.9% (floor 6) · 5-year CAGR (two endpoints, window contains losses)","Earnings are contracting, so the model gives no credit for growth: the multiple comes from the dividend and the floor alone. Applied to normalized earnings where available, since the latest figure of a declining company is its lowest point. Check whether the decline is cyclical or structural.",earnings,current,,low,"erratic earnings (volatility 100); one loss episode 3 years ago, profitable since; earnings declining -11%/year",18.6,ok,385.4,Overvalued,-10.7,"5-year CAGR (two endpoints, window contains losses)",-10.7,,3,1,3.2,100.1,-0.34,,2.844,True,64,0,94.2,0.86,0.78,4.0,0.76,0.84,False,83390988288.0,923590503.0,2026-11-09,1.79,5.24,21309155000.0,19464307000.0,3151975000.0,6636199000.0,2488480000.0,,2776946000.0,-5876724000.0,31047399000.0,414463237000.0,,,21202194000.0,,62188794288.0,9.37,,3.91,,10.6,7.5,1.6,14.8,31.1,,,23.8,ttm,revenue=Revenues+RevenueFromContractWithCustomerExcludingAssessedTax;net_income=NetIncomeLoss+ProfitLoss;ebit=IncomeLossFromContinuingOperationsBeforeIncomeTaxesExtraordinaryItemsNoncontrollingInterest+IncomeLossFromContinuingOperationsBeforeIncomeTaxesMinorityInterestAndIncomeLossFromEquityMethodInvestments;ocf=NetCashProvidedByUsedInOperatingActivities+NetCashProvidedByUsedInOperatingActivitiesContinuingOperations;capex=PaymentsToAcquirePropertyPlantAndEquipment;interest_expense=InterestExpenseNonoperating+InterestExpense;assets=Assets;equity=StockholdersEquity;long_term_debt=LongTermDebt;cash=CashAndCashEquivalentsAtCarryingValue,31.1,33.62,23.07,,31.4,-10.7,,24.1,19.0,28.5,,,,31.4,-10.7,,,,,ttm,edgar-derived,"EPS non depositato in forma non dimensionale (societa' multiclasse): derivato da utile netto SEC / 897,635,601 azioni (copertina SEC). La serie storica usa un numero di azioni costante, quindi non riflette buyback e diluizioni passate.",95,yfinance,free_cash_flow,Overvalued
KLAC,0000319201,KLA Corporation,Technology,Semiconductor Equipment & Materials,yfinance,False,Nasdaq,3827,Optical Instruments & Lenses,54.59,54.59,0.0,30.85,6.705,3.79,3.79,3.66,3.4,ok,yfinance,1.036,20.39,206.89,56.85,2.656,39.83,42.7,2026-06-30,Stalwart,14.9,P/E = growth 14% + dividend 0.4% · 5-year trend (regression on all points),"Solid, predictable growth: the fair P/E matches the growth rate plus the dividend yield (PEG = 1).",earnings,current,,high,"consistent earnings, growth measured over the full 5-year window",56.53,ok,266.0,Overvalued,14.5,5-year trend (regression on all points),22.3,14.5,0,0,,33.0,0.27,3.77,42.587,False,65,6,263.9,0.44,0.92,4.0,0.84,0.41,True,269992787968.0,1305006492.0,2026-10-28,1.44,5.24,13579476000.0,13579476000.0,4830771000.0,5605925000.0,4143079000.0,3767134000.0,284440000.0,3767134000.0,6349820000.0,17951535000.0,5887415000.0,5887415000.0,1649842000.0,4237573000.0,274230360968.0,48.92,0.76,19.88,71.67,87.5,35.4,31.2,35.6,41.3,0.93,1.4,0.5,ttm,revenue=RevenueFromContractWithCustomerExcludingAssessedTax+SalesRevenueNet+Revenues;net_income=NetIncomeLoss;ebit=IncomeLossFromContinuingOperationsBeforeIncomeTaxesExtraordinaryItemsNoncontrollingInterest+IncomeLossFromContinuingOperationsBeforeIncomeTaxesMinorityInterestAndIncomeLossFromEquityMethodInvestments+OperatingIncomeLoss;ocf=NetCashProvidedByUsedInOperatingActivities;capex=PaymentsToAcquirePropertyPlantAndEquipment;interest_expense=InterestExpenseNonoperating+InterestExpense;assets=Assets;equity=StockholdersEquity;long_term_debt=LongTermDebtNoncurrent;short_term_debt=LongTermDebtCurrent;cash=CashAndCashEquivalentsAtCarryingValue,11.7,4.87,10.41,2.89,14.9,22.3,23.3,9.0,14.4,16.4,4.2,14.0,17.9,12.6,18.4,21.2,4.1,13.7,18.5,ttm,edgar,,95,yfinance,,Overvalued
KMB,0000055785,Kimberly-Clark Corporation,Consumer Defensive,Household & Personal Products,yfinance,False,Nasdaq,2670,Converted Paper & Paperboard Prods (No Contaners/Boxes),16.05,18.65,13.9,12.61,7.481,5.88,5.06,5.88,16.2,check,edgar,,-19.01,94.36,88.2,6.22,93.3,-5.5,2026-06-30,Slow Grower,10.2,"P/E = growth 5% + dividend 5.4% (floor 6, cap 12) · 5-year trend (regression on all points)",Modest growth: deserves a contained multiple. The dividend partly offsets the lower growth.,earnings,current,,high,"consistent earnings, growth measured over the full 5-year window",59.73,ok,58.0,Overvalued,4.7,5-year trend (regression on all points),0.0,4.7,0,0,,20.8,0.63,3.39,17.932,False,67,5,7.0,5.43,5.12,4.0,5.1,5.4,False,31382159360.0,332579038.0,2026-11-03,0.27,5.24,16582000000.0,16447000000.0,1955000000.0,2514000000.0,3333000000.0,1820000000.0,236000000.0,1639000000.0,1750000000.0,18554000000.0,6474000000.0,6517000000.0,956000000.0,5561000000.0,36943159360.0,14.69,2.21,1.89,17.24,129.4,9.4,13.5,11.8,15.2,3.7,5.8,-34.8,ttm,revenue=Revenues+SalesRevenueNet;net_income=NetIncomeLoss;ebit=OperatingIncomeLoss;ocf=NetCashProvidedByUsedInOperatingActivities+NetCashProvidedByUsedInOperatingActivitiesContinuingOperations;capex=PaymentsToAcquireProductiveAssets;interest_expense=InterestExpense;assets=Assets;equity=StockholdersEquity;long_term_debt=LongTermDebtNoncurrent;short_term_debt=DebtCurrent;cash=CashAndCashEquivalentsAtCarryingValue,0.7,5.26,49.86,5.47,6.6,0.0,0.9,-1.1,-2.7,-1.0,-8.7,7.8,-0.9,6.0,-0.4,-0.0,1.5,7.4,1.3,ttm,edgar,,95,yfinance,,Overvalued
KMI,0001506307,"Kinder Morgan, Inc.",Energy,Oil & Gas Midstream,yfinance,False,NYSE,4922,Natural Gas Transmission,19.66,19.66,0.0,20.12,1.545,1.58,1.58,1.56,1.3,ok,yfinance,,27.87,31.07,23.7,1.18,17.7,33.9,2026-06-30,Stalwart,18.3,P/E = growth 14% + dividend 3.8% · 5-year trend (regression on all points),"Solid, predictable growth: the fair P/E matches the growth rate plus the dividend yield (PEG = 1).",earnings,current,,high,"consistent earnings, growth measured over the full 5-year window",28.85,ok,7.7,Overvalued,14.4,5-year trend (regression on all points),15.8,14.4,0,0,,25.2,0.93,1.36,2.185,False,47,0,31.1,3.84,1.192,4.0,1.182,3.8,False,69186740224.0,2226802089.0,2026-10-28,0.55,5.24,16283000000.0,15202000000.0,3467000000.0,5217000000.0,6557000000.0,3158000000.0,,2891000000.0,31631000000.0,74062000000.0,29805000000.0,32248000000.0,89000000.0,32159000000.0,101345740224.0,19.43,6.16,4.25,21.91,11.1,42.7,7.0,21.3,32.0,0.94,4.56,-3.8,ttm,revenue=RevenueFromContractWithCustomerExcludingAssessedTax+Revenues;net_income=NetIncomeLoss;ebit=OperatingIncomeLoss;ocf=NetCashProvidedByUsedInOperatingActivities;capex=PaymentsToAcquirePropertyPlantAndEquipment;interest_expense=InterestExpense;assets=Assets;equity=StockholdersEquity;long_term_debt=LongTermDebtNoncurrent;short_term_debt=DebtCurrent;cash=CashAndCashEquivalentsAtCarryingValue,13.6,14.2,7.31,1.42,12.0,15.8,54.6,1.5,3.6,1.8,-1.6,-6.2,6.6,11.4,15.1,34.6,8.0,3.1,2.5,ttm,edgar,,95,yfinance,,Overvalued
KO,0000021344,The Coca-Cola Company,Consumer Defensive,Beverages - Non-Alcoholic,yfinance,False,NYSE,2080,Beverages,25.88,25.88,0.0,24.29,3.526,3.31,3.31,3.18,3.9,ok,yfinance,1.041,27.71,85.65,49.65,2.587,38.8,28.0,2026-04-03,Slow Grower,10.8,"P/E = growth 8% + dividend 2.5% (floor 6, cap 12) · 5-year trend (regression on all points)",Modest growth: deserves a contained multiple. The dividend partly offsets the lower growth.,earnings,current,,high,"consistent earnings, growth measured over the full 5-year window",35.86,ok,138.8,Overvalued,8.4,5-year trend (regression on all points),13.7,8.4,0,0,,16.0,0.42,3.1,10.195,False,66,8,72.5,2.48,2.12,4.0,2.1,2.45,False,368513318912.0,4302549243.0,2026-10-27,0.34,5.24,49284000000.0,47941000000.0,13701000000.0,14462000000.0,14631000000.0,12562000000.0,1642000000.0,5296000000.0,33633000000.0,104217000000.0,39065000000.0,39315000000.0,10574000000.0,28741000000.0,397254318912.0,27.47,1.99,7.48,29.34,45.8,32.3,13.9,27.8,29.3,1.16,3.41,11.7,ttm,revenue=Revenues+SalesRevenueGoodsNet;net_income=NetIncomeLoss;ebit=OperatingIncomeLoss;ocf=NetCashProvidedByUsedInOperatingActivities+NetCashProvidedByUsedInOperatingActivitiesContinuingOperations;capex=PaymentsToAcquirePropertyPlantAndEquipment;interest_expense=InterestExpense;assets=Assets;equity=StockholdersEquity;long_term_debt=LongTermDebtNoncurrent;short_term_debt=LongTermDebtCurrent;cash=CashAndCashEquivalentsAtCarryingValue,5.1,7.82,11.45,2.92,11.9,13.7,6.7,4.2,8.1,1.2,11.7,5.0,6.0,11.5,13.7,6.5,11.5,6.0,4.3,ttm,edgar,,183,yfinance,,Overvalued
KR,0000056873,The Kroger Co.,Consumer Defensive,Grocery Stores,yfinance,False,NYSE,5411,Retail-Grocery Stores,32.08,32.08,0.0,10.71,5.51,1.84,1.84,1.54,16.3,check,yfinance,,-58.04,59.03,27.6,2.96,44.4,-37.8,2026-01-31,Slow Grower (declining earnings),6.0,"P/E = 0% growth credit + dividend 2.6% (floor 6) · 5-year CAGR (two endpoints, window contains losses)","Earnings are contracting, so the model gives no credit for growth: the multiple comes from the dividend and the floor alone. Applied to normalized earnings where available, since the latest figure of a declining company is its lowest point. Check whether the decline is cyclical or structural.",earnings,current,,low,erratic earnings (volatility 63); earnings declining -14%/year,11.04,ok,434.7,Overvalued,-14.0,"5-year CAGR (two endpoints, window contains losses)",-14.0,,0,0,,63.0,-0.35,,6.024,False,19,5,113.9,2.64,1.56,4.0,1.44,2.44,True,34862448640.0,590588700.0,2026-12-03,0.41,5.24,147642000000.0,147642000000.0,1016000000.0,1890000000.0,7311000000.0,3456000000.0,,3456000000.0,5840000000.0,49491000000.0,13915000000.0,15367000000.0,1676000000.0,13691000000.0,48553448640.0,25.69,7.24,0.24,10.09,13.4,11.8,3.8,0.7,1.3,2.38,9.91,94.5,"annual:ebit,fcf,net_income,ocf,revenue",revenue=RevenueFromContractWithCustomerExcludingAssessedTax+SalesRevenueGoodsNet;net_income=NetIncomeLoss+ProfitLoss+NetIncomeLossAvailableToCommonStockholdersBasic;ebit=OperatingIncomeLoss;ocf=NetCashProvidedByUsedInOperatingActivities+NetCashProvidedByUsedInOperatingActivitiesContinuingOperations;capex=PaymentsToAcquireProductiveAssets;interest_expense=InterestExpense;assets=Assets;equity=StockholdersEquity;long_term_debt=LongTermDebtNoncurrent;short_term_debt=LongTermDebtCurrent;cash=CashAndCashEquivalentsAtCarryingValue,0.4,9.89,249.99,5.85,-20.4,-14.0,-2.9,-0.1,2.2,3.0,34.4,-2.6,8.2,-23.2,-17.0,-6.7,17.5,1.4,4.0,annual,edgar,,245,yfinance,,Overvalued
KVUE,0001944048,Kenvue Inc.,Consumer Defensive,Household & Personal Products,yfinance,False,NYSE,2844,"Perfumes, Cosmetics & Other Toilet Preparations",20.24,20.24,0.0,13.87,1.24,0.85,0.85,0.86,1.2,ok,yfinance,,14.67,17.2,12.75,0.751,11.27,13.2,2026-06-28,Slow Grower (declining earnings),6.0,P/E = 0% growth credit + dividend 4.9% (floor 6) · 5-year trend (regression on all points),"Earnings are contracting, so the model gives no credit for growth: the multiple comes from the dividend and the floor alone. Applied to normalized earnings where available, since the latest figure of a declining company is its lowest point. Check whether the decline is cyclical or structural.",earnings,current,,medium,earnings declining -11%/year,5.1,ok,237.3,Overvalued,-10.9,5-year trend (regression on all points),,-10.9,0,0,,29.3,-0.3,,3.13,False,15,0,34.9,4.88,0.84,4.0,1.044,6.07,False,33037305856.0,1920773467.0,2026-11-05,0.43,5.24,15408000000.0,15124000000.0,1658000000.0,2630000000.0,2325000000.0,1914000000.0,425000000.0,1722000000.0,10553000000.0,26735000000.0,7074000000.0,8480000000.0,1110000000.0,7370000000.0,40407305856.0,15.36,2.8,2.14,17.26,15.6,39.5,9.8,10.8,17.1,0.67,5.79,29.0,ttm,revenue=RevenueFromContractWithCustomerExcludingAssessedTax;net_income=NetIncomeLoss;ebit=OperatingIncomeLoss+IncomeLossFromContinuingOperationsBeforeIncomeTaxesExtraordinaryItemsNoncontrollingInterest;ocf=NetCashProvidedByUsedInOperatingActivities;capex=PaymentsToAcquirePropertyPlantAndEquipment;interest_expense=InterestExpenseDebt+InterestExpense;assets=Assets;equity=StockholdersEquity;long_term_debt=LongTermDebt;short_term_debt=DebtCurrent;cash=CashAndCashEquivalentsAtCarryingValue,1.8,5.49,8.02,1.0,-6.5,,,-0.0,,,-8.9,,,-3.5,,,-7.4,,,ttm,edgar,,97,yfinance,,Overvalued
L,0000060086,Loews Corporation,Financial Services,Insurance - Property & Casualty,yfinance,False,NYSE,6331,"Fire, Marine & Casualty Insurance",12.88,12.88,0.0,36.56,2.9,8.23,8.23,8.15,1.0,ok,yfinance,,29.37,106.03,123.45,6.842,102.62,20.3,2026-06-30,Stalwart (mid cap),11.2,P/E = growth 11% + dividend 0.2% · 5-year trend (regression on all points),"Solid, predictable growth: the fair P/E matches the growth rate plus the dividend yield (PEG = 1).",earnings,current,,medium,erratic earnings (volatility 81),91.9,ok,15.4,Overvalued,10.9,5-year trend (regression on all points),7.1,10.9,0,0,,81.3,0.87,1.18,1.134,False,63,5,-14.1,0.24,0.252,4.0,0.252,0.24,False,21675470848.0,204427720.0,2026-11-02,0.51,5.24,3245000000.0,3174000000.0,1687000000.0,2305000000.0,2575000000.0,1766000000.0,441000000.0,2700000000.0,19115000000.0,87228000000.0,8914000000.0,8914000000.0,508000000.0,8406000000.0,30081470848.0,13.05,3.65,6.68,12.27,9.2,21.9,2.6,52.0,71.0,0.47,8.15,12.8,ttm,revenue=RevenueFromContractWithCustomerExcludingAssessedTax+Revenues;net_income=NetIncomeLoss;ebit=IncomeLossFromContinuingOperationsBeforeIncomeTaxesExtraordinaryItemsNoncontrollingInterest+IncomeLossFromContinuingOperationsBeforeIncomeTaxesMinorityInterestAndIncomeLossFromEquityMethodInvestments;ocf=NetCashProvidedByUsedInOperatingActivities+NetCashProvidedByUsedInOperatingActivitiesContinuingOperations;capex=PaymentsToAcquirePropertyPlantAndEquipment;interest_expense=InterestExpense;assets=Assets;equity=StockholdersEquity;long_term_debt=LongTermDebtNoncurrent;short_term_debt=LongTermDebtCurrent;cash=CashCashEquivalentsRestrictedCashAndRestrictedCashEquivalents,5.1,93.5,15.87,8.64,21.1,7.1,75.2,14.0,-9.6,-12.9,-19.4,4.8,-1.3,16.5,1.7,57.5,-13.8,6.9,-2.2,ttm,edgar,,95,yfinance,,Undervalued
LDOS,0001336920,"Leidos Holdings, Inc.",Technology,Information Technology Services,yfinance,False,NYSE,7373,Services-Computer Integrated Systems Design,11.39,11.39,0.0,9.23,12.75,10.34,10.34,10.73,3.8,ok,yfinance,0.964,1.61,117.74,155.1,9.222,138.33,12.1,2026-07-03,Fast Grower,25.0,P/E = growth 24% + dividend 1.5% (capped at 25) · 5-year trend (regression on all points),"High growth: the multiple tracks the growth rate but is capped at 25, because very few companies sustain that pace for years.",earnings,current,,high,"consistent earnings, growth measured over the full 5-year window",258.5,ok,-54.5,Undervalued,24.3,5-year trend (regression on all points),16.0,24.3,0,0,,27.9,2.27,0.47,2.796,False,65,1,-24.1,1.46,1.72,4.0,1.72,1.46,False,14775452672.0,125492209.0,2026-11-03,0.57,5.24,17577000000.0,17107000000.0,1376000000.0,2030000000.0,2300000000.0,2163000000.0,,1625000000.0,5284000000.0,15632000000.0,6009000000.0,6031000000.0,748000000.0,5283000000.0,20058452672.0,9.88,2.6,0.84,6.83,27.7,33.8,13.0,7.8,11.5,1.14,14.64,26.4,ttm,revenue=RevenueFromContractWithCustomerExcludingAssessedTax+Revenues;net_income=NetIncomeLoss+ProfitLoss;ebit=OperatingIncomeLoss;ocf=NetCashProvidedByUsedInOperatingActivities+NetCashProvidedByUsedInOperatingActivitiesContinuingOperations;capex=PaymentsToAcquireProductiveAssets+PaymentsToAcquirePropertyPlantAndEquipment;interest_expense=InterestExpense;assets=Assets;equity=StockholdersEquity;long_term_debt=LongTermDebtNoncurrent;short_term_debt=DebtCurrent;cash=CashAndCashEquivalentsAtCarryingValue,3.5,42.11,140.06,17.24,27.7,16.0,11.4,6.0,6.0,13.0,41.5,26.9,18.8,24.7,13.4,17.7,35.6,23.6,18.8,ttm,edgar,,92,yfinance,,Undervalued
LEN,0000920760,Lennar Corporation,Consumer Cyclical,Residential Construction,yfinance,False,NYSE,1520,General Bldg Contractors - Residential Bldgs,15.12,15.12,0.0,15.21,5.246,5.28,5.28,5.28,0.0,ok,yfinance,,-47.67,79.81,79.2,12.88,193.2,-59.0,2026-08-31,Asset Play,,net asset value (fair P/B = 1),"Trading at 0.88x book value: the market prices the company below its accounting net worth. The anchor is the balance sheet, not the P/E. Book value is a starting point, not an appraisal — it understates land carried at cost and overstates obsolete inventory.",book,current,1.0,medium,"consistent earnings, growth measured over the full 5-year window",89.5,ok,-10.8,Undervalued,-13.7,5-year trend (regression on all points),-16.2,-13.7,0,0,,39.0,-0.74,,0.88,False,64,6,0.8,2.51,2.0,4.0,2.0,2.51,True,19225839616.0,240895142.0,2026-12-15,1.4,5.24,31973076000.0,34186934000.0,1308268000.0,1785760000.0,937303000.0,811269000.0,,28183000.0,21558959000.0,33701455000.0,5874995000.0,5874995000.0,1498890000.0,4376105000.0,23601944616.0,13.22,2.45,0.6,23.7,5.9,64.0,5.3,4.1,5.6,0.27,4.22,-98.7,ttm,revenue=Revenues;net_income=NetIncomeLoss;ebit=IncomeLossFromContinuingOperationsBeforeIncomeTaxesExtraordinaryItemsNoncontrollingInterest+OperatingIncomeLoss;ocf=NetCashProvidedByUsedInOperatingActivities;capex=PaymentsToAcquirePropertyPlantAndEquipment+PaymentsForCapitalImprovements;interest_expense=InterestExpense;assets=Assets;equity=StockholdersEquity;long_term_debt=LongTermDebt;cash=CashAndCashEquivalentsAtCarryingValue,-8.0,89.5,132.73,3.37,-26.9,-16.2,3.9,-1.5,4.6,11.8,-46.2,-20.4,3.4,-30.5,-20.5,4.0,-43.9,-18.5,3.5,ttm,edgar,,33,yfinance,,Overvalued
LH,0000920148,Labcorp Holdings Inc.,Healthcare,Diagnostics & Research,yfinance,False,NYSE,8071,Services-Medical Laboratories,25.18,25.18,0.0,15.55,19.844,12.25,12.25,12.09,1.3,ok,yfinance,,33.15,308.49,183.75,8.871,133.06,38.1,2026-06-30,Slow Grower (declining earnings),6.0,P/E = 0% growth credit + dividend 0.9% (floor 6) · 5-year trend (regression on all points),"Earnings are contracting, so the model gives no credit for growth: the multiple comes from the dividend and the floor alone. Applied to normalized earnings where available, since the latest figure of a declining company is its lowest point. Check whether the decline is cyclical or structural.",earnings,current,,low,erratic earnings (volatility 92); earnings declining -20%/year,73.5,ok,319.7,Overvalued,-19.6,5-year trend (regression on all points),-13.7,-19.6,0,0,,92.4,-0.74,,2.9,False,67,4,67.9,0.93,2.88,4.0,2.88,0.93,False,25018537984.0,81100000.0,2026-10-28,0.85,5.24,14348000000.0,13951700000.0,1002800000.0,1496600000.0,1638400000.0,1155200000.0,227200000.0,1206000000.0,8606800000.0,18532300000.0,5857600000.0,5858500000.0,141800000.0,5716700000.0,30735237984.0,20.54,3.82,1.74,21.66,11.7,46.4,8.1,7.0,10.4,0.68,4.62,10.0,ttm,revenue=Revenues+SalesRevenueNet;net_income=NetIncomeLoss;ebit=OperatingIncomeLoss;ocf=NetCashProvidedByUsedInOperatingActivities;capex=PaymentsToAcquirePropertyPlantAndEquipment;interest_expense=InterestExpense;assets=Assets;equity=StockholdersEquity;long_term_debt=LongTermDebtNoncurrent;short_term_debt=DebtCurrent;cash=CashAndCashEquivalentsAtCarryingValue,6.4,106.13,176.92,14.24,6.1,-13.7,8.7,6.5,-2.6,-1.5,0.5,-16.4,3.0,6.5,-19.0,4.7,3.0,-12.6,3.6,ttm,edgar,,95,yfinance,,Overvalued
LHX,0000202058,"L3Harris Technologies, Inc.",Industrials,Aerospace & Defense,yfinance,False,NYSE,3812,"Search, Detection, Navigation, Guidance, Aeronautical Sys",24.09,24.09,0.0,17.48,13.539,9.82,9.82,9.9,0.8,ok,yfinance,,10.61,236.6,147.3,8.084,121.26,21.5,2026-07-03,Slow Grower,7.4,"P/E = growth 5% + dividend 2.1% (floor 6, cap 12) · 5-year trend (regression on all points)",Modest growth: deserves a contained multiple. The dividend partly offsets the lower growth.,earnings,current,,high,"consistent earnings, growth measured over the full 5-year window",72.63,ok,225.8,Overvalued,5.3,5-year trend (regression on all points),6.7,5.3,0,0,,31.1,0.31,4.56,2.215,False,65,3,60.6,2.11,5.0,4.0,4.95,2.09,False,44058382336.0,186214616.0,2026-10-29,0.51,5.24,39149000000.0,21325000000.0,1874000000.0,4037000000.0,3292000000.0,2808000000.0,,2682000000.0,19882000000.0,42938000000.0,9184000000.0,9184000000.0,1521000000.0,7663000000.0,51721382336.0,12.81,1.9,1.13,15.69,9.6,46.3,9.4,4.8,10.3,0.46,6.37,24.7,ttm,revenue=RevenueFromContractWithCustomerExcludingAssessedTax+SalesRevenueNet+Revenues;net_income=NetIncomeLoss;ebit=OperatingIncomeLoss+IncomeLossFromContinuingOperationsBeforeIncomeTaxesExtraordinaryItemsNoncontrollingInterest+IncomeLossFromContinuingOperationsBeforeIncomeTaxesMinorityInterestAndIncomeLossFromEquityMethodInvestments;ocf=NetCashProvidedByUsedInOperatingActivities;capex=PaymentsToAcquirePropertyPlantAndEquipment;interest_expense=InterestExpenseNonoperating+InterestExpense;assets=Assets;equity=StockholdersEquity;long_term_debt=LongTermDebtNoncurrent;short_term_debt=LongTermDebtCurrent;cash=CashAndCashEquivalentsAtCarryingValue,5.3,106.77,210.24,15.08,32.8,6.7,14.3,29.5,16.3,19.4,15.2,2.8,13.8,32.6,4.6,19.2,15.5,3.0,13.5,ttm,edgar,,92,yfinance,,Overvalued
LII,0001069202,Lennox International Inc.,Industrials,Building Products & Equipment,yfinance,False,NYSE,3585,Air-Cond & Warm Air Heatg Equip & Comm & Indl Refrig Equip,16.03,16.03,0.0,13.66,26.077,22.23,22.23,22.51,1.3,ok,yfinance,,-1.36,356.3,333.45,21.534,323.01,3.2,2026-03-31,Stalwart (mid cap),19.1,P/E = growth 18% + dividend 1.5% · 5-year trend (regression on all points),"Solid, predictable growth: the fair P/E matches the growth rate plus the dividend yield (PEG = 1).",earnings,current,,high,"consistent earnings, growth measured over the full 5-year window",423.55,ok,-15.9,Undervalued,17.5,5-year trend (regression on all points),15.2,17.5,0,0,,22.5,1.19,0.91,9.492,False,62,0,6.9,1.53,5.44,4.0,5.32,1.49,False,12313968640.0,34560675.0,2026-10-28,1.18,5.24,5257800000.0,5195300000.0,793500000.0,1037100000.0,809500000.0,660700000.0,49900000.0,638800000.0,1213900000.0,4292700000.0,1144100000.0,1505100000.0,48200000.0,1456900000.0,13770868640.0,13.28,1.4,2.34,18.64,72.5,28.3,24.2,15.1,19.7,0.94,5.37,-18.3,ttm,revenue=Revenues+SalesRevenueNet;net_income=NetIncomeLoss;ebit=OperatingIncomeLoss;ocf=NetCashProvidedByUsedInOperatingActivities;capex=PaymentsToAcquirePropertyPlantAndEquipment;interest_expense=InterestExpense;assets=Assets;equity=StockholdersEquity;long_term_debt=LongTermDebtAndCapitalLeaseObligations;short_term_debt=LongTermDebtCurrent;cash=CashAndCashEquivalentsAtCarryingValue,-2.0,35.12,152.13,19.12,16.2,15.2,17.9,3.4,6.5,4.2,46.4,1.4,24.6,15.8,13.2,14.9,36.0,3.1,15.0,ttm,edgar,,186,yfinance,,Overvalued
LIN,0001707925,Linde plc,Basic Materials,Specialty Chemicals,yfinance,False,Nasdaq,2810,Industrial Inorganic Chemicals,30.31,30.31,0.0,24.52,19.559,15.82,15.82,15.5,2.0,ok,yfinance,1.021,10.16,479.48,237.3,13.983,209.74,13.1,2026-06-30,Fast Grower,22.6,P/E = growth 21% + dividend 1.3% (capped at 25) · 5-year trend (regression on all points),"High growth: the multiple tracks the growth rate but is capped at 25, because very few companies sustain that pace for years.",earnings,current,,high,"consistent earnings, growth measured over the full 5-year window",357.85,ok,34.0,Overvalued,21.3,5-year trend (regression on all points),20.0,21.3,0,0,,8.5,0.75,1.42,5.656,False,35,1,102.1,1.33,6.4,4.0,6.3,1.31,False,221030776832.0,460980163.0,2026-10-30,0.73,5.24,35449000000.0,33986000000.0,7244000000.0,9378000000.0,10489000000.0,4975000000.0,571000000.0,5089000000.0,39081000000.0,88349000000.0,20678000000.0,23152000000.0,4898000000.0,18254000000.0,239284776832.0,25.52,1.95,6.24,44.43,18.7,44.2,10.6,20.4,26.5,0.53,2.25,3.3,ttm,revenue=RevenueFromContractWithCustomerExcludingAssessedTax;net_income=NetIncomeLoss;ebit=OperatingIncomeLoss;ocf=NetCashProvidedByUsedInOperatingActivities+NetCashProvidedByUsedInOperatingActivitiesContinuingOperations;capex=PaymentsToAcquirePropertyPlantAndEquipment;interest_expense=InterestExpenseNonoperating+InterestExpenseDebt+InterestAndDebtExpense;assets=Assets;equity=StockholdersEquity;long_term_debt=LongTermDebtNoncurrent;short_term_debt=LongTermDebtCurrent;cash=CashAndCashEquivalentsAtCarryingValue,6.6,84.78,76.9,10.79,10.7,20.0,16.2,2.3,4.1,14.2,-2.7,0.2,14.8,8.4,17.1,23.0,6.1,4.9,15.1,ttm,edgar,,95,yfinance,,Overvalued
LITE,0001633978,Lumentum Holdings Inc.,Technology,Communication Equipment,yfinance,False,Nasdaq,3669,"Communications Equipment, NEC",,,,31.26,34.727,-96.49,-96.49,-92.96,3.7,ok,yfinance,,-25224.32,1085.42,,,,,2026-06-27,Turnaround,,"no positive earnings, current or normalized","Loss-making now and on a 3-year average: no earnings base exists to capitalise. Any P/E-derived fair value would be invented. Assess the cash burn, the runway and the balance sheet instead.",none,current,,low,growth not calculable on any window; erratic earnings (volatility 227),,no valuation anchor for this category,,N/A,,not calculable,,,10,2,0.0,226.9,,,20.709,True,49,0,,,,,,,False,97362173952.0,89700000.0,2026-11-05,1.54,5.24,3014000000.0,3014000000.0,-6935100000.0,524800000.0,751400000.0,300100000.0,21800000.0,300100000.0,4643900000.0,7307500000.0,40500000.0,1637400000.0,2043500000.0,-406100000.0,96956073952.0,184.75,-0.77,32.3,324.43,-240.0,63.5,7.2,-230.1,17.4,0.01,0.31,386.6,ttm,revenue=RevenueFromContractWithCustomerExcludingAssessedTax+RevenueFromContractWithCustomerIncludingAssessedTax+Revenues;net_income=NetIncomeLoss+NetIncomeLossAvailableToCommonStockholdersBasic;ebit=OperatingIncomeLoss;ocf=NetCashProvidedByUsedInOperatingActivities+NetCashProvidedByUsedInOperatingActivitiesContinuingOperations;capex=PaymentsToAcquirePropertyPlantAndEquipment;interest_expense=InterestExpenseNonoperating+InterestExpense;assets=Assets;equity=StockholdersEquity;long_term_debt=LongTermDebtNoncurrent;short_term_debt=LongTermDebtCurrent;cash=CashAndCashEquivalentsAtCarryingValue,83.2,51.77,33.6,3.35,,,,19.6,11.6,12.8,80.5,-14.5,52.0,,,,61.3,0.3,24.2,ttm,edgar,,98,yfinance,dividend_yield;growth_5y,N/A
LLY,0000059478,Eli Lilly and Company,Healthcare,Drug Manufacturers - General,yfinance,False,NYSE,2834,Pharmaceutical Preparations,38.61,38.61,0.0,24.14,47.344,29.6,29.6,29.8,0.7,ok,yfinance,,94.77,1142.85,444.0,11.919,178.79,148.3,2026-06-30,Fast Grower,25.0,P/E = growth 36% + dividend 0.6% (capped at 25) · 5-year trend (regression on all points),"High growth: the multiple tracks the growth rate but is capped at 25, because very few companies sustain that pace for years.",earnings,current,,high,"consistent earnings, growth measured over the full 5-year window",740.0,ok,54.4,Overvalued,35.6,5-year trend (regression on all points),34.9,35.6,0,0,,32.9,0.94,1.08,30.073,False,63,4,157.4,0.61,6.92,4.0,6.69,0.59,True,1019126611968.0,891741406.0,2026-10-29,0.5,5.24,79665800000.0,65179000000.0,26711200000.0,33595600000.0,28083000000.0,,894900000.0,,33879000000.0,142283000000.0,47858000000.0,54908000000.0,8950000000.0,45958000000.0,1065084611968.0,31.7,1.37,12.79,,102.4,23.8,23.6,33.5,42.2,1.41,,,ttm,revenue=Revenues;net_income=NetIncomeLoss+ProfitLoss;ebit=IncomeLossFromContinuingOperationsBeforeIncomeTaxesExtraordinaryItemsNoncontrollingInterest+IncomeLossFromContinuingOperationsBeforeIncomeTaxesMinorityInterestAndIncomeLossFromEquityMethodInvestments;ocf=NetCashProvidedByUsedInOperatingActivities;capex=PaymentsToAcquireProductiveAssets;interest_expense=InterestExpenseNonoperating+InterestExpense;assets=Assets;equity=StockholdersEquity;long_term_debt=LongTermDebtNoncurrent;short_term_debt=DebtCurrent;cash=CashAndCashEquivalentsAtCarryingValue,49.6,37.99,89.34,,60.6,34.9,29.1,39.2,24.4,14.5,,,,60.2,34.5,26.9,65.1,31.7,23.9,ttm,edgar,,95,yfinance,free_cash_flow,Overvalued
LMT,0000936468,Lockheed Martin Corporation,Industrials,Aerospace & Defense,yfinance,False,NYSE,3760,Guided Missiles & Space Vehicles & Parts,18.66,18.66,0.0,15.43,32.754,27.09,27.09,27.13,0.1,ok,yfinance,,52.33,505.41,406.35,25.128,376.92,7.8,2026-06-28,Slow Grower,6.0,"P/E = growth 0% + dividend 2.7% (floor 6, cap 12) · 5-year trend (regression on all points)",Modest growth: deserves a contained multiple. The dividend partly offsets the lower growth.,earnings,current,,high,"consistent earnings, growth measured over the full 5-year window",162.54,ok,210.9,Overvalued,0.3,5-year trend (regression on all points),1.2,0.3,0,0,,16.7,0.16,63.5,13.258,False,67,3,24.4,2.73,13.8,4.0,13.8,2.73,False,116643954688.0,230790753.0,2026-10-22,0.1,5.24,77014000000.0,75048000000.0,6287000000.0,9153000000.0,10402000000.0,8729000000.0,1111000000.0,6908000000.0,8768000000.0,62450000000.0,20538000000.0,20538000000.0,3791000000.0,16747000000.0,133390954688.0,14.57,1.83,1.51,13.36,89.2,14.0,14.7,8.2,11.9,2.34,7.48,30.7,ttm,revenue=Revenues+RevenueFromContractWithCustomerExcludingAssessedTax+SalesRevenueNet;net_income=NetIncomeLoss;ebit=OperatingIncomeLoss;ocf=NetCashProvidedByUsedInOperatingActivities;capex=PaymentsToAcquireProductiveAssets+PaymentsToAcquirePropertyPlantAndEquipment;interest_expense=InterestExpenseNonoperating+InterestExpense;assets=Assets;equity=StockholdersEquity;long_term_debt=LongTermDebtNoncurrent;short_term_debt=DebtCurrent;cash=CashAndCashEquivalentsAtCarryingValue,7.2,37.99,333.7,37.82,-0.2,1.2,8.5,4.5,2.9,5.9,13.2,11.9,5.7,-3.8,-2.5,5.4,10.4,9.2,5.6,ttm,edgar,,97,yfinance,,Overvalued
LNT,0000352541,Alliant Energy Corporation,Utilities,Utilities - Regulated Electric,yfinance,False,Nasdaq,4931,Electric & Other Services Combined,20.36,20.36,0.0,17.45,3.687,3.16,3.16,3.18,0.6,ok,yfinance,,9.66,64.33,47.4,2.748,41.21,15.0,2026-03-31,Slow Grower,7.6,"P/E = growth 4% + dividend 3.3% (floor 6, cap 12) · 5-year trend (regression on all points)",Modest growth: deserves a contained multiple. The dividend partly offsets the lower growth.,earnings,current,,high,"consistent earnings, growth measured over the full 5-year window",23.9,ok,169.2,Overvalued,4.2,5-year trend (regression on all points),5.4,4.2,0,0,,11.9,0.37,4.81,2.215,False,62,2,35.7,3.33,2.14,4.0,2.112,3.28,False,16679785472.0,259284699.0,2026-11-05,0.53,5.24,4419000000.0,4362000000.0,821000000.0,1018000000.0,1288000000.0,,534000000.0,-998000000.0,7422000000.0,24813000000.0,11007000000.0,11007000000.0,115000000.0,10892000000.0,27571785472.0,27.08,10.7,3.77,,11.3,29.9,4.1,18.6,23.0,1.48,,-70.0,ttm,revenue=RevenueFromContractWithCustomerExcludingAssessedTax+Revenues;net_income=NetIncomeLoss+NetIncomeLossAvailableToCommonStockholdersBasic;ebit=OperatingIncomeLoss;ocf=NetCashProvidedByUsedInOperatingActivities;capex=PaymentsToAcquirePropertyPlantAndEquipment;interest_expense=InterestExpense;assets=Assets;equity=StockholdersEquity;long_term_debt=LongTermDebtNoncurrent;short_term_debt=LongTermDebtCurrent;cash=CashAndCashEquivalentsAtCarryingValue,8.3,28.62,17.04,,6.8,5.4,6.7,1.6,5.4,3.3,,,,7.8,5.6,7.8,44.9,21.5,5.1,ttm,edgar,,186,yfinance,free_cash_flow,Overvalued
LOW,0000060667,"Lowe's Companies, Inc.",Consumer Cyclical,Home Improvement Retail,yfinance,False,NYSE,5211,Retail-Lumber & Other Building Materials Dealers,15.41,15.41,0.0,13.88,13.023,11.73,11.73,11.83,0.9,ok,yfinance,,-2.95,180.8,175.95,11.988,179.82,-2.2,2026-07-31,Slow Grower,6.0,"P/E = growth 1% + dividend 2.8% (floor 6, cap 12) · 5-year trend (regression on all points)",Modest growth: deserves a contained multiple. The dividend partly offsets the lower growth.,earnings,current,,high,"consistent earnings, growth measured over the full 5-year window",70.38,ok,156.9,Overvalued,1.2,5-year trend (regression on all points),4.0,1.2,0,0,,30.3,0.26,13.19,-13.638,False,67,5,2.8,2.77,5.0,4.0,4.85,2.68,False,101438570496.0,561054019.0,2026-11-18,0.85,5.24,90432000000.0,86286000000.0,6643000000.0,10292000000.0,9263000000.0,7000000000.0,,7651000000.0,-7437000000.0,55881000000.0,35204000000.0,35204000000.0,3172000000.0,32032000000.0,133470570496.0,12.97,3.11,1.12,14.49,,-13.3,18.4,7.3,11.4,,6.9,-0.6,ttm,revenue=RevenueFromContractWithCustomerExcludingAssessedTax+SalesRevenueNet;net_income=NetIncomeLoss+ProfitLoss;ebit=OperatingIncomeLoss+IncomeLossFromContinuingOperationsBeforeIncomeTaxesExtraordinaryItemsNoncontrollingInterest+IncomeLossFromContinuingOperationsBeforeIncomeTaxesMinorityInterestAndIncomeLossFromEquityMethodInvestments;ocf=NetCashProvidedByUsedInOperatingActivities+NetCashProvidedByUsedInOperatingActivitiesContinuingOperations;capex=PaymentsToAcquirePropertyPlantAndEquipment;interest_expense=InterestExpense;assets=Assets;equity=StockholdersEquity;long_term_debt=LongTermDebtNoncurrent;short_term_debt=LongTermDebtCurrent;cash=CashAndCashEquivalentsAtCarryingValue,8.2,-13.26,161.18,12.48,4.7,4.0,14.3,-1.0,-0.9,4.0,1.8,10.3,5.4,3.2,-1.1,9.0,2.7,8.3,5.8,ttm,edgar,,64,yfinance,,Overvalued
LRCX,0000707549,Lam Research Corporation,Technology,Semiconductor Equipment & Materials,yfinance,False,Nasdaq,3559,"Special Industry Machinery, NEC",58.4,58.4,0.0,29.6,11.74,5.95,5.95,5.76,3.2,ok,yfinance,1.033,38.8,347.49,89.25,3.553,53.3,67.4,2026-06-28,Stalwart,10.6,P/E = growth 10% + dividend 0.4% · 5-year trend (regression on all points),"Solid, predictable growth: the fair P/E matches the growth rate plus the dividend yield (PEG = 1).",earnings,current,,high,"consistent earnings, growth measured over the full 5-year window",62.8,ok,453.3,Overvalued,10.2,5-year trend (regression on all points),16.4,10.2,0,0,,27.0,0.18,5.74,34.864,False,65,3,289.3,0.38,1.32,4.0,1.11,0.32,True,434857443328.0,1251424362.0,2026-10-21,1.86,5.24,23232690000.0,23232690000.0,7265396000.0,8199795000.0,5857657000.0,4891252000.0,155903000.0,4891252000.0,12470921000.0,23529743000.0,3721914000.0,3722061000.0,5579171000.0,-1857110000.0,433000333328.0,52.81,-0.23,18.72,88.91,65.1,53.0,34.8,31.3,35.3,0.3,1.12,-9.7,ttm,revenue=RevenueFromContractWithCustomerExcludingAssessedTax+SalesRevenueNet+Revenues;net_income=NetIncomeLoss;ebit=OperatingIncomeLoss;ocf=NetCashProvidedByUsedInOperatingActivities+NetCashProvidedByUsedInOperatingActivitiesContinuingOperations;capex=PaymentsToAcquireProductiveAssets;interest_expense=InterestExpenseDebt+InterestExpenseNonoperating+InterestExpense;assets=Assets;equity=StockholdersEquity;long_term_debt=LongTermDebtNoncurrent;short_term_debt=DebtCurrent;cash=CashAndCashEquivalentsAtCarryingValue,26.0,9.97,18.56,3.91,20.1,16.4,27.1,10.0,9.7,14.7,1.5,8.6,15.3,17.2,13.2,23.0,4.2,10.3,15.8,ttm,edgar,,97,yfinance,,Overvalued
LULU,0001397187,lululemon athletica inc.,Consumer Cyclical,Apparel Retail,yfinance,False,Nasdaq,2300,Apparel & Other Finishd Prods of  Fabrics & Similar Matl,7.89,7.89,0.0,10.93,8.646,11.97,11.97,12.17,1.7,ok,yfinance,,-16.93,94.46,179.55,12.88,193.2,-7.1,2026-08-02,Stalwart (mid cap),18.3,P/E = growth 18% + dividend 0.0% · 5-year trend (regression on all points),"Solid, predictable growth: the fair P/E matches the growth rate plus the dividend yield (PEG = 1).",earnings,current,,high,"consistent earnings, growth measured over the full 5-year window",218.91,ok,-56.8,Undervalued,18.3,5-year trend (regression on all points),14.0,18.3,0,0,,40.6,2.32,0.43,2.202,False,63,1,-47.4,,,,,,False,10457668608.0,110710025.0,2026-09-03,0.86,5.24,11093955000.0,11102600000.0,1417977000.0,1978775000.0,1982033000.0,1354336000.0,,921675000.0,4791174000.0,8484578000.0,,0.0,1389737000.0,-1389737000.0,9067931608.0,4.58,-0.7,0.94,7.72,30.9,56.5,23.3,12.8,17.8,,12.95,-41.8,ttm,revenue=RevenueFromContractWithCustomerExcludingAssessedTax+RevenueFromContractWithCustomerIncludingAssessedTax+SalesRevenueNet;net_income=NetIncomeLoss;ebit=OperatingIncomeLoss;ocf=NetCashProvidedByUsedInOperatingActivities;capex=PaymentsToAcquirePropertyPlantAndEquipment;assets=Assets;equity=StockholdersEquity;short_term_debt=ShortTermBorrowings;cash=CashAndCashEquivalentsAtCarryingValue,1.7,43.28,100.21,12.23,15.4,14.0,20.1,7.8,15.0,17.6,11.8,6.8,20.1,12.0,11.4,18.1,6.6,9.8,18.4,ttm,edgar,,62,yfinance,dividend_yield,Undervalued
LUV,0000092380,Southwest Airlines Co.,Industrials,Airlines,yfinance,False,NYSE,4512,"Air Transportation, Scheduled",26.22,26.22,0.0,9.23,4.603,1.62,1.62,1.58,2.5,ok,yfinance,1.025,125.71,42.47,24.3,0.779,11.69,107.9,2026-06-30,Turnaround,10.0,"P/E 10 on 3-year normalized earnings — recurring losses (2 separate episodes, the last 1.7 years ago)","A recovery multiple, not a PEG multiple: the growth rate of a company coming out of losses measures the rebound, not a trend, and using it as a multiple is how a fair value becomes nonsense. Applied to normalized earnings, and deliberately below the market average.",earnings,normalized,,low,growth measured on a short window (3-year CAGR — no usable 5-year history); erratic earnings (volatility 152),7.79,ok,445.0,Overvalued,18.5,3-year CAGR — no usable 5-year history,,,3,2,1.7,152.4,0.77,1.42,2.934,True,71,11,74.8,1.7,0.72,4.0,0.72,1.7,False,20776673280.0,489208201.0,2026-10-21,1.12,5.24,30072000000.0,28063000000.0,837000000.0,1041000000.0,2530000000.0,-455000000.0,200000000.0,-831000000.0,7082000000.0,30122000000.0,3790000000.0,3790000000.0,3791000000.0,-1000000.0,20775673280.0,19.96,-0.0,0.69,,11.1,23.5,3.5,2.8,3.5,0.54,-2.19,47.8,ttm,revenue=RevenueFromContractWithCustomerExcludingAssessedTax+Revenues+SalesRevenueNet;net_income=NetIncomeLoss+NetIncomeLossAvailableToCommonStockholdersBasic;ebit=OperatingIncomeLoss;ocf=NetCashProvidedByUsedInOperatingActivities;capex=PaymentsToAcquireProductiveAssets+PaymentsToAcquirePropertyPlantAndEquipment;interest_expense=InterestExpenseNonoperating+InterestExpense+InterestExpenseDebt;assets=Assets;equity=StockholdersEquity;long_term_debt=LongTermDebtNoncurrent;short_term_debt=LongTermDebtCurrent;cash=CashAndCashEquivalentsAtCarryingValue,9.5,14.48,61.47,-0.93,18.5,,-8.3,6.2,25.0,3.9,,,,12.9,,-10.2,-4.8,20.3,-4.2,ttm,edgar,,95,yfinance,,Overvalued
LVS,0001300514,Las Vegas Sands Corp.,Consumer Cyclical,Resorts & Casinos,yfinance,False,NYSE,7011,Hotels & Motels,14.21,14.21,0.0,10.32,3.511,2.55,2.55,2.57,0.8,ok,yfinance,,29.8,36.23,38.25,2.029,30.44,25.7,2026-06-30,Cyclical,12.0,P/E 12 on 3-year normalized (mid-cycle) earnings,"Erratic, cycle-driven earnings: a low P/E can signal the peak of the cycle, not a bargain. The multiple is applied to mid-cycle earnings, so the fair value does not follow the peak.",earnings,normalized,,low,"growth measured on a short window (3-year trend — no usable 5-year history); erratic earnings (volatility 168); one loss episode 3 years ago, profitable since",24.35,ok,48.8,Overvalued,27.5,3-year trend — no usable 5-year history,,,4,2,3.2,167.9,2.17,0.52,40.39,True,63,0,-5.3,3.31,1.2,4.0,1.15,3.17,True,23466213376.0,647701184.0,2026-10-21,0.82,5.24,13719000000.0,13017000000.0,1727000000.0,2948000000.0,3732000000.0,2703000000.0,755000000.0,1855000000.0,581000000.0,19909000000.0,13694000000.0,13694000000.0,3376000000.0,10318000000.0,33784213376.0,11.46,3.5,1.71,8.68,134.3,2.9,14.8,12.6,21.5,23.57,11.52,13.3,ttm,revenue=Revenues+SalesRevenueNet;net_income=NetIncomeLoss;ebit=OperatingIncomeLoss;ocf=NetCashProvidedByUsedInOperatingActivities+NetCashProvidedByUsedInOperatingActivitiesContinuingOperations;capex=PaymentsToAcquirePropertyPlantAndEquipment;interest_expense=InterestExpense;assets=Assets;equity=StockholdersEquity;long_term_debt=LongTermDebtAndCapitalLeaseObligations;short_term_debt=FinanceLeaseLiabilityCurrent;cash=CashAndCashEquivalentsAtCarryingValue,18.1,0.9,21.18,4.17,232.3,,2.3,26.5,29.1,2.1,81.8,,2.3,223.4,,0.6,49.0,,0.2,ttm,edgar,,95,yfinance,,Undervalued
LYB,0001489393,LyondellBasell Industries N.V.,Basic Materials,Specialty Chemicals,yfinance,False,NYSE,2860,Industrial Organic Chemicals,,,,9.42,6.219,-0.84,-0.84,-1.13,34.5,check,yfinance,,-246.75,58.58,,3.7,55.5,-122.7,2026-06-30,Turnaround,10.0,P/E 10 on 3-year normalized earnings — currently loss-making,"A recovery multiple, not a PEG multiple: the growth rate of a company coming out of losses measures the rebound, not a trend, and using it as a multiple is how a fair value becomes nonsense. Applied to normalized earnings, and deliberately below the market average.",earnings,normalized,,low,growth not calculable on any window,37.0,ok,58.3,Overvalued,,not calculable,,,4,1,0.0,47.9,,,1.773,True,59,0,,4.71,2.76,4.0,3.44,5.87,True,18923563008.0,323037952.0,2026-10-30,0.35,5.24,31192000000.0,30153000000.0,-346000000.0,963000000.0,2973000000.0,1578000000.0,538000000.0,384000000.0,10671000000.0,34482000000.0,11215000000.0,11449000000.0,2630000000.0,8819000000.0,27742563008.0,28.81,9.16,0.61,11.99,-3.1,30.9,2.8,-1.1,3.1,1.05,8.34,-80.6,ttm,revenue=RevenueFromContractWithCustomerExcludingAssessedTax+Revenues+SalesRevenueNet;net_income=ProfitLoss+NetIncomeLoss;ebit=OperatingIncomeLoss;ocf=NetCashProvidedByUsedInOperatingActivities;capex=PaymentsToAcquirePropertyPlantAndEquipment;interest_expense=InterestExpenseNonoperating+InterestExpense;assets=Assets;equity=StockholdersEquity;long_term_debt=LongTermDebtNoncurrent;short_term_debt=LongTermDebtCurrent;cash=CashAndCashEquivalentsAtCarryingValue,-1.7,33.03,96.56,4.88,,,,-10.6,-2.1,0.6,-21.2,-9.3,-7.8,,,,-14.7,-6.0,-5.9,ttm,edgar,,95,yfinance,growth_5y,N/A
LYV,0001335258,"Live Nation Entertainment, Inc.",Communication Services,Entertainment,yfinance,False,NYSE,7900,Services-Amusement & Recreation Services,,,,86.5,1.951,-1.13,-1.13,-1.13,0.0,ok,yfinance,,-147.88,168.77,,1.24,18.6,-191.1,2026-06-30,Turnaround,10.0,P/E 10 on 3-year normalized earnings — currently loss-making,"A recovery multiple, not a PEG multiple: the growth rate of a company coming out of losses measures the rebound, not a trend, and using it as a multiple is how a fair value becomes nonsense. Applied to normalized earnings, and deliberately below the market average.",earnings,normalized,,low,growth not calculable on any window; erratic earnings (volatility 91),,suppressed: the earnings used imply a P/E of 136 — earnings this close to zero make every multiple arbitrary,,N/A,,not calculable,,,8,2,0.0,91.3,,,472.745,True,63,0,,,,,,,False,39316578304.0,232959505.0,2026-11-03,1.12,5.24,26272535000.0,25201406000.0,134700000.0,801196000.0,2608702000.0,1382702000.0,114320000.0,333611000.0,82330000.0,28180826000.0,6233084000.0,6233084000.0,9071949000.0,-2838865000.0,36477713304.0,45.53,-3.54,1.5,28.43,60.9,0.3,2.8,0.5,3.0,75.71,3.52,-69.1,ttm,revenue=Revenues;net_income=NetIncomeLoss;ebit=OperatingIncomeLoss;ocf=NetCashProvidedByUsedInOperatingActivities;capex=PaymentsToAcquirePropertyPlantAndEquipment;interest_expense=InterestExpense+InterestExpenseDebt;assets=Assets;equity=StockholdersEquity;long_term_debt=LongTermDebtAndCapitalLeaseObligations;short_term_debt=LinesOfCreditCurrent;cash=CashAndCashEquivalentsAtCarryingValue,10.8,0.35,112.78,5.94,,,,11.0,82.8,13.0,-3.0,31.8,16.4,-30.3,,42.4,10.5,40.5,19.0,ttm,edgar,,95,yfinance,dividend_yield;growth_5y,N/A
MA,0001141391,Mastercard Incorporated,Financial Services,Credit Services,yfinance,False,NYSE,7389,"Services-Business Services, NEC",30.21,30.21,0.0,23.99,23.025,18.28,18.28,18.18,0.5,ok,yfinance,,22.59,552.26,274.2,14.152,212.29,29.2,2026-06-30,Stalwart,18.3,P/E = growth 18% + dividend 0.6% · 5-year trend (regression on all points),"Solid, predictable growth: the fair P/E matches the growth rate plus the dividend yield (PEG = 1).",earnings,current,,high,"consistent earnings, growth measured over the full 5-year window",334.6,ok,65.1,Overvalued,17.7,5-year trend (regression on all points),20.4,17.7,0,0,,8.2,0.61,1.71,86.345,False,67,1,101.4,0.63,3.48,4.0,3.37,0.61,True,483785244672.0,876009940.0,2026-10-29,0.73,5.24,35083000000.0,32791000000.0,16257000000.0,20465000000.0,17437000000.0,16702000000.0,706000000.0,17159000000.0,5611000000.0,57691000000.0,22184000000.0,24643000000.0,11291000000.0,13352000000.0,497137244672.0,24.29,0.65,13.79,28.97,241.5,9.7,35.5,46.3,58.3,3.95,3.45,19.9,ttm,revenue=Revenues+RevenueFromContractWithCustomerExcludingAssessedTax+SalesRevenueNet;net_income=ProfitLoss+NetIncomeLoss;ebit=OperatingIncomeLoss;ocf=NetCashProvidedByUsedInOperatingActivities;capex=PaymentsToAcquirePropertyPlantAndEquipment;interest_expense=InterestExpenseNonoperating+InterestExpenseDebt+InterestExpense;assets=Assets;equity=StockholdersEquity;long_term_debt=LongTermDebtNoncurrent;short_term_debt=LongTermDebtCurrent;cash=CashAndCashEquivalentsAtCarryingValue,16.0,6.41,40.05,19.07,19.4,20.4,18.3,26.0,6.2,13.2,14.4,17.8,14.6,16.7,17.7,15.6,14.6,18.0,14.5,ttm,edgar,,95,yfinance,,Overvalued
MAA,0000912595,"Mid-America Apartment Communities, Inc.",Real Estate,REIT - Residential,yfinance,False,NYSE,6798,Real Estate Investment Trusts,34.0,34.0,0.0,35.15,3.28,3.39,3.39,3.3,2.7,ok,yfinance,1.027,-31.39,115.27,50.85,4.849,72.73,-30.1,2026-03-31,Slow Grower,7.3,"P/E = growth 2% + dividend 5.3% (floor 6, cap 12) · 5-year trend (regression on all points)",Modest growth: deserves a contained multiple. The dividend partly offsets the lower growth.,earnings,current,,high,"consistent earnings, growth measured over the full 5-year window",24.58,ok,368.9,Overvalued,1.9,5-year trend (regression on all points),7.7,1.9,0,0,,24.5,0.21,17.51,2.461,False,38,0,126.7,5.31,6.12,4.0,6.105,5.3,False,13712956416.0,118963796.0,2026-10-28,0.71,5.24,2213556000.0,2209126000.0,389595000.0,403973000.0,1031201000.0,685230000.0,191505000.0,717937000.0,5540638000.0,11994502000.0,,,71529000.0,,13641427416.0,33.77,,6.19,20.01,6.8,46.2,3.4,17.6,18.2,,5.0,-7.5,ttm,revenue=Revenues;net_income=NetIncomeLoss;ebit=IncomeLossFromContinuingOperationsBeforeIncomeTaxesMinorityInterestAndIncomeLossFromEquityMethodInvestments+OperatingIncomeLoss;ocf=NetCashProvidedByUsedInOperatingActivities;capex=PaymentsForCapitalImprovements;interest_expense=InterestExpense;assets=Assets;equity=StockholdersEquity;cash=CashAndCashEquivalentsAtCarryingValue,0.8,46.57,18.61,5.76,-16.6,7.7,-0.3,2.2,5.6,12.3,-3.5,2.0,11.3,-16.2,8.0,8.1,-2.0,4.9,13.9,ttm,edgar,,186,yfinance,,Overvalued
MAR,0001048286,"Marriott International, Inc.",Consumer Cyclical,Lodging,yfinance,False,Nasdaq,7011,Hotels & Motels,36.78,36.78,0.0,27.28,13.158,9.76,9.76,9.67,0.9,ok,yfinance,,8.9,358.96,146.4,9.619,144.28,1.5,2026-06-30,Cyclical,12.0,P/E 12 on 3-year normalized (mid-cycle) earnings,"Erratic, cycle-driven earnings: a low P/E can signal the peak of the cycle, not a bargain. The multiple is applied to mid-cycle earnings, so the fair value does not follow the peak.",earnings,normalized,,medium,erratic earnings (volatility 50),115.42,ok,211.0,Overvalued,35.6,5-year trend (regression on all points),55.6,35.6,0,0,,50.2,0.99,1.03,-20.768,False,67,5,145.2,0.81,2.92,4.0,2.8,0.78,True,93604667392.0,260766288.0,2026-11-03,1.1,5.24,26904000000.0,26186000000.0,2587000000.0,4250000000.0,3728000000.0,3132000000.0,849000000.0,2608000000.0,-4525000000.0,28085000000.0,16455000000.0,16455000000.0,462000000.0,15993000000.0,109597667392.0,25.79,3.76,3.48,29.89,,-16.1,15.1,9.6,15.8,,3.35,30.5,ttm,revenue=Revenues;net_income=NetIncomeLoss;ebit=OperatingIncomeLoss;ocf=NetCashProvidedByUsedInOperatingActivities;capex=PaymentsToAcquirePropertyPlantAndEquipment+PaymentsToAcquireProductiveAssets;interest_expense=InterestExpenseNonoperating+InterestExpense;assets=Assets;equity=StockholdersEquity;long_term_debt=LongTermDebtNoncurrent;short_term_debt=LongTermDebtCurrent;cash=CashAndCashEquivalentsAtCarryingValue,4.7,-17.35,103.17,12.01,3.0,55.6,11.2,5.5,22.2,6.0,8.6,87.8,8.4,-2.4,49.5,11.4,9.3,70.3,8.7,ttm,edgar,,95,yfinance,,Overvalued
MAS,0000062996,Masco Corporation,Industrials,Building Products & Equipment,yfinance,False,NYSE,3430,"Heating Equip, Except Elec & Warm Air; & Plumbing Fixtures",15.75,15.75,0.0,14.68,4.656,4.34,4.34,4.04,6.9,ok,yfinance,1.074,10.38,68.36,65.1,4.098,61.47,5.9,2026-03-31,Stalwart (mid cap),15.8,P/E = growth 14% + dividend 1.9% · 5-year trend (regression on all points),"Solid, predictable growth: the fair P/E matches the growth rate plus the dividend yield (PEG = 1).",earnings,current,,high,"consistent earnings, growth measured over the full 5-year window",68.41,ok,-0.1,Undervalued,13.9,5-year trend (regression on all points),6.3,13.9,0,0,,30.5,1.0,1.13,-36.931,False,66,4,5.0,1.87,1.28,4.0,1.27,1.86,False,13479732224.0,197187430.0,2026-10-28,1.29,5.24,7679000000.0,7562000000.0,837000000.0,1278000000.0,1101000000.0,943000000.0,101000000.0,866000000.0,-242000000.0,5233000000.0,2945000000.0,3074000000.0,388000000.0,2686000000.0,16165732224.0,12.65,2.1,1.76,14.29,,-4.6,24.4,10.9,16.6,,7.0,-4.5,ttm,revenue=RevenueFromContractWithCustomerExcludingAssessedTax+SalesRevenueNet;net_income=NetIncomeLoss;ebit=OperatingIncomeLoss+IncomeLossFromContinuingOperationsBeforeIncomeTaxesExtraordinaryItemsNoncontrollingInterest;ocf=NetCashProvidedByUsedInOperatingActivities;capex=PaymentsToAcquireProductiveAssets+PaymentsToAcquirePropertyPlantAndEquipment;interest_expense=InterestExpenseNonoperating+InterestExpense+InterestExpenseDebt;assets=Assets;equity=StockholdersEquity;long_term_debt=LongTermDebtNoncurrent;short_term_debt=LongTermDebtCurrent;cash=CashAndCashEquivalentsAtCarryingValue,-0.3,-1.23,38.94,4.78,4.3,6.3,13.3,-3.2,0.3,0.6,3.8,2.4,2.6,0.9,1.2,7.7,0.0,2.9,2.1,ttm,edgar,,186,yfinance,,Overvalued
MCD,0000063908,McDonald's Corporation,Consumer Cyclical,Restaurants,yfinance,False,NYSE,5812,Retail-Eating  Places,18.84,18.84,0.0,16.78,13.823,12.31,12.31,12.31,0.0,ok,yfinance,,5.48,231.89,184.65,11.615,174.23,6.0,2026-06-30,Slow Grower,10.6,"P/E = growth 7% + dividend 3.2% (floor 6, cap 12) · 5-year trend (regression on all points)",Modest growth: deserves a contained multiple. The dividend partly offsets the lower growth.,earnings,current,,high,"consistent earnings, growth measured over the full 5-year window",130.79,ok,77.3,Overvalued,7.4,5-year trend (regression on all points),6.0,7.4,0,0,,24.9,0.56,2.54,-160.367,False,67,9,25.6,3.21,7.44,4.0,7.44,3.21,False,164095000576.0,707641531.0,2026-11-05,0.41,5.24,27703000000.0,26885000000.0,8787000000.0,12804000000.0,11344000000.0,7761000000.0,1625000000.0,7186000000.0,-1023000000.0,59920000000.0,39863000000.0,39863000000.0,822000000.0,39041000000.0,203136000576.0,15.87,3.05,5.92,21.14,,-1.7,21.4,31.7,46.2,,4.73,7.7,ttm,revenue=Revenues;net_income=NetIncomeLoss;ebit=OperatingIncomeLoss;ocf=NetCashProvidedByUsedInOperatingActivities;capex=PaymentsToAcquirePropertyPlantAndEquipment;interest_expense=InterestExpense;assets=Assets;equity=StockholdersEquity;long_term_debt=LongTermDebtNoncurrent;short_term_debt=DebtCurrent;cash=CashAndCashEquivalentsAtCarryingValue,6.3,-1.45,39.15,10.97,4.3,6.0,9.0,4.6,5.0,1.0,5.3,1.8,5.4,3.2,5.0,6.4,9.1,5.2,6.0,ttm,edgar,,95,yfinance,,Overvalued
MCHP,0000827054,Microchip Technology Incorporated,Technology,Semiconductors,yfinance,False,Nasdaq,3674,Semiconductors & Related Devices,114.54,114.54,0.0,17.74,4.584,0.71,0.71,0.68,4.2,ok,yfinance,1.044,300.0,81.32,10.65,0.653,9.79,8.8,2026-06-30,Turnaround,10.0,P/E 10 on 3-year normalized earnings — back to profit only 0.5 years ago,"A recovery multiple, not a PEG multiple: the growth rate of a company coming out of losses measures the rebound, not a trend, and using it as a multiple is how a fair value becomes nonsense. Applied to normalized earnings, and deliberately below the market average.",earnings,normalized,,low,erratic earnings (volatility 125),,suppressed: the earnings used imply a P/E of 125 — earnings this close to zero make every multiple arbitrary,,N/A,-4.6,"5-year CAGR (two endpoints, window contains losses)",-4.6,,4,1,0.5,125.5,-0.02,,6.845,True,70,8,663.6,2.24,1.82,4.0,1.82,2.24,False,44157468672.0,543008691.0,2026-11-05,1.74,5.24,5122300000.0,4713100000.0,478400000.0,794800000.0,1198000000.0,1110900000.0,212700000.0,871000000.0,6451000000.0,14407400000.0,5361300000.0,5361300000.0,272300000.0,5089000000.0,49246468672.0,61.96,6.4,8.62,39.75,7.2,44.8,5.5,9.3,15.5,0.83,2.52,12.8,ttm,revenue=RevenueFromContractWithCustomerExcludingAssessedTax+Revenues+RevenueFromContractWithCustomerIncludingAssessedTax;net_income=NetIncomeLoss+ProfitLoss;ebit=OperatingIncomeLoss;ocf=NetCashProvidedByUsedInOperatingActivities+NetCashProvidedByUsedInOperatingActivitiesContinuingOperations;capex=PaymentsToAcquirePropertyPlantAndEquipment+PaymentsToAcquireProductiveAssets;interest_expense=InterestExpenseNonoperating+InterestExpense;assets=Assets;equity=StockholdersEquity;long_term_debt=LongTermDebtNoncurrent;short_term_debt=LongTermDebtCurrent;cash=CashAndCashEquivalentsAtCarryingValue,20.9,11.88,9.43,2.05,-46.0,-4.6,14.2,-16.4,-2.1,7.7,-30.4,-9.9,3.6,-41.6,-0.0,19.6,-31.8,-10.1,4.3,ttm,edgar,,95,yfinance,,Overvalued
MCK,0000927653,McKesson Corporation,Healthcare,Medical Distribution,yfinance,False,NYSE,5122,"Wholesale-Drugs, Proprietaries & Druggists' Sundries",24.21,24.21,0.0,17.9,50.414,37.27,37.27,37.28,0.0,ok,yfinance,,49.3,902.28,559.05,25.123,376.85,48.3,2026-06-30,Fast Grower,23.8,P/E = growth 23% + dividend 0.4% (capped at 25) · 3-year trend — no usable 5-year history,"High growth: the multiple tracks the growth rate but is capped at 25, because very few companies sustain that pace for years.",earnings,current,,low,"growth measured on a short window (3-year trend — no usable 5-year history); erratic earnings (volatility 110); one loss episode 5 years ago, profitable since",888.06,ok,1.6,Overvalued,23.4,3-year trend — no usable 5-year history,,,2,1,4.7,110.4,0.98,1.03,-24.685,True,70,1,61.4,0.42,3.76,4.0,3.4,0.38,True,105197150208.0,116590363.0,2026-11-04,0.31,5.24,410983000000.0,403430000000.0,4592000000.0,6495000000.0,6853000000.0,6416000000.0,275000000.0,5719000000.0,-4240000000.0,88330000000.0,8432000000.0,8432000000.0,5164000000.0,3268000000.0,108465150208.0,16.7,0.5,0.26,16.4,,-4.8,7.4,1.1,1.6,,6.1,3.1,ttm,revenue=RevenueFromContractWithCustomerExcludingAssessedTax+SalesRevenueNet+Revenues;net_income=NetIncomeLoss+NetIncomeLossAvailableToCommonStockholdersBasic+ProfitLoss;ebit=OperatingIncomeLoss;ocf=NetCashProvidedByUsedInOperatingActivities;capex=PaymentsToAcquirePropertyPlantAndEquipment;interest_expense=InterestExpenseNonoperating+InterestExpense+InterestAndDebtExpense;assets=Assets;equity=StockholdersEquity;long_term_debt=LongTermDebtNoncurrent;short_term_debt=LongTermDebtCurrent;cash=CashAndCashEquivalentsAtCarryingValue,8.8,-36.37,3525.02,55.03,11.6,,14.5,13.1,10.9,7.8,11.3,12.8,3.4,7.0,,7.5,10.7,11.5,3.0,ttm,edgar,,95,yfinance,,Overvalued
MCO,0001059556,Moody's Corporation,Financial Services,Financial Data & Stock Exchanges,yfinance,False,NYSE,7320,"Services-Consumer Credit Reporting, Collection Agencies",28.01,28.01,0.0,23.32,18.924,15.76,15.76,15.76,0.0,ok,yfinance,,34.01,441.36,236.4,11.415,171.22,38.1,2026-06-30,Slow Grower,8.7,"P/E = growth 8% + dividend 0.9% (floor 6, cap 12) · 5-year trend (regression on all points)",Modest growth: deserves a contained multiple. The dividend partly offsets the lower growth.,earnings,current,,high,"consistent earnings, growth measured over the full 5-year window",136.51,ok,223.3,Overvalued,7.7,5-year trend (regression on all points),7.3,7.7,0,0,,13.1,0.31,3.62,25.268,False,67,1,86.7,0.93,4.12,4.0,4.03,0.91,True,76435161088.0,173180984.0,2026-10-21,1.33,5.24,8160000000.0,7718000000.0,2795000000.0,3655000000.0,3319000000.0,2967000000.0,,2575000000.0,3025000000.0,14675000000.0,6375000000.0,6946000000.0,1467000000.0,5479000000.0,81914161088.0,22.41,1.5,9.37,25.76,80.2,20.6,24.9,34.3,44.8,2.11,3.88,2.1,ttm,revenue=RevenueFromContractWithCustomerExcludingAssessedTax+Revenues;net_income=NetIncomeLoss;ebit=OperatingIncomeLoss;ocf=NetCashProvidedByUsedInOperatingActivities;capex=PaymentsToAcquirePropertyPlantAndEquipment;assets=Assets;equity=StockholdersEquity;long_term_debt=LongTermDebtNoncurrent;short_term_debt=DebtCurrent;cash=CashAndCashEquivalentsAtCarryingValue,11.7,17.47,47.12,17.13,26.6,7.3,13.5,13.9,7.1,9.0,21.6,4.7,11.0,25.1,5.9,12.1,19.9,6.4,11.2,ttm,edgar,,95,yfinance,,Overvalued
MDLZ,0001103982,"Mondelez International, Inc.",Consumer Defensive,Confectioners,yfinance,False,Nasdaq,2000,Food and Kindred Products,28.81,21.16,36.1,17.3,3.363,2.02,2.75,2.02,26.5,check,edgar,,-24.91,58.19,30.3,2.855,42.83,-29.2,2026-03-31,Slow Grower (declining earnings),6.0,P/E = 0% growth credit + dividend 3.6% (floor 6) · 5-year trend (regression on all points),"Earnings are contracting, so the model gives no credit for growth: the multiple comes from the dividend and the floor alone. Applied to normalized earnings where available, since the latest figure of a declining company is its lowest point. Check whether the decline is cyclical or structural.",earnings,current,,medium,earnings declining -3%/year,12.12,ok,380.1,Overvalued,-3.1,5-year trend (regression on all points),-5.2,-3.1,0,0,,22.0,0.02,,2.797,False,66,0,92.0,3.57,2.08,4.0,2.02,3.47,False,74268368896.0,1276308057.0,2026-10-27,0.4,5.24,39304000000.0,38537000000.0,2609000000.0,3676000000.0,3889000000.0,2575000000.0,610000000.0,3235000000.0,25750000000.0,71122000000.0,15468000000.0,18349000000.0,1631000000.0,16718000000.0,90986368896.0,24.75,4.55,1.89,28.84,10.1,36.2,5.2,6.6,9.4,0.6,3.47,-8.2,ttm,revenue=Revenues;net_income=NetIncomeLoss;ebit=OperatingIncomeLoss;ocf=NetCashProvidedByUsedInOperatingActivities;capex=PaymentsToAcquirePropertyPlantAndEquipment;interest_expense=InterestExpenseDebt+InterestAndDebtExpense;assets=Assets;equity=StockholdersEquity;long_term_debt=LongTermDebtNoncurrent;short_term_debt=DebtCurrent;cash=CashAndCashEquivalentsAtCarryingValue,7.8,20.18,30.8,2.02,-11.0,-5.2,-7.9,6.1,7.7,3.3,-4.3,-7.1,1.8,-12.9,-7.1,-10.0,-0.1,-3.3,0.9,ttm,edgar,,186,yfinance,,Overvalued
MDT,0001613103,Medtronic plc,Healthcare,Medical Devices,yfinance,False,NYSE,3845,Electromedical & Electrotherapeutic Apparatus,21.28,21.28,0.0,13.48,6.408,4.06,4.06,4.06,0.0,ok,yfinance,,12.15,86.38,60.9,3.44,51.6,18.0,2026-07-31,Slow Grower,6.0,"P/E = growth 2% + dividend 3.3% (floor 6, cap 12) · 5-year trend (regression on all points)",Modest growth: deserves a contained multiple. The dividend partly offsets the lower growth.,earnings,current,,high,"consistent earnings, growth measured over the full 5-year window",24.36,ok,254.6,Overvalued,2.1,5-year trend (regression on all points),7.3,2.1,0,0,,25.5,0.26,10.08,2.201,False,50,7,41.8,3.33,2.88,4.0,2.86,3.31,False,110491926528.0,1279137890.0,2026-11-17,0.57,5.24,37541000000.0,36364000000.0,430004801.0,6787000000.0,8035000000.0,6132000000.0,724000000.0,5426000000.0,50232000000.0,93306000000.0,25617000000.0,28153000000.0,1691000000.0,26462000000.0,136953926528.0,20.18,3.9,2.94,18.02,0.9,53.8,7.3,1.1,18.1,0.51,5.55,4.6,ttm,revenue=RevenueFromContractWithCustomerExcludingAssessedTax+SalesRevenueNet;net_income=NetIncomeLoss;ebit=OperatingIncomeLoss+IncomeLossFromContinuingOperationsBeforeIncomeTaxesMinorityInterestAndIncomeLossFromEquityMethodInvestments;ocf=NetCashProvidedByUsedInOperatingActivities+NetCashProvidedByUsedInOperatingActivitiesContinuingOperations;capex=PaymentsToAcquirePropertyPlantAndEquipment;interest_expense=InterestExpenseNonoperating+InterestExpense;assets=Assets;equity=StockholdersEquity;long_term_debt=LongTermDebtNoncurrent;short_term_debt=DebtCurrent;cash=CashAndCashEquivalentsAtCarryingValue,9.8,39.27,29.35,4.79,14.4,7.3,4.7,5.9,3.5,2.7,11.3,0.9,2.5,,-35.6,-19.2,11.2,2.1,3.0,ttm,edgar,,64,yfinance,,Overvalued
MET,0001099219,"MetLife, Inc.",Financial Services,Insurance - Life,yfinance,False,NYSE,6311,Life Insurance,18.09,18.09,0.0,8.49,11.123,5.22,5.22,5.23,0.2,ok,yfinance,,-10.9,94.43,78.3,5.055,75.83,3.3,2026-06-30,Slow Grower (declining earnings),6.0,P/E = 0% growth credit + dividend 2.5% (floor 6) · 5-year trend (regression on all points),"Earnings are contracting, so the model gives no credit for growth: the multiple comes from the dividend and the floor alone. Applied to normalized earnings where available, since the latest figure of a declining company is its lowest point. Check whether the decline is cyclical or structural.",earnings,current,,medium,earnings declining -5%/year,31.32,ok,201.5,Overvalued,-4.7,5-year trend (regression on all points),0.9,-4.7,0,0,,43.3,-0.12,,2.195,False,67,1,20.6,2.51,2.372,4.0,2.322,2.46,False,60008087552.0,635476927.0,2026-11-09,0.76,5.24,2679000000.0,2436000000.0,3420000000.0,6564000000.0,15558000000.0,,754000000.0,,27441000000.0,759372000000.0,14244000000.0,14704000000.0,19301000000.0,-4597000000.0,55411087552.0,8.44,-0.7,22.4,,12.4,3.6,0.9,127.7,245.0,0.52,,,ttm,revenue=RevenueFromContractWithCustomerExcludingAssessedTax+Revenues;net_income=NetIncomeLoss;ebit=OperatingIncomeLoss+IncomeLossFromContinuingOperationsBeforeIncomeTaxesExtraordinaryItemsNoncontrollingInterest+IncomeLossFromContinuingOperationsBeforeIncomeTaxesMinorityInterestAndIncomeLossFromEquityMethodInvestments;ocf=NetCashProvidedByUsedInOperatingActivities;interest_expense=InterestAndDebtExpense+InterestExpenseDebt+InterestExpense;assets=Assets;equity=StockholdersEquity;long_term_debt=LongTermDebt;short_term_debt=ShortTermBorrowings;cash=CashAndCashEquivalentsAtCarryingValue,15.2,43.18,4.22,,10.9,0.9,2.4,-46.2,-33.6,-27.1,,,,2.0,-5.9,-3.1,10.0,4.2,1.5,ttm,edgar,,95,yfinance,free_cash_flow,Overvalued
META,0001326801,"Meta Platforms, Inc.",Communication Services,Internet Content & Information,yfinance,False,Nasdaq,7370,"Services-Computer Programming, Data Processing, Etc.",27.32,27.32,0.0,20.86,34.906,26.65,26.65,26.54,0.4,ok,yfinance,,-3.7,728.08,399.75,23.13,346.96,15.2,2026-06-30,Fast Grower,23.0,P/E = growth 23% + dividend 0.3% (capped at 25) · 5-year trend (regression on all points),"High growth: the multiple tracks the growth rate but is capped at 25, because very few companies sustain that pace for years.",earnings,current,,high,"consistent earnings, growth measured over the full 5-year window",612.67,ok,18.8,Overvalued,22.7,5-year trend (regression on all points),14.5,22.7,0,0,,46.4,0.84,1.2,7.102,False,55,0,82.1,0.29,2.1,4.0,2.1,0.29,False,1854788337664.0,2547506225.0,2026-10-28,1.24,5.24,228247000000.0,200966000000.0,68098000000.0,86927000000.0,130301000000.0,40976000000.0,1090000000.0,46109000000.0,261221000000.0,449956000000.0,83664000000.0,83664000000.0,15462000000.0,68202000000.0,1922990337664.0,22.12,0.78,8.13,45.27,29.8,58.1,19.3,29.8,38.1,0.32,2.21,-14.7,annual:interest_expense,revenue=RevenueFromContractWithCustomerExcludingAssessedTax+Revenues;net_income=NetIncomeLoss;ebit=OperatingIncomeLoss;ocf=NetCashProvidedByUsedInOperatingActivities;capex=PaymentsToAcquirePropertyPlantAndEquipment;interest_expense=InterestExpenseDebt+InterestExpense;assets=Assets;equity=StockholdersEquity;long_term_debt=LongTermDebtNoncurrent;short_term_debt=NotesPayableCurrent;cash=CashAndCashEquivalentsAtCarryingValue,27.7,102.54,89.6,16.08,45.6,14.5,28.1,23.7,16.8,26.3,18.9,5.0,14.8,44.5,11.8,26.5,32.9,21.4,25.1,ttm,edgar,,95,yfinance,,Overvalued
MGM,0000789570,MGM Resorts International,Consumer Cyclical,Resorts & Casinos,yfinance,False,NYSE,7011,Hotels & Motels,18.47,18.47,0.0,14.75,2.066,1.65,1.65,1.66,0.6,ok,yfinance,,-8.79,30.48,24.75,2.306,34.59,-28.4,2026-06-30,Cyclical,12.0,P/E 12 on 3-year normalized (mid-cycle) earnings,"Erratic, cycle-driven earnings: a low P/E can signal the peak of the cycle, not a bargain. The multiple is applied to mid-cycle earnings, so the fair value does not follow the peak.",earnings,normalized,,low,"growth measured on a short window (3-year trend — no usable 5-year history); erratic earnings (volatility 93); one loss episode 5 years ago, profitable since",27.67,ok,10.1,Overvalued,-46.0,3-year trend — no usable 5-year history,,,1,1,5.0,93.3,-2.49,,3.05,True,63,2,23.2,,,4.0,0.0,,True,7798345216.0,255851235.0,2026-10-28,1.28,5.24,17761442000.0,17537683000.0,425926000.0,1017036000.0,2463036000.0,1494547000.0,409007000.0,1460451000.0,2513775000.0,39848326000.0,6068442000.0,6141423000.0,2547380000.0,3594043000.0,11392388216.0,11.2,3.53,0.44,5.22,15.5,6.3,2.6,2.4,5.7,2.41,19.16,20.5,ttm,revenue=RevenueFromContractWithCustomerExcludingAssessedTax+SalesRevenueNet+Revenues;net_income=NetIncomeLoss+NetIncomeLossAvailableToCommonStockholdersBasic+ProfitLoss;ebit=OperatingIncomeLoss;ocf=NetCashProvidedByUsedInOperatingActivities+NetCashProvidedByUsedInOperatingActivitiesContinuingOperations;capex=PaymentsToAcquirePropertyPlantAndEquipment;interest_expense=InterestExpenseNonoperating+InterestExpense;assets=Assets;equity=StockholdersEquity;long_term_debt=LongTermDebtNoncurrent;short_term_debt=LongTermDebtCurrent;cash=CashAndCashEquivalentsAtCarryingValue,3.2,9.83,69.42,5.84,13.3,,,6.2,22.1,7.1,8.1,,,4.4,,,5.4,,7.7,ttm,edgar,,95,yfinance,dividend_yield,Overvalued
MKC,0000063754,"McCormick & Company, Incorporated",Consumer Defensive,Packaged Foods,yfinance,False,NYSE,2090,Miscellaneous Food Preparations & Kindred Products,7.35,7.35,0.0,13.9,3.214,6.08,6.08,5.53,9.0,ok,yfinance,1.099,92.01,44.67,91.2,3.199,47.99,90.0,2026-08-31,Stalwart (mid cap),17.5,P/E = growth 13% + dividend 4.3% · 5-year trend (regression on all points),"Solid, predictable growth: the fair P/E matches the growth rate plus the dividend yield (PEG = 1).",earnings,current,,high,"consistent earnings, growth measured over the full 5-year window",106.25,ok,-58.0,Undervalued,13.2,5-year trend (regression on all points),14.5,13.2,0,0,,8.2,2.38,0.56,1.717,False,64,6,-51.0,4.3,1.92,4.0,1.89,4.23,False,12019109888.0,269064479.0,2026-10-01,0.63,5.24,7685700000.0,6840300000.0,1490500000.0,1032000000.0,1140800000.0,925900000.0,224900000.0,740400000.0,7003300000.0,16650600000.0,2906100000.0,3678000000.0,331100000.0,3346900000.0,15366009888.0,14.89,3.24,1.56,12.98,23.4,42.1,6.2,19.4,13.4,0.41,7.7,14.4,ttm,revenue=Revenues+SalesRevenueNet;net_income=NetIncomeLoss;ebit=OperatingIncomeLoss;ocf=NetCashProvidedByUsedInOperatingActivities;capex=PaymentsToAcquirePropertyPlantAndEquipment+PaymentsToAcquireProductiveAssets;interest_expense=InterestExpense;assets=Assets;equity=StockholdersEquity;long_term_debt=LongTermDebtNoncurrent;short_term_debt=LongTermDebtCurrent;cash=CashAndCashEquivalentsAtCarryingValue,13.2,26.03,28.56,3.44,32.1,14.5,11.8,5.2,4.6,5.8,5.9,12.3,7.5,32.1,14.5,12.4,2.4,7.7,6.7,ttm,edgar,,33,yfinance,,Undervalued
MLM,0000916076,"Martin Marietta Materials, Inc.",Basic Materials,Building Materials,yfinance,False,NYSE,1400,Mining & Quarrying of  Nonmetallic Minerals (No Fuels),11.86,31.15,61.9,21.54,22.392,40.67,15.48,40.67,162.7,check,edgar,,124.57,482.27,610.05,25.565,383.47,59.1,2026-06-30,Fast Grower,25.0,P/E = growth 25% + dividend 0.7% (capped at 25) · 5-year trend (regression on all points),"High growth: the multiple tracks the growth rate but is capped at 25, because very few companies sustain that pace for years.",earnings,current,,high,"consistent earnings, growth measured over the full 5-year window",1016.75,ok,-52.6,Undervalued,25.0,5-year trend (regression on all points),27.0,25.0,0,0,,37.0,2.17,0.47,2.508,False,63,0,-20.9,0.7,3.36,4.0,3.33,0.69,False,34250518528.0,71019382.0,2026-11-03,1.1,5.24,6689000000.0,6150000000.0,2457000000.0,1380000000.0,1519000000.0,810000000.0,232000000.0,978000000.0,11546000000.0,21305000000.0,5091000000.0,5951000000.0,112000000.0,5839000000.0,40089518528.0,29.05,4.23,5.12,42.28,23.5,54.2,6.5,36.7,20.6,0.44,2.36,61.9,ttm,revenue=RevenueFromContractWithCustomerExcludingAssessedTax+SalesRevenueNet;net_income=NetIncomeLoss;ebit=OperatingIncomeLoss;ocf=NetCashProvidedByUsedInOperatingActivities;capex=PaymentsToAcquirePropertyPlantAndEquipment;interest_expense=InterestExpense;assets=Assets;equity=StockholdersEquity;long_term_debt=LongTermDebtNoncurrent;short_term_debt=DebtCurrent;cash=CashAndCashEquivalentsAtCarryingValue,14.8,162.58,94.19,11.41,38.7,27.0,22.0,1.1,6.6,6.1,6.6,2.4,11.9,37.4,26.2,20.9,7.5,6.3,8.6,ttm,edgar,,95,yfinance,,Undervalued
MMM,0000066740,3M Company,Industrials,Conglomerates,yfinance,False,NYSE,3841,Surgical & Medical Instruments & Apparatus,28.96,28.96,0.0,16.47,9.83,5.59,5.59,5.63,0.7,ok,yfinance,,-21.7,161.89,83.85,5.774,86.61,-3.2,2026-06-30,Slow Grower (declining earnings),6.0,"P/E = 0% growth credit + dividend 1.9% (floor 6) · 5-year CAGR (two endpoints, window contains losses)","Earnings are contracting, so the model gives no credit for growth: the multiple comes from the dividend and the floor alone. Applied to normalized earnings where available, since the latest figure of a declining company is its lowest point. Check whether the decline is cyclical or structural.",earnings,current,,low,"one loss episode 2 years ago, profitable since; earnings declining -8%/year",33.54,ok,382.7,Overvalued,-8.0,"5-year CAGR (two endpoints, window contains losses)",-8.0,,4,1,2.2,47.3,-0.21,,28.283,True,67,5,93.1,1.93,3.12,4.0,3.07,1.9,True,83490308096.0,515722417.0,2026-10-20,1.07,5.24,25180000000.0,24948000000.0,2997000000.0,4624000000.0,4899000000.0,3985000000.0,434000000.0,1396000000.0,2952000000.0,34924000000.0,10904000000.0,12551000000.0,2955000000.0,9596000000.0,93086308096.0,20.13,2.08,3.32,20.95,82.8,8.5,13.2,11.9,18.4,3.69,4.77,118.8,ttm,revenue=RevenueFromContractWithCustomerExcludingAssessedTax+Revenues+SalesRevenueNet;net_income=NetIncomeLoss;ebit=OperatingIncomeLoss;ocf=NetCashProvidedByUsedInOperatingActivities+NetCashProvidedByUsedInOperatingActivitiesContinuingOperations;capex=PaymentsToAcquirePropertyPlantAndEquipment;interest_expense=InterestExpenseDebt+InterestExpense+InterestAndDebtExpense;assets=Assets;equity=StockholdersEquity;long_term_debt=LongTermDebtNoncurrent;short_term_debt=DebtCurrent;cash=CashAndCashEquivalentsAtCarryingValue,2.3,5.72,48.82,7.73,,-8.0,-1.5,6.3,-6.2,-1.8,-3.6,-10.9,-2.5,,-12.9,-4.8,-7.7,-10.6,-2.9,ttm,edgar,,95,yfinance,,Overvalued
MNST,0000865752,Monster Beverage Corporation,Consumer Defensive,Beverages - Non-Alcoholic,yfinance,False,Nasdaq,2086,Bottled & Canned Soft Drinks & Carbonated Waters,39.04,39.04,0.0,32.8,1.309,1.1,1.1,1.08,1.8,ok,yfinance,,34.16,42.94,16.5,0.81,12.15,35.8,2026-06-30,Stalwart,10.2,P/E = growth 10% + dividend 0.0% · 5-year trend (regression on all points),"Solid, predictable growth: the fair P/E matches the growth rate plus the dividend yield (PEG = 1).",earnings,current,,high,"consistent earnings, growth measured over the full 5-year window",11.24,ok,282.2,Overvalued,10.2,5-year trend (regression on all points),8.5,10.2,0,0,,24.9,0.26,3.82,8.983,False,63,7,160.2,,,,0.0,,False,84121681920.0,1959051764.0,2026-11-05,0.52,5.24,9218956000.0,8294343000.0,2127670000.0,2688386000.0,2238762000.0,2097916000.0,,1965902000.0,9364148000.0,11382291000.0,0.0,0.0,2192424000.0,-2192424000.0,81929257920.0,30.48,-0.82,9.12,40.1,25.7,82.3,23.6,23.1,29.2,0.0,2.49,18.1,ttm,revenue=RevenueFromContractWithCustomerExcludingAssessedTax+SalesRevenueGoodsNet;net_income=NetIncomeLossAvailableToCommonStockholdersBasic+ProfitLoss;ebit=OperatingIncomeLoss;ocf=NetCashProvidedByUsedInOperatingActivities+NetCashProvidedByUsedInOperatingActivitiesContinuingOperations;capex=PaymentsToAcquirePropertyPlantAndEquipment;assets=Assets;equity=StockholdersEquity;long_term_debt=LongTermDebtNoncurrent;short_term_debt=LongTermDebtCurrent;cash=CashAndCashEquivalentsAtCarryingValue,20.4,4.78,4.71,1.07,16.7,8.5,15.1,11.3,12.4,12.2,15.9,7.3,13.9,14.0,6.7,12.4,13.8,8.2,13.9,ttm,edgar,,95,yfinance,dividend_yield,Overvalued
MO,0000764180,"Altria Group, Inc.",Consumer Defensive,Tobacco,yfinance,False,NYSE,2111,Cigarettes,14.09,14.09,0.0,11.49,5.864,4.78,4.78,4.75,0.6,ok,yfinance,,-7.95,67.35,71.7,5.067,76.0,-5.7,2026-06-30,Fast Grower,25.0,P/E = growth 32% + dividend 6.6% (capped at 25) · 5-year trend (regression on all points),"High growth: the multiple tracks the growth rate but is capped at 25, because very few companies sustain that pace for years.",earnings,current,,medium,erratic earnings (volatility 87),119.5,ok,-43.6,Undervalued,32.4,5-year trend (regression on all points),14.2,32.4,0,0,,87.2,2.77,0.43,-42.146,False,67,7,-6.1,6.59,4.44,4.0,4.29,6.37,False,112457244672.0,1669743926.0,2026-10-29,0.49,5.24,23457000000.0,23279000000.0,7973000000.0,10973000000.0,9408000000.0,9112000000.0,1177000000.0,9074000000.0,-2668000000.0,33374000000.0,22893000000.0,24577000000.0,2367000000.0,22210000000.0,134667244672.0,12.27,2.02,4.79,12.34,,-8.0,32.9,34.0,46.8,,8.1,5.4,annual:interest_expense,revenue=RevenueFromContractWithCustomerExcludingAssessedTax+SalesRevenueNet;net_income=NetIncomeLoss;ebit=OperatingIncomeLoss;ocf=NetCashProvidedByUsedInOperatingActivities+NetCashProvidedByUsedInOperatingActivitiesContinuingOperations;capex=PaymentsToAcquirePropertyPlantAndEquipment;interest_expense=InterestExpenseNonoperating+InterestExpense;assets=Assets;equity=StockholdersEquity;long_term_debt=LongTermDebtNoncurrent;short_term_debt=LongTermDebtCurrent;cash=CashAndCashEquivalentsAtCarryingValue,-0.6,-1.6,14.05,5.46,7.6,14.2,5.1,-2.0,-2.3,-0.9,2.0,8.9,5.2,5.4,11.9,3.5,2.2,9.0,5.2,ttm,edgar,,95,yfinance,,Undervalued
MOS,0001285785,The Mosaic Company,Basic Materials,Agricultural Inputs,yfinance,False,NYSE,2870,Agricultural Chemicals,,,,13.33,1.58,-2.02,-2.02,-2.01,0.5,ok,yfinance,,-168.14,21.07,,1.43,21.45,-241.3,2026-06-30,Turnaround,10.0,P/E 10 on 3-year normalized earnings — currently loss-making,"A recovery multiple, not a PEG multiple: the growth rate of a company coming out of losses measures the rebound, not a trend, and using it as a multiple is how a fair value becomes nonsense. Applied to normalized earnings, and deliberately below the market average.",earnings,normalized,,low,growth not calculable on any window; erratic earnings (volatility 197),14.3,ok,47.3,Overvalued,,not calculable,,,1,1,0.0,196.6,,,0.584,True,57,1,,4.18,0.88,4.0,0.88,4.18,False,6698061312.0,317895646.0,2026-11-03,0.83,5.24,12247900000.0,12052400000.0,-638200000.0,-169800000.0,444000000.0,-947100000.0,241500000.0,-534600000.0,11463900000.0,24640700000.0,4767700000.0,5789000000.0,294000000.0,5495000000.0,12193061312.0,,,0.55,,-5.3,46.5,-0.7,-5.2,-1.4,0.42,-14.14,-1227.8,annual:interest_expense,revenue=RevenueFromContractWithCustomerExcludingAssessedTax+RevenueFromContractWithCustomerIncludingAssessedTax+SalesRevenueGoodsNet;net_income=NetIncomeLoss;ebit=OperatingIncomeLoss;ocf=NetCashProvidedByUsedInOperatingActivities+NetCashProvidedByUsedInOperatingActivitiesContinuingOperations;capex=PaymentsToAcquirePropertyPlantAndEquipment;interest_expense=InterestExpense;assets=Assets;equity=StockholdersEquity;long_term_debt=LongTermDebtAndCapitalLeaseObligations;short_term_debt=ShortTermBorrowings;cash=CashAndCashEquivalentsAtCarryingValue,8.8,36.06,38.53,-2.98,,,,-10.0,4.3,4.9,,,,,,,-47.5,-25.3,-11.8,ttm,edgar,,95,yfinance,growth_5y,N/A
MPC,0001510295,Marathon Petroleum Corporation,Energy,Oil & Gas Refining & Marketing,yfinance,False,NYSE,2911,Petroleum Refining,14.58,14.58,0.0,8.68,48.652,28.97,28.97,28.96,0.0,ok,yfinance,,320.32,422.33,434.55,14.21,213.15,103.9,2026-06-30,Cyclical,12.0,P/E 12 on 3-year normalized (mid-cycle) earnings,"Erratic, cycle-driven earnings: a low P/E can signal the peak of the cycle, not a bargain. The multiple is applied to mid-cycle earnings, so the fair value does not follow the peak.",earnings,normalized,,medium,erratic earnings (volatility 110),170.52,ok,147.7,Overvalued,-6.6,5-year trend (regression on all points),20.9,-6.6,0,0,,109.5,-0.39,,6.265,False,63,1,-2.8,0.95,4.0,4.0,4.0,0.95,False,118600720384.0,280824763.0,2026-11-03,0.53,5.24,153577000000.0,132699000000.0,8554000000.0,14133000000.0,17126000000.0,12899000000.0,1631000000.0,4767000000.0,19077000000.0,94310000000.0,30696000000.0,32816000000.0,7768000000.0,25048000000.0,143648720384.0,10.16,1.77,0.77,9.19,47.9,20.2,15.0,5.6,9.2,1.61,10.88,-22.3,ttm,revenue=RevenueFromContractWithCustomerExcludingAssessedTax+Revenues+RevenueFromContractWithCustomerIncludingAssessedTax;net_income=NetIncomeLoss;ebit=OperatingIncomeLoss;ocf=NetCashProvidedByUsedInOperatingActivities;capex=PaymentsToAcquirePropertyPlantAndEquipment;interest_expense=InterestExpenseDebt+InterestExpense;assets=Assets;equity=StockholdersEquity;long_term_debt=LongTermDebtNoncurrent;short_term_debt=DebtCurrent;cash=CashAndCashEquivalentsAtCarryingValue,15.0,67.93,546.88,45.93,2.2,20.9,23.1,-0.7,11.9,9.2,0.9,35.9,21.6,-12.5,2.2,16.0,4.7,30.7,14.3,ttm,edgar,,95,yfinance,,Undervalued
MPWR,0001280452,"Monolithic Power Systems, Inc.",Technology,Semiconductors,yfinance,False,Nasdaq,3674,Semiconductors & Related Devices,83.32,83.32,0.0,41.29,34.871,17.28,17.28,16.38,5.2,ok,yfinance,1.055,-52.22,1439.73,259.2,14.152,212.28,22.1,2026-06-30,Fast Grower,25.0,P/E = growth 40% + dividend 0.6% (capped at 25) · 5-year trend (regression on all points),"High growth: the multiple tracks the growth rate but is capped at 25, because very few companies sustain that pace for years.",earnings,current,,medium,erratic earnings (volatility 53),432.0,ok,233.3,Overvalued,40.4,5-year trend (regression on all points),31.3,40.4,0,0,,53.4,0.49,2.06,18.163,False,59,0,455.5,0.56,8.0,4.0,7.56,0.53,True,70752649216.0,49143000.0,2026-10-29,1.66,5.24,3273158000.0,2790459000.0,801946000.0,940165000.0,822337000.0,585537000.0,,666189000.0,3895424000.0,4686207000.0,,,1005587000.0,,69747062216.0,74.19,,21.62,120.83,22.6,83.1,20.1,24.5,28.7,,0.83,3.7,ttm,revenue=RevenueFromContractWithCustomerExcludingAssessedTax+SalesRevenueNet+Revenues;net_income=NetIncomeLoss+ProfitLoss;ebit=OperatingIncomeLoss;ocf=NetCashProvidedByUsedInOperatingActivities+NetCashProvidedByUsedInOperatingActivitiesContinuingOperations;capex=PaymentsToAcquirePropertyPlantAndEquipment;assets=Assets;equity=StockholdersEquity;long_term_debt=OtherLongTermDebtNoncurrent;cash=CashAndCashEquivalentsAtCarryingValue,28.7,79.27,66.6,11.91,20.6,31.3,31.7,21.0,25.8,24.8,24.1,19.4,25.1,21.0,32.1,34.0,33.8,20.0,24.7,ttm,edgar,,95,yfinance,,Overvalued
MRK,0000310158,"Merck & Co., Inc.",Healthcare,Drug Manufacturers - General,yfinance,False,NYSE,2834,Pharmaceutical Preparations,114.52,114.52,0.0,15.21,9.488,1.26,1.26,1.25,0.8,ok,yfinance,,-80.77,144.3,18.9,5.121,76.81,-75.4,2026-06-30,Slow Grower,6.0,"P/E = growth 2% + dividend 2.4% (floor 6, cap 12) · 5-year trend (regression on all points)",Modest growth: deserves a contained multiple. The dividend partly offsets the lower growth.,earnings,current,,low,unstable earnings base: latest TTM $1.26 vs 3-year median $5.12 — the fair value depends on which one is used; erratic earnings (volatility 115),,suppressed: the earnings used imply a P/E of 115 — earnings this close to zero make every multiple arbitrary,,N/A,2.2,5-year trend (regression on all points),-11.2,2.2,0,0,,114.9,0.04,51.59,8.495,False,67,7,663.5,2.36,3.4,4.0,3.4,2.36,False,356012851200.0,2467171638.0,2026-10-29,0.23,5.24,66569000000.0,65011000000.0,3173000000.0,5948000000.0,19967000000.0,16063000000.0,1742000000.0,12360000000.0,41933000000.0,129802000000.0,51081000000.0,53906000000.0,6849000000.0,47057000000.0,403069851200.0,67.77,7.91,5.35,22.16,7.0,32.3,4.6,4.8,8.9,1.22,4.51,-31.7,ttm,revenue=Revenues+SalesRevenueGoodsNet+SalesRevenueNet;net_income=NetIncomeLoss;ebit=IncomeLossFromContinuingOperationsBeforeIncomeTaxesExtraordinaryItemsNoncontrollingInterest;ocf=NetCashProvidedByUsedInOperatingActivities+NetCashProvidedByUsedInOperatingActivitiesContinuingOperations;capex=PaymentsToAcquirePropertyPlantAndEquipment+PaymentsToAcquireProductiveAssets+PaymentsForCapitalImprovements;interest_expense=InterestExpenseNonoperating+InterestExpense;assets=Assets;equity=StockholdersEquity;long_term_debt=LongTermDebtNoncurrent;short_term_debt=DebtCurrent;cash=CashAndCashEquivalentsAtCarryingValue,4.6,17.0,26.98,6.51,0.8,-11.2,-3.2,4.5,8.7,5.4,14.0,29.2,5.0,0.7,-10.6,-4.7,9.8,16.2,5.8,ttm,edgar,,95,yfinance,,Overvalued
MRNA,0001682852,"Moderna, Inc.",Healthcare,Biotechnology,yfinance,False,Nasdaq,2836,"Biological Products, (No Diagnostic Substances)",,,,-42.69,-4.451,-8.02,-8.02,-7.98,0.5,ok,yfinance,,-5.98,190.01,,,,,2026-06-30,Turnaround,,"no positive earnings, current or normalized","Loss-making now and on a 3-year average: no earnings base exists to capitalise. Any P/E-derived fair value would be invented. Assess the cash burn, the runway and the balance sheet instead.",none,current,,low,growth not calculable on any window; erratic earnings (volatility 113),,no valuation anchor for this category,,N/A,,not calculable,,,12,1,0.0,113.1,,,11.213,True,35,0,,,,,,,False,75858812928.0,399235889.0,2026-11-05,1.11,5.24,2228000000.0,1944000000.0,-3151000000.0,-3320000000.0,-1073000000.0,-1244000000.0,,-2065000000.0,6761000000.0,10961000000.0,591000000.0,622000000.0,1723000000.0,-1101000000.0,74757812928.0,,,34.05,,-39.0,61.7,-30.3,-141.4,-149.0,0.09,-1.64,49.1,ttm,revenue=RevenueFromContractWithCustomerExcludingAssessedTax+Revenues;net_income=NetIncomeLoss;ebit=OperatingIncomeLoss;ocf=NetCashProvidedByUsedInOperatingActivities;capex=PaymentsToAcquirePropertyPlantAndEquipment;assets=Assets;equity=StockholdersEquity;long_term_debt=LongTermDebtNoncurrent;short_term_debt=FinanceLeaseLiabilityCurrent;cash=CashAndCashEquivalentsAtCarryingValue,-27.6,16.93,5.58,-3.12,,,,-40.6,-20.5,32.4,,,,,,,,,,ttm,edgar,,95,yfinance,dividend_yield;growth_5y,N/A
MRSH,0000062709,"Marsh & McLennan Companies, Inc.",Financial Services,Insurance Brokers,yfinance,False,NYSE,6411,"Insurance Agents, Brokers & Service",20.97,20.97,0.0,14.89,11.424,8.11,8.11,8.18,0.9,ok,yfinance,,-1.8,170.06,121.65,8.065,120.98,0.6,2026-06-30,Slow Grower,12.0,"P/E = growth 10% + dividend 2.3% (floor 6, cap 12) · 5-year trend (regression on all points)",Modest growth: deserves a contained multiple. The dividend partly offsets the lower growth.,earnings,current,,high,"consistent earnings, growth measured over the full 5-year window",97.32,ok,74.7,Overvalued,9.9,5-year trend (regression on all points),11.0,9.9,0,0,,19.8,0.59,2.11,5.353,False,67,4,39.8,2.33,3.96,4.0,3.78,2.22,True,81154547712.0,477211268.0,2026-10-15,0.58,5.24,27947000000.0,26981000000.0,3980000000.0,6042000000.0,5078000000.0,4767000000.0,962000000.0,5001000000.0,15433000000.0,59682000000.0,18891000000.0,20561000000.0,1700000000.0,18861000000.0,100015547712.0,16.55,3.12,2.9,17.02,25.3,25.9,10.1,14.2,21.6,1.22,5.87,25.5,ttm,revenue=RevenueFromContractWithCustomerExcludingAssessedTax+RevenueFromContractWithCustomerIncludingAssessedTax;net_income=NetIncomeLoss;ebit=OperatingIncomeLoss;ocf=NetCashProvidedByUsedInOperatingActivities;capex=PaymentsToAcquirePropertyPlantAndEquipment;interest_expense=InterestExpenseNonoperating+InterestExpense;assets=Assets;equity=StockholdersEquity;long_term_debt=LongTermDebtNoncurrent;short_term_debt=DebtCurrent;cash=CashAndCashEquivalentsAtCarryingValue,8.3,32.34,58.56,9.99,7.6,11.0,10.1,9.0,8.6,8.5,15.0,7.9,10.6,6.6,9.8,9.2,12.7,7.4,9.7,ttm,edgar,,95,yfinance,,Overvalued
MRVL,0001835632,"Marvell Technology, Inc.",Technology,Semiconductors,yfinance,False,Nasdaq,3674,Semiconductors & Related Devices,88.41,88.41,0.0,40.34,6.749,3.08,3.08,3.02,1.9,ok,yfinance,,2423.08,272.29,46.2,,,,2026-08-01,Turnaround,,earnings not normalizable — back to profit only 1.0 years ago,Losses too recent or too frequent for the P/E to be a reliable basis. Assess the margin recovery and the balance sheet strength.,none,current,,low,growth not calculable on any window; erratic earnings (volatility 182),,no valuation anchor for this category,,N/A,,not calculable,,,16,1,1.0,182.1,,,13.088,True,23,2,489.4,0.09,0.24,4.0,0.24,0.09,False,244708294656.0,898704613.0,2026-12-01,2.25,5.24,9450300000.0,8194600000.0,2639900000.0,1561300000.0,2200300000.0,1730100000.0,204600000.0,1396400000.0,18531600000.0,27554600000.0,4962900000.0,4962900000.0,3932800000.0,1030100000.0,245738394656.0,157.39,0.66,25.89,141.44,16.5,67.3,5.7,27.9,16.5,0.27,0.71,-0.0,ttm,revenue=RevenueFromContractWithCustomerExcludingAssessedTax;net_income=NetIncomeLoss;ebit=OperatingIncomeLoss;ocf=NetCashProvidedByUsedInOperatingActivities;capex=PaymentsToAcquirePropertyPlantAndEquipment;interest_expense=InterestExpenseDebt+InterestExpense;assets=Assets;equity=StockholdersEquity;long_term_debt=LongTermDebtNoncurrent;short_term_debt=LongTermDebtCurrent;cash=CashAndCashEquivalentsAtCarryingValue,30.6,20.62,10.52,1.93,,,,18.9,22.3,,30.5,27.3,,,,,26.5,28.6,,ttm,edgar,,63,yfinance,growth_5y,Overvalued
MS,0000895421,Morgan Stanley,Financial Services,Capital Markets,yfinance,False,NYSE,6211,"Security Brokers, Dealers & Flotation Companies",15.2,15.2,0.0,13.98,13.617,12.52,12.52,12.37,1.2,ok,yfinance,,39.93,190.31,187.8,8.34,125.1,50.1,2026-06-30,Slow Grower,10.6,"P/E = growth 8% + dividend 2.4% (floor 6, cap 12) · 5-year trend (regression on all points)",Modest growth: deserves a contained multiple. The dividend partly offsets the lower growth.,earnings,current,,high,"consistent earnings, growth measured over the full 5-year window",132.86,ok,43.2,Overvalued,8.2,5-year trend (regression on all points),10.5,8.2,0,0,,33.5,0.7,1.85,2.807,False,67,2,1.3,2.42,4.6,4.0,4.15,2.18,True,298894458880.0,1570566292.0,2026-10-14,1.21,5.24,78042000000.0,70645000000.0,20155000000.0,26147000000.0,-15587000000.0,,,,116329000000.0,1675057000000.0,383156000000.0,383156000000.0,160135000000.0,223021000000.0,521915458880.0,19.96,8.53,3.83,,18.0,6.9,1.6,25.8,33.5,3.29,,,ttm,revenue=RevenuesNetOfInterestExpense+RevenueFromContractWithCustomerExcludingAssessedTax+Revenues;net_income=NetIncomeLoss;ebit=IncomeLossFromContinuingOperationsBeforeIncomeTaxesExtraordinaryItemsNoncontrollingInterest+IncomeLossFromContinuingOperationsBeforeIncomeTaxesMinorityInterestAndIncomeLossFromEquityMethodInvestments;ocf=NetCashProvidedByUsedInOperatingActivities+NetCashProvidedByUsedInOperatingActivitiesContinuingOperations;interest_expense=InterestExpense;assets=Assets;equity=StockholdersEquity;long_term_debt=LongTermDebt;short_term_debt=LongTermDebtCurrent;cash=CashAndCashEquivalentsAtCarryingValue,18.0,74.07,49.69,,29.6,10.5,19.0,13.3,6.9,9.3,,,,26.2,8.0,15.8,,,,ttm,edgar,,95,yfinance,free_cash_flow,Overvalued
MSCI,0001408198,MSCI Inc.,Financial Services,Financial Data & Stock Exchanges,yfinance,False,NYSE,7389,"Services-Business Services, NEC",29.86,29.86,0.0,23.83,22.492,17.95,17.95,18.28,1.8,ok,yfinance,,21.14,535.95,269.25,14.734,221.01,21.8,2026-06-30,Stalwart (mid cap),18.6,P/E = growth 17% + dividend 1.5% · 5-year trend (regression on all points),"Solid, predictable growth: the fair P/E matches the growth rate plus the dividend yield (PEG = 1).",earnings,current,,high,"consistent earnings, growth measured over the full 5-year window",333.09,ok,60.9,Overvalued,17.0,5-year trend (regression on all points),16.9,17.0,0,0,,9.2,0.62,1.75,-14.487,False,63,0,99.1,1.53,8.2,4.0,7.95,1.48,True,38963564544.0,72700000.0,2026-10-20,1.22,5.24,3333754000.0,3134459000.0,1358055000.0,1855710000.0,1628146000.0,1597927000.0,257313000.0,1549127000.0,-2689500000.0,5602500000.0,6380400000.0,6380400000.0,356400000.0,6024000000.0,44987564544.0,24.24,3.25,11.69,24.38,,-48.0,33.1,40.7,55.7,,4.1,5.5,ttm,revenue=RevenueFromContractWithCustomerExcludingAssessedTax+Revenues;net_income=NetIncomeLoss;ebit=OperatingIncomeLoss;ocf=NetCashProvidedByUsedInOperatingActivities;capex=PaymentsToAcquirePropertyPlantAndEquipment;interest_expense=InterestExpenseNonoperating+InterestExpense;assets=Assets;equity=StockholdersEquity;long_term_debt=LongTermDebtNoncurrent;short_term_debt=LongTermDebtCurrent;cash=CashAndCashEquivalentsAtCarryingValue,11.6,-36.99,45.86,21.98,17.0,16.9,22.3,12.4,12.6,11.6,10.9,13.2,16.5,14.0,14.1,18.4,10.9,13.2,15.5,ttm,edgar,,95,yfinance,,Overvalued
MSFT,0000789019,Microsoft Corporation,Technology,Software - Infrastructure,yfinance,False,Nasdaq,7372,Services-Prepackaged Software,28.58,28.58,0.0,21.89,23.647,18.11,18.11,17.95,0.9,ok,yfinance,,31.6,517.53,271.65,12.783,191.74,41.7,2026-06-30,Stalwart,15.7,P/E = growth 15% + dividend 0.7% · 5-year trend (regression on all points),"Solid, predictable growth: the fair P/E matches the growth rate plus the dividend yield (PEG = 1).",earnings,current,,high,"consistent earnings, growth measured over the full 5-year window",285.09,ok,81.5,Overvalued,15.0,5-year trend (regression on all points),17.4,15.0,0,0,,10.4,0.55,1.9,8.688,False,73,9,90.5,0.7,3.64,4.0,3.64,0.7,False,3842942959616.0,7425545491.0,2026-10-28,1.11,5.24,331839000000.0,331839000000.0,133749000000.0,155237000000.0,182935000000.0,66987000000.0,3051000000.0,66987000000.0,442387000000.0,758376000000.0,31067000000.0,40294000000.0,20935000000.0,19359000000.0,3862301959616.0,24.88,0.12,11.58,57.37,34.0,58.3,20.5,40.3,46.8,0.07,1.74,-6.5,ttm,revenue=RevenueFromContractWithCustomerExcludingAssessedTax+SalesRevenueNet+Revenues;net_income=NetIncomeLoss;ebit=OperatingIncomeLoss;ocf=NetCashProvidedByUsedInOperatingActivities+NetCashProvidedByUsedInOperatingActivitiesContinuingOperations;capex=PaymentsToAcquirePropertyPlantAndEquipment;interest_expense=InterestExpenseNonoperating+InterestExpense;assets=Assets;equity=StockholdersEquity;long_term_debt=LongTermDebtNoncurrent;short_term_debt=LongTermDebtCurrent;cash=CashAndCashEquivalentsAtCarryingValue,17.8,59.58,44.69,9.02,22.9,17.4,24.0,16.1,14.6,14.6,4.0,3.6,10.4,22.7,16.9,23.1,27.8,19.0,18.6,ttm,edgar,,95,yfinance,,Overvalued
MSI,0000068505,"Motorola Solutions, Inc.",Technology,Communication Equipment,yfinance,False,NYSE,3663,Radio & Tv Broadcasting & Communications Equipment,35.34,35.34,0.0,23.03,19.431,12.66,12.66,12.69,0.2,ok,yfinance,,2.09,447.41,189.9,10.934,164.01,15.8,2026-07-04,Stalwart,16.2,P/E = growth 15% + dividend 1.1% · 5-year trend (regression on all points),"Solid, predictable growth: the fair P/E matches the growth rate plus the dividend yield (PEG = 1).",earnings,current,,high,"consistent earnings, growth measured over the full 5-year window",205.35,ok,117.9,Overvalued,15.1,5-year trend (regression on all points),13.8,15.1,0,0,,24.7,0.46,2.33,27.712,False,67,9,135.6,1.08,4.84,4.0,4.84,1.08,False,74043580416.0,165493788.0,2026-11-05,0.88,5.24,12236000000.0,11682000000.0,2134000000.0,3048000000.0,2974000000.0,2677000000.0,440000000.0,2572000000.0,2672000000.0,19242000000.0,8417000000.0,9032000000.0,710000000.0,8322000000.0,82365580416.0,27.02,2.73,6.05,27.66,92.0,13.9,15.8,17.4,24.9,3.15,3.62,20.5,ttm,revenue=RevenueFromContractWithCustomerExcludingAssessedTax+Revenues;net_income=NetIncomeLoss+ProfitLoss;ebit=OperatingIncomeLoss;ocf=NetCashProvidedByUsedInOperatingActivities;capex=PaymentsToAcquireProductiveAssets;interest_expense=InterestExpense;assets=Assets;equity=StockholdersEquity;long_term_debt=LongTermDebtNoncurrent;short_term_debt=DebtCurrent;cash=CashAndCashEquivalentsAtCarryingValue,10.3,16.15,73.94,16.18,12.9,13.8,16.1,8.2,9.2,7.9,21.3,10.5,13.1,12.0,13.1,15.2,19.4,9.9,11.3,ttm,edgar,,91,yfinance,,Overvalued
MTB,0000036270,M&T Bank Corporation,Financial Services,Banks - Regional,yfinance,False,NYSE,6022,State Commercial Banks,11.51,11.51,0.0,10.4,21.072,19.04,19.04,18.89,0.8,ok,yfinance,,22.27,219.14,285.6,15.744,236.16,20.9,2026-06-30,Slow Grower,10.0,"P/E = growth 7% + dividend 2.7% (floor 6, cap 12) · 5-year trend (regression on all points)",Modest growth: deserves a contained multiple. The dividend partly offsets the lower growth.,earnings,current,,high,"consistent earnings, growth measured over the full 5-year window",190.19,ok,15.2,Overvalued,7.3,5-year trend (regression on all points),7.7,7.3,0,0,,33.3,0.87,1.59,1.245,False,67,2,-23.3,2.74,6.0,4.0,6.0,2.74,False,31647377408.0,144416262.0,2026-10-16,0.56,5.24,1703000000.0,1657000000.0,3033000000.0,3922000000.0,3804000000.0,,,3649000000.0,27946000000.0,219261000000.0,13568000000.0,18182000000.0,17438000000.0,744000000.0,32391377408.0,8.26,0.19,18.58,,10.7,12.7,1.8,178.1,230.3,0.49,,-16.3,ttm,revenue=RevenueFromContractWithCustomerExcludingAssessedTax+Revenues;net_income=NetIncomeLoss;ebit=IncomeLossFromContinuingOperationsBeforeIncomeTaxesExtraordinaryItemsNoncontrollingInterest;ocf=NetCashProvidedByUsedInOperatingActivities+NetCashProvidedByUsedInOperatingActivitiesContinuingOperations;capex=PaymentsToAcquireProductiveAssets;interest_expense=InterestExpense;assets=Assets;equity=StockholdersEquity;long_term_debt=LongTermDebt;short_term_debt=ShortTermBorrowings;cash=CashAndCashEquivalentsAtCarryingValue,6.4,193.51,11.79,,3.8,7.7,10.0,6.8,,,80.9,12.9,16.4,0.6,11.6,9.8,0.2,11.7,7.6,ttm,edgar,,95,yfinance,free_cash_flow,Undervalued
MTD,0001037646,Mettler-Toledo International Inc.,Healthcare,Diagnostics & Research,yfinance,False,NYSE,3826,Laboratory Analytical Instruments,33.44,33.44,0.0,28.73,51.732,44.44,44.44,44.36,0.2,ok,yfinance,,12.47,1486.19,666.6,39.817,597.25,11.6,2026-06-30,Slow Grower,6.0,"P/E = growth 6% + dividend not available (treated as 0) (floor 6, cap 12) · 5-year trend (regression on all points)",Modest growth: deserves a contained multiple. The dividend partly offsets the lower growth.,earnings,current,,high,"consistent earnings, growth measured over the full 5-year window",266.64,ok,457.4,Overvalued,5.6,5-year trend (regression on all points),8.2,5.6,0,0,,8.1,0.17,5.94,2322.172,False,63,0,123.0,,,,,,False,29778132992.0,20036559.0,2026-11-05,1.22,5.24,4133875000.0,4026399000.0,905611000.0,1097366000.0,975167000.0,863969000.0,69336000.0,848648000.0,12823000.0,3670944000.0,2044673000.0,2111963000.0,51383000.0,2060580000.0,31838712992.0,29.01,1.88,7.2,34.47,,0.3,29.9,21.9,26.5,159.45,2.9,-1.8,ttm,revenue=RevenueFromContractWithCustomerExcludingAssessedTax+Revenues+SalesRevenueNet;net_income=NetIncomeLoss;ebit=IncomeLossFromContinuingOperationsBeforeIncomeTaxesExtraordinaryItemsNoncontrollingInterest+IncomeLossFromContinuingOperationsBeforeIncomeTaxesMinorityInterestAndIncomeLossFromEquityMethodInvestments;ocf=NetCashProvidedByUsedInOperatingActivities;capex=PaymentsToAcquirePropertyPlantAndEquipment;interest_expense=InterestExpense;assets=Assets;equity=StockholdersEquity;long_term_debt=LongTermDebtNoncurrent;short_term_debt=DebtCurrent;cash=CashAndCashEquivalentsAtCarryingValue,6.9,0.64,206.32,43.12,3.7,8.2,13.1,1.5,3.5,5.5,0.2,2.1,9.1,3.7,7.0,9.7,0.2,2.1,8.3,ttm,edgar,,95,yfinance,dividend_yield,Overvalued
MU,0000723125,"Micron Technology, Inc.",Technology,Semiconductors,yfinance,False,Nasdaq,3674,Semiconductors & Related Devices,24.34,14.77,64.7,5.25,204.787,44.17,72.77,44.17,39.3,check,edgar,,693.0,1074.89,662.55,3.49,52.35,1165.6,2026-05-28,Stalwart (recovering),15.0,"P/E 15 — growth of 65% measured from a loss-making base (5-year CAGR (two endpoints, window contains losses))","The measured growth rate is a rebound off depressed earnings, not a trend, so it does not earn a fast grower's multiple. The multiple is capped at the stalwart level until the company has a full window of profitable history.",earnings,current,,low,"unstable earnings base: latest TTM $44.17 vs 3-year median $3.49 — the fair value depends on which one is used; erratic earnings (volatility 174); one loss episode 2 years ago, profitable since",662.55,ok,62.2,Overvalued,65.1,"5-year CAGR (two endpoints, window contains losses)",65.1,,5,1,2.0,174.3,2.68,0.37,12.048,True,64,3,62.2,0.06,0.6,4.0,0.415,0.04,False,1213973397504.0,1129393151.0,2026-12-23,,5.24,90274000000.0,37378000000.0,50469000000.0,59243000000.0,51432000000.0,26172000000.0,230000000.0,1668000000.0,100724000000.0,134112000000.0,5140000000.0,5722000000.0,24995000000.0,-19273000000.0,1194700397504.0,20.17,-0.33,13.45,46.38,66.6,75.1,44.2,55.9,65.6,0.05,2.16,1278.5,ttm,revenue=RevenueFromContractWithCustomerExcludingAssessedTax+Revenues+SalesRevenueNet;net_income=NetIncomeLoss;ebit=OperatingIncomeLoss;ocf=NetCashProvidedByUsedInOperatingActivities+NetCashProvidedByUsedInOperatingActivitiesContinuingOperations;capex=PaymentsToAcquirePropertyPlantAndEquipment;interest_expense=InterestExpenseNonoperating+InterestExpense+InterestAndDebtExpense;assets=Assets;equity=StockholdersEquity;long_term_debt=LongTermDebtNoncurrent;short_term_debt=DebtCurrent;cash=CashAndCashEquivalentsAtCarryingValue,167.0,89.18,79.93,23.17,,65.1,64.3,70.9,28.9,21.6,,116.3,,,65.3,63.8,116.8,36.6,31.7,ttm,edgar,,128,yfinance,,Overvalued
NCLH,0001513761,Norwegian Cruise Line Holdings Ltd.,Consumer Cyclical,Travel Services,yfinance,False,NYSE,4400,Water Transportation,8.85,8.85,0.0,9.12,1.659,1.71,1.71,1.65,3.5,ok,yfinance,1.036,11.49,15.14,25.65,1.264,18.97,35.2,2026-06-30,Unclassified,,growth not calculable on any window,"Not enough usable earnings history to estimate growth on any of the four windows tried (5-year trend and CAGR, 3-year trend and CAGR). No category multiple is assigned: the fixed P/E 15 line is the only reading available.",none,current,,low,"growth not calculable on any window; erratic earnings (volatility 81); one loss episode 3 years ago, profitable since",,no valuation anchor for this category,,N/A,,not calculable,,,10,1,2.7,80.9,,,2.702,True,55,0,-41.0,,,,,,False,6952103936.0,459187846.0,2026-11-04,1.88,5.24,10154307000.0,9827592000.0,760722000.0,1532360000.0,2109712000.0,-1185394000.0,,-1169860000.0,2572866000.0,24011710000.0,13893415000.0,13893415000.0,218100000.0,13675315000.0,20627418936.0,13.46,8.92,0.68,,36.7,10.7,6.4,7.5,15.1,5.4,-17.05,-239.5,ttm,revenue=RevenueFromContractWithCustomerIncludingAssessedTax+Revenues;net_income=NetIncomeLoss+ProfitLoss;ebit=OperatingIncomeLoss;ocf=NetCashProvidedByUsedInOperatingActivities+NetCashProvidedByUsedInOperatingActivitiesContinuingOperations;capex=PaymentsToAcquirePropertyPlantAndEquipment;interest_expense=InterestExpenseDebt+InterestExpense;assets=Assets;equity=StockholdersEquity;long_term_debt=LongTermDebtAndCapitalLeaseObligations;short_term_debt=FinanceLeaseLiabilityCurrent;cash=CashAndCashEquivalentsAtCarryingValue,6.2,5.6,22.11,-2.58,,,-2.9,12.3,236.5,8.3,,,,,,4.1,4.4,,6.9,ttm,edgar,,95,yfinance,dividend_yield;growth_5y,Undervalued
NDAQ,0001120193,"Nasdaq, Inc.",Financial Services,Financial Data & Stock Exchanges,yfinance,False,Nasdaq,6200,"Security & Commodity Brokers, Dealers, Exchanges & Services",26.72,26.72,0.0,19.31,4.678,3.38,3.38,3.43,1.5,ok,yfinance,,31.42,90.33,50.7,2.188,32.81,54.5,2026-06-30,Slow Grower,6.4,"P/E = growth 5% + dividend 1.4% (floor 6, cap 12) · 5-year trend (regression on all points)",Modest growth: deserves a contained multiple. The dividend partly offsets the lower growth.,earnings,current,,high,"consistent earnings, growth measured over the full 5-year window",21.64,ok,317.5,Overvalued,5.0,5-year trend (regression on all points),8.8,5.0,0,0,,31.8,0.24,5.31,4.235,False,63,1,78.2,1.37,1.24,4.0,1.16,1.28,True,50492424192.0,558977372.0,2026-10-22,0.97,5.24,8751000000.0,8262000000.0,1967000000.0,2584000000.0,2246000000.0,1951000000.0,348000000.0,1989000000.0,11988000000.0,27341000000.0,8492000000.0,8761000000.0,520000000.0,8241000000.0,58733424192.0,22.73,3.19,5.77,25.88,16.5,43.8,9.5,22.5,29.5,0.71,3.86,14.8,ttm,revenue=RevenueFromContractWithCustomerExcludingAssessedTax+Revenues;net_income=NetIncomeLoss;ebit=OperatingIncomeLoss;ocf=NetCashProvidedByUsedInOperatingActivities+NetCashProvidedByUsedInOperatingActivitiesContinuingOperations;capex=PaymentsToAcquirePropertyPlantAndEquipment;interest_expense=InterestExpenseNonoperating+InterestExpense+InterestExpenseDebt;assets=Assets;equity=StockholdersEquity;long_term_debt=LongTermDebtNoncurrent;short_term_debt=DebtCurrent;cash=CashAndCashEquivalentsAtCarryingValue,7.7,21.45,15.66,3.49,15.6,8.8,13.6,12.7,8.1,9.5,7.9,22.9,12.1,21.2,11.8,15.0,9.6,20.1,11.6,ttm,edgar,,95,yfinance,,Overvalued
NDSN,0000072331,Nordson Corporation,Industrials,Specialty Industrial Machinery,yfinance,False,Nasdaq,3569,"General Industrial Machinery & Equipment, NEC",33.32,33.32,0.0,25.69,12.983,10.01,10.01,9.87,1.4,ok,yfinance,,23.99,333.54,150.15,8.545,128.17,17.2,2026-07-31,Slow Grower,6.0,"P/E = growth 3% + dividend 1.1% (floor 6, cap 12) · 5-year trend (regression on all points)",Modest growth: deserves a contained multiple. The dividend partly offsets the lower growth.,earnings,current,,high,"consistent earnings, growth measured over the full 5-year window",60.06,ok,455.3,Overvalued,3.0,5-year trend (regression on all points),9.9,3.0,0,0,,15.6,0.12,10.99,5.683,False,64,5,122.1,1.13,3.76,4.0,3.4,1.02,True,18577967104.0,55699366.0,2026-08-19,0.97,5.24,2979795000.0,2791687000.0,555178000.0,800961000.0,773384000.0,724013000.0,90663000.0,661115000.0,3269059000.0,5947920000.0,1529005000.0,1539005000.0,113431000.0,1425574000.0,20003541104.0,24.97,1.78,6.23,25.66,17.8,55.0,13.5,18.6,26.9,0.47,3.9,34.4,ttm,revenue=RevenueFromContractWithCustomerExcludingAssessedTax+Revenues+SalesRevenueNet;net_income=NetIncomeLoss;ebit=OperatingIncomeLoss;ocf=NetCashProvidedByUsedInOperatingActivities+NetCashProvidedByUsedInOperatingActivitiesContinuingOperations;capex=PaymentsToAcquirePropertyPlantAndEquipment;interest_expense=InterestExpenseNonoperating+InterestExpense;assets=Assets;equity=StockholdersEquity;long_term_debt=LongTermDebtNoncurrent;short_term_debt=LongTermDebtCurrent;cash=CashAndCashEquivalentsAtCarryingValue,7.0,58.69,53.5,13.0,4.4,9.9,8.8,4.7,5.1,5.5,5.6,6.6,12.1,3.5,8.9,8.5,5.9,6.4,10.3,ttm,edgar,,64,yfinance,,Overvalued
NEE,0000753308,"NextEra Energy, Inc.",Utilities,Utilities - Regulated Electric,yfinance,False,NYSE,4911,Electric Services,17.15,17.15,0.0,17.5,4.39,4.48,4.48,3.94,12.1,ok,yfinance,1.137,47.57,76.83,67.2,3.832,57.48,16.9,2026-03-31,Fast Grower,25.0,P/E = growth 23% + dividend 3.2% (capped at 25) · 5-year trend (regression on all points),"High growth: the multiple tracks the growth rate but is capped at 25, because very few companies sustain that pace for years.",earnings,current,,high,"consistent earnings, growth measured over the full 5-year window",112.0,ok,-31.4,Undervalued,22.8,5-year trend (regression on all points),13.3,22.8,0,0,,29.6,1.52,0.75,2.805,False,66,3,14.3,3.24,2.492,4.0,2.436,3.17,False,160265715712.0,2085978209.0,2026-10-27,0.64,5.24,26000000000.0,25800000000.0,8183000000.0,8232000000.0,12330000000.0,,,,55222000000.0,221424000000.0,93948000000.0,97785000000.0,1998000000.0,95787000000.0,256052715712.0,31.1,11.64,6.16,,15.6,24.9,3.7,31.5,31.7,1.7,,,ttm,revenue=RevenueFromContractWithCustomerIncludingAssessedTax+Revenues;net_income=NetIncomeLoss;ebit=OperatingIncomeLoss;ocf=NetCashProvidedByUsedInOperatingActivities;assets=Assets;equity=StockholdersEquity;long_term_debt=LongTermDebtNoncurrent;short_term_debt=DebtCurrent;cash=CashAndCashEquivalentsAtCarryingValue,8.3,26.47,12.46,,5.3,13.3,10.1,3.3,8.7,4.6,,,,7.0,14.5,11.5,15.6,10.8,6.7,ttm,edgar,,186,yfinance,free_cash_flow,Overvalued
NEM,0001164727,Newmont Corporation,Basic Materials,Gold,yfinance,False,NYSE,1040,Gold and Silver Ores,14.45,14.45,0.0,11.29,10.232,8.0,8.0,7.92,1.0,ok,yfinance,,42.45,115.56,120.0,3.722,55.83,114.9,2026-06-30,Cyclical,12.0,P/E 12 on 3-year normalized (mid-cycle) earnings,"Erratic, cycle-driven earnings: a low P/E can signal the peak of the cycle, not a bargain. The multiple is applied to mid-cycle earnings, so the fair value does not follow the peak.",earnings,normalized,,low,"erratic earnings (volatility 156); one loss episode 2 years ago, profitable since",44.67,ok,158.7,Overvalued,17.3,"5-year CAGR (two endpoints, window contains losses)",17.3,,8,1,1.7,155.9,1.26,0.84,3.472,True,71,3,-3.7,0.9,1.04,4.0,1.03,0.89,True,121764675584.0,1053692271.0,2026-10-22,0.54,5.24,25767000000.0,22669000000.0,8597000000.0,13335000000.0,12628000000.0,9733000000.0,,7299000000.0,35243000000.0,57641000000.0,5083000000.0,5083000000.0,9009000000.0,-3926000000.0,117838675584.0,8.84,-0.29,4.73,12.51,25.5,61.1,23.1,33.4,51.8,0.14,7.99,146.5,ttm,revenue=RevenueFromContractWithCustomerExcludingAssessedTax+Revenues;net_income=NetIncomeLoss;ebit=IncomeLossFromContinuingOperationsBeforeIncomeTaxesExtraordinaryItemsNoncontrollingInterest+IncomeLossFromContinuingOperationsBeforeIncomeTaxesMinorityInterestAndIncomeLossFromEquityMethodInvestments;ocf=NetCashProvidedByUsedInOperatingActivities;capex=PaymentsToAcquireProductiveAssets;interest_expense=InterestExpense;assets=Assets;equity=StockholdersEquity;long_term_debt=LongTermDebtNoncurrent;short_term_debt=LongTermDebtCurrent;cash=CashAndCashEquivalentsAtCarryingValue,25.2,33.45,24.45,9.24,,17.3,66.0,32.0,15.6,15.9,215.4,21.9,24.5,,24.5,72.0,68.7,19.8,18.1,ttm,edgar,,95,yfinance,,Undervalued
NFLX,0001065280,"Netflix, Inc.",Communication Services,Entertainment,yfinance,False,Nasdaq,7841,Services-Video Tape Rental,21.29,21.29,0.0,17.58,3.815,3.15,3.15,3.18,1.0,ok,yfinance,,35.67,67.06,47.25,2.027,30.4,55.4,2026-06-30,Fast Grower,25.0,P/E = growth 28% + dividend 0.0% (capped at 25) · 5-year trend (regression on all points),"High growth: the multiple tracks the growth rate but is capped at 25, because very few companies sustain that pace for years.",earnings,current,,high,"consistent earnings, growth measured over the full 5-year window",78.75,ok,-14.8,Undervalued,27.5,5-year trend (regression on all points),26.9,27.5,0,0,,32.9,1.29,0.77,9.261,False,67,3,41.9,,,,,,False,279233789952.0,4163939676.0,2026-10-20,1.53,5.24,48370764000.0,45183036000.0,13649441000.0,14354517000.0,11970833000.0,11152005000.0,847451000.0,9461053000.0,30152052000.0,58450441000.0,11825548000.0,14309306000.0,9099232000.0,5210074000.0,284443863952.0,19.82,0.36,5.77,25.04,49.5,51.6,24.6,28.2,29.7,0.39,3.99,36.7,ttm,revenue=Revenues;net_income=NetIncomeLoss;ebit=OperatingIncomeLoss;ocf=NetCashProvidedByUsedInOperatingActivities;capex=PaymentsToAcquirePropertyPlantAndEquipment;interest_expense=InterestExpenseNonoperating+InterestExpense;assets=Assets;equity=StockholdersEquity;long_term_debt=LongTermDebtNoncurrent;short_term_debt=ShortTermBorrowings;cash=CashAndCashEquivalentsAtCarryingValue,16.0,7.24,11.62,2.68,50.2,26.9,58.4,14.6,11.9,20.3,37.8,51.7,,47.6,25.5,58.0,37.3,45.4,,ttm,edgar,,95,yfinance,dividend_yield,Overvalued
NI,0001111711,NiSource Inc.,Utilities,Utilities - Regulated Gas,yfinance,False,NYSE,4931,Electric & Other Services Combined,20.97,20.97,0.0,17.52,2.251,1.88,1.88,1.88,0.0,ok,yfinance,,0.0,39.43,28.2,1.755,26.32,7.1,2026-06-30,Stalwart (mid cap),17.5,P/E = growth 14% + dividend 3.0% · 5-year trend (regression on all points),"Solid, predictable growth: the fair P/E matches the growth rate plus the dividend yield (PEG = 1).",earnings,current,,high,"consistent earnings, growth measured over the full 5-year window",32.91,ok,19.8,Overvalued,14.5,5-year trend (regression on all points),29.3,14.5,0,0,,22.7,0.83,1.45,1.975,False,63,2,39.8,3.04,1.2,4.0,1.18,2.99,False,18909054976.0,479560100.0,2026-10-28,0.54,5.24,11374800000.0,6522800000.0,905100000.0,1860300000.0,2303200000.0,-1086200000.0,757900000.0,-420000000.0,9574600000.0,37543600000.0,15612600000.0,16304600000.0,70000000.0,16234600000.0,35143654976.0,18.89,8.73,1.66,,9.8,25.5,5.0,8.0,16.4,1.63,-5.74,49.5,ttm,revenue=RevenueFromContractWithCustomerExcludingAssessedTax+SalesRevenueNet+Revenues;net_income=NetIncomeLoss+NetIncomeLossAvailableToCommonStockholdersBasic;ebit=OperatingIncomeLoss;ocf=NetCashProvidedByUsedInOperatingActivities;capex=PaymentsToAcquirePropertyPlantAndEquipment;interest_expense=InterestExpenseNonoperating+InterestExpense;assets=Assets;equity=StockholdersEquity;long_term_debt=LongTermDebtAndCapitalLeaseObligations;short_term_debt=LongTermDebtCurrent;cash=CashAndCashEquivalentsAtCarryingValue,17.0,19.97,23.72,-2.26,9.3,29.3,8.4,25.9,20.5,10.3,,,,8.8,27.6,12.9,10.8,15.9,10.8,ttm,edgar,,95,yfinance,,Overvalued
NKE,0000320187,"NIKE, Inc.",Consumer Cyclical,Footwear & Accessories,yfinance,False,NYSE,3021,Rubber & Plastics Footwear,16.77,16.77,0.0,19.05,1.778,2.02,2.02,2.09,3.5,ok,yfinance,0.967,7.18,33.87,30.3,2.498,37.48,-19.1,2026-08-31,Slow Grower (declining earnings),6.0,P/E = 0% growth credit + dividend 4.8% (floor 6) · 5-year trend (regression on all points),"Earnings are contracting, so the model gives no credit for growth: the multiple comes from the dividend and the floor alone. Applied to normalized earnings where available, since the latest figure of a declining company is its lowest point. Check whether the decline is cyclical or structural.",earnings,current,,medium,earnings declining -15%/year,12.12,ok,179.5,Overvalued,-14.7,5-year trend (regression on all points),-11.1,-14.7,0,0,,19.9,-0.59,,3.379,False,70,6,11.8,4.84,1.64,4.0,1.64,4.84,False,50246103040.0,1483498703.0,2026-12-17,1.11,5.24,45891000000.0,46398000000.0,3093000000.0,3899000000.0,2781000000.0,2105000000.0,,2184000000.0,15220000000.0,37794000000.0,5893000000.0,7893000000.0,6903000000.0,990000000.0,51236103040.0,13.14,0.25,1.09,23.87,21.6,40.3,10.3,6.7,8.5,0.39,4.19,-33.2,ttm,revenue=RevenueFromContractWithCustomerExcludingAssessedTax+SalesRevenueNet;net_income=NetIncomeLoss;ebit=IncomeLossFromContinuingOperationsBeforeIncomeTaxesExtraordinaryItemsNoncontrollingInterest+IncomeLossFromContinuingOperationsBeforeIncomeTaxesMinorityInterestAndIncomeLossFromEquityMethodInvestments;ocf=NetCashProvidedByUsedInOperatingActivities;capex=PaymentsToAcquirePropertyPlantAndEquipment+PaymentsToAcquireProductiveAssets;assets=Assets;equity=StockholdersEquity;long_term_debt=LongTermDebtNoncurrent;short_term_debt=LongTermDebtCurrent;cash=CashAndCashEquivalentsAtCarryingValue,-1.2,10.26,30.93,1.42,-13.6,-11.1,-0.6,-3.8,-0.1,3.3,-22.1,-19.4,-2.1,-15.1,-12.7,-2.1,-19.9,-16.6,-2.8,ttm,edgar,,33,yfinance,,Overvalued
NOC,0001133421,Northrop Grumman Corporation,Industrials,Aerospace & Defense,yfinance,False,NYSE,3812,"Search, Detection, Navigation, Guidance, Aeronautical Sys",15.32,15.32,0.0,15.7,30.453,31.21,31.21,31.43,0.7,ok,yfinance,,15.85,478.0,468.15,27.273,409.09,14.4,2026-06-30,Slow Grower (declining earnings),6.0,P/E = 0% growth credit + dividend 2.1% (floor 6) · 5-year trend (regression on all points),"Earnings are contracting, so the model gives no credit for growth: the multiple comes from the dividend and the floor alone. Applied to normalized earnings where available, since the latest figure of a declining company is its lowest point. Check whether the decline is cyclical or structural.",earnings,current,,low,erratic earnings (volatility 73); earnings declining -5%/year,187.26,ok,155.3,Overvalued,-5.3,5-year trend (regression on all points),2.6,-5.3,0,0,,73.3,-0.21,,3.797,False,67,3,2.1,2.07,9.88,4.0,9.56,2.0,False,67906125824.0,142063026.0,2026-10-20,-0.11,5.24,42892000000.0,41954000000.0,4496000000.0,4598000000.0,5078000000.0,3646000000.0,659000000.0,3307000000.0,17884000000.0,50763000000.0,14428000000.0,15191000000.0,2307000000.0,12884000000.0,80790125824.0,17.57,2.8,1.58,18.62,27.0,35.2,9.1,10.5,10.7,0.81,5.37,26.2,ttm,revenue=Revenues+SalesRevenueNet;net_income=NetIncomeLoss;ebit=OperatingIncomeLoss;ocf=NetCashProvidedByUsedInOperatingActivities;capex=PaymentsToAcquirePropertyPlantAndEquipment;interest_expense=InterestAndDebtExpense;assets=Assets;equity=StockholdersEquity;long_term_debt=LongTermDebtNoncurrent;short_term_debt=LongTermDebtCurrent;cash=CashAndCashEquivalentsAtCarryingValue,5.9,125.89,301.92,25.66,1.4,2.6,11.0,4.2,2.7,6.1,17.2,6.9,6.1,-1.1,-0.2,8.2,10.1,5.3,6.4,ttm,edgar,,95,yfinance,,Overvalued
NOW,0001373715,"ServiceNow, Inc.",Technology,Software - Application,yfinance,False,NYSE,7372,Services-Prepackaged Software,86.14,86.14,0.0,26.85,5.006,1.56,1.56,1.6,2.6,ok,yfinance,0.975,0.38,134.38,23.4,1.557,23.36,0.2,2026-06-30,Fast Grower,25.0,P/E = growth 71% + dividend 0.0% (capped at 25) · 5-year trend (regression on all points),"High growth: the multiple tracks the growth rate but is capped at 25, because very few companies sustain that pace for years.",earnings,current,,medium,erratic earnings (volatility 57),39.0,ok,244.6,Overvalued,70.9,5-year trend (regression on all points),56.6,70.9,0,0,,57.2,0.82,1.21,11.1,False,55,1,474.3,,,,,,False,138930388992.0,1033862000.0,2026-10-28,0.97,5.24,14732000000.0,13278000000.0,1670000000.0,1680000000.0,5308000000.0,4580000000.0,,4576000000.0,12516000000.0,31666000000.0,5435000000.0,7517000000.0,2503000000.0,5014000000.0,143944388992.0,85.68,2.98,9.43,30.33,14.2,39.5,5.3,11.3,11.4,0.43,3.3,34.0,ttm,revenue=RevenueFromContractWithCustomerExcludingAssessedTax+Revenues+SalesRevenueNet;net_income=NetIncomeLoss;ebit=OperatingIncomeLoss;ocf=NetCashProvidedByUsedInOperatingActivities;capex=PaymentsToAcquirePropertyPlantAndEquipment;interest_expense=InterestExpenseDebt+InterestExpense;assets=Assets;equity=StockholdersEquity;long_term_debt=LongTermDebtNoncurrent;short_term_debt=LongTermDebtCurrent;cash=CashAndCashEquivalentsAtCarryingValue,22.2,12.11,14.25,4.43,4.9,56.6,,22.5,23.3,28.6,25.7,24.5,115.4,5.5,57.7,,22.2,22.1,48.7,ttm,edgar,,95,yfinance,dividend_yield,Overvalued
NRG,0001013871,"NRG Energy, Inc.",Utilities,Utilities - Independent Power Producers,yfinance,False,NYSE,4911,Electric Services,25.26,25.26,0.0,8.51,11.189,3.77,3.77,3.85,2.1,ok,yfinance,0.979,67.39,95.23,56.55,3.888,58.31,-3.0,2026-06-30,Slow Grower (declining earnings),6.0,"P/E = 0% growth credit + dividend 2.0% (floor 6) · 5-year CAGR (two endpoints, window contains losses)","Earnings are contracting, so the model gives no credit for growth: the multiple comes from the dividend and the floor alone. Applied to normalized earnings where available, since the latest figure of a declining company is its lowest point. Check whether the decline is cyclical or structural.",earnings,current,,low,"erratic earnings (volatility 144); one loss episode 2 years ago, profitable since; earnings declining -3%/year",22.62,ok,321.0,Overvalued,-2.5,"5-year CAGR (two endpoints, window contains losses)",-2.5,,4,1,2.5,143.9,-0.02,,4.763,True,67,1,68.4,2.0,1.9,4.0,1.865,1.96,False,20018343936.0,210210483.0,2026-11-05,1.17,5.24,32640000000.0,30347000000.0,849000000.0,2015000000.0,1555000000.0,348000000.0,1025000000.0,766000000.0,4855000000.0,39940000000.0,21744000000.0,23256000000.0,162000000.0,23094000000.0,43112343936.0,21.4,11.46,0.61,57.52,23.8,12.2,5.0,2.6,6.2,4.48,1.74,-58.2,ttm,revenue=RevenueFromContractWithCustomerExcludingAssessedTax+Revenues;net_income=NetIncomeLoss+NetIncomeLossAvailableToCommonStockholdersBasic;ebit=OperatingIncomeLoss;ocf=NetCashProvidedByUsedInOperatingActivities;capex=PaymentsToAcquirePropertyPlantAndEquipment;interest_expense=InterestExpenseNonoperating+InterestExpense;assets=Assets;equity=StockholdersEquityIncludingPortionAttributableToNoncontrollingInterest;long_term_debt=LongTermDebtNoncurrent;short_term_debt=LongTermDebtCurrent;cash=CashAndCashEquivalentsAtCarryingValue,12.4,23.1,155.27,1.66,,-2.5,,3.1,12.8,10.2,,-22.8,-8.1,,-4.6,,,0.4,-0.9,ttm,edgar,,95,yfinance,,Overvalued
NSC,0000702165,Norfolk Southern Corporation,Industrials,Railroads,yfinance,False,NYSE,4011,"Railroads, Line-Haul Operating",27.46,27.46,0.0,22.22,14.288,11.56,11.56,11.72,1.4,ok,yfinance,,-20.86,317.44,173.4,11.486,172.29,0.6,2026-06-30,Slow Grower,6.0,"P/E = growth 0% + dividend 1.7% (floor 6, cap 12) · 5-year trend (regression on all points)",Modest growth: deserves a contained multiple. The dividend partly offsets the lower growth.,earnings,current,,high,"consistent earnings, growth measured over the full 5-year window",69.36,ok,357.7,Overvalued,0.4,5-year trend (regression on all points),1.6,0.4,0,0,,46.9,0.08,66.47,4.387,False,67,2,83.1,1.7,5.4,4.0,5.4,1.7,False,71299678208.0,224608373.0,2026-10-22,1.27,5.24,12540000000.0,12180000000.0,2636000000.0,4036000000.0,3732000000.0,1631000000.0,786000000.0,2157000000.0,16253000000.0,45122000000.0,15967000000.0,15967000000.0,1069000000.0,14898000000.0,86197678208.0,21.36,3.69,5.69,43.72,17.0,36.0,8.9,21.0,32.2,0.98,2.29,29.1,ttm,revenue=RevenueFromContractWithCustomerExcludingAssessedTax+Revenues;net_income=NetIncomeLoss+ProfitLoss+NetIncomeLossAvailableToCommonStockholdersBasic;ebit=OperatingIncomeLoss;ocf=NetCashProvidedByUsedInOperatingActivities+NetCashProvidedByUsedInOperatingActivitiesContinuingOperations;capex=PaymentsToAcquirePropertyPlantAndEquipment;interest_expense=InterestExpenseNonoperating+InterestExpense+InterestExpenseDebt;assets=Assets;equity=StockholdersEquity;long_term_debt=LongTermDebtAndCapitalLeaseObligations;short_term_debt=DebtCurrent;cash=CashAndCashEquivalentsAtCarryingValue,3.0,72.36,55.83,7.26,1.8,1.6,8.2,-0.4,3.6,2.2,-6.5,-8.8,14.9,0.8,-0.7,5.1,-2.7,-1.3,2.8,ttm,edgar,,95,yfinance,,Overvalued
NTAP,0001002047,"NetApp, Inc.",Technology,Software - Infrastructure,yfinance,False,Nasdaq,3572,Computer Storage Devices,30.41,30.41,0.0,20.35,11.121,7.44,7.44,7.08,4.8,ok,yfinance,1.051,25.31,226.27,111.6,5.822,87.33,27.8,2026-07-31,Slow Grower,8.8,"P/E = growth 8% + dividend 0.9% (floor 6, cap 12) · 5-year trend (regression on all points)",Modest growth: deserves a contained multiple. The dividend partly offsets the lower growth.,earnings,current,,high,"consistent earnings, growth measured over the full 5-year window",65.47,ok,245.6,Overvalued,7.9,5-year trend (regression on all points),13.5,7.9,0,0,,29.0,0.29,3.86,29.663,False,66,4,102.8,0.92,2.08,4.0,1.56,0.69,False,44443729920.0,196419005.0,2026-12-01,1.43,5.24,7391000000.0,6925000000.0,1418000000.0,1849000000.0,1897000000.0,1650000000.0,109000000.0,1869000000.0,1495000000.0,10955000000.0,1938000000.0,2488000000.0,1573000000.0,915000000.0,45358729920.0,24.53,0.49,6.01,26.94,114.8,13.6,16.9,19.2,25.0,1.3,3.71,39.7,ttm,revenue=RevenueFromContractWithCustomerExcludingAssessedTax+SalesRevenueNet+Revenues;net_income=NetIncomeLoss;ebit=OperatingIncomeLoss+IncomeLossFromContinuingOperationsBeforeIncomeTaxesExtraordinaryItemsNoncontrollingInterest+IncomeLossFromContinuingOperationsBeforeIncomeTaxesMinorityInterestAndIncomeLossFromEquityMethodInvestments;ocf=NetCashProvidedByUsedInOperatingActivities+NetCashProvidedByUsedInOperatingActivitiesContinuingOperations;capex=PaymentsToAcquirePropertyPlantAndEquipment;interest_expense=InterestExpenseNonoperating+InterestExpense+InterestExpenseDebt;assets=Assets;equity=StockholdersEquity;long_term_debt=LongTermDebtNoncurrent;short_term_debt=LongTermDebtCurrent;cash=CashAndCashEquivalentsAtCarryingValue,12.2,7.61,37.63,8.4,8.6,13.5,20.5,6.0,4.6,3.0,15.5,7.0,6.1,5.4,10.6,15.9,14.0,7.3,5.9,ttm,edgar,,64,yfinance,,Overvalued
NTRS,0000073124,Northern Trust Corporation,Financial Services,Asset Management,yfinance,False,Nasdaq,6022,State Commercial Banks,17.95,14.54,23.5,13.38,12.808,9.55,11.79,9.55,19.0,check,edgar,,-10.83,171.4,143.25,8.27,124.05,15.5,2026-03-31,Slow Grower,11.1,"P/E = growth 9% + dividend 2.1% (floor 6, cap 12) · 5-year trend (regression on all points)",Modest growth: deserves a contained multiple. The dividend partly offsets the lower growth.,earnings,current,,high,"consistent earnings, growth measured over the full 5-year window",105.54,ok,62.4,Overvalued,9.0,5-year trend (regression on all points),11.2,9.0,0,0,,22.2,0.62,1.99,2.505,False,66,5,19.7,2.05,3.52,4.0,3.28,1.91,False,31358597120.0,182955653.0,2026-10-21,1.26,5.24,5263800000.0,5017800000.0,2241300000.0,3018600000.0,529300000.0,445300000.0,,5459500000.0,13401600000.0,179297200000.0,,,5736900000.0,,25621697120.0,8.49,,5.96,70.42,17.1,7.5,1.7,42.6,57.3,,1.42,1029.3,ttm,revenue=RevenueFromContractWithCustomerExcludingAssessedTax+Revenues;net_income=NetIncomeLoss;ebit=IncomeLossFromContinuingOperationsBeforeIncomeTaxesExtraordinaryItemsNoncontrollingInterest+IncomeLossFromContinuingOperationsBeforeIncomeTaxesMinorityInterestAndIncomeLossFromEquityMethodInvestments;ocf=NetCashProvidedByUsedInOperatingActivities;capex=PaymentsToAcquirePropertyPlantAndEquipment;interest_expense=InterestExpense;assets=Assets;equity=StockholdersEquity;long_term_debt=LongTermDebt;cash=CashCashEquivalentsRestrictedCashAndRestrictedCashEquivalents,8.2,73.25,28.77,2.43,17.5,11.2,8.9,7.1,4.8,4.8,-46.3,27.5,,22.6,11.9,8.6,-43.9,18.1,,ttm,edgar,,186,yfinance,,Overvalued
NUE,0000073309,Nucor Corporation,Basic Materials,Steel,yfinance,False,NYSE,3312,"Steel Works, Blast Furnaces & Rolling Mills (Coke Ovens)",18.84,18.84,0.0,12.11,19.856,12.76,12.76,12.52,1.9,ok,yfinance,,125.99,240.39,191.4,10.411,156.16,22.6,2026-07-04,Cyclical,12.0,P/E 12 on 3-year normalized (mid-cycle) earnings,"Erratic, cycle-driven earnings: a low P/E can signal the peak of the cycle, not a bargain. The multiple is applied to mid-cycle earnings, so the fair value does not follow the peak.",earnings,normalized,,medium,erratic earnings (volatility 61),124.93,ok,92.4,Overvalued,-27.2,5-year trend (regression on all points),4.4,-27.2,0,0,,61.4,-1.4,,2.467,False,67,6,25.6,0.93,2.24,4.0,2.24,0.93,False,54538645504.0,226875676.0,2026-10-26,1.88,5.24,36101000000.0,32494000000.0,2884000000.0,4105000000.0,4424000000.0,1583000000.0,145000000.0,-188000000.0,22109000000.0,36954000000.0,6389000000.0,6518000000.0,2478000000.0,4040000000.0,58578645504.0,14.27,0.98,1.51,34.45,13.6,59.8,11.1,8.0,11.4,0.29,2.9,-123.3,ttm,revenue=RevenueFromContractWithCustomerExcludingAssessedTax+Revenues+RevenueFromContractWithCustomerIncludingAssessedTax;net_income=NetIncomeLoss;ebit=IncomeLossFromContinuingOperationsBeforeIncomeTaxesExtraordinaryItemsNoncontrollingInterest;ocf=NetCashProvidedByUsedInOperatingActivities+NetCashProvidedByUsedInOperatingActivitiesContinuingOperations;capex=PaymentsToAcquirePropertyPlantAndEquipment;interest_expense=InterestExpense;assets=Assets;equity=StockholdersEquity;long_term_debt=LongTermDebtNoncurrent;short_term_debt=LongTermDebtCurrent;cash=CashAndCashEquivalentsAtCarryingValue,17.2,97.45,159.12,6.98,-16.6,4.4,30.4,-1.2,6.8,8.7,-37.2,-2.1,1.1,-19.5,-1.1,26.0,-19.4,6.5,9.2,ttm,edgar,,91,yfinance,,Overvalued
NVDA,0001045810,NVIDIA Corporation,Technology,Semiconductors,yfinance,False,Nasdaq,3674,Semiconductors & Related Devices,29.17,29.17,0.0,14.91,15.695,8.02,8.02,7.91,1.4,ok,yfinance,,125.36,233.95,120.3,2.981,44.71,169.0,2026-07-26,Fast Grower,25.0,P/E = growth 117% + dividend 0.4% (capped at 25) · 5-year trend (regression on all points),"High growth: the multiple tracks the growth rate but is capped at 25, because very few companies sustain that pace for years.",earnings,current,,medium,erratic earnings (volatility 69),200.5,ok,16.7,Overvalued,116.6,5-year trend (regression on all points),95.3,116.6,0,0,,69.4,4.01,0.25,24.67,False,67,6,94.5,0.43,1.0,4.0,0.52,0.22,True,5649190617088.0,24147000000.0,2026-11-17,2.22,5.24,302969000000.0,215938000000.0,192879000000.0,197579000000.0,134360000000.0,127006000000.0,463000000.0,96676000000.0,228984000000.0,320272000000.0,32366000000.0,33366000000.0,22443000000.0,10923000000.0,5660113617088.0,28.65,0.06,18.65,44.48,117.2,71.5,61.7,63.7,65.2,0.14,2.25,58.9,ttm,revenue=Revenues+RevenueFromContractWithCustomerExcludingAssessedTax;net_income=NetIncomeLoss;ebit=OperatingIncomeLoss;ocf=NetCashProvidedByUsedInOperatingActivities;capex=PaymentsToAcquireProductiveAssets+PaymentsToAcquirePropertyPlantAndEquipment;interest_expense=InterestExpenseNonoperating+InterestExpense+InterestExpenseDebt;assets=Assets;equity=StockholdersEquity;long_term_debt=LongTermDebtNoncurrent;short_term_debt=DebtCurrent;cash=CashAndCashEquivalentsAtCarryingValue,83.4,9.48,12.55,5.26,168.7,95.3,70.3,110.6,69.4,49.6,106.0,84.6,47.6,166.2,94.1,70.7,125.0,76.6,59.3,ttm,edgar,,69,yfinance,,Overvalued
NVR,0000906163,"NVR, Inc.",Consumer Cyclical,Residential Construction,yfinance,False,NYSE,1531,Operative Builders,15.92,15.92,0.0,15.17,394.996,376.41,376.41,384.9,2.3,ok,yfinance,0.978,-18.62,5993.85,5646.15,463.422,6951.34,-18.8,2026-06-30,Slow Grower,6.0,"P/E = growth 6% + dividend not available (treated as 0) (floor 6, cap 12) · 5-year trend (regression on all points)",Modest growth: deserves a contained multiple. The dividend partly offsets the lower growth.,earnings,current,,high,"consistent earnings, growth measured over the full 5-year window",2258.46,ok,165.4,Overvalued,5.8,5-year trend (regression on all points),6.0,5.8,0,0,,16.9,0.36,2.77,4.734,False,63,0,6.2,,,4.0,0.0,,False,16052447232.0,2678153.0,2026-10-21,0.91,5.24,9529532000.0,10323959000.0,1141320000.0,,1066590000.0,1046421000.0,,1096812000.0,3391196000.0,5470620000.0,,39553000.0,1197259000.0,-1157706000.0,14894741232.0,,,1.68,15.34,31.5,62.0,,12.0,,,6.52,-18.5,ttm,revenue=Revenues;net_income=NetIncomeLoss;ebit=IncomeLossFromContinuingOperationsBeforeIncomeTaxesExtraordinaryItemsNoncontrollingInterest+IncomeLossFromContinuingOperationsBeforeIncomeTaxesMinorityInterestAndIncomeLossFromEquityMethodInvestments;ocf=NetCashProvidedByUsedInOperatingActivities+NetCashProvidedByUsedInOperatingActivitiesContinuingOperations;capex=PaymentsToAcquirePropertyPlantAndEquipment;interest_expense=InterestExpense;assets=Assets;equity=StockholdersEquity;long_term_debt=LongTermDebt;cash=CashAndCashEquivalentsAtCarryingValue,-9.9,1266.24,3558.25,390.72,-6.3,6.0,14.8,-1.6,1.9,5.7,-15.7,-0.3,15.0,-10.9,0.2,10.9,-15.5,-0.2,14.3,ttm,edgar,,95,yfinance,dividend_yield,Overvalued
NWS,0001564708,News Corporation,Communication Services,Entertainment,yfinance,False,Nasdaq,2711,Newspapers: Publishing or  Publishing & Printing,30.43,30.43,0.0,20.94,1.512,1.04,1.04,1.03,1.0,ok,yfinance,,-50.48,31.65,15.6,0.803,12.04,29.6,2026-06-30,Fast Grower,21.0,P/E = growth 20% + dividend 0.6% (capped at 25) · 5-year trend (regression on all points),"High growth: the multiple tracks the growth rate but is capped at 25, because very few companies sustain that pace for years.",earnings,current,,medium,erratic earnings (volatility 151),21.86,ok,44.8,Overvalued,20.4,5-year trend (regression on all points),13.0,20.4,0,0,,150.5,0.69,1.49,2.017,False,53,0,102.9,0.63,0.2,2.0,0.2,0.63,False,17067616256.0,539261212.0,2026-11-05,0.92,5.24,9028000000.0,9028000000.0,743000000.0,1046000000.0,1237000000.0,811000000.0,,811000000.0,8526000000.0,15544000000.0,1989000000.0,1989000000.0,2095000000.0,-106000000.0,16961616256.0,16.22,-0.1,1.89,21.05,8.6,54.9,6.7,8.2,11.6,0.23,4.75,42.0,ttm,revenue=RevenueFromContractWithCustomerExcludingAssessedTax+Revenues+SalesRevenueNet;net_income=NetIncomeLoss;ebit=IncomeLossFromContinuingOperationsBeforeIncomeTaxesExtraordinaryItemsNoncontrollingInterest;ocf=NetCashProvidedByUsedInOperatingActivitiesContinuingOperations+NetCashProvidedByUsedInOperatingActivities;capex=PaymentsToAcquirePropertyPlantAndEquipment;assets=Assets;equity=StockholdersEquity;long_term_debt=LongTermDebtNoncurrent;short_term_debt=LongTermDebtCurrent;cash=CashAndCashEquivalentsAtCarryingValue,6.8,15.81,16.74,1.5,58.2,13.0,13.1,4.1,-0.7,0.9,2.9,-0.9,2.7,58.4,17.6,15.3,4.2,0.0,3.5,ttm,edgar,,95,yfinance,,Overvalued
NWSA,0001564708,News Corporation,Communication Services,Entertainment,yfinance,False,Nasdaq,2711,Newspapers: Publishing or  Publishing & Printing,27.85,27.85,0.0,18.98,1.512,1.03,1.03,1.03,0.0,ok,yfinance,,-50.48,28.69,15.45,0.795,11.92,29.6,2026-06-30,Fast Grower,21.1,P/E = growth 20% + dividend 0.7% (capped at 25) · 5-year trend (regression on all points),"High growth: the multiple tracks the growth rate but is capped at 25, because very few companies sustain that pace for years.",earnings,current,,medium,erratic earnings (volatility 151),21.72,ok,32.1,Overvalued,20.4,5-year trend (regression on all points),13.0,20.4,0,0,,150.5,0.76,1.37,1.829,False,53,0,85.7,0.7,0.2,2.0,0.2,0.7,False,15471404032.0,539261212.0,2026-11-05,0.92,5.24,9028000000.0,9028000000.0,743000000.0,1046000000.0,1237000000.0,811000000.0,,811000000.0,8526000000.0,15544000000.0,1989000000.0,1989000000.0,2095000000.0,-106000000.0,15365404032.0,14.69,-0.1,1.71,19.08,8.6,54.9,6.7,8.2,11.6,0.23,5.24,42.0,ttm,revenue=RevenueFromContractWithCustomerExcludingAssessedTax+Revenues+SalesRevenueNet;net_income=NetIncomeLoss;ebit=IncomeLossFromContinuingOperationsBeforeIncomeTaxesExtraordinaryItemsNoncontrollingInterest;ocf=NetCashProvidedByUsedInOperatingActivitiesContinuingOperations+NetCashProvidedByUsedInOperatingActivities;capex=PaymentsToAcquirePropertyPlantAndEquipment;assets=Assets;equity=StockholdersEquity;long_term_debt=LongTermDebtNoncurrent;short_term_debt=LongTermDebtCurrent;cash=CashAndCashEquivalentsAtCarryingValue,6.8,15.81,16.74,1.5,58.2,13.0,13.1,4.1,-0.7,0.9,2.9,-0.9,2.7,58.4,17.6,15.3,4.2,0.0,3.5,ttm,edgar,,95,yfinance,,Overvalued
NXPI,0001413447,NXP Semiconductors N.V.,Technology,Semiconductors,yfinance,False,Nasdaq,3674,Semiconductors & Related Devices,20.41,20.41,0.0,13.47,18.095,11.94,11.94,10.46,12.4,ok,yfinance,1.141,13.94,243.66,179.1,11.94,179.1,0.0,2026-03-29,Stalwart,19.8,P/E = growth 18% + dividend 1.7% · 5-year trend (regression on all points),"Solid, predictable growth: the fair P/E matches the growth rate plus the dividend yield (PEG = 1).",earnings,current,,high,"consistent earnings, growth measured over the full 5-year window",236.0,ok,3.2,Overvalued,18.1,5-year trend (regression on all points),47.5,18.1,0,0,,45.5,0.97,1.13,5.392,False,26,0,36.0,1.66,4.056,4.0,4.056,1.66,False,61442322432.0,252164174.0,2026-10-27,1.82,5.24,12615000000.0,12269000000.0,2653000000.0,3829000000.0,3048000000.0,2711000000.0,474000000.0,2423000000.0,10927000000.0,27113000000.0,10974000000.0,11724000000.0,3708000000.0,8016000000.0,69458322432.0,18.14,2.09,4.87,22.66,26.2,40.3,14.1,21.0,30.4,1.0,4.41,17.9,ttm,revenue=RevenueFromContractWithCustomerExcludingAssessedTax+SalesRevenueNet;net_income=NetIncomeLoss+ProfitLoss;ebit=OperatingIncomeLoss;ocf=NetCashProvidedByUsedInOperatingActivities+NetCashProvidedByUsedInOperatingActivitiesContinuingOperations;capex=PaymentsToAcquirePropertyPlantAndEquipment;interest_expense=InterestExpense;assets=Assets;equity=StockholdersEquity;long_term_debt=LongTermDebtNoncurrent;short_term_debt=DebtCurrent;cash=CashAndCashEquivalentsAtCarryingValue,2.4,43.33,50.03,10.75,0.1,47.5,,-1.5,6.6,,0.9,3.3,,-1.1,44.3,2.4,-6.0,2.4,,ttm,edgar,,188,yfinance,,Overvalued
O,0000726728,Realty Income Corporation,Real Estate,REIT - Retail,yfinance,False,NYSE,6798,Real Estate Investment Trusts,38.94,38.94,0.0,34.85,1.553,1.39,1.39,1.37,1.4,ok,yfinance,,33.01,54.13,20.85,1.106,16.59,25.7,2026-06-30,Slow Grower,8.2,"P/E = growth 2% + dividend 6.0% (floor 6, cap 12) · 5-year trend (regression on all points)",Modest growth: deserves a contained multiple. The dividend partly offsets the lower growth.,earnings,current,,high,"consistent earnings, growth measured over the full 5-year window",11.35,ok,376.8,Overvalued,2.1,5-year trend (regression on all points),7.0,2.1,0,0,,25.8,0.21,18.22,1.295,False,63,2,159.6,6.03,3.264,12.0,3.248,6.0,False,51218784256.0,946218033.0,2026-11-02,0.71,5.24,6054932000.0,5749377000.0,1267577000.0,1408385000.0,4166154000.0,4000024000.0,,3862954000.0,39549557000.0,76441475000.0,,1400000000.0,552648000.0,847352000.0,52066136256.0,36.97,0.6,8.46,12.8,3.2,51.7,1.8,20.9,23.3,,7.81,11.9,ttm,revenue=Revenues+RevenueFromContractWithCustomerExcludingAssessedTax;net_income=NetIncomeLossAvailableToCommonStockholdersBasic+NetIncomeLoss;ebit=IncomeLossFromContinuingOperationsBeforeIncomeTaxesExtraordinaryItemsNoncontrollingInterest;ocf=NetCashProvidedByUsedInOperatingActivities;capex=PaymentsForCapitalImprovements;interest_expense=InterestExpense+InterestExpenseDebt;assets=Assets;equity=StockholdersEquity;long_term_debt=LongTermDebt;short_term_debt=CommercialPaper;cash=CashAndCashEquivalentsAtCarryingValue,10.9,41.8,6.4,4.23,0.7,7.0,2.6,17.9,28.5,20.8,14.3,27.8,18.7,13.5,28.5,15.6,14.5,28.7,19.0,ttm,edgar,,95,yfinance,,Overvalued
ODFL,0000878927,"Old Dominion Freight Line, Inc.",Industrials,Trucking,yfinance,False,Nasdaq,4213,Trucking (No Local),34.25,34.25,0.0,26.98,6.69,5.27,5.27,5.2,1.3,ok,yfinance,,1.56,180.48,79.05,5.478,82.17,-3.8,2026-06-30,Slow Grower,6.0,"P/E = growth 2% + dividend 0.6% (floor 6, cap 12) · 5-year trend (regression on all points)",Modest growth: deserves a contained multiple. The dividend partly offsets the lower growth.,earnings,current,,high,"consistent earnings, growth measured over the full 5-year window",31.62,ok,470.8,Overvalued,2.4,5-year trend (regression on all points),7.2,2.4,0,0,,18.6,0.09,14.56,8.234,False,63,7,128.3,0.64,1.16,4.0,1.15,0.64,True,37534113792.0,207968283.0,2026-10-28,1.17,5.24,5602507000.0,5496389000.0,1089276000.0,1447737000.0,1394102000.0,1114770000.0,663000.0,955099000.0,4547352000.0,5735521000.0,0.0,19997000.0,283939000.0,-263942000.0,37270171792.0,25.74,-0.18,6.7,33.67,24.8,79.3,25.2,19.4,25.8,0.0,2.97,7.6,ttm,revenue=RevenueFromContractWithCustomerIncludingAssessedTax;net_income=NetIncomeLoss+ProfitLoss;ebit=OperatingIncomeLoss;ocf=NetCashProvidedByUsedInOperatingActivities;capex=PaymentsToAcquireProductiveAssets;interest_expense=InterestAndDebtExpense;assets=Assets;equity=StockholdersEquity;long_term_debt=LongTermDebtNoncurrent;short_term_debt=LongTermDebtCurrent;cash=CashAndCashEquivalentsAtCarryingValue,-0.6,21.87,26.94,5.36,-3.4,7.2,16.0,-2.0,4.1,6.2,19.9,12.7,32.8,-5.2,4.8,13.8,-4.1,8.5,8.9,ttm,edgar,,95,yfinance,,Overvalued
OKE,0001039684,"ONEOK, Inc.",Energy,Oil & Gas Midstream,yfinance,False,NYSE,4923,Natural Gas Transmisison & Distribution,15.05,15.05,0.0,14.09,6.237,5.84,5.84,5.8,0.7,ok,yfinance,,13.06,87.88,87.6,5.332,79.97,9.5,2026-06-30,Stalwart,17.6,P/E = growth 13% + dividend 4.9% · 5-year trend (regression on all points),"Solid, predictable growth: the fair P/E matches the growth rate plus the dividend yield (PEG = 1).",earnings,current,,high,"consistent earnings, growth measured over the full 5-year window",102.75,ok,-14.5,Undervalued,12.7,5-year trend (regression on all points),13.9,12.7,0,0,,35.9,1.17,1.18,2.415,False,67,4,0.3,4.87,4.28,4.0,4.24,4.82,False,55400361984.0,630409203.0,2026-10-27,0.72,5.24,39366000000.0,33629000000.0,3656000000.0,6111000000.0,6157000000.0,2906000000.0,1776000000.0,2447000000.0,22937000000.0,68549000000.0,30773000000.0,31523000000.0,161000000.0,31362000000.0,86762361984.0,14.2,5.13,1.41,19.06,16.3,33.5,8.9,9.3,15.5,1.34,5.25,-14.6,ttm,revenue=RevenueFromContractWithCustomerExcludingAssessedTax+Revenues;net_income=NetIncomeLoss+NetIncomeLossAvailableToCommonStockholdersBasic;ebit=OperatingIncomeLoss;ocf=NetCashProvidedByUsedInOperatingActivities;capex=PaymentsToAcquirePropertyPlantAndEquipment;interest_expense=InterestExpenseNonoperating+InterestExpense;assets=Assets;equity=StockholdersEquity;long_term_debt=LongTermDebtNoncurrent;short_term_debt=LongTermDebtCurrent;cash=CashAndCashEquivalentsAtCarryingValue,40.8,36.38,62.45,4.61,2.2,13.9,16.0,27.0,28.3,17.7,6.4,18.1,24.4,14.5,22.1,29.4,19.0,22.4,17.6,ttm,edgar,,95,yfinance,,Overvalued
OMC,0000029989,Omnicom Group Inc.,Communication Services,Advertising Agencies,yfinance,False,NYSE,7311,Services-Advertising Agencies,200.41,200.41,0.0,6.36,11.657,0.37,0.37,-0.37,200.0,check,yfinance,,-105.05,74.15,5.55,6.945,104.18,-94.7,2026-03-31,Turnaround,10.0,P/E 10 on 3-year normalized earnings — currently loss-making,"A recovery multiple, not a PEG multiple: the growth rate of a company coming out of losses measures the rebound, not a trend, and using it as a multiple is how a fair value becomes nonsense. Applied to normalized earnings, and deliberately below the market average.",earnings,normalized,,low,growth not calculable on any window; unstable earnings base: latest TTM $0.37 vs 3-year median $6.95 — the fair value depends on which one is used,69.45,ok,6.8,Overvalued,,not calculable,,,2,1,0.0,12.5,,,2.105,True,66,4,1236.0,4.32,3.2,4.0,3.2,4.32,False,20342753280.0,274345967.0,2026-10-20,0.67,5.24,19824400000.0,17271900000.0,63000000.0,638300000.0,3171800000.0,2990300000.0,269500000.0,2788400000.0,9437100000.0,49964700000.0,9977500000.0,10044900000.0,4288100000.0,5756800000.0,26099553280.0,40.89,9.02,1.03,6.8,0.9,18.9,1.3,0.3,3.2,1.06,14.7,75.1,ttm,revenue=Revenues;net_income=NetIncomeLoss;ebit=OperatingIncomeLoss;ocf=NetCashProvidedByUsedInOperatingActivities;capex=PaymentsToAcquirePropertyPlantAndEquipment;interest_expense=InterestExpense+InterestExpenseDebt;assets=Assets;equity=StockholdersEquity;long_term_debt=LongTermDebt;short_term_debt=LongTermDebtCurrent;cash=CashAndCashEquivalentsAtCarryingValue,25.9,34.4,72.26,10.9,,,,11.4,8.5,2.7,50.9,6.4,5.3,-64.2,-42.2,-24.9,49.5,7.1,4.8,ttm,edgar,,186,yfinance,growth_5y,Overvalued
ON,0001097864,ON Semiconductor Corporation,Technology,Semiconductors,yfinance,False,Nasdaq,3674,Semiconductors & Related Devices,56.22,56.22,0.0,18.74,4.529,1.51,1.51,1.51,0.0,ok,yfinance,,41.12,84.89,22.65,2.57,38.55,-41.2,2026-07-03,Slow Grower (declining earnings),6.0,P/E = 0% growth credit + dividend not available (treated as 0) (floor 6) · 5-year trend (regression on all points),"Earnings are contracting, so the model gives no credit for growth: the multiple comes from the dividend and the floor alone. Applied to normalized earnings where available, since the latest figure of a declining company is its lowest point. Check whether the decline is cyclical or structural.",earnings,current,,low,erratic earnings (volatility 90); earnings declining -24%/year,9.06,ok,837.0,Overvalued,-24.1,5-year trend (regression on all points),4.5,-24.1,0,0,,90.4,-0.43,,4.578,False,63,0,274.8,,,,,,False,33049257984.0,389318613.0,2026-11-02,2.0,5.24,6197800000.0,5995400000.0,630200000.0,669700000.0,1672000000.0,1500400000.0,61400000.0,1418600000.0,7218700000.0,13485100000.0,3657300000.0,4459400000.0,3514500000.0,944900000.0,33994157984.0,50.76,1.41,5.33,22.03,8.3,53.5,5.0,10.2,10.8,0.51,4.54,17.0,ttm,revenue=RevenueFromContractWithCustomerExcludingAssessedTax+Revenues;net_income=NetIncomeLoss;ebit=OperatingIncomeLoss;ocf=NetCashProvidedByUsedInOperatingActivities;capex=PaymentsToAcquirePropertyPlantAndEquipment;interest_expense=InterestExpenseNonoperating+InterestExpense;assets=Assets;equity=StockholdersEquity;long_term_debt=LongTermDebtNoncurrent;short_term_debt=DebtCurrent;cash=CashAndCashEquivalentsAtCarryingValue,-3.1,18.54,15.92,3.85,-29.8,4.5,14.5,-9.4,0.9,6.1,9.6,10.5,19.7,-31.4,3.8,14.6,-12.9,5.6,12.7,ttm,edgar,,92,yfinance,dividend_yield,Overvalued
ORCL,0001341439,Oracle Corporation,Technology,Software - Infrastructure,yfinance,False,NYSE,7372,Services-Prepackaged Software,21.66,21.66,0.0,12.94,10.997,6.57,6.57,6.38,2.9,ok,yfinance,1.03,47.69,142.3,98.55,4.418,66.27,48.7,2026-08-31,Stalwart,17.0,P/E = growth 16% + dividend 1.4% · 5-year trend (regression on all points),"Solid, predictable growth: the fair P/E matches the growth rate plus the dividend yield (PEG = 1).",earnings,current,,high,"consistent earnings, growth measured over the full 5-year window",111.55,ok,27.6,Overvalued,15.6,5-year trend (regression on all points),6.3,15.6,0,0,,18.9,0.78,1.39,6.961,False,70,10,44.4,1.41,2.0,4.0,2.0,1.41,False,431382593536.0,3031501149.0,2026-12-10,1.73,5.24,71777000000.0,67357000000.0,18817000000.0,23056000000.0,46940000000.0,-28720000000.0,5104000000.0,-23686000000.0,66772000000.0,303259000000.0,8436000000.0,16061000000.0,36369000000.0,-20308000000.0,411074593536.0,17.83,-0.88,6.01,,41.4,22.0,7.6,26.2,32.1,0.13,-6.66,-5911.7,ttm,revenue=RevenueFromContractWithCustomerExcludingAssessedTax+Revenues;net_income=NetIncomeLoss+NetIncomeLossAvailableToCommonStockholdersBasic;ebit=OperatingIncomeLoss;ocf=NetCashProvidedByUsedInOperatingActivities+NetCashProvidedByUsedInOperatingActivitiesContinuingOperations;capex=PaymentsToAcquirePropertyPlantAndEquipment;interest_expense=InterestExpense;assets=Assets;equity=StockholdersEquity;long_term_debt=LongTermDebt;short_term_debt=DebtCurrent;cash=CashAndCashEquivalentsAtCarryingValue,21.6,22.03,23.68,-9.47,23.7,6.3,11.8,12.1,0.5,6.8,,,,26.1,6.2,7.7,38.3,25.1,13.1,ttm,edgar,,33,yfinance,,Overvalued
ORLY,0000898173,"O'Reilly Automotive, Inc.",Consumer Cyclical,Auto Parts,yfinance,False,Nasdaq,5531,Retail-Auto & Home Supply Stores,27.04,27.04,0.0,23.26,3.651,3.14,3.14,3.15,0.3,ok,yfinance,,12.63,84.9,47.1,2.705,40.57,16.1,2026-06-30,Stalwart,10.3,P/E = growth 10% + dividend 0.0% · 5-year trend (regression on all points),"Solid, predictable growth: the fair P/E matches the growth rate plus the dividend yield (PEG = 1).",earnings,current,,high,"consistent earnings, growth measured over the full 5-year window",32.41,ok,161.9,Overvalued,10.3,5-year trend (regression on all points),11.1,10.3,0,0,,7.3,0.38,2.62,-37.75,False,67,4,80.3,,,,,,False,68680769536.0,808960792.0,2026-10-28,0.52,5.24,18572562000.0,17781992000.0,2650374000.0,3632030000.0,3289439000.0,2156259000.0,252779000.0,1593178000.0,-1835725000.0,17389116000.0,7014543000.0,7014543000.0,262181000.0,6752362000.0,75433131536.0,20.77,1.86,3.7,31.85,,-10.6,20.9,14.3,19.6,,3.14,-21.4,ttm,revenue=RevenueFromContractWithCustomerExcludingAssessedTax+SalesRevenueNet;net_income=NetIncomeLoss;ebit=OperatingIncomeLoss;ocf=NetCashProvidedByUsedInOperatingActivities;capex=PaymentsToAcquirePropertyPlantAndEquipment;interest_expense=InterestExpenseDebt;assets=Assets;equity=StockholdersEquity;long_term_debt=LongTermDebtNoncurrent;short_term_debt=LongTermDebtCurrent;cash=CashAndCashEquivalentsAtCarryingValue,8.5,-2.27,22.96,2.67,9.4,11.1,16.7,6.9,8.1,8.4,-6.2,-3.3,7.7,5.5,5.7,10.3,-1.2,1.9,8.3,ttm,edgar,,95,yfinance,dividend_yield,Overvalued
OTIS,0001781335,Otis Worldwide Corporation,Industrials,Specialty Industrial Machinery,yfinance,False,NYSE,3600,Electronic & Other Electrical Equipment (No Computer Equip),16.59,16.59,0.0,14.13,4.534,3.86,3.86,3.89,0.8,ok,yfinance,,2.64,64.05,57.9,3.642,54.63,6.0,2026-06-30,Slow Grower,10.5,"P/E = growth 8% + dividend 2.7% (floor 6, cap 12) · 5-year trend (regression on all points)",Modest growth: deserves a contained multiple. The dividend partly offsets the lower growth.,earnings,current,,high,"consistent earnings, growth measured over the full 5-year window",40.54,ok,58.0,Overvalued,7.8,5-year trend (regression on all points),7.9,7.8,0,0,,10.0,0.63,2.14,-4.242,False,27,0,10.6,2.75,1.76,4.0,1.72,2.69,False,24381872128.0,380669339.0,2026-10-28,0.88,5.24,14911000000.0,14431000000.0,1516000000.0,2289000000.0,1871000000.0,1712000000.0,230000000.0,1444000000.0,-5748000000.0,11156000000.0,7046000000.0,8436000000.0,813000000.0,7623000000.0,32004872128.0,13.98,3.33,1.64,14.24,,-51.5,20.5,10.2,15.4,,7.02,0.5,ttm,revenue=RevenueFromContractWithCustomerExcludingAssessedTax;net_income=NetIncomeLoss;ebit=OperatingIncomeLoss;ocf=NetCashProvidedByUsedInOperatingActivities;capex=PaymentsToAcquireProductiveAssets;interest_expense=InterestExpenseDebt+InterestExpense;assets=Assets;equity=StockholdersEquity;long_term_debt=LongTermDebtNoncurrent;short_term_debt=DebtCurrent;cash=CashAndCashEquivalentsAtCarryingValue,5.2,-15.1,39.17,4.5,7.2,7.9,,2.5,1.5,,9.4,1.6,,4.5,5.7,,9.4,1.1,,ttm,edgar,,95,yfinance,,Overvalued
OXY,0000797468,Occidental Petroleum Corporation,Energy,Oil & Gas E&P,yfinance,False,NYSE,1311,Crude Petroleum & Natural Gas,8.99,17.08,47.4,14.45,4.019,6.46,3.4,6.46,90.0,check,edgar,,282.25,58.08,96.9,3.74,56.1,72.7,2026-06-30,Cyclical,12.0,P/E 12 on 3-year normalized (mid-cycle) earnings,"Erratic, cycle-driven earnings: a low P/E can signal the peak of the cycle, not a bargain. The multiple is applied to mid-cycle earnings, so the fair value does not follow the peak.",earnings,normalized,,low,"growth measured on a short window (3-year trend — no usable 5-year history); erratic earnings (volatility 116); one loss episode 5 years ago, profitable since",44.88,ok,29.4,Overvalued,-12.7,3-year trend — no usable 5-year history,,,2,1,4.7,115.7,-1.2,,1.735,True,67,3,-40.1,1.93,1.12,4.0,1.04,1.79,True,58058940416.0,999637371.0,2026-11-09,0.16,5.24,20962000000.0,21569000000.0,6532000000.0,5363000000.0,10976000000.0,4793000000.0,1025000000.0,4105000000.0,41746000000.0,80358000000.0,13540000000.0,13742000000.0,4150000000.0,9592000000.0,67650940416.0,12.61,1.79,2.77,12.11,16.9,52.0,6.7,31.2,25.6,0.32,8.26,-20.7,ttm,revenue=RevenueFromContractWithCustomerExcludingAssessedTax+Revenues+SalesRevenueNet;net_income=NetIncomeLossAvailableToCommonStockholdersBasic+NetIncomeLoss;ebit=IncomeLossFromContinuingOperationsBeforeIncomeTaxesExtraordinaryItemsNoncontrollingInterest+IncomeLossFromContinuingOperationsBeforeIncomeTaxesMinorityInterestAndIncomeLossFromEquityMethodInvestments;ocf=NetCashProvidedByUsedInOperatingActivities;capex=PaymentsToAcquirePropertyPlantAndEquipment;interest_expense=InterestAndDebtExpense;assets=Assets;equity=StockholdersEquity;long_term_debt=LongTermDebtNoncurrent;short_term_debt=DebtCurrent;cash=CashAndCashEquivalentsAtCarryingValue,4.0,41.76,20.97,4.79,3.0,,,-12.6,1.1,6.9,-17.1,2.0,30.0,-1.3,,,-8.2,11.1,11.2,ttm,edgar,,95,yfinance,,Undervalued
P,0001474432,"Everpure, Inc.",Technology,Computer Hardware,yfinance,False,NYSE,3572,Computer Storage Devices,184.39,184.39,0.0,39.48,3.55,0.76,0.76,0.73,3.9,ok,yfinance,1.041,73.81,140.14,11.4,0.406,6.09,87.2,2026-08-02,Fast Grower,25.0,P/E = growth 300% + dividend 0.0% (capped at 25) · 3-year trend — no usable 5-year history,"High growth: the multiple tracks the growth rate but is capped at 25, because very few companies sustain that pace for years.",earnings,current,,low,"growth measured on a short window (3-year trend — no usable 5-year history); erratic earnings (volatility 78); one loss episode 4 years ago, profitable since",,suppressed: the earnings used imply a P/E of 184 — earnings this close to zero make every multiple arbitrary,,N/A,300.0,3-year trend — no usable 5-year history,,,4,1,4.0,78.5,1.63,0.61,30.314,True,43,0,1129.3,,,,,,False,46698467328.0,333227251.0,2026-08-26,1.43,5.24,4262150000.0,3662843000.0,253285000.0,224210000.0,427808000.0,128169000.0,1048000.0,615741000.0,1540838000.0,5220409000.0,2321000.0,2321000.0,385694000.0,-383373000.0,46315094328.0,206.57,-1.71,10.96,364.35,17.7,29.5,4.3,5.9,5.3,0.0,0.27,16.9,ttm,revenue=RevenueFromContractWithCustomerExcludingAssessedTax+SalesRevenueNet;net_income=NetIncomeLoss;ebit=OperatingIncomeLoss;ocf=NetCashProvidedByUsedInOperatingActivities+NetCashProvidedByUsedInOperatingActivitiesContinuingOperations;capex=PaymentsToAcquirePropertyPlantAndEquipment;interest_expense=InterestExpenseNonoperating+InterestExpense;assets=Assets;equity=StockholdersEquity;long_term_debt=LongTermDebtNoncurrent;short_term_debt=LongTermDebtCurrent;cash=CashAndCashEquivalentsAtCarryingValue,27.2,4.62,12.79,0.38,36340627.0,,16.4,15.6,18.5,22.0,-34.6,-2.4,,,,,-13.6,11.6,29.6,ttm,edgar,,62,yfinance,dividend_yield,Overvalued
PANW,0001327567,"Palo Alto Networks, Inc.",Technology,Software - Infrastructure,yfinance,False,Nasdaq,3577,"Computer Peripheral Equipment, NEC",1008.1,1008.1,0.0,82.65,4.879,0.4,0.4,0.4,0.0,ok,yfinance,,-75.0,403.24,,1.78,26.7,-77.5,2026-07-31,Slow Grower (declining earnings),6.0,P/E = 0% growth credit + dividend not available (treated as 0) (floor 6) · 3-year trend — no usable 5-year history,"Earnings are contracting, so the model gives no credit for growth: the multiple comes from the dividend and the floor alone. Applied to normalized earnings where available, since the latest figure of a declining company is its lowest point. Check whether the decline is cyclical or structural.",earnings,current,,low,"growth measured on a short window (3-year trend — no usable 5-year history); unstable earnings base: latest TTM $0.40 vs 3-year median $1.78 — the fair value depends on which one is used; erratic earnings (volatility 118); one loss episode 4 years ago, profitable since; earnings declining -33%/year",,"suppressed: the earnings used imply a P/E of 1,008 — earnings this close to zero make every multiple arbitrary",,N/A,-33.1,3-year trend — no usable 5-year history,,,6,1,3.7,117.9,-0.03,,11.954,True,57,2,,,,,,,False,329850322944.0,818000000.0,2026-11-19,0.91,5.24,11480000000.0,11480000000.0,307000000.0,695000000.0,4553000000.0,4113000000.0,0.0,4113000000.0,27492000000.0,48460000000.0,1774000000.0,1774000000.0,2514000000.0,-740000000.0,329110322944.0,473.54,-1.06,28.73,80.2,1.7,56.7,1.4,2.7,6.1,0.06,1.25,18.6,ttm,revenue=RevenueFromContractWithCustomerExcludingAssessedTax+SalesRevenueNet+Revenues;net_income=NetIncomeLoss;ebit=OperatingIncomeLoss;ocf=NetCashProvidedByUsedInOperatingActivities+NetCashProvidedByUsedInOperatingActivitiesContinuingOperations;capex=PaymentsToAcquireProductiveAssets+PaymentsToAcquirePropertyPlantAndEquipment;interest_expense=InterestExpenseNonoperating+InterestExpenseDebt+InterestExpense;assets=Assets;equity=StockholdersEquity;long_term_debt=LongTermDebt;short_term_debt=ConvertibleDebtCurrent;cash=CashAndCashEquivalentsAtCarryingValue,24.5,33.61,14.03,5.03,-14.5,,,18.5,22.0,23.6,16.1,24.3,21.5,-11.3,,,17.9,24.8,21.3,ttm,edgar,,64,yfinance,dividend_yield,N/A
PAYX,0000723531,"Paychex, Inc.",Technology,Software - Application,yfinance,False,Nasdaq,8700,"Services-Engineering, Accounting, Research, Management",19.99,19.99,0.0,15.49,6.389,4.95,4.95,5.04,1.8,ok,yfinance,,13.0,98.94,74.25,4.547,68.21,8.9,2026-08-31,Slow Grower,11.2,"P/E = growth 6% + dividend 4.8% (floor 6, cap 12) · 5-year trend (regression on all points)",Modest growth: deserves a contained multiple. The dividend partly offsets the lower growth.,earnings,current,,high,"consistent earnings, growth measured over the full 5-year window",55.43,ok,78.5,Overvalued,6.4,5-year trend (regression on all points),8.4,6.4,0,0,,8.7,0.56,3.13,9.419,False,70,10,33.3,4.81,4.76,4.0,4.54,4.59,True,35220709376.0,355980473.0,2026-12-18,0.81,5.24,6389400000.0,6301100000.0,1805900000.0,2587800000.0,2251800000.0,2016700000.0,266400000.0,2321800000.0,3705500000.0,15660700000.0,4558000000.0,4558000000.0,600900000.0,3957100000.0,39177809376.0,15.14,1.53,5.51,17.46,47.1,23.7,16.5,28.3,40.5,1.23,5.73,35.8,ttm,revenue=RevenueFromContractWithCustomerExcludingAssessedTax+Revenues;net_income=NetIncomeLoss+NetIncomeLossAvailableToCommonStockholdersBasic;ebit=OperatingIncomeLoss;ocf=NetCashProvidedByUsedInOperatingActivities+NetCashProvidedByUsedInOperatingActivitiesContinuingOperations;capex=PaymentsToAcquirePropertyPlantAndEquipment;interest_expense=InterestExpenseNonoperating+InterestExpense;assets=Assets;equity=StockholdersEquity;long_term_debt=LongTermDebtNoncurrent;short_term_debt=LongTermDebtCurrent;cash=CashAndCashEquivalentsAtCarryingValue,13.7,10.41,17.95,5.67,4.6,8.4,9.1,8.7,9.0,7.8,2.3,9.1,8.0,4.2,1.0,9.0,3.4,9.5,8.1,ttm,edgar,,33,yfinance,,Overvalued
PCAR,0000075362,PACCAR Inc,Industrials,Farm & Heavy Construction Machinery,yfinance,False,Nasdaq,3711,Motor Vehicles & Passenger Car Bodies,23.14,23.14,0.0,15.18,7.225,4.74,4.74,4.76,0.4,ok,yfinance,,-18.35,109.68,71.1,7.18,107.7,-34.0,2026-06-30,Cyclical,12.0,P/E 12 on 3-year normalized (mid-cycle) earnings,"Erratic, cycle-driven earnings: a low P/E can signal the peak of the cycle, not a bargain. The multiple is applied to mid-cycle earnings, so the fair value does not follow the peak.",earnings,normalized,,medium,erratic earnings (volatility 57),86.16,ok,27.3,Overvalued,9.2,5-year trend (regression on all points),7.2,9.2,0,0,,57.2,0.45,2.51,2.841,False,67,9,54.3,1.28,1.4,4.0,2.76,2.52,True,57731710976.0,526364953.0,2026-10-27,0.97,5.24,27815800000.0,28444800000.0,2504200000.0,3206300000.0,4344700000.0,3696300000.0,,3672800000.0,20321300000.0,43980100000.0,,900000.0,,,57732610976.0,18.01,,2.08,15.62,12.8,46.2,7.3,9.0,11.5,,6.4,-3.4,ttm,revenue=Revenues+SalesRevenueNet;net_income=NetIncomeLoss;ebit=IncomeLossFromContinuingOperationsBeforeIncomeTaxesExtraordinaryItemsNoncontrollingInterest+IncomeLossFromContinuingOperationsBeforeIncomeTaxesMinorityInterestAndIncomeLossFromEquityMethodInvestments;ocf=NetCashProvidedByUsedInOperatingActivities+NetCashProvidedByUsedInOperatingActivitiesContinuingOperations;capex=PaymentsToAcquirePropertyPlantAndEquipment;interest_expense=InterestExpenseDebt;assets=Assets;equity=StockholdersEquity;cash=CashAndCashEquivalentsAtCarryingValue,-10.6,38.61,52.85,7.02,-11.9,7.2,14.3,-5.1,4.6,4.5,6.9,12.9,3.3,-11.8,7.3,14.2,6.6,11.7,3.7,ttm,edgar,,95,yfinance,,Overvalued
PCG,0001004980,PG&E Corporation,Utilities,Utilities - Regulated Electric,yfinance,False,NYSE,4931,Electric & Other Services Combined,8.74,8.74,0.0,6.84,1.802,1.41,1.41,1.38,2.1,ok,yfinance,1.022,26.61,12.32,21.15,1.185,17.78,19.0,2026-06-30,Asset Play,,net asset value (fair P/B = 1),"Trading at 0.84x book value: the market prices the company below its accounting net worth. The anchor is the balance sheet, not the P/E. Book value is a starting point, not an appraisal — it understates land carried at cost and overstates obsolete inventory.",book,current,1.0,low,"erratic earnings (volatility 51); one loss episode 4 years ago, profitable since",11.29,ok,9.1,Overvalued,-10.1,"5-year CAGR (two endpoints, window contains losses)",-10.1,,1,1,4.5,51.2,-0.97,,0.839,True,67,1,-41.7,1.62,0.2,4.0,0.2,1.62,True,36989161472.0,3002366906.0,2026-10-22,0.24,5.24,25837000000.0,24935000000.0,463002593.0,5166000000.0,8147000000.0,-4263000000.0,3101000000.0,-3071000000.0,33901000000.0,145076000000.0,61768000000.0,62843000000.0,972000000.0,61871000000.0,98860161472.0,19.14,11.98,1.43,,1.4,23.4,3.6,1.8,20.0,1.82,-11.52,-31.6,ttm,revenue=Revenues+RevenueFromContractWithCustomerExcludingAssessedTax;net_income=NetIncomeLossAvailableToCommonStockholdersBasic+NetIncomeLoss;ebit=OperatingIncomeLoss;ocf=NetCashProvidedByUsedInOperatingActivities;capex=PaymentsToAcquirePropertyPlantAndEquipment+PaymentsToAcquireProductiveAssets;interest_expense=InterestExpenseNonoperating+InterestExpense;assets=Assets;equity=StockholdersEquity;long_term_debt=LongTermDebtNoncurrent;short_term_debt=LongTermDebtCurrent;cash=CashAndCashEquivalentsAtCarryingValue,5.7,11.29,8.61,-1.42,14.9,-10.1,-1.0,5.1,5.7,4.4,,,,47.6,-10.4,-4.8,21.5,,8.1,ttm,edgar,,95,yfinance,,Undervalued
PEG,0000788784,Public Service Enterprise Group Incorporated,Utilities,Utilities - Regulated Electric,yfinance,False,NYSE,4931,Electric & Other Services Combined,16.89,16.89,0.0,14.57,4.672,4.03,4.03,4.02,0.2,ok,yfinance,,1.52,68.07,60.45,4.055,60.83,-0.6,2026-06-30,Slow Grower,10.5,"P/E = growth 7% + dividend 3.9% (floor 6, cap 12) · 5-year CAGR (two endpoints, window contains losses)",Modest growth: deserves a contained multiple. The dividend partly offsets the lower growth.,earnings,current,,low,"erratic earnings (volatility 58); one loss episode 4 years ago, profitable since",42.48,ok,60.2,Overvalued,6.6,"5-year CAGR (two endpoints, window contains losses)",6.6,,4,1,4.0,57.8,0.62,2.56,1.956,True,67,2,12.6,3.94,2.68,4.0,2.64,3.88,False,33927450624.0,498420030.0,2026-11-02,0.52,5.24,13061000000.0,12123000000.0,2012000000.0,2902000000.0,3592000000.0,276000000.0,1057000000.0,26000000.0,17329000000.0,58813000000.0,22741000000.0,23591000000.0,192000000.0,23399000000.0,57326450624.0,19.75,8.06,2.6,122.93,11.8,29.5,4.9,15.4,22.2,1.31,0.81,102.1,ttm,revenue=RevenueFromContractWithCustomerIncludingAssessedTax+Revenues;net_income=NetIncomeLoss+NetIncomeLossAvailableToCommonStockholdersBasic;ebit=OperatingIncomeLoss;ocf=NetCashProvidedByUsedInOperatingActivities;capex=PaymentsToAcquirePropertyPlantAndEquipment;interest_expense=InterestExpense;assets=Assets;equity=StockholdersEquity;long_term_debt=LongTermDebtNoncurrent;short_term_debt=LongTermDebtCurrent;cash=CashAndCashEquivalentsAtCarryingValue,19.4,34.77,26.2,0.55,-10.2,6.6,3.8,8.2,6.3,3.2,-18.8,,,-10.2,6.4,3.6,0.3,7.6,0.5,ttm,edgar,,95,yfinance,,Overvalued
PEP,0000077476,"PepsiCo, Inc.",Consumer Defensive,Beverages - Non-Alcoholic,yfinance,False,Nasdaq,2080,Beverages,16.48,16.48,0.0,14.11,8.922,7.64,7.64,7.63,0.1,ok,yfinance,,38.98,125.89,114.6,6.569,98.53,16.3,2026-06-13,Slow Grower,6.0,"P/E = growth 1% + dividend 4.7% (floor 6, cap 12) · 5-year trend (regression on all points)",Modest growth: deserves a contained multiple. The dividend partly offsets the lower growth.,earnings,current,,high,"consistent earnings, growth measured over the full 5-year window",45.84,ok,174.6,Overvalued,1.0,5-year trend (regression on all points),5.2,1.0,0,0,,23.2,0.35,16.7,7.782,False,67,4,9.9,4.7,5.92,4.0,5.806,4.61,False,171965743104.0,1366000000.0,2026-10-08,0.36,5.24,93925000000.0,93925000000.0,8240000000.0,11498000000.0,12087000000.0,7672000000.0,1121000000.0,7672000000.0,22098000000.0,112189000000.0,42612000000.0,44212000000.0,10251000000.0,33961000000.0,205926743104.0,17.91,2.95,1.83,22.41,40.7,19.7,10.2,8.8,12.2,1.93,4.46,6.7,"annual:ebit,fcf,interest_expense,net_income,ocf,revenue",revenue=Revenues+SalesRevenueNet;net_income=NetIncomeLoss;ebit=OperatingIncomeLoss;ocf=NetCashProvidedByUsedInOperatingActivities;capex=PaymentsToAcquireProductiveAssets;interest_expense=InterestExpense+InterestExpenseDebt;assets=Assets;equity=StockholdersEquity;long_term_debt=LongTermDebtNoncurrent;short_term_debt=DebtCurrent;cash=CashAndCashEquivalentsAtCarryingValue,2.3,16.18,68.76,5.62,10.1,5.2,7.9,2.8,5.9,4.1,11.1,3.8,-0.5,-2.6,3.0,4.2,3.8,2.6,1.1,ttm,edgar,,112,yfinance,,Overvalued
PFE,0000078003,Pfizer Inc.,Healthcare,Drug Manufacturers - General,yfinance,False,NYSE,2834,Pharmaceutical Preparations,37.07,37.07,0.0,9.6,2.897,0.75,0.75,0.76,1.3,ok,yfinance,,-59.57,27.8,11.25,1.342,20.13,-44.1,2026-06-28,Slow Grower (declining earnings),6.2,"P/E = 0% growth credit + dividend 6.2% (floor 6) · 5-year CAGR (two endpoints, window contains losses)","Earnings are contracting, so the model gives no credit for growth: the multiple comes from the dividend and the floor alone. Applied to normalized earnings where available, since the latest figure of a declining company is its lowest point. Check whether the decline is cyclical or structural.",earnings,current,,low,"erratic earnings (volatility 83); one loss episode 2 years ago, profitable since; earnings declining -20%/year",4.64,ok,499.1,Overvalued,-19.6,"5-year CAGR (two endpoints, window contains losses)",-19.6,,2,1,2.0,83.1,-0.36,,1.86,True,67,6,147.1,6.19,1.72,4.0,1.72,6.19,False,158450925568.0,5699673589.0,2026-11-03,0.3,5.24,63696000000.0,62579000000.0,4332000000.0,4209000000.0,13401000000.0,10985000000.0,2698000000.0,9075000000.0,85190000000.0,201131000000.0,60495000000.0,63194000000.0,976000000.0,62218000000.0,220668925568.0,52.43,14.78,2.49,14.42,5.0,42.4,2.1,6.8,6.6,0.71,6.93,-7.7,ttm,revenue=Revenues+RevenueFromContractWithCustomerExcludingAssessedTax+SalesRevenueGoodsNet;net_income=NetIncomeLoss;ebit=IncomeLossFromContinuingOperationsBeforeIncomeTaxesExtraordinaryItemsNoncontrollingInterest+IncomeLossFromContinuingOperationsBeforeIncomeTaxesMinorityInterestAndIncomeLossFromEquityMethodInvestments;ocf=NetCashProvidedByUsedInOperatingActivities;capex=PaymentsToAcquirePropertyPlantAndEquipment;interest_expense=InterestExpense;assets=Assets;equity=StockholdersEquity;long_term_debt=LongTermDebtNoncurrent;short_term_debt=DebtCurrent;cash=CashAndCashEquivalentsAtCarryingValue,-0.2,14.95,11.18,1.93,-41.4,-19.6,-3.4,-3.1,2.9,2.0,1.0,-12.3,-2.2,-41.5,-19.5,-4.8,-2.7,-10.7,-1.3,ttm,edgar,,97,yfinance,,Overvalued
PFG,0001126328,"Principal Financial Group, Inc.",Financial Services,Asset Management,yfinance,False,Nasdaq,6321,Accident & Health Insurance,15.99,15.99,0.0,10.75,10.414,7.0,7.0,6.97,0.4,ok,yfinance,,49.25,111.96,105.0,5.328,79.92,31.4,2026-03-31,Slow Grower,6.5,"P/E = growth 3% + dividend 3.0% (floor 6, cap 12) · 5-year CAGR (two endpoints, window contains losses)",Modest growth: deserves a contained multiple. The dividend partly offsets the lower growth.,earnings,current,,low,"erratic earnings (volatility 70); one loss episode 1 years ago, profitable since",45.48,ok,146.2,Overvalued,3.5,"5-year CAGR (two endpoints, window contains losses)",3.5,,1,1,1.5,69.5,0.41,4.58,1.979,True,66,0,6.6,3.0,3.36,4.0,3.25,2.9,False,23971155968.0,214104641.0,2026-10-26,0.87,5.24,15458700000.0,15625500000.0,1632000000.0,,3746500000.0,,,,11815300000.0,332704500000.0,3927700000.0,3945900000.0,4054000000.0,-108100000.0,23863055968.0,,,1.55,,14.2,3.6,,10.6,,0.33,,,ttm,revenue=Revenues;net_income=NetIncomeLoss+NetIncomeLossAvailableToCommonStockholdersBasic;ocf=NetCashProvidedByUsedInOperatingActivities+NetCashProvidedByUsedInOperatingActivitiesContinuingOperations;assets=Assets;equity=StockholdersEquity;long_term_debt=LongTermDebt;short_term_debt=ShortTermBorrowings;cash=CashAndCashEquivalentsAtCarryingValue,-2.0,55.18,72.2,,-25.4,3.5,5.9,-3.6,2.9,2.3,,,,-28.0,0.1,3.3,-0.8,10.6,-2.1,ttm,edgar,,186,yfinance,free_cash_flow,Overvalued
PG,0000080424,The Procter & Gamble Company,Consumer Defensive,Household & Personal Products,yfinance,False,NYSE,2840,"Soap, Detergents, Cleang Preparations, Perfumes, Cosmetics",21.73,21.73,0.0,19.58,7.399,6.67,6.67,6.62,0.7,ok,yfinance,,1.69,144.91,100.05,6.338,95.06,5.2,2026-06-30,Slow Grower,7.3,"P/E = growth 4% + dividend 3.0% (floor 6, cap 12) · 5-year trend (regression on all points)",Modest growth: deserves a contained multiple. The dividend partly offsets the lower growth.,earnings,current,,high,"consistent earnings, growth measured over the full 5-year window",48.55,ok,198.5,Overvalued,4.3,5-year trend (regression on all points),3.8,4.3,0,0,,4.2,0.34,5.08,6.315,False,69,6,44.8,3.01,4.356,4.0,4.292,2.96,False,336578478080.0,2322672312.0,2026-10-22,0.38,5.24,87033000000.0,87032000000.0,16045000000.0,19748000000.0,19556000000.0,15147000000.0,876000000.0,15147000000.0,54311000000.0,126521000000.0,22842000000.0,34138000000.0,9942000000.0,24196000000.0,360774478080.0,18.27,1.23,3.87,22.22,30.1,42.9,15.6,18.4,22.7,0.42,4.5,7.9,ttm,revenue=Revenues+SalesRevenueNet;net_income=NetIncomeLoss+NetIncomeLossAvailableToCommonStockholdersBasic;ebit=OperatingIncomeLoss;ocf=NetCashProvidedByUsedInOperatingActivities;capex=PaymentsToAcquirePropertyPlantAndEquipment;interest_expense=InterestExpenseNonoperating+InterestExpense;assets=Assets;equity=StockholdersEquityIncludingPortionAttributableToNoncontrollingInterest;long_term_debt=LongTermDebtNoncurrent;short_term_debt=DebtCurrent;cash=CashAndCashEquivalentsAtCarryingValue,3.3,23.38,37.47,6.52,3.9,3.8,6.0,2.0,2.7,2.9,3.2,-0.6,2.3,3.1,2.3,4.3,5.1,1.3,2.4,ttm,edgar,,95,yfinance,,Overvalued
PGR,0000080661,The Progressive Corporation,Financial Services,Insurance - Property & Casualty,yfinance,False,NYSE,6331,"Fire, Marine & Casualty Insurance",10.58,10.58,0.0,12.95,16.24,19.87,19.87,19.93,0.3,ok,yfinance,,12.28,210.31,298.05,14.571,218.57,36.4,2026-06-30,Fast Grower,25.0,P/E = growth 56% + dividend 0.2% (capped at 25) · 5-year trend (regression on all points),"High growth: the multiple tracks the growth rate but is capped at 25, because very few companies sustain that pace for years.",earnings,current,,medium,erratic earnings (volatility 112),496.75,ok,-57.7,Undervalued,55.9,5-year trend (regression on all points),16.5,55.9,0,0,,112.3,5.3,0.19,3.559,False,67,8,-29.4,0.19,0.4,4.0,13.9,6.61,True,122063921152.0,580400000.0,2026-10-14,0.26,5.24,91055000000.0,87671000000.0,11695000000.0,14780000000.0,16339000000.0,15951000000.0,297000000.0,17200000000.0,34333000000.0,124925000000.0,,8387000000.0,193000000.0,8194000000.0,130257921152.0,8.81,0.55,1.34,7.65,34.9,27.5,11.8,12.8,16.2,,13.07,15.9,ttm,revenue=Revenues;net_income=NetIncomeLoss;ebit=IncomeLossFromContinuingOperationsBeforeIncomeTaxesExtraordinaryItemsNoncontrollingInterest+IncomeLossFromContinuingOperationsBeforeIncomeTaxesMinorityInterestAndIncomeLossFromEquityMethodInvestments;ocf=NetCashProvidedByUsedInOperatingActivities;capex=PaymentsToAcquirePropertyPlantAndEquipment;interest_expense=InterestExpenseDebt;assets=Assets;equity=StockholdersEquity;long_term_debt=LongTermDebt;short_term_debt=LongTermDebtCurrent;cash=CashCashEquivalentsRestrictedCashAndRestrictedCashEquivalents,10.5,59.15,156.88,27.48,89.7,16.5,27.2,17.7,14.8,15.2,28.9,15.5,21.6,88.5,16.4,27.2,28.3,15.5,21.0,ttm,edgar,,95,yfinance,,Undervalued
PH,0000076334,Parker-Hannifin Corporation,Industrials,Specialty Industrial Machinery,yfinance,False,NYSE,3490,Miscellaneous Fabricated Metal Products,33.9,33.9,0.0,24.67,39.417,28.69,28.69,28.48,0.7,ok,yfinance,,5.01,972.55,430.35,25.3,379.5,13.4,2026-06-30,Fast Grower,24.8,P/E = growth 24% + dividend 0.8% (capped at 25) · 5-year trend (regression on all points),"High growth: the multiple tracks the growth rate but is capped at 25, because very few companies sustain that pace for years.",earnings,current,,high,"consistent earnings, growth measured over the full 5-year window",712.93,ok,36.4,Overvalued,24.0,5-year trend (regression on all points),16.4,24.0,0,0,,24.3,0.73,1.41,7.961,False,69,4,126.0,0.82,8.0,4.0,7.6,0.78,True,122650632192.0,126112415.0,2026-11-05,1.12,5.24,21499000000.0,21499000000.0,3649000000.0,5068000000.0,4364000000.0,3905000000.0,401000000.0,3905000000.0,15404000000.0,30877000000.0,6766000000.0,7472000000.0,501000000.0,6971000000.0,129621632192.0,25.58,1.38,5.7,31.41,25.1,49.9,16.4,17.0,23.6,0.44,3.18,16.9,ttm,revenue=RevenueFromContractWithCustomerExcludingAssessedTax+Revenues+SalesRevenueNet;net_income=NetIncomeLoss+NetIncomeLossAvailableToCommonStockholdersBasic+ProfitLoss;ebit=OperatingIncomeLoss+IncomeLossFromContinuingOperationsBeforeIncomeTaxesMinorityInterestAndIncomeLossFromEquityMethodInvestments;ocf=NetCashProvidedByUsedInOperatingActivities;capex=PaymentsToAcquirePropertyPlantAndEquipment;interest_expense=InterestExpenseNonoperating+InterestExpense;assets=Assets;equity=StockholdersEquity;long_term_debt=LongTermDebtNoncurrent;short_term_debt=DebtCurrent;cash=CashAndCashEquivalentsAtCarryingValue,8.3,122.14,170.47,30.96,21.1,16.4,17.1,4.1,8.4,6.6,14.5,10.6,13.9,20.5,15.9,16.3,13.6,11.1,13.7,ttm,edgar,,95,yfinance,,Overvalued
PHM,0000822416,"PulteGroup, Inc.",Consumer Cyclical,Residential Construction,yfinance,False,NYSE,1531,Operative Builders,11.89,11.89,0.0,10.49,11.029,9.73,9.73,9.79,0.6,ok,yfinance,,-26.72,115.73,145.95,12.642,189.63,-23.0,2026-06-30,Stalwart (mid cap),12.6,P/E = growth 12% + dividend 0.9% · 5-year trend (regression on all points),"Solid, predictable growth: the fair P/E matches the growth rate plus the dividend yield (PEG = 1).",earnings,current,,high,"consistent earnings, growth measured over the full 5-year window",122.87,ok,-5.8,Undervalued,11.7,5-year trend (regression on all points),9.6,11.7,0,0,,24.5,1.06,1.01,1.669,False,63,6,-20.7,0.9,1.04,4.0,1.04,0.9,False,22044985344.0,190486353.0,2026-10-22,1.2,5.24,16407076000.0,17311953000.0,1906448000.0,,1626318000.0,1512443000.0,605000.0,1748533000.0,13013731000.0,18263190000.0,43900000.0,43900000.0,1335709000.0,-1291809000.0,20753176344.0,,,1.34,14.58,14.9,71.3,,11.6,,0.0,6.86,11.9,annual:interest_expense,revenue=RevenueFromContractWithCustomerExcludingAssessedTax+Revenues;net_income=NetIncomeLoss;ebit=IncomeLossFromContinuingOperationsBeforeIncomeTaxesExtraordinaryItemsNoncontrollingInterest;ocf=NetCashProvidedByUsedInOperatingActivities;capex=PaymentsToAcquirePropertyPlantAndEquipment;interest_expense=InterestExpense;assets=Assets;equity=StockholdersEquity;long_term_debt=LongTermDebt;cash=CashAndCashEquivalentsAtCarryingValue,-7.3,68.32,86.13,7.94,-6.6,9.6,20.5,-0.7,6.0,9.2,-7.7,2.2,,-11.6,2.8,13.5,-6.9,2.9,,ttm,edgar,,95,yfinance,,Undervalued
PKG,0000075677,Packaging Corporation of America,Consumer Cyclical,Packaging & Containers,yfinance,False,NYSE,2650,Paperboard Containers & Boxes,29.84,29.84,0.0,17.4,13.136,7.66,7.66,7.71,0.7,ok,yfinance,,-23.05,228.54,114.9,8.524,127.87,-10.1,2026-06-30,Slow Grower (declining earnings),6.0,P/E = 0% growth credit + dividend 2.6% (floor 6) · 5-year trend (regression on all points),"Earnings are contracting, so the model gives no credit for growth: the multiple comes from the dividend and the floor alone. Applied to normalized earnings where available, since the latest figure of a declining company is its lowest point. Check whether the decline is cyclical or structural.",earnings,current,,medium,earnings declining -1%/year,45.96,ok,397.3,Overvalued,-0.7,5-year trend (regression on all points),2.9,-0.7,0,0,,34.7,0.07,,4.341,False,63,0,98.9,2.63,6.0,4.0,5.5,2.41,False,20362524672.0,89098299.0,2026-10-21,0.8,5.24,9534700000.0,8989300000.0,691700000.0,1035500000.0,1624100000.0,742400000.0,,728600000.0,4661900000.0,11015500000.0,3968900000.0,3971300000.0,442800000.0,3528500000.0,23891024672.0,23.07,3.41,2.14,27.43,14.9,42.3,9.4,7.3,10.9,0.85,3.65,39.7,ttm,revenue=RevenueFromContractWithCustomerExcludingAssessedTax+SalesRevenueNet;net_income=NetIncomeLoss;ebit=OperatingIncomeLoss;ocf=NetCashProvidedByUsedInOperatingActivities;capex=PaymentsToAcquirePropertyPlantAndEquipment;assets=Assets;equity=StockholdersEquity;long_term_debt=LongTermDebtNoncurrent;short_term_debt=LongTermDebtCurrent;cash=CashAndCashEquivalentsAtCarryingValue,10.3,52.32,107.01,8.33,-6.7,2.9,5.1,5.9,6.1,5.3,-3.5,8.1,3.1,-7.2,1.7,4.4,2.9,10.4,6.8,ttm,edgar,,95,yfinance,,Overvalued
PLD,0001045609,"Prologis, Inc.",Real Estate,REIT - Industrial,yfinance,False,NYSE,6798,Real Estate Investment Trusts,28.58,28.58,0.0,38.67,3.333,4.51,4.51,3.97,12.0,ok,yfinance,1.136,-0.75,128.91,67.65,3.965,59.47,13.8,2026-03-31,Slow Grower,8.0,"P/E = growth 5% + dividend 3.3% (floor 6, cap 12) · 5-year trend (regression on all points)",Modest growth: deserves a contained multiple. The dividend partly offsets the lower growth.,earnings,current,,high,"consistent earnings, growth measured over the full 5-year window",35.85,ok,259.5,Overvalued,4.6,5-year trend (regression on all points),17.0,4.6,0,0,,30.6,0.28,6.17,2.241,False,62,0,90.6,3.32,4.28,4.0,4.22,3.27,False,125312303104.0,972091372.0,2026-10-15,1.32,5.24,8948185000.0,8790127000.0,3715698000.0,4690506000.0,5135817000.0,,1024879000.0,1710486000.0,53503401000.0,98133451000.0,34669592000.0,34669592000.0,861144000.0,33808448000.0,159120751104.0,33.92,7.21,14.0,,6.9,54.5,4.8,41.5,52.4,0.65,,8.5,ttm,revenue=Revenues;net_income=NetIncomeLoss+NetIncomeLossAvailableToCommonStockholdersBasic;ebit=OperatingIncomeLoss;ocf=NetCashProvidedByUsedInOperatingActivities+NetCashProvidedByUsedInOperatingActivitiesContinuingOperations;capex=PaymentsForCapitalImprovements;interest_expense=InterestExpenseNonoperating+InterestExpense+InterestExpenseDebt;assets=Assets;equity=StockholdersEquity;long_term_debt=LongTermDebt;cash=CashAndCashEquivalentsAtCarryingValue,6.7,55.04,9.21,,6.2,17.0,11.1,11.1,14.2,16.1,13.9,30.3,46.4,11.5,22.3,17.7,5.3,10.8,14.6,ttm,edgar,,186,yfinance,free_cash_flow,Overvalued
PLTR,0001321655,Palantir Technologies Inc.,Technology,Software - Infrastructure,yfinance,False,Nasdaq,7372,Services-Prepackaged Software,161.32,161.32,0.0,80.52,2.344,1.17,1.17,1.17,0.0,ok,yfinance,,290.0,188.75,17.55,0.215,3.22,444.2,2026-06-30,Fast Grower,25.0,P/E = growth 163% + dividend 0.0% (capped at 25) · 3-year trend — no usable 5-year history,"High growth: the multiple tracks the growth rate but is capped at 25, because very few companies sustain that pace for years.",earnings,current,,low,"growth measured on a short window (3-year trend — no usable 5-year history); unstable earnings base: latest TTM $1.17 vs 3-year median $0.21 — the fair value depends on which one is used; erratic earnings (volatility 59); one loss episode 3 years ago, profitable since",,suppressed: the earnings used imply a P/E of 161 — earnings this close to zero make every multiple arbitrary,,N/A,163.1,3-year trend — no usable 5-year history,,,9,1,3.0,59.3,1.01,0.99,46.399,True,23,0,975.5,,,,,,False,453577277440.0,2403058480.0,2026-11-02,1.62,5.24,6155941000.0,4475446000.0,3016692000.0,2634652000.0,3400291000.0,3358272000.0,,2100591000.0,9774194000.0,11678564000.0,,,2030047000.0,,451547230440.0,171.39,,73.68,135.06,38.4,83.7,22.6,49.0,42.8,,0.74,84.1,ttm,revenue=RevenueFromContractWithCustomerExcludingAssessedTax+RevenueFromContractWithCustomerIncludingAssessedTax;net_income=NetIncomeLoss;ebit=OperatingIncomeLoss;ocf=NetCashProvidedByUsedInOperatingActivities;capex=PaymentsToAcquirePropertyPlantAndEquipment;interest_expense=InterestExpense;assets=Assets;equity=StockholdersEquity;long_term_debt=LongTermDebtNoncurrent;cash=CashAndCashEquivalentsAtCarryingValue,78.9,4.07,2.56,1.4,,,,44.4,35.9,,107.6,122.5,,,,,103.5,117.8,,ttm,edgar,,95,yfinance,dividend_yield,Overvalued
PM,0001413329,Philip Morris International Inc.,Consumer Defensive,Tobacco,yfinance,False,NYSE,2111,Cigarettes,25.86,25.86,0.0,20.4,9.191,7.25,7.25,6.95,4.1,ok,yfinance,1.043,31.88,187.46,108.75,5.633,84.5,28.7,2026-06-30,Slow Grower,6.0,"P/E = growth 2% + dividend 3.4% (floor 6, cap 12) · 5-year trend (regression on all points)",Modest growth: deserves a contained multiple. The dividend partly offsets the lower growth.,earnings,current,,high,"consistent earnings, growth measured over the full 5-year window",43.5,ok,330.9,Overvalued,1.9,5-year trend (regression on all points),4.1,1.9,0,0,,15.6,0.2,13.93,-34.04,False,67,0,72.4,3.41,6.4,4.0,6.01,3.21,False,292177674240.0,1558613439.0,2026-10-21,0.4,5.24,42545000000.0,40648000000.0,10874000000.0,16059000000.0,14264000000.0,12722000000.0,1587000000.0,10664000000.0,-8583000000.0,68271000000.0,42366000000.0,45707000000.0,5999000000.0,39708000000.0,331885674240.0,20.67,2.47,6.87,22.97,,-12.6,23.5,25.6,37.7,,4.35,-1.0,annual:interest_expense,revenue=RevenueFromContractWithCustomerExcludingAssessedTax+SalesRevenueNet;net_income=NetIncomeLoss;ebit=OperatingIncomeLoss;ocf=NetCashProvidedByUsedInOperatingActivities;capex=PaymentsToAcquirePropertyPlantAndEquipment;interest_expense=InterestExpenseNonoperating+InterestExpense;assets=Assets;equity=StockholdersEquity;long_term_debt=LongTermDebtNoncurrent;short_term_debt=LongTermDebtCurrent;cash=CashAndCashEquivalentsAtCarryingValue,8.9,-5.51,27.3,8.16,10.4,4.1,5.2,8.6,7.2,-5.3,19.7,4.4,7.2,10.6,4.2,5.3,18.1,5.6,6.8,ttm,edgar,,95,yfinance,,Overvalued
PNC,0000713676,"The PNC Financial Services Group, Inc.",Financial Services,Banks - Regional,yfinance,False,NYSE,6021,National Commercial Banks,12.15,12.15,0.0,10.3,21.456,18.19,18.19,18.17,0.1,ok,yfinance,,24.37,221.03,272.85,14.286,214.29,27.3,2026-06-30,Slow Grower,8.7,"P/E = growth 5% + dividend 3.6% (floor 6, cap 12) · 5-year trend (regression on all points)",Modest growth: deserves a contained multiple. The dividend partly offsets the lower growth.,earnings,current,,high,"consistent earnings, growth measured over the full 5-year window",158.97,ok,39.0,Overvalued,5.1,5-year trend (regression on all points),6.7,5.1,0,0,,23.7,0.72,2.37,1.519,False,67,3,-19.0,3.62,8.0,4.0,7.1,3.21,False,88178524160.0,398943667.0,2026-10-15,0.89,5.24,25026000000.0,23099000000.0,7360000000.0,9389000000.0,7488000000.0,,,,64008000000.0,616034000000.0,85723000000.0,85723000000.0,28745000000.0,56978000000.0,145156524160.0,15.46,6.07,3.52,,12.1,10.4,1.5,29.4,37.5,1.34,,,ttm,revenue=Revenues+RevenueFromContractWithCustomerExcludingAssessedTax;net_income=NetIncomeLoss+NetIncomeLossAvailableToCommonStockholdersBasic;ebit=IncomeLossFromContinuingOperationsBeforeIncomeTaxesExtraordinaryItemsNoncontrollingInterest;ocf=NetCashProvidedByUsedInOperatingActivities+NetCashProvidedByUsedInOperatingActivitiesContinuingOperations;interest_expense=InterestExpense;assets=Assets;equity=StockholdersEquity;long_term_debt=LongTermDebt;short_term_debt=CommercialPaper;cash=CashCashEquivalentsRestrictedCashAndRestrictedCashEquivalents,13.2,160.44,62.73,,7.6,6.7,9.6,4.1,7.6,5.2,,,,7.7,5.5,7.1,-15.9,10.6,4.9,ttm,edgar,,95,yfinance,free_cash_flow,Undervalued
PNR,0000077360,Pentair plc,Industrials,Specialty Industrial Machinery,yfinance,False,NYSE,3550,Special Industry Machinery (No Metalworking Machinery),13.63,13.63,0.0,10.27,5.162,3.89,3.89,4.08,4.9,ok,yfinance,0.953,5.43,53.03,58.35,3.637,54.56,6.9,2026-03-31,Slow Grower,10.1,"P/E = growth 8% + dividend 2.0% (floor 6, cap 12) · 5-year trend (regression on all points)",Modest growth: deserves a contained multiple. The dividend partly offsets the lower growth.,earnings,current,,high,"consistent earnings, growth measured over the full 5-year window",39.43,ok,34.5,Overvalued,8.1,5-year trend (regression on all points),10.6,8.1,0,0,,19.1,0.74,1.68,2.258,False,62,4,-9.1,2.04,1.08,4.0,1.06,2.0,False,8463587840.0,159600000.0,2026-10-20,1.02,5.24,4202300000.0,4176000000.0,671300000.0,864400000.0,786300000.0,715800000.0,,746000000.0,3810100000.0,7072000000.0,1944300000.0,1944300000.0,67700000.0,1876600000.0,10340187840.0,11.96,2.17,2.01,11.82,18.0,53.9,12.2,16.0,20.6,0.51,8.46,7.8,ttm,revenue=RevenueFromContractWithCustomerExcludingAssessedTax+Revenues+SalesRevenueNet;net_income=NetIncomeLoss;ebit=OperatingIncomeLoss;ocf=NetCashProvidedByUsedInOperatingActivities;capex=PaymentsToAcquirePropertyPlantAndEquipment;interest_expense=InterestExpense;assets=Assets;equity=StockholdersEquity;long_term_debt=LongTermDebtNoncurrent;short_term_debt=DebtCurrent;cash=CashAndCashEquivalentsAtCarryingValue,3.1,23.87,26.33,4.48,10.9,10.6,,0.4,5.8,-1.2,33.0,1.6,-0.7,10.8,10.1,,26.5,1.9,-0.9,ttm,edgar,,186,yfinance,,Undervalued
PNW,0000764622,Pinnacle West Capital Corporation,Utilities,Utilities - Regulated Electric,yfinance,False,NYSE,4911,Electric Services,18.13,18.13,0.0,17.18,5.582,5.29,5.29,5.21,1.5,ok,yfinance,,6.98,95.92,79.35,5.128,76.91,3.2,2026-06-30,Slow Grower,6.0,"P/E = growth 1% + dividend 3.8% (floor 6, cap 12) · 5-year trend (regression on all points)",Modest growth: deserves a contained multiple. The dividend partly offsets the lower growth.,earnings,current,,high,"consistent earnings, growth measured over the full 5-year window",31.74,ok,202.2,Overvalued,1.3,5-year trend (regression on all points),0.3,1.3,0,0,,14.7,0.28,14.39,1.652,False,63,0,20.9,3.79,3.64,4.0,3.64,3.79,False,11625238528.0,121197234.0,2026-11-03,0.44,5.24,5554254000.0,5339939000.0,640105000.0,1139702000.0,1771041000.0,-878537000.0,463254000.0,-819523000.0,7034754000.0,32576874000.0,9775808000.0,10550808000.0,9124000.0,10541684000.0,22166922528.0,19.45,9.25,2.09,,9.3,21.6,3.5,11.5,20.5,1.39,-7.56,-28.2,ttm,revenue=RevenueFromContractWithCustomerExcludingAssessedTax+Revenues+SalesRevenueNet;net_income=NetIncomeLossAvailableToCommonStockholdersBasic+NetIncomeLoss;ebit=OperatingIncomeLoss;ocf=NetCashProvidedByUsedInOperatingActivities;capex=PaymentsToAcquireProductiveAssets;interest_expense=InterestExpenseNonoperating+InterestExpense;assets=Assets;equity=StockholdersEquity;long_term_debt=LongTermDebtNoncurrent;short_term_debt=LongTermDebtCurrent;cash=CashAndCashEquivalentsAtCarryingValue,5.7,58.04,45.83,-7.25,13.4,0.3,3.2,6.9,8.5,4.6,,,,16.4,2.1,4.2,17.5,14.3,4.7,ttm,edgar,,95,yfinance,,Overvalued
PODD,0001145197,Insulet Corporation,Healthcare,Medical Devices,yfinance,False,Nasdaq,3841,Surgical & Medical Instruments & Apparatus,24.52,24.52,0.0,17.07,7.715,5.37,5.37,5.33,0.7,ok,yfinance,,62.5,131.69,80.55,3.909,58.64,37.4,2026-06-30,Stalwart (mid cap),18.2,P/E = growth 18% + dividend 0.0% · 3-year trend — no usable 5-year history,"Solid, predictable growth: the fair P/E matches the growth rate plus the dividend yield (PEG = 1).",earnings,current,,low,"growth measured on a short window (3-year trend — no usable 5-year history); erratic earnings (volatility 164); one loss episode 5 years ago, profitable since",97.98,ok,34.4,Overvalued,18.2,3-year trend — no usable 5-year history,,,2,1,4.7,164.4,0.74,1.34,6.422,True,63,0,63.5,,,,,,False,9133254656.0,69354199.0,2026-11-04,1.08,5.24,3053500000.0,2708100000.0,375300000.0,515800000.0,511200000.0,293700000.0,58700000.0,377700000.0,1422200000.0,3165100000.0,929500000.0,948400000.0,534900000.0,413500000.0,9546754656.0,18.51,0.8,2.99,31.1,26.0,44.9,16.3,12.3,16.9,0.65,3.22,23.7,ttm,revenue=Revenues+RevenueFromContractWithCustomerExcludingAssessedTax+SalesRevenueNet;net_income=NetIncomeLoss;ebit=OperatingIncomeLoss;ocf=NetCashProvidedByUsedInOperatingActivities;capex=PaymentsToAcquirePropertyPlantAndEquipment;interest_expense=InterestExpenseNonoperating+InterestExpense+InterestExpenseDebt;assets=Assets;equity=StockholdersEquity;long_term_debt=LongTermDebtNoncurrent;short_term_debt=LongTermDebtCurrent;cash=CashAndCashEquivalentsAtCarryingValue,29.4,20.51,44.03,4.23,80.9,,,35.7,25.3,25.2,113.4,,,81.3,,,49.8,63.0,,ttm,edgar,,95,yfinance,dividend_yield,Overvalued
PPG,0000079879,"PPG Industries, Inc.",Basic Materials,Specialty Chemicals,yfinance,False,NYSE,2851,"Paints, Varnishes, Lacquers, Enamels & Allied Prods",15.02,15.02,0.0,12.15,8.654,7.0,7.0,7.01,0.1,ok,yfinance,,49.47,105.15,105.0,5.737,86.05,22.0,2026-03-31,Slow Grower,6.0,"P/E = growth 1% + dividend 2.8% (floor 6, cap 12) · 5-year trend (regression on all points)",Modest growth: deserves a contained multiple. The dividend partly offsets the lower growth.,earnings,current,,high,"consistent earnings, growth measured over the full 5-year window",42.0,ok,150.4,Overvalued,1.4,5-year trend (regression on all points),6.9,1.4,0,0,,34.0,0.28,11.01,2.769,False,66,4,0.1,2.82,2.96,4.0,2.87,2.73,False,23374845952.0,222300000.0,2026-10-27,1.06,5.24,16121000000.0,15875000000.0,1585000000.0,2074000000.0,1992000000.0,1227000000.0,246000000.0,1163000000.0,8104000000.0,22150000000.0,6407000000.0,7143000000.0,1573000000.0,5570000000.0,28944845952.0,13.96,2.69,1.45,19.05,21.1,36.6,9.4,9.8,12.9,0.79,5.25,66.4,ttm,revenue=RevenueFromContractWithCustomerExcludingAssessedTax+Revenues+SalesRevenueNet;net_income=NetIncomeLoss;ebit=OperatingIncomeLoss+IncomeLossFromContinuingOperationsBeforeIncomeTaxesExtraordinaryItemsNoncontrollingInterest+IncomeLossFromContinuingOperationsBeforeIncomeTaxesMinorityInterestAndIncomeLossFromEquityMethodInvestments;ocf=NetCashProvidedByUsedInOperatingActivities;capex=PaymentsToAcquirePropertyPlantAndEquipment;interest_expense=InterestExpense+InterestExpenseNonoperating+InterestExpenseDebt;assets=Assets;equity=StockholdersEquity;long_term_debt=LongTermDebtNoncurrent;short_term_debt=DebtCurrent;cash=CashAndCashEquivalentsAtCarryingValue,2.8,36.46,72.52,5.52,9.4,6.9,2.9,0.9,2.4,0.9,9.3,-8.6,-4.6,7.6,5.8,1.0,13.8,-2.5,-1.9,ttm,edgar,,186,yfinance,,Overvalued
PPL,0000922224,PPL Corporation,Utilities,Utilities - Regulated Electric,yfinance,False,NYSE,4911,Electric Services,19.41,19.41,0.0,15.48,2.119,1.69,1.69,1.64,3.0,ok,yfinance,1.03,22.39,32.8,25.35,1.206,18.09,40.2,2026-03-31,Stalwart (mid cap),23.1,P/E = growth 20% + dividend 3.5% · 3-year trend — no usable 5-year history,"Solid, predictable growth: the fair P/E matches the growth rate plus the dividend yield (PEG = 1).",earnings,current,,low,"growth measured on a short window (3-year trend — no usable 5-year history); one loss episode 4 years ago, profitable since",39.06,ok,-16.0,Undervalued,19.6,3-year trend — no usable 5-year history,,,4,1,4.2,27.4,1.19,0.99,1.64,True,66,3,29.4,3.48,1.14,4.0,1.128,3.44,False,24683470848.0,752544841.0,2026-11-04,0.58,5.24,9409000000.0,9170000000.0,1219000000.0,2196000000.0,2673000000.0,-1622000000.0,842000000.0,-1401000000.0,15019000000.0,46304000000.0,19024000000.0,20018000000.0,1241000000.0,18777000000.0,43460470848.0,19.79,8.55,2.62,,8.3,32.4,4.7,13.0,23.3,1.27,-6.57,-201.3,ttm,revenue=RevenueFromContractWithCustomerExcludingAssessedTax+Revenues;net_income=NetIncomeLoss+ProfitLoss+NetIncomeLossAvailableToCommonStockholdersBasic;ebit=OperatingIncomeLoss;ocf=NetCashProvidedByUsedInOperatingActivities;capex=PaymentsToAcquirePropertyPlantAndEquipment;interest_expense=InterestExpense;assets=Assets;equity=StockholdersEquity;long_term_debt=LongTermDebtNoncurrent;short_term_debt=LongTermDebtCurrent;cash=CashAndCashEquivalentsAtCarryingValue,8.3,19.96,12.5,-2.16,16.0,,8.1,3.5,11.3,2.4,,,,16.6,,9.0,17.3,-0.3,0.7,ttm,edgar,,186,yfinance,,Overvalued
PRU,0001137774,"Prudential Financial, Inc.",Financial Services,Insurance - Life,yfinance,False,NYSE,6311,Life Insurance,10.26,10.26,0.0,7.58,14.86,10.98,10.98,11.03,0.5,ok,yfinance,,142.95,112.6,164.7,7.371,110.57,49.0,2026-06-30,Slow Grower (declining earnings),6.0,"P/E = 0% growth credit + dividend 5.0% (floor 6) · 5-year CAGR (two endpoints, window contains losses)","Earnings are contracting, so the model gives no credit for growth: the multiple comes from the dividend and the floor alone. Applied to normalized earnings where available, since the latest figure of a declining company is its lowest point. Check whether the decline is cyclical or structural.",earnings,current,,low,"erratic earnings (volatility 151); one loss episode 3 years ago, profitable since; earnings declining -9%/year",65.88,ok,70.9,Overvalued,-9.4,"5-year CAGR (two endpoints, window contains losses)",-9.4,,1,1,3.5,151.1,-0.44,,1.231,True,67,0,-31.6,4.97,5.6,4.0,5.55,4.93,False,38847000576.0,345000000.0,2026-10-28,0.82,5.24,64765000000.0,60774000000.0,3918000000.0,4907000000.0,10969000000.0,,,,31577000000.0,783554000000.0,19663000000.0,20618000000.0,15162000000.0,5456000000.0,44303000576.0,9.03,1.11,0.6,,12.6,4.0,0.6,6.0,7.6,0.62,,,ttm,revenue=Revenues+RevenueFromContractWithCustomerExcludingAssessedTax;net_income=NetIncomeLoss;ebit=IncomeLossFromContinuingOperationsBeforeIncomeTaxesMinorityInterestAndIncomeLossFromEquityMethodInvestments;ocf=NetCashProvidedByUsedInOperatingActivities;interest_expense=InterestExpense;assets=Assets;equity=StockholdersEquity;long_term_debt=LongTermDebtNoncurrent;short_term_debt=DebtCurrent;cash=CashAndCashEquivalentsAtCarryingValue,9.4,91.53,187.72,,31.1,-9.4,1.3,0.3,0.1,1.4,,,,28.9,-11.7,-1.3,20.8,,-7.5,ttm,edgar,,95,yfinance,free_cash_flow,Undervalued
PSA,0001393311,Public Storage,Real Estate,REIT - Industrial,yfinance,False,NYSE,6798,Real Estate Investment Trusts,27.11,27.11,0.0,28.8,9.854,10.47,10.47,10.47,0.0,ok,yfinance,,14.05,283.81,157.05,10.275,154.13,1.9,2026-06-30,Slow Grower (declining earnings),6.0,P/E = 0% growth credit + dividend 4.2% (floor 6) · 5-year trend (regression on all points),"Earnings are contracting, so the model gives no credit for growth: the multiple comes from the dividend and the floor alone. Applied to normalized earnings where available, since the latest figure of a declining company is its lowest point. Check whether the decline is cyclical or structural.",earnings,current,,medium,earnings declining -5%/year,62.82,ok,351.8,Overvalued,-4.8,5-year trend (regression on all points),7.6,-4.8,0,0,,39.1,-0.02,,10.298,False,67,0,80.7,4.23,12.0,4.0,12.0,4.23,False,53030547456.0,186852295.0,2026-10-28,0.94,5.24,4890457000.0,4824113000.0,2044371000.0,1953895000.0,3171916000.0,,325676000.0,1880334000.0,9190280000.0,20117732000.0,10180215000.0,10180215000.0,259936000.0,9920279000.0,62950826456.0,32.22,5.08,10.84,,22.0,45.7,9.7,41.8,40.0,1.11,,-2.2,ttm,revenue=Revenues;net_income=NetIncomeLoss+ProfitLoss;ebit=OperatingIncomeLoss+IncomeLossFromContinuingOperationsBeforeIncomeTaxesExtraordinaryItemsNoncontrollingInterest+IncomeLossFromContinuingOperationsBeforeIncomeTaxesMinorityInterestAndIncomeLossFromEquityMethodInvestments;ocf=NetCashProvidedByUsedInOperatingActivities+NetCashProvidedByUsedInOperatingActivitiesContinuingOperations;capex=PaymentsForCapitalImprovements;interest_expense=InterestExpense+InterestExpenseDebt;assets=Assets;equity=StockholdersEquity;long_term_debt=LongTermDebt;short_term_debt=ShortTermBorrowings;cash=CashAndCashEquivalentsAtCarryingValue,3.0,49.18,26.17,,-23.2,7.6,5.2,3.7,9.7,7.1,-0.4,3.2,6.1,-21.8,6.1,4.0,-0.7,7.9,5.4,ttm,edgar,,95,yfinance,free_cash_flow,Overvalued
PSKY,0002041610,Paramount Skydance Corporation,Communication Services,Entertainment,yfinance,False,Nasdaq,4833,Television Broadcasting Stations,316.67,316.67,0.0,11.23,0.846,0.03,0.03,-9.34,31233.3,check,yfinance,,-815.69,9.5,,,,,2024-12-31,Turnaround,,earnings not normalizable — currently loss-making,Losses too recent or too frequent for the P/E to be a reliable basis. Assess the margin recovery and the balance sheet strength.,none,current,,low,growth not calculable on any window,,no valuation anchor for this category,,N/A,,not calculable,,,2,2,0.0,,,,0.905,True,2,0,,2.11,0.2,4.0,0.2,2.11,False,10658484224.0,1121945779.0,2026-11-09,1.52,5.24,,29213000000.0,,,,,,489000000.0,11771000000.0,44411000000.0,14491000000.0,14491000000.0,1627000000.0,12864000000.0,23522484224.0,,,,,,26.5,,,,1.23,,232.7,ttm,revenue=RevenueFromContractWithCustomerExcludingAssessedTax;net_income=NetIncomeLoss;ebit=OperatingIncomeLoss;ocf=NetCashProvidedByUsedInOperatingActivities;capex=PaymentsToAcquirePropertyPlantAndEquipment;interest_expense=InterestExpenseNonoperating;assets=Assets;equity=StockholdersEquity;long_term_debt=LongTermDebtAndCapitalLeaseObligations;short_term_debt=CommercialPaper;cash=CashAndCashEquivalentsAtCarryingValue,-1.5,10.49,,,,,,,,,,,,,,,,,,annual,edgar-stale,"Ultimo dato EPS depositato nelle API XBRL della SEC: 641 giorni fa. Lo storico e' completo e corretto, ma non copre l'ultimo trimestre: per i valori 'di oggi' viene preferito l'EPS del provider di mercato, piu' aggiornato.",641,yfinance,growth_5y;revenue;free_cash_flow,N/A
PSX,0001534701,Phillips 66,Energy,Oil & Gas Refining & Marketing,yfinance,False,NYSE,2911,Petroleum Refining,15.08,15.08,0.0,10.27,25.758,17.54,17.54,17.52,0.1,ok,yfinance,,316.15,264.58,263.1,10.467,157.0,67.6,2026-06-30,Cyclical,12.0,P/E 12 on 3-year normalized (mid-cycle) earnings,"Erratic, cycle-driven earnings: a low P/E can signal the peak of the cycle, not a bargain. The multiple is applied to mid-cycle earnings, so the fair value does not follow the peak.",earnings,normalized,,low,"growth measured on a short window (3-year trend — no usable 5-year history); erratic earnings (volatility 195); one loss episode 5 years ago, profitable since",125.6,ok,110.6,Overvalued,-16.0,3-year trend — no usable 5-year history,,,2,1,4.7,195.0,-0.93,,3.351,True,55,0,0.6,1.92,5.08,4.0,5.01,1.89,False,106079379456.0,400935020.0,2026-10-28,0.7,5.24,152167000000.0,132376000000.0,7093000000.0,,8925000000.0,,1112000000.0,,31506000000.0,81810000000.0,18768000000.0,20565000000.0,4099000000.0,16466000000.0,122545379456.0,,,0.7,,24.0,38.5,,4.7,,0.6,,,ttm,revenue=RevenueFromContractWithCustomerExcludingAssessedTax+RevenueFromContractWithCustomerIncludingAssessedTax+SalesRevenueNet;net_income=NetIncomeLoss+NetIncomeLossAvailableToCommonStockholdersBasic;ebit=IncomeLossFromContinuingOperationsBeforeIncomeTaxesExtraordinaryItemsNoncontrollingInterest;ocf=NetCashProvidedByUsedInOperatingActivities;interest_expense=InterestAndDebtExpense+InterestExpenseDebt;assets=Assets;equity=StockholdersEquity;long_term_debt=LongTermDebtAndCapitalLeaseObligations;short_term_debt=DebtCurrent;cash=CashAndCashEquivalentsAtCarryingValue,14.4,78.58,379.53,,-9.2,,11.8,-0.6,13.5,5.8,,,,-13.4,,8.6,-3.9,23.2,7.5,ttm,edgar,,95,yfinance,free_cash_flow,Overvalued
PTC,0000857005,PTC Inc.,Technology,Software - Application,yfinance,False,Nasdaq,7372,Services-Prepackaged Software,14.2,14.2,0.0,16.13,8.93,10.14,10.14,10.28,1.4,ok,yfinance,,141.88,144.03,152.1,3.403,51.05,198.0,2026-06-30,Stalwart (mid cap),19.4,P/E = growth 19% + dividend 0.0% · 5-year trend (regression on all points),"Solid, predictable growth: the fair P/E matches the growth rate plus the dividend yield (PEG = 1).",earnings,current,,medium,erratic earnings (volatility 145),197.07,ok,-26.9,Undervalued,19.4,5-year trend (regression on all points),38.7,19.4,0,0,,144.7,1.37,0.73,4.596,False,64,6,-5.3,,,,,,False,15628156928.0,108506261.0,2026-11-11,1.0,5.24,2953972000.0,2739226000.0,1223814000.0,1117008000.0,955321000.0,935484000.0,65300000.0,856688000.0,3469743000.0,6513577000.0,1398241000.0,1423315000.0,351454000.0,1071861000.0,16700017928.0,14.95,0.96,5.29,16.71,35.1,53.3,17.1,41.4,37.8,0.4,5.99,16.5,ttm,revenue=RevenueFromContractWithCustomerExcludingAssessedTax+SalesRevenueNet;net_income=NetIncomeLoss;ebit=OperatingIncomeLoss;ocf=NetCashProvidedByUsedInOperatingActivities;capex=PaymentsToAcquirePropertyPlantAndEquipment;interest_expense=InterestExpenseDebt+InterestExpense;assets=Assets;equity=StockholdersEquity;long_term_debt=LongTermDebt;short_term_debt=LongTermDebtCurrent;cash=CashAndCashEquivalentsAtCarryingValue,19.5,31.98,27.22,8.62,58.7,38.7,,12.8,11.5,9.8,17.8,22.4,21.8,58.6,38.8,,16.8,21.7,19.8,ttm,edgar,,95,yfinance,dividend_yield,Undervalued
PWR,0001050915,"Quanta Services, Inc.",Industrials,Engineering & Construction,yfinance,False,NYSE,1731,Electrical Work,75.76,75.76,0.0,34.21,19.774,8.93,8.93,8.73,2.2,ok,yfinance,1.023,35.14,676.56,133.95,6.255,93.83,42.8,2026-06-30,Fast Grower,21.8,P/E = growth 22% + dividend 0.1% (capped at 25) · 5-year trend (regression on all points),"High growth: the multiple tracks the growth rate but is capped at 25, because very few companies sustain that pace for years.",earnings,current,,high,"consistent earnings, growth measured over the full 5-year window",194.46,ok,247.9,Overvalued,21.7,5-year trend (regression on all points),18.6,21.7,0,0,,21.6,0.29,3.49,10.549,False,67,1,405.1,0.07,0.44,4.0,0.44,0.07,False,101716328448.0,150343393.0,2026-10-29,1.2,5.24,32905140000.0,28479697000.0,1340415000.0,2035759000.0,3178249000.0,2391158000.0,294369000.0,1620816000.0,9637942000.0,28291820000.0,5421862000.0,6104884000.0,506431000.0,5598453000.0,107314781448.0,52.71,2.75,3.09,42.54,15.3,34.1,7.2,4.1,6.2,0.56,2.35,9.7,ttm,revenue=RevenueFromContractWithCustomerExcludingAssessedTax+Revenues;net_income=NetIncomeLoss+ProfitLoss+NetIncomeLossAvailableToCommonStockholdersBasic;ebit=OperatingIncomeLoss;ocf=NetCashProvidedByUsedInOperatingActivities+NetCashProvidedByUsedInOperatingActivitiesContinuingOperations;capex=PaymentsToAcquirePropertyPlantAndEquipment;interest_expense=InterestExpenseNonoperating+InterestExpense;assets=Assets;equity=StockholdersEquity;long_term_debt=LongTermDebtNoncurrent;short_term_debt=DebtCurrent;cash=CashAndCashEquivalentsAtCarryingValue,26.3,64.11,218.87,15.9,30.6,18.6,20.4,21.5,23.1,15.8,49.8,42.8,19.0,30.7,20.0,18.4,42.8,35.1,17.8,ttm,edgar,,95,yfinance,,Overvalued
PYPL,0001633917,"PayPal Holdings, Inc.",Financial Services,Credit Services,yfinance,False,Nasdaq,7389,"Services-Business Services, NEC",10.04,10.04,0.0,9.13,5.785,5.26,5.26,5.33,1.3,ok,yfinance,,19.78,52.8,78.9,4.105,61.58,28.1,2026-03-31,Stalwart (mid cap),12.3,P/E = growth 11% + dividend 1.1% · 5-year trend (regression on all points),"Solid, predictable growth: the fair P/E matches the growth rate plus the dividend yield (PEG = 1).",earnings,current,,medium,erratic earnings (volatility 59),64.55,ok,-18.2,Undervalued,11.2,5-year trend (regression on all points),4.0,11.2,0,0,,58.6,1.22,0.9,2.296,False,46,0,-33.1,1.06,0.56,4.0,0.56,1.06,False,45168332800.0,855460874.0,2026-10-27,1.29,5.24,33734000000.0,33172000000.0,5059000000.0,6023000000.0,6390000000.0,5503000000.0,449000000.0,5564000000.0,20024000000.0,80546000000.0,9409000000.0,9414000000.0,6977000000.0,2437000000.0,47605332800.0,7.9,0.4,1.34,8.21,25.1,24.9,7.5,15.0,17.9,0.47,12.18,-17.8,ttm,revenue=Revenues+RevenueFromContractWithCustomerExcludingAssessedTax+SalesRevenueNet;net_income=NetIncomeLoss;ebit=OperatingIncomeLoss;ocf=NetCashProvidedByUsedInOperatingActivities;capex=PaymentsToAcquirePropertyPlantAndEquipment;interest_expense=InterestExpenseNonoperating+InterestExpense;assets=Assets;equity=StockholdersEquity;long_term_debt=LongTermDebtNoncurrent;short_term_debt=DebtCurrent;cash=CashAndCashEquivalentsAtCarryingValue,5.8,23.41,39.43,6.43,31.2,4.0,17.1,6.3,8.1,13.3,2.7,-0.6,10.2,23.2,-0.6,14.2,3.5,-0.5,8.8,ttm,edgar,,186,yfinance,,Undervalued
Q,0002058873,"Qnity Electronics, Inc.",Technology,Semiconductor Equipment & Materials,yfinance,False,NYSE,3674,Semiconductors & Related Devices,45.81,45.81,0.0,24.45,5.378,2.87,2.87,2.79,2.8,ok,yfinance,1.029,-10.0,131.48,43.05,3.189,47.83,-10.0,2026-06-30,Unclassified,,growth not calculable on any window,"Not enough usable earnings history to estimate growth on any of the four windows tried (5-year trend and CAGR, 3-year trend and CAGR). No category multiple is assigned: the fixed P/E 15 line is the only reading available.",none,current,,low,growth not calculable on any window,,no valuation anchor for this category,,N/A,,not calculable,,,0,0,,,,,3.792,False,3,0,205.4,0.24,0.32,4.0,0.3,0.23,True,27506739200.0,209208543.0,2026-11-04,,5.24,5210000000.0,4754000000.0,623000000.0,878000000.0,1169000000.0,825000000.0,187000000.0,988000000.0,7261000000.0,14331000000.0,3997000000.0,4020000000.0,961000000.0,3059000000.0,30565739200.0,34.81,3.48,5.28,33.34,6.8,50.7,6.1,12.0,16.9,0.55,3.0,14.8,ttm,revenue=RevenueFromContractWithCustomerExcludingAssessedTax;net_income=NetIncomeLossAvailableToCommonStockholdersBasic+NetIncomeLoss;ebit=IncomeLossFromContinuingOperationsBeforeIncomeTaxesExtraordinaryItemsNoncontrollingInterest;ocf=NetCashProvidedByUsedInOperatingActivities;capex=PaymentsToAcquireProductiveAssets;interest_expense=InterestAndDebtExpense;assets=Assets;equity=StockholdersEquity;long_term_debt=LongTermDebtAndCapitalLeaseObligations;short_term_debt=DebtCurrent;cash=CashAndCashEquivalentsAtCarryingValue,14.8,34.71,24.9,3.94,,,,,,,,,,,,,,,,ttm,edgar,,95,yfinance,growth_5y,Overvalued
QCOM,0000804328,QUALCOMM Incorporated,Technology,Semiconductors,yfinance,False,Nasdaq,3663,Radio & Tv Broadcasting & Communications Equipment,20.8,20.8,0.0,18.12,10.204,8.89,8.89,8.76,1.5,ok,yfinance,,-15.36,184.87,133.35,8.362,125.43,6.3,2026-06-28,Slow Grower (declining earnings),6.0,P/E = 0% growth credit + dividend 2.0% (floor 6) · 5-year trend (regression on all points),"Earnings are contracting, so the model gives no credit for growth: the multiple comes from the dividend and the floor alone. Applied to normalized earnings where available, since the latest figure of a declining company is its lowest point. Check whether the decline is cyclical or structural.",earnings,current,,medium,earnings declining -5%/year,53.34,ok,246.6,Overvalued,-5.2,5-year trend (regression on all points),1.8,-5.2,0,0,,46.1,-0.15,,7.065,False,68,4,38.6,1.99,3.68,4.0,3.62,1.96,False,197452333056.0,1068060487.0,2026-11-04,1.68,5.24,44069000000.0,44284000000.0,9259000000.0,10219000000.0,12401000000.0,10416000000.0,689000000.0,12820000000.0,27658000000.0,57367000000.0,12781000000.0,15270000000.0,4533000000.0,10737000000.0,208189333056.0,20.37,1.05,4.48,18.96,33.8,48.2,17.8,21.0,23.2,0.46,5.28,14.9,ttm,revenue=Revenues;net_income=NetIncomeLoss+ProfitLoss;ebit=OperatingIncomeLoss;ocf=NetCashProvidedByUsedInOperatingActivities+NetCashProvidedByUsedInOperatingActivitiesContinuingOperations;capex=PaymentsToAcquireProductiveAssets;interest_expense=InterestExpense+InterestExpenseDebt;assets=Assets;equity=StockholdersEquity;long_term_debt=LongTermDebtNoncurrent;short_term_debt=DebtCurrent;cash=CashAndCashEquivalentsAtCarryingValue,1.9,25.9,41.26,9.75,4.7,1.8,9.9,4.5,6.2,6.8,14.9,2.1,4.9,2.4,0.1,6.0,12.7,2.1,5.9,ttm,edgar,,97,yfinance,,Overvalued
RCL,0000884887,Royal Caribbean Cruises Ltd.,Consumer Cyclical,Travel Services,yfinance,False,NYSE,4400,Water Transportation,16.67,16.67,0.0,13.58,20.447,16.66,16.66,16.18,2.9,ok,yfinance,1.03,19.06,277.74,249.9,11.96,179.39,39.3,2026-06-30,Fast Grower,25.0,P/E = growth 63% + dividend 2.2% (capped at 25) · 3-year trend — no usable 5-year history,"High growth: the multiple tracks the growth rate but is capped at 25, because very few companies sustain that pace for years.",earnings,current,,low,"growth measured on a short window (3-year trend — no usable 5-year history); one loss episode 3 years ago, profitable since",416.5,ok,-33.3,Undervalued,62.6,3-year trend — no usable 5-year history,,,9,1,3.0,47.6,3.88,0.27,7.257,True,67,1,11.1,2.16,6.0,4.0,5.5,1.98,True,74282139648.0,267452084.0,2026-10-27,1.75,5.24,18682000000.0,17935000000.0,4398000000.0,5104000000.0,6786000000.0,-416000000.0,1029000000.0,1236000000.0,10236000000.0,44644000000.0,21263000000.0,22836000000.0,875000000.0,21961000000.0,96243139648.0,18.86,4.3,3.98,,45.3,22.9,11.4,23.5,27.3,2.08,-0.56,-38.1,ttm,revenue=RevenueFromContractWithCustomerExcludingAssessedTax+Revenues;net_income=NetIncomeLoss;ebit=OperatingIncomeLoss;ocf=NetCashProvidedByUsedInOperatingActivities;capex=PaymentsToAcquirePropertyPlantAndEquipment;interest_expense=InterestExpenseNonoperating+InterestExpense;assets=Assets;equity=StockholdersEquity;long_term_debt=LongTermDebtNoncurrent;short_term_debt=DebtCurrent;cash=CashAndCashEquivalentsAtCarryingValue,8.7,38.27,69.85,-1.56,,,16.5,15.9,188.6,8.3,,,,,,19.1,28.0,,12.0,ttm,edgar,,95,yfinance,,Overvalued
RDDT,0001713445,"Reddit, Inc.",Communication Services,Internet Content & Information,yfinance,False,NYSE,7374,Services-Computer Processing & Data Preparation,34.71,34.71,0.0,15.26,9.687,4.26,4.26,4.3,0.9,ok,yfinance,,-21.82,147.86,63.9,2.596,38.93,64.1,2026-06-30,Unclassified,,growth not calculable on any window,"Not enough usable earnings history to estimate growth on any of the four windows tried (5-year trend and CAGR, 3-year trend and CAGR). No category multiple is assigned: the fixed P/E 15 line is the only reading available.",none,current,,low,"growth not calculable on any window; one loss episode 1 years ago, profitable since",,no valuation anchor for this category,,N/A,,not calculable,,,5,1,1.5,32.2,,,8.655,True,11,0,131.4,,,,,,False,28447748096.0,192396510.0,2026-10-29,2.02,5.24,2778834000.0,2202506000.0,871374000.0,784998000.0,1026095000.0,1018649000.0,,684169000.0,3285700000.0,3636605000.0,,,1486838000.0,,26960910096.0,34.35,,10.24,27.93,30.7,90.4,21.6,31.4,28.2,,3.58,217.0,ttm,revenue=RevenueFromContractWithCustomerExcludingAssessedTax;net_income=NetIncomeLoss;ebit=OperatingIncomeLoss;ocf=NetCashProvidedByUsedInOperatingActivities;capex=PaymentsToAcquirePropertyPlantAndEquipment;assets=Assets;equity=StockholdersEquity;cash=CashAndCashEquivalentsAtCarryingValue,66.6,17.08,14.44,5.29,,,,64.3,,,,,,,,,,,,ttm,edgar,,95,yfinance,dividend_yield;growth_5y,Overvalued
REG,0000910606,Regency Centers Corporation,Real Estate,REIT - Retail,yfinance,False,Nasdaq,6798,Real Estate Investment Trusts,24.19,24.19,0.0,28.44,2.517,2.96,2.96,2.92,1.4,ok,yfinance,,38.39,71.6,44.4,2.154,32.31,37.4,2026-03-31,Slow Grower,12.0,"P/E = growth 8% + dividend 4.2% (floor 6, cap 12) · 5-year trend (regression on all points)",Modest growth: deserves a contained multiple. The dividend partly offsets the lower growth.,earnings,current,,high,"consistent earnings, growth measured over the full 5-year window",35.52,ok,101.6,Overvalued,7.8,5-year trend (regression on all points),27.1,7.8,0,0,,44.4,0.5,3.1,1.967,False,62,0,61.3,4.22,3.02,4.0,3.02,4.22,False,13386245120.0,186958735.0,2026-11-05,0.81,5.24,1585065000.0,1553524000.0,546422000.0,1146297000.0,819390000.0,,,,6892835000.0,13046484000.0,5003934000.0,5003934000.0,145560000.0,4858374000.0,18244619120.0,15.92,4.24,8.45,,8.0,52.8,8.8,34.5,72.3,0.73,,,ttm,revenue=Revenues;net_income=NetIncomeLoss+NetIncomeLossAvailableToCommonStockholdersBasic+ProfitLoss;ebit=OperatingIncomeLoss+IncomeLossFromContinuingOperationsBeforeIncomeTaxesMinorityInterestAndIncomeLossFromEquityMethodInvestments;ocf=NetCashProvidedByUsedInOperatingActivities;interest_expense=InterestExpense;assets=Assets;equity=StockholdersEquity;long_term_debt=LongTermDebt;cash=CashAndCashEquivalentsAtCarryingValue,7.8,36.87,8.48,,9.2,27.1,6.3,8.6,9.5,5.9,,,,12.4,29.4,13.7,6.7,9.8,,ttm,edgar,,186,yfinance,free_cash_flow,Overvalued
REGN,0000872589,"Regeneron Pharmaceuticals, Inc.",Healthcare,Biotechnology,yfinance,False,Nasdaq,2834,Pharmaceutical Preparations,18.18,18.18,0.0,11.96,61.473,40.44,40.44,40.38,0.1,ok,yfinance,,1.61,735.2,606.6,39.599,593.98,2.1,2026-06-30,Slow Grower (declining earnings),6.0,P/E = 0% growth credit + dividend 0.5% (floor 6) · 5-year trend (regression on all points),"Earnings are contracting, so the model gives no credit for growth: the multiple comes from the dividend and the floor alone. Applied to normalized earnings where available, since the latest figure of a declining company is its lowest point. Check whether the decline is cyclical or structural.",earnings,current,,medium,earnings declining -9%/year,242.64,ok,203.0,Overvalued,-8.5,5-year trend (regression on all points),-6.2,-8.5,0,0,,32.5,-0.44,,2.326,False,63,0,21.2,0.51,3.76,4.0,3.7,0.5,False,75692515328.0,102954988.0,2026-10-30,0.19,5.24,15534700000.0,14342900000.0,4328700000.0,3843100000.0,4681300000.0,3760400000.0,55400000.0,4080500000.0,31711400000.0,41730600000.0,1986600000.0,2706600000.0,2455800000.0,250800000.0,75943315328.0,19.76,0.07,4.87,20.13,14.0,76.0,9.2,27.9,24.7,0.06,4.97,11.3,ttm,revenue=RevenueFromContractWithCustomerExcludingAssessedTax+Revenues;net_income=NetIncomeLoss;ebit=OperatingIncomeLoss;ocf=NetCashProvidedByUsedInOperatingActivities;capex=PaymentsToAcquireProductiveAssets;interest_expense=InterestExpenseNonoperating+InterestExpense;assets=Assets;equity=StockholdersEquity;long_term_debt=LongTermDebtNoncurrent;short_term_debt=ShortTermBorrowings;cash=CashAndCashEquivalentsAtCarryingValue,9.3,308.01,150.89,36.52,2.2,-6.2,20.2,7.0,4.6,12.8,-3.3,17.3,13.6,0.2,-7.0,19.3,-0.4,15.6,11.2,ttm,edgar,,95,yfinance,,Overvalued
RF,0001281761,Regions Financial Corporation,Financial Services,Banks - Regional,yfinance,False,NYSE,6021,National Commercial Banks,10.97,10.97,0.0,9.52,2.846,2.47,2.47,2.46,0.4,ok,yfinance,,14.95,27.1,37.05,2.134,32.0,15.8,2026-06-30,Slow Grower (declining earnings),6.0,P/E = 0% growth credit + dividend 4.4% (floor 6) · 5-year trend (regression on all points),"Earnings are contracting, so the model gives no credit for growth: the multiple comes from the dividend and the floor alone. Applied to normalized earnings where available, since the latest figure of a declining company is its lowest point. Check whether the decline is cyclical or structural.",earnings,current,,medium,earnings declining -2%/year,14.82,ok,82.9,Overvalued,-2.4,5-year trend (regression on all points),-0.6,-2.4,0,0,,25.8,0.18,,1.323,False,67,5,-26.9,4.43,1.2,4.0,1.095,4.04,False,23087290368.0,851929506.0,2026-10-16,1.0,5.24,,104000000.0,2232000000.0,158000000.0,1778000000.0,,,,18840000000.0,161299000000.0,4628000000.0,7628000000.0,9926000000.0,-2298000000.0,20789290368.0,131.58,-14.54,,,11.9,11.7,0.1,,,0.25,,,ttm,revenue=RevenueFromContractWithCustomerIncludingAssessedTax;net_income=NetIncomeLoss;ebit=IncomeLossFromContinuingOperationsBeforeIncomeTaxesExtraordinaryItemsNoncontrollingInterest+OperatingIncomeLoss+IncomeLossFromContinuingOperationsBeforeIncomeTaxesMinorityInterestAndIncomeLossFromEquityMethodInvestments;ocf=NetCashProvidedByUsedInOperatingActivities;interest_expense=InterestExpense;assets=Assets;equity=StockholdersEquity;long_term_debt=LongTermDebt;short_term_debt=ShortTermBorrowings;cash=CashAndCashEquivalentsAtCarryingValue,23.8,22.11,,,1.5,-0.6,12.0,13.6,12.4,,,,,-1.1,-2.8,7.4,-6.7,-3.3,-1.5,ttm,edgar,,95,yfinance,revenue;free_cash_flow,Undervalued
RJF,0000720005,"Raymond James Financial, Inc.",Financial Services,Asset Management,yfinance,False,NYSE,6211,"Security Brokers, Dealers & Flotation Companies",13.93,13.93,0.0,11.14,14.203,11.36,11.36,11.48,1.1,ok,yfinance,,12.66,158.21,170.4,10.103,151.55,12.4,2026-06-30,Stalwart (mid cap),14.3,P/E = growth 13% + dividend 1.4% · 5-year trend (regression on all points),"Solid, predictable growth: the fair P/E matches the growth rate plus the dividend yield (PEG = 1).",earnings,current,,high,"consistent earnings, growth measured over the full 5-year window",162.26,ok,-2.5,Undervalued,12.9,5-year trend (regression on all points),15.4,12.9,0,0,,14.6,1.03,1.08,2.394,False,64,8,-7.2,1.37,2.16,4.0,2.16,1.37,False,30392141824.0,192100000.0,2026-10-28,0.92,5.24,16990000000.0,15912000000.0,2306000000.0,,1639000000.0,1442000000.0,,2246000000.0,12699000000.0,94237000000.0,,950000000.0,9977000000.0,-9027000000.0,21365141824.0,,,1.79,21.08,18.5,13.5,,13.6,,,4.74,15.2,ttm,revenue=Revenues;net_income=NetIncomeLoss;ebit=IncomeLossFromContinuingOperationsBeforeIncomeTaxesExtraordinaryItemsNoncontrollingInterest+IncomeLossFromContinuingOperationsBeforeIncomeTaxesMinorityInterestAndIncomeLossFromEquityMethodInvestments;ocf=NetCashProvidedByUsedInOperatingActivities+NetCashProvidedByUsedInOperatingActivitiesContinuingOperations;capex=PaymentsToAcquirePropertyPlantAndEquipment;interest_expense=InterestExpense;assets=Assets;equity=StockholdersEquity;long_term_debt=LongTermDebt;short_term_debt=LongTermDebtCurrent;cash=CashAndCashEquivalentsAtCarryingValue,8.0,66.11,88.44,7.51,13.2,15.4,17.8,10.8,12.8,12.2,,-15.9,17.6,9.8,14.3,16.8,,-14.4,15.3,ttm,edgar,,95,yfinance,,Undervalued
RL,0001037038,Ralph Lauren Corporation,Consumer Cyclical,Apparel Manufacturing,yfinance,False,NYSE,2320,"Men's & Boys' Furnishgs, Work Clothg, & Allied Garments",22.82,22.82,0.0,17.33,20.967,15.92,15.92,15.87,0.3,ok,yfinance,,26.76,363.37,238.8,10.984,164.77,44.9,2026-06-27,Fast Grower,23.0,P/E = growth 22% + dividend 1.1% (capped at 25) · 5-year trend (regression on all points),"High growth: the multiple tracks the growth rate but is capped at 25, because very few companies sustain that pace for years.",earnings,current,,high,"consistent earnings, growth measured over the full 5-year window",366.37,ok,-0.8,Undervalued,21.9,5-year trend (regression on all points),47.4,21.9,0,0,,13.8,1.01,1.04,7.957,False,66,0,52.2,1.1,4.0,4.0,3.826,1.05,False,21650399232.0,59582239.0,2026-11-05,1.35,5.24,8355200000.0,8114500000.0,982900000.0,1248000000.0,1317400000.0,694500000.0,55700000.0,1018900000.0,2721600000.0,7658800000.0,1239400000.0,1239400000.0,1719000000.0,-479600000.0,21170799232.0,16.96,-0.38,2.59,31.17,37.5,35.5,16.3,11.8,14.9,0.46,3.21,12.6,ttm,revenue=Revenues+SalesRevenueNet+SalesRevenueGoodsNet;net_income=NetIncomeLoss;ebit=OperatingIncomeLoss;ocf=NetCashProvidedByUsedInOperatingActivities;capex=PaymentsToAcquireProductiveAssets;interest_expense=InterestExpense;assets=Assets;equity=StockholdersEquity;long_term_debt=LongTermDebtNoncurrent;short_term_debt=LongTermDebtCurrent;cash=CashAndCashEquivalentsAtCarryingValue,14.7,45.68,140.23,11.66,26.8,47.4,16.0,9.0,9.6,1.3,104.3,27.5,4.7,22.8,41.8,12.2,27.6,13.5,3.6,ttm,edgar,,98,yfinance,,Overvalued
RMD,0000943819,ResMed Inc.,Healthcare,Medical Instruments & Supplies,yfinance,False,NYSE,3841,Surgical & Medical Instruments & Apparatus,21.19,21.19,0.0,16.54,13.23,10.33,10.33,10.43,1.0,ok,yfinance,,9.67,218.89,154.95,8.597,128.95,20.2,2026-06-30,Fast Grower,25.0,P/E = growth 25% + dividend 1.2% (capped at 25) · 5-year trend (regression on all points),"High growth: the multiple tracks the growth rate but is capped at 25, because very few companies sustain that pace for years.",earnings,current,,high,"consistent earnings, growth measured over the full 5-year window",258.25,ok,-15.2,Undervalued,25.2,5-year trend (regression on all points),26.3,25.2,0,0,,28.4,1.24,0.84,4.794,False,65,4,41.3,1.21,2.64,4.0,2.46,1.12,True,30784524288.0,140639243.0,2026-10-29,0.77,5.24,5653443000.0,5653443000.0,1523000000.0,1886719000.0,1805829000.0,1649544000.0,,1649544000.0,6585393000.0,8965950000.0,399415000.0,659365000.0,1469234000.0,-809869000.0,29974655288.0,15.89,-0.43,5.45,18.66,24.3,73.4,21.0,26.9,33.4,0.06,5.36,-0.7,ttm,revenue=RevenueFromContractWithCustomerExcludingAssessedTax+Revenues+SalesRevenueGoodsNet;net_income=NetIncomeLoss;ebit=OperatingIncomeLoss;ocf=NetCashProvidedByUsedInOperatingActivities+NetCashProvidedByUsedInOperatingActivitiesContinuingOperations;capex=PaymentsToAcquirePropertyPlantAndEquipment;interest_expense=InterestExpense;assets=Assets;equity=StockholdersEquity;long_term_debt=LongTermDebtNoncurrent;short_term_debt=LongTermDebtCurrent;cash=CashAndCashEquivalentsAtCarryingValue,9.9,46.82,40.2,11.73,19.6,26.3,15.4,10.2,12.1,11.9,42.2,21.1,12.9,19.2,26.3,15.8,37.6,19.6,12.7,ttm,edgar,,95,yfinance,,Overvalued
ROK,0001024478,"Rockwell Automation, Inc.",Industrials,Specialty Industrial Machinery,yfinance,False,NYSE,3829,"Measuring & Controlling Devices, NEC",41.49,41.49,0.0,30.47,14.912,10.95,10.95,10.68,2.5,ok,yfinance,1.025,25.35,454.35,164.25,8.992,134.88,21.8,2026-06-30,Slow Grower (declining earnings),6.0,P/E = 0% growth credit + dividend 1.2% (floor 6) · 5-year trend (regression on all points),"Earnings are contracting, so the model gives no credit for growth: the multiple comes from the dividend and the floor alone. Applied to normalized earnings where available, since the latest figure of a declining company is its lowest point. Check whether the decline is cyclical or structural.",earnings,current,,medium,earnings declining -1%/year,65.7,ok,591.6,Overvalued,-0.6,5-year trend (regression on all points),-4.1,-0.6,0,0,,49.3,0.01,,14.44,False,68,2,176.6,1.21,5.52,4.0,5.52,1.21,False,50557321216.0,111273953.0,2026-11-05,1.51,5.24,8973000000.0,8342000000.0,1201000000.0,2035000000.0,1732000000.0,1504000000.0,138000000.0,1358000000.0,3494000000.0,11091000000.0,2570000000.0,2572000000.0,479000000.0,2093000000.0,52650321216.0,25.87,1.03,5.63,33.62,34.5,31.5,18.3,13.4,22.7,0.74,2.97,112.5,ttm,revenue=RevenueFromContractWithCustomerExcludingAssessedTax+Revenues+SalesRevenueNet;net_income=NetIncomeLoss;ebit=OperatingIncomeLoss+IncomeLossFromContinuingOperationsBeforeIncomeTaxesExtraordinaryItemsNoncontrollingInterest+IncomeLossFromContinuingOperationsBeforeIncomeTaxesMinorityInterestAndIncomeLossFromEquityMethodInvestments;ocf=NetCashProvidedByUsedInOperatingActivities+NetCashProvidedByUsedInOperatingActivitiesContinuingOperations;capex=PaymentsToAcquirePropertyPlantAndEquipment+PaymentsToAcquireProductiveAssets;interest_expense=InterestExpenseNonoperating+InterestExpense;assets=Assets;equity=StockholdersEquity;long_term_debt=LongTermDebtNoncurrent;short_term_debt=LongTermDebtCurrent;cash=CashAndCashEquivalentsAtCarryingValue,11.3,31.4,80.64,13.52,-4.5,-4.1,6.6,1.3,5.8,4.2,23.6,3.2,5.2,-5.5,-4.9,4.9,22.8,4.6,5.4,ttm,edgar,,95,yfinance,,Overvalued
ROL,0000084839,"Rollins, Inc.",Consumer Cyclical,Personal Services,yfinance,False,NYSE,7340,Services-To Dwellings & Other Buildings,27.93,27.93,0.0,23.38,1.29,1.08,1.08,1.1,1.9,ok,yfinance,,8.91,30.16,16.2,0.962,14.43,12.2,2026-06-30,Stalwart (mid cap),13.9,P/E = growth 11% + dividend 2.4% · 5-year trend (regression on all points),"Solid, predictable growth: the fair P/E matches the growth rate plus the dividend yield (PEG = 1).",earnings,current,,high,"consistent earnings, growth measured over the full 5-year window",14.98,ok,101.3,Overvalued,11.4,5-year trend (regression on all points),9.8,11.4,0,0,,8.7,0.5,2.44,10.151,False,63,10,86.2,2.43,0.732,4.0,0.732,2.43,False,14511345664.0,481145404.0,2026-10-28,0.74,5.24,3924019000.0,3761050000.0,531716000.0,731932000.0,646966000.0,619169000.0,33624000.0,650021000.0,1429597000.0,3354932000.0,487107000.0,703025000.0,109085000.0,593940000.0,15105285664.0,20.64,0.81,3.7,23.44,37.0,42.6,21.8,13.6,18.7,0.34,4.27,12.1,ttm,revenue=RevenueFromContractWithCustomerExcludingAssessedTax+Revenues;net_income=NetIncomeLoss+NetIncomeLossAvailableToCommonStockholdersBasic+ProfitLoss;ebit=OperatingIncomeLoss+IncomeLossFromContinuingOperationsBeforeIncomeTaxesExtraordinaryItemsNoncontrollingInterest+IncomeLossFromContinuingOperationsBeforeIncomeTaxesMinorityInterestAndIncomeLossFromEquityMethodInvestments;ocf=NetCashProvidedByUsedInOperatingActivities+NetCashProvidedByUsedInOperatingActivitiesContinuingOperations;capex=PaymentsToAcquirePropertyPlantAndEquipment;interest_expense=InterestExpenseNonoperating;assets=Assets;equity=StockholdersEquity;long_term_debt=LongTermDebt;short_term_debt=ShortTermBorrowings;cash=CashAndCashEquivalentsAtCarryingValue,9.9,2.97,8.16,1.29,11.7,9.8,13.0,11.0,11.3,10.5,9.6,9.3,14.4,10.7,9.4,13.0,9.0,9.0,12.3,ttm,edgar,,95,yfinance,,Overvalued
ROP,0000882835,"Roper Technologies, Inc.",Technology,Software - Application,yfinance,False,Nasdaq,3823,"Industrial Instruments For Measurement, Display, and Control",15.1,15.1,0.0,14.53,24.379,23.46,23.46,24.14,2.9,ok,yfinance,0.972,69.64,354.32,351.9,13.815,207.22,69.8,2026-06-30,Slow Grower (declining earnings),6.0,P/E = 0% growth credit + dividend 1.0% (floor 6) · 5-year trend (regression on all points),"Earnings are contracting, so the model gives no credit for growth: the multiple comes from the dividend and the floor alone. Applied to normalized earnings where available, since the latest figure of a declining company is its lowest point. Check whether the decline is cyclical or structural.",earnings,current,,low,erratic earnings (volatility 51); earnings declining -3%/year,140.76,ok,151.7,Overvalued,-2.7,5-year trend (regression on all points),19.2,-2.7,0,0,,51.3,-0.11,,1.874,False,67,3,0.7,1.03,3.64,4.0,3.64,1.03,False,35042557952.0,98900874.0,2026-10-22,0.75,5.24,8280300000.0,7902500000.0,2504000000.0,2315600000.0,2669100000.0,,393700000.0,1381000000.0,18700300000.0,35169500000.0,10601100000.0,11319400000.0,364900000.0,10954500000.0,45997057952.0,19.86,4.73,4.23,,13.1,53.2,6.6,30.2,28.0,0.57,,16.5,ttm,revenue=RevenueFromContractWithCustomerExcludingAssessedTax+SalesRevenueNet;net_income=NetIncomeLoss;ebit=OperatingIncomeLoss;ocf=NetCashProvidedByUsedInOperatingActivities+NetCashProvidedByUsedInOperatingActivitiesContinuingOperations;capex=PaymentsToAcquireProductiveAssets;interest_expense=InterestExpenseNonoperating+InterestExpense+InterestExpenseDebt;assets=Assets;equity=StockholdersEquity;long_term_debt=LongTermDebtNoncurrent;short_term_debt=LongTermDebtCurrent;cash=CashAndCashEquivalentsAtCarryingValue,10.9,189.08,83.72,,-3.9,19.2,13.8,12.7,11.2,8.5,14.8,12.6,16.4,-4.8,18.6,14.0,34.1,9.5,11.8,ttm,edgar,,95,yfinance,free_cash_flow,Overvalued
ROST,0000745732,"Ross Stores, Inc.",Consumer Cyclical,Apparel Retail,yfinance,False,Nasdaq,5651,Retail-Family Clothing Stores,28.32,28.32,0.0,25.47,8.973,8.07,8.07,8.26,2.4,ok,yfinance,0.977,31.11,228.54,121.05,6.18,92.69,30.6,2026-08-01,Stalwart,14.2,P/E = growth 13% + dividend 0.8% · 5-year trend (regression on all points),"Solid, predictable growth: the fair P/E matches the growth rate plus the dividend yield (PEG = 1).",earnings,current,,high,"consistent earnings, growth measured over the full 5-year window",114.3,ok,100.0,Overvalued,13.4,5-year trend (regression on all points),17.0,13.4,0,0,,25.7,0.5,2.12,10.834,False,67,5,88.8,0.78,1.78,4.0,1.74,0.76,False,73311305728.0,320781076.0,2026-11-19,0.86,5.24,24511798000.0,22750559000.0,2659063000.0,3370257000.0,3660573000.0,2790186000.0,,2207608000.0,6743184000.0,15982280000.0,777053000.0,1018512000.0,4288124000.0,-3269612000.0,70041693728.0,20.78,-0.97,2.99,26.27,42.6,42.2,21.1,10.8,13.7,0.12,3.81,34.9,ttm,revenue=RevenueFromContractWithCustomerExcludingAssessedTax+SalesRevenueNet;net_income=NetIncomeLoss;ebit=OperatingIncomeLoss+IncomeLossFromContinuingOperationsBeforeIncomeTaxesExtraordinaryItemsNoncontrollingInterest+IncomeLossFromContinuingOperationsBeforeIncomeTaxesMinorityInterestAndIncomeLossFromEquityMethodInvestments;ocf=NetCashProvidedByUsedInOperatingActivities;capex=PaymentsToAcquirePropertyPlantAndEquipment+PaymentsToAcquireProductiveAssets;interest_expense=InterestExpenseDebt;assets=Assets;equity=StockholdersEquity;long_term_debt=LongTermDebtNoncurrent;short_term_debt=LongTermDebtCurrent;cash=CashAndCashEquivalentsAtCarryingValue,14.0,21.02,76.41,8.7,20.5,17.0,12.1,8.4,7.2,7.1,10.1,-1.5,8.9,18.2,14.7,9.7,8.5,1.4,9.2,ttm,edgar,,63,yfinance,,Overvalued
RSG,0001060391,"Republic Services, Inc.",Industrials,Waste Management,yfinance,False,NYSE,4953,Refuse Systems,29.31,29.31,0.0,26.0,8.06,7.15,7.15,7.06,1.3,ok,yfinance,,4.44,209.56,107.25,6.644,99.65,7.6,2026-06-30,Stalwart,16.3,P/E = growth 15% + dividend 1.3% · 5-year trend (regression on all points),"Solid, predictable growth: the fair P/E matches the growth rate plus the dividend yield (PEG = 1).",earnings,current,,high,"consistent earnings, growth measured over the full 5-year window",116.68,ok,79.6,Overvalued,15.0,5-year trend (regression on all points),15.0,15.0,0,0,,8.4,0.56,1.95,5.33,False,67,1,95.4,1.28,2.68,4.0,2.545,1.21,False,64169992192.0,306212978.0,2026-10-29,0.4,5.24,16890000000.0,16591000000.0,2185684000.0,3367000000.0,4542000000.0,2653000000.0,591000000.0,2409000000.0,12032000000.0,35159000000.0,13521000000.0,13521000000.0,107000000.0,13414000000.0,77583992192.0,23.04,3.98,3.8,24.19,18.2,34.2,9.6,12.9,19.9,1.12,4.13,15.8,ttm,revenue=RevenueFromContractWithCustomerExcludingAssessedTax+SalesRevenueNet+Revenues;net_income=NetIncomeLoss;ebit=OperatingIncomeLoss;ocf=NetCashProvidedByUsedInOperatingActivities;capex=PaymentsToAcquirePropertyPlantAndEquipment+PaymentsToAcquireProductiveAssets;interest_expense=InterestExpenseNonoperating+InterestExpense+InterestExpenseDebt;assets=Assets;equity=StockholdersEquity;long_term_debt=LongTermDebtAndCapitalLeaseObligations;short_term_debt=FinanceLeaseLiabilityCurrent;cash=CashAndCashEquivalentsAtCarryingValue,3.2,39.29,55.16,8.66,12.4,15.0,13.1,5.4,9.9,4.7,12.3,12.5,14.9,11.5,14.3,11.7,10.2,11.6,10.8,ttm,edgar,,95,yfinance,,Overvalued
RTX,0000101829,RTX Corporation,Industrials,Aerospace & Defense,yfinance,False,NYSE,3724,Aircraft Engines & Engine Parts,32.57,32.57,0.0,23.5,7.857,5.67,5.67,5.68,0.2,ok,yfinance,,24.84,184.68,85.05,3.514,52.71,61.4,2026-06-30,Stalwart,20.0,P/E = growth 18% + dividend 1.6% · 5-year trend (regression on all points),"Solid, predictable growth: the fair P/E matches the growth rate plus the dividend yield (PEG = 1).",earnings,current,,medium,erratic earnings (volatility 99),113.36,ok,62.9,Overvalued,18.4,5-year trend (regression on all points),31.6,18.4,0,0,,98.6,0.61,1.77,3.75,False,67,7,117.1,1.58,2.92,4.0,2.82,1.53,False,248903958528.0,1347758144.0,2026-10-20,0.29,5.24,93500000000.0,88603000000.0,7738000000.0,10485000000.0,14206000000.0,11407000000.0,,7940000000.0,66377000000.0,173972000000.0,31858000000.0,32087000000.0,8305000000.0,23782000000.0,272685958528.0,26.01,2.27,2.66,21.82,12.0,38.2,6.0,8.3,11.2,0.48,4.58,75.1,ttm,revenue=RevenueFromContractWithCustomerExcludingAssessedTax+Revenues+SalesRevenueNet;net_income=NetIncomeLoss;ebit=OperatingIncomeLoss;ocf=NetCashProvidedByUsedInOperatingActivities+NetCashProvidedByUsedInOperatingActivitiesContinuingOperations;capex=PaymentsToAcquirePropertyPlantAndEquipment+PaymentsToAcquireProductiveAssets;interest_expense=InterestExpense;assets=Assets;equity=StockholdersEquity;long_term_debt=LongTermDebtAndCapitalLeaseObligations;short_term_debt=ShortTermBorrowings;cash=CashAndCashEquivalentsAtCarryingValue,11.8,49.25,69.37,8.46,14.6,31.6,0.6,9.8,8.5,5.2,58.8,28.3,9.3,11.6,28.8,0.7,39.2,23.0,8.4,ttm,edgar,,95,yfinance,,Overvalued
RVTY,0000031791,"Revvity, Inc.",Healthcare,Diagnostics & Research,yfinance,False,NYSE,3826,Laboratory Analytical Instruments,71.48,71.48,0.0,25.72,5.893,2.12,2.12,2.09,1.4,ok,yfinance,,-11.06,151.53,31.8,2.135,32.03,-0.7,2026-07-05,Slow Grower (declining earnings),6.0,P/E = 0% growth credit + dividend 0.2% (floor 6) · 5-year trend (regression on all points),"Earnings are contracting, so the model gives no credit for growth: the multiple comes from the dividend and the floor alone. Applied to normalized earnings where available, since the latest figure of a declining company is its lowest point. Check whether the decline is cyclical or structural.",earnings,current,,low,erratic earnings (volatility 82); earnings declining -30%/year,12.72,ok,1091.3,Overvalued,-29.6,5-year trend (regression on all points),-27.6,-29.6,0,0,,81.8,-0.41,,2.339,False,63,4,376.5,0.18,0.28,4.0,0.28,0.18,False,16908687360.0,111586401.0,2026-11-03,1.09,5.24,2911811000.0,2856051000.0,237554000.0,358847000.0,627633000.0,558113000.0,93992000.0,509411000.0,7228758000.0,12045834000.0,2633094000.0,3205250000.0,1022943000.0,2182307000.0,19090994360.0,53.2,6.08,5.81,30.3,3.2,60.0,3.0,8.2,12.3,0.36,3.3,-6.0,ttm,revenue=RevenueFromContractWithCustomerExcludingAssessedTax+Revenues+SalesRevenueNet;net_income=NetIncomeLoss;ebit=OperatingIncomeLoss;ocf=NetCashProvidedByUsedInOperatingActivities;capex=PaymentsToAcquirePropertyPlantAndEquipment;interest_expense=InterestExpenseNonoperating+InterestExpense;assets=Assets;equity=StockholdersEquity;long_term_debt=LongTermDebtNoncurrent;short_term_debt=DebtCurrent;cash=CashAndCashEquivalentsAtCarryingValue,4.1,64.78,26.09,5.0,-31.3,-27.6,-0.0,0.9,-9.7,3.2,53.7,-16.7,7.1,-33.7,-27.4,0.1,40.2,-15.5,7.2,ttm,edgar,,90,yfinance,,Overvalued
SBAC,0001034054,SBA Communications Corporation,Real Estate,REIT - Specialty,yfinance,False,Nasdaq,6798,Real Estate Investment Trusts,17.02,17.02,0.0,19.36,8.184,9.31,9.31,9.28,0.3,ok,yfinance,,14.0,158.49,139.65,7.273,109.1,28.0,2026-06-30,Fast Grower,25.0,P/E = growth 33% + dividend 3.2% (capped at 25) · 5-year trend (regression on all points),"High growth: the multiple tracks the growth rate but is capped at 25, because very few companies sustain that pace for years.",earnings,current,,high,"consistent earnings, growth measured over the full 5-year window",232.75,ok,-31.9,Undervalued,33.3,5-year trend (regression on all points),31.1,33.3,0,0,,42.8,2.14,0.51,-3.632,False,63,0,13.5,3.15,5.0,4.0,4.86,3.07,True,16813905920.0,106088110.0,2026-11-02,0.98,5.24,894161000.0,244498000.0,990713000.0,1367804000.0,1284318000.0,1036052000.0,,1066509000.0,-4629854000.0,11742320000.0,9150666000.0,12729222000.0,327051000.0,12402171000.0,29216076920.0,21.36,9.07,18.8,16.23,,-39.4,11.6,110.8,153.0,,6.16,-3.6,ttm,revenue=RevenueFromContractWithCustomerExcludingAssessedTax+Revenues;net_income=NetIncomeLoss;ebit=OperatingIncomeLoss;ocf=NetCashProvidedByUsedInOperatingActivities+NetCashProvidedByUsedInOperatingActivitiesContinuingOperations;capex=PaymentsToAcquirePropertyPlantAndEquipment+PaymentsToAcquireProductiveAssets;interest_expense=InterestExpense+InterestExpenseDebt;assets=Assets;equity=StockholdersEquity;long_term_debt=LongTermDebtNoncurrent;short_term_debt=LongTermDebtCurrent;cash=CashAndCashEquivalentsAtCarryingValue,5.1,-43.64,8.43,9.77,25.9,31.1,,0.3,6.0,-5.8,-1.9,2.9,10.1,24.9,29.8,,-3.3,1.8,6.2,ttm,edgar,,95,yfinance,,Overvalued
SBUX,0000829224,Starbucks Corporation,Consumer Cyclical,Restaurants,yfinance,False,Nasdaq,5810,Retail-Eating & Drinking Places,55.06,55.06,0.0,30.33,3.123,1.72,1.72,1.73,0.6,ok,yfinance,,-25.43,94.71,25.8,3.082,46.23,-44.2,2026-06-28,Cyclical,12.0,P/E 12 on 3-year normalized (mid-cycle) earnings,"Erratic, cycle-driven earnings: a low P/E can signal the peak of the cycle, not a bargain. The multiple is applied to mid-cycle earnings, so the fair value does not follow the peak.",earnings,normalized,,medium,erratic earnings (volatility 53),36.98,ok,156.1,Overvalued,-16.8,5-year trend (regression on all points),-6.3,-16.8,0,0,,52.5,-0.26,,-14.067,False,68,6,267.1,2.62,2.48,4.0,2.48,2.62,False,107969396736.0,1140000000.0,2026-10-28,0.96,5.24,38338300000.0,37184400000.0,1982700000.0,2977500000.0,4985900000.0,3642100000.0,556400000.0,2442000000.0,-7674300000.0,28294700000.0,11780200000.0,13278600000.0,3449800000.0,9828800000.0,117798196736.0,39.56,3.3,2.82,29.64,,-27.1,10.5,5.2,7.8,,3.37,-26.4,ttm,revenue=Revenues+SalesRevenueNet;net_income=NetIncomeLoss;ebit=OperatingIncomeLoss;ocf=NetCashProvidedByUsedInOperatingActivities;capex=PaymentsToAcquirePropertyPlantAndEquipment;interest_expense=InterestExpense+InterestExpenseDebt;assets=Assets;equity=StockholdersEquity;long_term_debt=LongTermDebtNoncurrent;short_term_debt=LongTermDebtCurrent;cash=CashAndCashEquivalentsAtCarryingValue,4.5,-6.73,33.63,3.19,-19.3,-6.3,-0.3,3.1,7.2,6.4,6.9,-4.7,2.5,-19.4,-6.9,-2.9,-1.2,-3.5,1.6,ttm,edgar,,97,yfinance,,Overvalued
SCHW,0000316709,The Charles Schwab Corporation,Financial Services,Capital Markets,yfinance,False,NYSE,6211,"Security Brokers, Dealers & Flotation Companies",17.91,17.91,0.0,12.35,7.827,5.4,5.4,5.49,1.7,ok,yfinance,,47.58,96.7,81.0,3.098,46.48,74.3,2026-06-30,Stalwart,12.1,P/E = growth 11% + dividend 1.3% · 5-year trend (regression on all points),"Solid, predictable growth: the fair P/E matches the growth rate plus the dividend yield (PEG = 1).",earnings,current,,high,"consistent earnings, growth measured over the full 5-year window",65.61,ok,47.4,Overvalued,10.8,5-year trend (regression on all points),18.3,10.8,0,0,,41.3,0.68,1.65,3.804,False,63,8,19.4,1.32,1.28,4.0,1.23,1.27,False,167226753024.0,1729335714.0,2026-10-15,0.75,5.24,26025000000.0,23921000000.0,1252852000.0,13058000000.0,11417000000.0,10789000000.0,,8763000000.0,50147000000.0,517266000000.0,22669000000.0,36614000000.0,40580000000.0,-3966000000.0,163260753024.0,12.5,-0.3,6.43,15.5,2.5,9.7,2.5,4.8,50.2,0.45,6.45,327.5,ttm,revenue=Revenues;net_income=NetIncomeLoss;ebit=IncomeLossFromContinuingOperationsBeforeIncomeTaxesExtraordinaryItemsNoncontrollingInterest+IncomeLossFromContinuingOperationsBeforeIncomeTaxesMinorityInterestAndIncomeLossFromEquityMethodInvestments;ocf=NetCashProvidedByUsedInOperatingActivities+NetCashProvidedByUsedInOperatingActivitiesContinuingOperations;capex=PaymentsToAcquirePropertyPlantAndEquipment;interest_expense=InterestExpense;assets=Assets;equity=StockholdersEquity;long_term_debt=LongTermDebtAndCapitalLeaseObligations;short_term_debt=ShortTermBorrowings;cash=CashAndCashEquivalentsAtCarryingValue,20.3,29.0,15.05,6.24,17.0,18.3,16.9,7.8,10.4,14.2,0.4,8.7,13.0,,-22.8,-2.8,-0.3,7.8,12.5,ttm,edgar,,95,yfinance,,Overvalued
SHW,0000089800,The Sherwin-Williams Company,Basic Materials,Specialty Chemicals,yfinance,False,NYSE,5200,"Retail-Building Materials, Hardware, Garden Supply",29.58,29.58,0.0,23.49,13.601,10.8,10.8,10.84,0.4,ok,yfinance,,7.54,319.51,162.0,10.127,151.91,6.6,2026-06-30,Stalwart,11.1,P/E = growth 10% + dividend 1.0% · 5-year trend (regression on all points),"Solid, predictable growth: the fair P/E matches the growth rate plus the dividend yield (PEG = 1).",earnings,current,,high,"consistent earnings, growth measured over the full 5-year window",119.91,ok,166.5,Overvalued,10.1,5-year trend (regression on all points),6.3,10.1,0,0,,14.0,0.38,2.93,20.003,False,67,6,97.2,1.0,3.2,4.0,3.19,1.0,False,77563658240.0,242758151.0,2026-10-27,1.09,5.24,24410300000.0,23574300000.0,2688200000.0,3491800000.0,3886700000.0,3213200000.0,447500000.0,2654000000.0,3854700000.0,26951400000.0,8327300000.0,9825700000.0,293500000.0,9532200000.0,87095858240.0,24.94,2.73,3.18,24.14,65.1,14.3,13.0,11.0,14.3,2.16,4.14,27.4,ttm,revenue=RevenueFromContractWithCustomerExcludingAssessedTax+Revenues+SalesRevenueNet;net_income=NetIncomeLoss;ebit=IncomeLossFromContinuingOperationsBeforeIncomeTaxesExtraordinaryItemsNoncontrollingInterest+OperatingIncomeLoss+IncomeLossFromContinuingOperationsBeforeIncomeTaxesMinorityInterestAndIncomeLossFromEquityMethodInvestments;ocf=NetCashProvidedByUsedInOperatingActivities;capex=PaymentsToAcquireProductiveAssets+PaymentsToAcquirePropertyPlantAndEquipment;interest_expense=InterestExpenseNonoperating+InterestExpenseDebt+InterestExpense;assets=Assets;equity=StockholdersEquity;long_term_debt=LongTermDebtNoncurrent;short_term_debt=LongTermDebtCurrent;cash=CashAndCashEquivalentsAtCarryingValue,5.8,15.88,100.55,13.24,6.4,6.3,10.7,2.1,4.4,7.8,22.4,-0.1,9.1,4.7,4.4,9.2,14.7,1.9,9.2,ttm,edgar,,95,yfinance,,Overvalued
SJM,0000091419,The J. M. Smucker Company,Consumer Defensive,Packaged Foods,yfinance,False,NYSE,2033,"Canned, Fruits, Veg, Preserves, Jams & Jellies",54.0,54.0,0.0,10.73,10.922,2.17,2.17,2.14,1.4,ok,yfinance,,115.6,117.19,32.55,,,,2026-07-31,Turnaround,,earnings not normalizable — back to profit only 0.3 years ago,Losses too recent or too frequent for the P/E to be a reliable basis. Assess the margin recovery and the balance sheet strength.,none,current,,low,erratic earnings (volatility 126),,no valuation anchor for this category,,N/A,-21.4,"5-year CAGR (two endpoints, window contains losses)",-21.4,,9,2,0.3,125.6,-0.33,,2.177,True,66,0,260.0,3.82,4.48,4.0,4.42,3.77,False,12518608896.0,106823183.0,2026-11-24,0.26,5.24,9156900000.0,9050900000.0,229500000.0,826200000.0,1909900000.0,1588400000.0,,1156200000.0,5750800000.0,16203200000.0,6394300000.0,6544300000.0,43200000.0,6501100000.0,19019708896.0,23.02,7.87,1.37,7.88,3.9,35.5,5.1,2.5,9.0,1.11,12.69,41.6,ttm,revenue=RevenueFromContractWithCustomerIncludingAssessedTax+SalesRevenueGoodsNet;net_income=NetIncomeLoss;ebit=OperatingIncomeLoss;ocf=NetCashProvidedByUsedInOperatingActivities+NetCashProvidedByUsedInOperatingActivitiesContinuingOperations;capex=PaymentsToAcquirePropertyPlantAndEquipment;interest_expense=InterestExpense;assets=Assets;equity=StockholdersEquity;long_term_debt=LongTermDebtNoncurrent;short_term_debt=LongTermDebtCurrent;cash=CashAndCashEquivalentsAtCarryingValue,5.1,53.83,85.72,14.87,,-21.4,-9.9,2.7,3.0,1.8,20.3,9.8,2.9,,-22.0,-10.8,9.6,8.1,3.2,ttm,edgar,,64,yfinance,,Overvalued
SLB,0000087347,SLB N.V.,Energy,Oil & Gas Equipment & Services,yfinance,False,NYSE,1389,"Oil & Gas Field Services, NEC",23.78,23.78,0.0,15.19,3.209,2.05,2.05,2.05,0.0,ok,yfinance,,-29.79,48.74,30.75,2.915,43.72,-29.7,2026-06-30,Cyclical,12.0,P/E 12 on 3-year normalized (mid-cycle) earnings,"Erratic, cycle-driven earnings: a low P/E can signal the peak of the cycle, not a bargain. The multiple is applied to mid-cycle earnings, so the fair value does not follow the peak.",earnings,normalized,,medium,erratic earnings (volatility 54),34.98,ok,39.3,Overvalued,17.5,5-year trend (regression on all points),22.9,17.5,0,0,,54.3,0.84,1.36,2.774,False,67,2,58.5,2.42,1.18,4.0,1.17,2.4,False,72337145856.0,1484143231.0,2026-10-23,0.77,5.24,36366000000.0,35708000000.0,3101000000.0,3918000000.0,6533000000.0,4806000000.0,512000000.0,4795000000.0,26074000000.0,55532000000.0,11140000000.0,11140000000.0,,,83477145856.0,21.31,,1.99,15.05,13.4,47.0,7.1,8.5,10.8,0.43,6.64,2.7,ttm,revenue=RevenueFromContractWithCustomerExcludingAssessedTax+Revenues;net_income=NetIncomeLoss;ebit=IncomeLossFromContinuingOperationsBeforeIncomeTaxesExtraordinaryItemsNoncontrollingInterest+OperatingIncomeLoss+IncomeLossFromContinuingOperationsBeforeIncomeTaxesMinorityInterestAndIncomeLossFromEquityMethodInvestments;ocf=NetCashProvidedByUsedInOperatingActivities+NetCashProvidedByUsedInOperatingActivitiesContinuingOperations;capex=PaymentsToAcquirePropertyPlantAndEquipment;interest_expense=InterestExpense;assets=Assets;equity=StockholdersEquity;long_term_debt=LongTermDebtNoncurrent;short_term_debt=LongTermDebtCurrent;cash=CashAndCashEquivalentsAtCarryingValue,2.5,17.57,24.5,3.24,-9.1,22.9,,5.2,10.9,2.0,13.5,17.7,-1.1,-7.7,24.9,,8.5,16.8,-1.5,ttm,edgar,,95,yfinance,,Overvalued
SMCI,0001375365,"Super Micro Computer, Inc.",Technology,Computer Hardware,yfinance,False,Nasdaq,3571,Electronic Computers,12.85,12.85,0.0,8.2,5.326,3.4,3.4,3.26,4.1,ok,yfinance,1.043,94.05,43.69,51.0,1.881,28.22,80.7,2026-06-30,Fast Grower,25.0,P/E = growth 59% + dividend 0.0% (capped at 25) · 5-year trend (regression on all points),"High growth: the multiple tracks the growth rate but is capped at 25, because very few companies sustain that pace for years.",earnings,current,,medium,erratic earnings (volatility 62),85.0,ok,-48.6,Undervalued,58.5,5-year trend (regression on all points),73.2,58.5,0,0,,62.0,4.55,0.22,2.799,False,61,1,-14.3,,,,,,False,28702816256.0,656965384.0,2026-11-03,2.0,5.24,39063072000.0,39063072000.0,2230453000.0,2770486000.0,-6809886000.0,-6971885000.0,194574000.0,-6971885000.0,14479452000.0,29945467000.0,4664139000.0,4664139000.0,7521474000.0,-2857335000.0,25845481256.0,9.33,-1.03,0.73,,21.5,48.4,9.3,5.7,7.1,0.32,-24.29,-555.0,ttm,revenue=RevenueFromContractWithCustomerExcludingAssessedTax+Revenues+SalesRevenueNet;net_income=NetIncomeLoss+ProfitLoss;ebit=OperatingIncomeLoss;ocf=NetCashProvidedByUsedInOperatingActivities;capex=PaymentsToAcquirePropertyPlantAndEquipment;interest_expense=InterestExpenseNonoperating+InterestExpense;assets=Assets;equity=StockholdersEquity;long_term_debt=LongTermDebtNoncurrent;short_term_debt=DebtCurrent;cash=CashAndCashEquivalentsAtCarryingValue,77.8,22.04,59.46,-10.61,41.9,73.2,37.1,76.3,61.5,33.2,,,,51.6,82.0,41.0,,,,ttm,edgar,,95,yfinance,dividend_yield,Undervalued
SNA,0000091440,Snap-on Incorporated,Industrials,Tools & Accessories,yfinance,False,NYSE,3420,"Cutlery, Handtools & General Hardware",18.82,18.82,0.0,17.18,21.473,19.6,19.6,19.61,0.1,ok,yfinance,,4.53,368.9,294.0,19.14,287.1,2.4,2026-07-04,Slow Grower,8.7,"P/E = growth 6% + dividend 2.6% (floor 6, cap 12) · 5-year trend (regression on all points)",Modest growth: deserves a contained multiple. The dividend partly offsets the lower growth.,earnings,current,,high,"consistent earnings, growth measured over the full 5-year window",170.06,ok,116.9,Overvalued,6.0,5-year trend (regression on all points),6.4,6.0,0,0,,7.4,0.46,3.12,3.158,False,63,3,25.5,2.65,9.76,4.0,9.76,2.65,False,19082135552.0,51727124.0,2026-10-15,0.71,5.24,4828900000.0,4709300000.0,1033700000.0,1342200000.0,1186200000.0,1108500000.0,50500000.0,1005700000.0,6041300000.0,8640900000.0,887000000.0,904200000.0,1644700000.0,-740500000.0,18341635552.0,13.67,-0.55,3.95,17.21,17.6,69.9,15.5,21.4,27.8,0.15,5.81,-11.3,ttm,revenue=RevenueFromContractWithCustomerExcludingAssessedTax+SalesRevenueNet+Revenues;net_income=NetIncomeLoss+ProfitLoss;ebit=OperatingIncomeLoss;ocf=NetCashProvidedByUsedInOperatingActivities+NetCashProvidedByUsedInOperatingActivitiesContinuingOperations;capex=PaymentsForCapitalImprovements;interest_expense=InterestExpenseNonoperating+InterestExpense;assets=Assets;equity=StockholdersEquity;long_term_debt=LongTermDebtNoncurrent;short_term_debt=DebtCurrent;cash=CashAndCashEquivalentsAtCarryingValue,4.2,116.79,93.35,21.43,2.8,6.4,8.4,1.6,3.3,3.0,10.5,1.6,8.3,1.9,5.5,7.2,9.1,1.5,7.6,ttm,edgar,,91,yfinance,,Overvalued
SNDK,0002023554,Sandisk Corporation,Technology,Computer Hardware,yfinance,False,Nasdaq,3572,Computer Storage Devices,24.21,24.21,0.0,6.53,263.486,71.04,71.04,73.76,3.8,ok,yfinance,0.963,751.59,1719.99,1065.6,,,,2026-07-03,Turnaround,,earnings not normalizable — back to profit only 0.5 years ago,Losses too recent or too frequent for the P/E to be a reliable basis. Assess the margin recovery and the balance sheet strength.,none,current,,low,growth not calculable on any window,,no valuation anchor for this category,,N/A,,not calculable,,,3,1,0.5,,,,16.286,True,5,0,61.4,,,,,,False,251839234048.0,146419001.0,2026-10-29,,5.24,20248000000.0,20248000000.0,11433000000.0,12389000000.0,11671000000.0,11494000000.0,73000000.0,11494000000.0,15736000000.0,22507000000.0,0.0,0.0,4762000000.0,-4762000000.0,247077234048.0,19.94,-0.38,12.44,21.91,91.6,69.9,55.0,56.5,61.2,0.0,4.56,9678.3,ttm,revenue=RevenueFromContractWithCustomerExcludingAssessedTax;net_income=NetIncomeLoss;ebit=OperatingIncomeLoss+IncomeLossFromContinuingOperationsBeforeIncomeTaxesExtraordinaryItemsNoncontrollingInterest;ocf=NetCashProvidedByUsedInOperatingActivities;capex=PaymentsToAcquirePropertyPlantAndEquipment;interest_expense=InterestExpenseNonoperating;assets=Assets;equity=StockholdersEquity;long_term_debt=LongTermDebtNoncurrent;short_term_debt=LongTermDebtCurrent;cash=CashAndCashEquivalentsAtCarryingValue,175.3,107.47,138.29,78.5,,,,,,,,,,,,,,,,ttm,edgar,,92,yfinance,dividend_yield;growth_5y,Overvalued
SNPS,0000883241,"Synopsys, Inc.",Technology,Software - Infrastructure,yfinance,False,Nasdaq,7372,Services-Prepackaged Software,85.5,85.5,0.0,26.36,18.583,5.73,5.73,5.71,0.3,ok,yfinance,,-55.15,489.9,85.95,9.152,137.28,-37.4,2026-07-31,Slow Grower,9.8,"P/E = growth 10% + dividend not available (treated as 0) (floor 6, cap 12) · 5-year trend (regression on all points)",Modest growth: deserves a contained multiple. The dividend partly offsets the lower growth.,earnings,current,,high,"consistent earnings, growth measured over the full 5-year window",56.39,ok,768.7,Overvalued,9.8,5-year trend (regression on all points),3.5,9.8,0,0,,35.2,0.12,8.69,3.013,False,64,2,470.0,,,,,,False,93882785792.0,191636646.0,2026-08-26,1.23,5.24,9416465000.0,7054178000.0,1076559000.0,802356000.0,2938341000.0,2747706000.0,624065000.0,1349154000.0,31152539000.0,47726263000.0,9017113000.0,10037360000.0,3606286000.0,6431074000.0,100313859792.0,125.02,8.02,9.97,34.17,3.7,65.3,1.7,11.4,8.5,0.29,2.93,6.4,ttm,revenue=RevenueFromContractWithCustomerExcludingAssessedTax+Revenues;net_income=NetIncomeLoss+ProfitLoss;ebit=OperatingIncomeLoss+IncomeLossFromContinuingOperationsBeforeIncomeTaxesMinorityInterestAndIncomeLossFromEquityMethodInvestments;ocf=NetCashProvidedByUsedInOperatingActivities+NetCashProvidedByUsedInOperatingActivitiesContinuingOperations;capex=PaymentsToAcquirePropertyPlantAndEquipment;interest_expense=InterestExpenseNonoperating+InterestExpense;assets=Assets;equity=StockholdersEquity;long_term_debt=LongTermDebtNoncurrent;short_term_debt=DebtCurrent;cash=CashAndCashEquivalentsAtCarryingValue,46.3,162.56,49.14,14.34,-5.0,3.5,13.8,25.2,18.2,14.8,19.7,17.6,18.0,1.3,7.4,16.0,18.4,17.3,17.4,ttm,edgar,,64,yfinance,dividend_yield,Overvalued
SO,0000092122,The Southern Company,Utilities,Utilities - Regulated Electric,yfinance,False,NYSE,4911,Electric Services,20.12,20.13,0.0,17.01,4.923,4.16,4.16,3.91,6.0,ok,yfinance,1.064,-6.24,83.72,62.4,4.165,62.48,-0.1,2026-03-31,Stalwart,14.4,P/E = growth 11% + dividend 3.6% · 5-year trend (regression on all points),"Solid, predictable growth: the fair P/E matches the growth rate plus the dividend yield (PEG = 1).",earnings,current,,high,"consistent earnings, growth measured over the full 5-year window",60.0,ok,39.5,Overvalued,10.8,5-year trend (regression on all points),4.2,10.8,0,0,,21.4,0.72,1.86,2.434,False,66,2,34.2,3.63,3.04,4.0,3.0,3.58,False,96308396032.0,1150362966.0,2026-11-05,0.32,5.24,29396000000.0,28942000000.0,4363000000.0,7293000000.0,9778000000.0,-3466000000.0,3302000000.0,-2935000000.0,39912000000.0,157031000000.0,67148000000.0,68821000000.0,981000000.0,67840000000.0,164148396032.0,22.51,9.3,3.28,,11.3,25.4,4.6,14.8,24.8,1.68,-3.6,-452.3,ttm,revenue=RevenueFromContractWithCustomerIncludingAssessedTax+Revenues;net_income=NetIncomeLoss+NetIncomeLossAvailableToCommonStockholdersBasic;ebit=OperatingIncomeLoss;ocf=NetCashProvidedByUsedInOperatingActivities;capex=PaymentsToAcquirePropertyPlantAndEquipment;interest_expense=InterestAndDebtExpense;assets=Assets;equity=StockholdersEquity;long_term_debt=LongTermDebtAndCapitalLeaseObligations;short_term_debt=ShortTermBorrowings;cash=CashAndCashEquivalentsAtCarryingValue,6.2,34.7,25.55,-3.01,8.3,4.2,4.3,4.3,5.3,5.4,,,,9.2,5.2,6.4,20.7,6.8,4.6,ttm,edgar,,186,yfinance,,Overvalued
SOLV,0001964738,Solventum Corporation,Healthcare,Medical Instruments & Supplies,yfinance,False,NYSE,3841,Surgical & Medical Instruments & Apparatus,10.73,10.73,0.0,12.15,7.23,8.19,8.19,8.19,0.0,ok,yfinance,,277.42,87.85,122.85,7.46,111.9,9.8,2026-06-30,Stalwart (mid cap),11.4,P/E = growth 11% + dividend 0.0% · 5-year trend (regression on all points),"Solid, predictable growth: the fair P/E matches the growth rate plus the dividend yield (PEG = 1).",earnings,current,,medium,erratic earnings (volatility 134),93.61,ok,-6.2,Undervalued,11.4,5-year trend (regression on all points),,11.4,0,0,,134.3,1.07,0.94,3.113,False,11,0,-28.5,,,,,,False,14954153984.0,170223729.0,2026-11-05,0.69,5.24,8310000000.0,8325000000.0,1434000000.0,2076000000.0,209000000.0,-118000000.0,,-10000000.0,4800000000.0,14243000000.0,4573000000.0,5079000000.0,403000000.0,4676000000.0,19630153984.0,9.46,2.25,1.8,,34.0,33.7,14.6,17.3,25.0,0.95,-0.79,-101.2,ttm,revenue=Revenues;net_income=NetIncomeLoss;ebit=OperatingIncomeLoss;ocf=NetCashProvidedByUsedInOperatingActivities;capex=PaymentsToAcquirePropertyPlantAndEquipment;assets=Assets;equity=StockholdersEquity;long_term_debt=LongTermDebtNoncurrent;short_term_debt=DebtCurrent;cash=CashAndCashEquivalentsAtCarryingValue,-0.9,28.2,48.82,-0.69,2.0,,,0.5,,,,,,2.6,,,-58.8,,,ttm,edgar,,95,yfinance,dividend_yield,Undervalued
SPG,0001063761,"Simon Property Group, Inc.",Real Estate,REIT - Retail,yfinance,False,NYSE,6798,Real Estate Investment Trusts,14.16,14.16,0.0,29.67,6.773,14.19,14.19,14.18,0.1,ok,yfinance,,119.17,200.95,212.85,7.39,110.85,92.0,2026-06-30,Stalwart,19.2,P/E = growth 15% + dividend 4.5% · 5-year trend (regression on all points),"Solid, predictable growth: the fair P/E matches the growth rate plus the dividend yield (PEG = 1).",earnings,current,,high,"consistent earnings, growth measured over the full 5-year window",272.69,ok,-26.3,Undervalued,14.7,5-year trend (regression on all points),25.4,14.7,0,0,,35.9,1.36,0.96,14.796,False,67,3,-5.6,4.48,9.0,4.0,8.9,4.43,False,76285337600.0,379623473.0,2026-11-02,1.31,5.24,6940725000.0,6364505000.0,4617151000.0,3289844000.0,4122942000.0,3217536000.0,1071942000.0,3202205000.0,4434416000.0,39709266000.0,28699607000.0,28699607000.0,1019091000.0,27680516000.0,103965853600.0,31.6,8.41,10.99,23.71,134.1,11.2,8.3,66.5,47.4,6.47,4.22,4.7,ttm,revenue=Revenues;net_income=NetIncomeLossAvailableToCommonStockholdersBasic;ebit=OperatingIncomeLoss;ocf=NetCashProvidedByUsedInOperatingActivities;capex=PaymentsToAcquireProductiveAssets;interest_expense=InterestExpense;assets=Assets;equity=StockholdersEquity;long_term_debt=LongTermDebt;cash=CashAndCashEquivalentsAtCarryingValue,15.0,11.68,18.28,8.48,29.2,25.4,9.7,8.5,8.2,2.6,1.2,1.3,3.3,29.0,25.5,10.2,2.5,4.0,2.5,ttm,edgar,,95,yfinance,,Undervalued
SPGI,0000064040,S&P Global Inc.,Financial Services,Financial Data & Stock Exchanges,yfinance,False,NYSE,7320,"Services-Consumer Credit Reporting, Collection Agencies",23.64,23.64,0.0,19.11,20.217,16.34,16.34,14.957,8.5,ok,yfinance,1.092,24.19,386.27,245.1,12.237,183.55,33.5,2026-03-31,Slow Grower,6.0,"P/E = growth 5% + dividend 1.0% (floor 6, cap 12) · 5-year trend (regression on all points)",Modest growth: deserves a contained multiple. The dividend partly offsets the lower growth.,earnings,current,,high,"consistent earnings, growth measured over the full 5-year window",98.04,ok,294.0,Overvalued,4.6,5-year trend (regression on all points),9.2,4.6,0,0,,23.4,0.24,5.15,3.615,False,66,5,57.6,1.0,3.88,4.0,3.7136,0.96,False,113872396288.0,294800000.0,2026-10-27,1.08,5.24,15730000000.0,15336000000.0,4777000000.0,6902000000.0,5735000000.0,5556000000.0,306000000.0,5456000000.0,31173000000.0,60792000000.0,10621000000.0,13318000000.0,1810000000.0,11508000000.0,125380396288.0,18.17,1.67,7.24,20.5,14.8,51.3,11.4,30.4,43.9,0.34,4.88,-2.0,ttm,revenue=RevenueFromContractWithCustomerExcludingAssessedTax+Revenues;net_income=NetIncomeLoss;ebit=OperatingIncomeLoss+IncomeLossFromContinuingOperationsBeforeIncomeTaxesMinorityInterestAndIncomeLossFromEquityMethodInvestments;ocf=NetCashProvidedByUsedInOperatingActivities+NetCashProvidedByUsedInOperatingActivitiesContinuingOperations;capex=PaymentsToAcquireProductiveAssets+PaymentsToAcquirePropertyPlantAndEquipment;interest_expense=InterestExpenseNonoperating+InterestExpense;assets=Assets;equity=StockholdersEquity;long_term_debt=LongTermDebtNoncurrent;short_term_debt=DebtCurrent;cash=CashAndCashEquivalentsAtCarryingValue,8.5,105.74,53.36,18.85,24.5,9.2,14.1,9.6,15.4,11.3,24.6,9.2,12.2,19.4,14.2,15.3,24.4,9.4,11.7,ttm,edgar,,186,yfinance,,Overvalued
SRE,0001032208,Sempra,Utilities,Utilities - Diversified,yfinance,False,NYSE,4932,Gas & Other Services Combined,26.66,22.65,17.7,14.15,5.54,2.94,3.46,2.94,15.0,check,edgar,,-35.38,78.38,44.1,4.365,65.48,-32.6,2026-03-31,Slow Grower,10.6,"P/E = growth 7% + dividend 3.4% (floor 6, cap 12) · 5-year trend (regression on all points)",Modest growth: deserves a contained multiple. The dividend partly offsets the lower growth.,earnings,current,,medium,erratic earnings (volatility 83),31.08,ok,152.2,Overvalued,7.2,5-year trend (regression on all points),-14.8,7.2,0,0,,83.4,0.4,3.7,1.568,False,62,1,77.7,3.36,2.632,4.0,2.619,3.34,False,51252707328.0,653900348.0,2026-11-04,0.56,5.24,12165000000.0,12418000000.0,1957000000.0,1993000000.0,4892000000.0,-5845000000.0,1481000000.0,-6047000000.0,32239000000.0,113518000000.0,30847000000.0,34555000000.0,794000000.0,33761000000.0,85013707328.0,42.66,16.94,4.21,,6.1,28.4,1.8,16.1,16.4,0.96,-11.4,-82.8,ttm,revenue=RevenueFromContractWithCustomerExcludingAssessedTax+Revenues+SalesRevenueNet;net_income=NetIncomeLoss+NetIncomeLossAvailableToCommonStockholdersBasic;ebit=IncomeLossFromContinuingOperationsBeforeIncomeTaxesExtraordinaryItemsNoncontrollingInterest+IncomeLossFromContinuingOperationsBeforeIncomeTaxesMinorityInterestAndIncomeLossFromEquityMethodInvestments;ocf=NetCashProvidedByUsedInOperatingActivities;capex=PaymentsToAcquireProductiveAssets+PaymentsToAcquirePropertyPlantAndEquipment;interest_expense=InterestExpenseNonoperating+InterestExpense;assets=Assets;equity=StockholdersEquity;long_term_debt=LongTermDebtAndCapitalLeaseObligations;short_term_debt=ShortTermBorrowings;cash=CashAndCashEquivalentsAtCarryingValue,3.1,49.3,18.6,-8.94,-8.8,-14.8,1.6,-8.6,3.1,1.8,,,,-7.9,-12.8,4.5,47.8,12.0,6.1,ttm,edgar,,186,yfinance,,Overvalued
STE,0001757898,STERIS plc,Healthcare,Medical Devices,yfinance,False,NYSE,3842,"Orthopedic, Prosthetic & Surgical Appliances & Supplies",25.59,25.59,0.0,17.03,12.247,8.15,8.15,8.18,0.4,ok,yfinance,,25.08,208.54,122.25,6.162,92.43,32.3,2026-06-30,Fast Grower,24.2,P/E = growth 23% + dividend 1.3% (capped at 25) · 5-year trend (regression on all points),"High growth: the multiple tracks the growth rate but is capped at 25, because very few companies sustain that pace for years.",earnings,current,,high,"consistent earnings, growth measured over the full 5-year window",197.47,ok,5.6,Overvalued,22.9,5-year trend (regression on all points),19.6,22.9,0,0,,22.1,0.95,1.12,2.821,False,32,2,70.6,1.32,2.76,4.0,1.95,0.94,False,20332673024.0,97500110.0,2026-11-04,0.91,5.24,6037600000.0,5935900000.0,805100000.0,1141600000.0,1288500000.0,925600000.0,60700000.0,972400000.0,7206700000.0,10736100000.0,1650200000.0,1893600000.0,482300000.0,1411300000.0,21743973024.0,19.05,1.24,3.37,21.97,11.4,67.1,10.6,13.3,18.9,0.23,4.55,25.0,ttm,revenue=Revenues;net_income=NetIncomeLoss;ebit=OperatingIncomeLoss+IncomeLossFromContinuingOperationsBeforeIncomeTaxesExtraordinaryItemsNoncontrollingInterest;ocf=NetCashProvidedByUsedInOperatingActivities;capex=PaymentsToAcquirePropertyPlantAndEquipment;interest_expense=InterestExpenseNonoperating+InterestExpense;assets=Assets;equity=StockholdersEquity;long_term_debt=LongTermDebtNoncurrent;short_term_debt=ShortTermBorrowings;cash=CashAndCashEquivalentsAtCarryingValue,8.4,73.91,61.92,9.49,12.9,19.6,10.8,9.0,12.1,14.2,23.3,16.9,14.4,88.9,23.0,16.2,16.9,14.6,12.8,ttm,edgar,,95,yfinance,,Overvalued
STLD,0001022671,"Steel Dynamics, Inc.",Basic Materials,Steel,yfinance,False,Nasdaq,3312,"Steel Works, Blast Furnaces & Rolling Mills (Coke Ovens)",20.55,20.55,0.0,11.85,19.573,11.29,11.29,11.01,2.5,ok,yfinance,1.025,59.57,231.99,169.35,10.69,160.35,5.6,2026-06-30,Slow Grower (declining earnings),6.0,P/E = 0% growth credit + dividend 0.9% (floor 6) · 5-year trend (regression on all points),"Earnings are contracting, so the model gives no credit for growth: the multiple comes from the dividend and the floor alone. Applied to normalized earnings where available, since the latest figure of a declining company is its lowest point. Check whether the decline is cyclical or structural.",earnings,current,,medium,earnings declining -13%/year,67.74,ok,242.5,Overvalued,-12.8,5-year trend (regression on all points),10.4,-12.8,0,0,,36.7,-0.58,,3.537,False,63,2,37.0,0.91,2.12,4.0,2.09,0.9,False,33250684928.0,143328088.0,2026-10-19,1.51,5.24,20538678000.0,18176581000.0,1607241000.0,2056470000.0,1571572000.0,955563000.0,112892000.0,501509000.0,9419532000.0,17113399000.0,4180810000.0,4182142000.0,567708000.0,3614434000.0,36865118928.0,17.93,1.76,1.62,34.8,17.6,55.0,12.0,7.8,10.0,0.44,2.87,2233.8,ttm,revenue=RevenueFromContractWithCustomerExcludingAssessedTax+Revenues+RevenueFromContractWithCustomerIncludingAssessedTax;net_income=NetIncomeLoss+NetIncomeLossAvailableToCommonStockholdersBasic;ebit=OperatingIncomeLoss;ocf=NetCashProvidedByUsedInOperatingActivities+NetCashProvidedByUsedInOperatingActivitiesContinuingOperations;capex=PaymentsToAcquirePropertyPlantAndEquipment;interest_expense=InterestExpenseNonoperating+InterestExpense;assets=Assets;equity=StockholdersEquity;long_term_debt=LongTermDebtNoncurrent;short_term_debt=LongTermDebtCurrent;cash=CashAndCashEquivalentsAtCarryingValue,19.8,65.72,143.3,6.67,-13.9,10.4,71.5,-0.5,9.7,10.9,-31.8,,1.3,-18.8,2.5,63.1,-27.8,6.6,5.1,ttm,edgar,,95,yfinance,,Overvalued
STT,0000093751,State Street Corporation,Financial Services,Asset Management,yfinance,False,NYSE,6022,State Commercial Banks,15.41,15.41,0.0,11.48,15.324,11.42,11.42,11.33,0.8,ok,yfinance,,27.3,175.96,171.3,8.613,129.19,32.6,2026-06-30,Slow Grower,10.1,"P/E = growth 8% + dividend 2.1% (floor 6, cap 12) · 5-year trend (regression on all points)",Modest growth: deserves a contained multiple. The dividend partly offsets the lower growth.,earnings,current,,high,"consistent earnings, growth measured over the full 5-year window",115.32,ok,52.6,Overvalued,8.0,5-year trend (regression on all points),12.5,8.0,0,0,,18.4,0.66,1.92,2.022,False,67,7,2.7,2.09,3.68,4.0,3.44,1.95,True,48336523264.0,274701765.0,2026-10-14,1.42,5.24,15056000000.0,13944000000.0,3456159408.0,4378000000.0,3474000000.0,2019000000.0,,10843000000.0,28268000000.0,418381000000.0,25704000000.0,30076000000.0,4290000000.0,25786000000.0,74122523264.0,16.93,5.89,3.21,23.94,12.4,6.8,1.0,23.0,29.1,0.91,4.18,176.7,ttm,revenue=Revenues;net_income=NetIncomeLoss;ebit=IncomeLossFromContinuingOperationsBeforeIncomeTaxesExtraordinaryItemsNoncontrollingInterest+IncomeLossFromContinuingOperationsBeforeIncomeTaxesMinorityInterestAndIncomeLossFromEquityMethodInvestments;ocf=NetCashProvidedByUsedInOperatingActivities;capex=PaymentsToAcquirePropertyPlantAndEquipment;interest_expense=InterestExpense;assets=Assets;equity=StockholdersEquity;long_term_debt=LongTermDebtAndCapitalLeaseObligations;short_term_debt=OtherShortTermBorrowings;cash=CashCashEquivalentsRestrictedCashAndRestrictedCashEquivalents,12.3,102.9,54.81,7.35,15.3,12.5,8.7,6.9,5.2,4.0,-34.0,,-12.2,8.1,7.8,4.9,-23.6,,-8.2,ttm,edgar,,95,yfinance,,Overvalued
STX,0001137789,Seagate Technology Holdings plc,Technology,Computer Hardware,yfinance,False,Nasdaq,3572,Computer Storage Devices,68.03,68.03,0.0,15.33,55.371,12.48,12.48,13.9,11.4,ok,yfinance,0.898,105.32,848.99,187.2,5.513,82.69,126.4,2026-07-03,Stalwart (recovering),15.0,"P/E 15 — growth of 21% measured from a loss-making base (5-year CAGR (two endpoints, window contains losses))","The measured growth rate is a rebound off depressed earnings, not a trend, so it does not earn a fast grower's multiple. The multiple is capped at the stalwart level until the company has a full window of profitable history.",earnings,current,,low,"erratic earnings (volatility 126); one loss episode 2 years ago, profitable since",187.2,ok,353.5,Overvalued,21.0,"5-year CAGR (two endpoints, window contains losses)",21.0,,5,1,2.3,126.2,0.31,3.24,88.853,True,65,0,353.5,0.35,2.96,4.0,2.96,0.35,False,193054392320.0,227393014.0,2026-10-27,2.09,5.24,12195000000.0,12195000000.0,3184000000.0,4094000000.0,3674000000.0,3105000000.0,284000000.0,3105000000.0,2167000000.0,9972000000.0,3380000000.0,3565000000.0,1704000000.0,1861000000.0,194915392320.0,47.61,0.45,15.83,62.18,371.5,21.7,41.1,26.1,33.6,1.56,1.61,279.6,ttm,revenue=RevenueFromContractWithCustomerExcludingAssessedTax+SalesRevenueNet+Revenues;net_income=NetIncomeLoss+ProfitLoss;ebit=OperatingIncomeLoss;ocf=NetCashProvidedByUsedInOperatingActivities;capex=PaymentsToAcquirePropertyPlantAndEquipment;interest_expense=InterestExpenseNonoperating+InterestExpense;assets=Assets;equity=StockholdersEquity;long_term_debt=LongTermDebtNoncurrent;short_term_debt=LongTermDebtCurrent;cash=CashAndCashEquivalentsAtCarryingValue,34.1,9.53,53.63,13.65,,21.0,32.7,18.1,2.7,0.9,70.3,22.4,11.0,,19.4,29.1,57.2,17.7,8.1,ttm,edgar,,92,yfinance,,Overvalued
STZ,0000016918,"Constellation Brands, Inc.",Consumer Defensive,Beverages - Brewers,yfinance,False,NYSE,2080,Beverages,10.76,10.76,0.0,9.2,12.266,10.49,10.49,10.681,1.8,ok,yfinance,,512.48,112.87,157.35,7.875,118.13,33.2,2026-05-31,Turnaround,10.0,P/E 10 on 3-year normalized earnings — back to profit only 1.0 years ago,"A recovery multiple, not a PEG multiple: the growth rate of a company coming out of losses measures the rebound, not a trend, and using it as a multiple is how a fair value becomes nonsense. Applied to normalized earnings, and deliberately below the market average.",earnings,normalized,,low,erratic earnings (volatility 220),78.75,ok,43.3,Overvalued,7.6,"5-year CAGR (two endpoints, window contains losses)",7.6,,6,2,1.0,220.0,1.04,1.42,2.344,True,62,4,-28.3,3.65,4.12,4.0,4.1,3.63,False,19278688256.0,170804357.0,2026-10-06,0.4,5.24,9056700000.0,9139000000.0,1824400000.0,2852900000.0,2693600000.0,1834200000.0,348700000.0,1794000000.0,8255600000.0,22108700000.0,9094900000.0,10197500000.0,96600000.0,10100900000.0,29379588256.0,10.3,3.54,2.13,10.51,23.5,37.3,12.9,20.1,31.5,1.1,9.51,-7.4,ttm,revenue=RevenueFromContractWithCustomerExcludingAssessedTax+SalesRevenueGoodsNet;net_income=NetIncomeLoss;ebit=OperatingIncomeLoss;ocf=NetCashProvidedByUsedInOperatingActivities+NetCashProvidedByUsedInOperatingActivitiesContinuingOperations;capex=PaymentsToAcquirePropertyPlantAndEquipment;interest_expense=InterestExpenseNonoperating+InterestExpense;assets=Assets;equity=StockholdersEquity;long_term_debt=LongTermDebtNoncurrent;short_term_debt=LongTermDebtCurrent;cash=CashAndCashEquivalentsAtCarryingValue,-10.0,48.33,53.02,10.74,,7.6,4.9,-1.9,0.9,1.9,5.8,-1.7,11.4,,7.6,4.9,0.4,-1.0,5.7,ttm,edgar-derived,"EPS non depositato in forma non dimensionale (societa' multiclasse): derivato da utile netto SEC / 170,804,357 azioni (yfinance). La serie storica usa un numero di azioni costante, quindi non riflette buyback e diluizioni passate.",125,yfinance,,Undervalued
SW,0002005951,Smurfit Westrock Plc,Consumer Cyclical,Packaging & Containers,yfinance,False,NYSE,2650,Paperboard Containers & Boxes,45.74,45.74,0.0,12.4,3.431,0.93,0.93,0.94,1.1,ok,yfinance,,261.54,42.54,13.95,0.811,12.17,14.6,2026-06-30,Cyclical,12.0,P/E 12 on 3-year normalized (mid-cycle) earnings,"Erratic, cycle-driven earnings: a low P/E can signal the peak of the cycle, not a bargain. The multiple is applied to mid-cycle earnings, so the fair value does not follow the peak.",earnings,normalized,,medium,erratic earnings (volatility 110),9.74,ok,337.0,Overvalued,29.3,5-year trend (regression on all points),,29.3,0,0,,110.3,0.73,1.56,1.235,False,7,0,204.9,4.25,1.808,4.0,1.356,3.19,True,22313205760.0,524522908.0,2026-10-28,0.93,5.24,31326000000.0,31179000000.0,497000000.0,1477000000.0,3297000000.0,1015000000.0,843000000.0,1200000000.0,18036000000.0,45201000000.0,13233000000.0,14164000000.0,677000000.0,13487000000.0,35800205760.0,24.24,9.13,0.71,21.98,2.7,39.9,3.3,1.6,4.7,0.73,4.55,6958.8,ttm,revenue=RevenueFromContractWithCustomerExcludingAssessedTax;net_income=NetIncomeLoss;ebit=OperatingIncomeLoss;ocf=NetCashProvidedByUsedInOperatingActivities;capex=PaymentsToAcquireProductiveAssets;interest_expense=InterestExpenseNonoperating;assets=Assets;equity=StockholdersEquity;long_term_debt=LongTermDebtAndCapitalLeaseObligations;short_term_debt=DebtCurrent;cash=CashAndCashEquivalentsAtCarryingValue,1.7,34.39,59.72,1.94,,,,,,,,,,2.7,,,35.0,,,ttm,edgar,,95,yfinance,,Overvalued
SWK,0000093556,"Stanley Black & Decker, Inc.",Industrials,Tools & Accessories,yfinance,False,NYSE,3420,"Cutlery, Handtools & General Hardware",21.9,21.9,0.0,14.32,6.38,4.17,4.17,4.1,1.7,ok,yfinance,,29.75,91.34,62.55,2.222,33.33,87.6,2026-07-04,Cyclical,12.0,P/E 12 on 3-year normalized (mid-cycle) earnings,"Erratic, cycle-driven earnings: a low P/E can signal the peak of the cycle, not a bargain. The multiple is applied to mid-cycle earnings, so the fair value does not follow the peak.",earnings,normalized,,low,"erratic earnings (volatility 83); one loss episode 2 years ago, profitable since",26.67,ok,242.5,Overvalued,-17.6,"5-year CAGR (two endpoints, window contains losses)",-17.6,,5,1,1.8,83.1,-0.64,,1.54,True,63,3,46.0,3.68,3.36,4.0,3.33,3.65,False,13793859584.0,151016641.0,2026-11-04,1.17,5.24,15247700000.0,15130400000.0,620500000.0,847400000.0,1551200000.0,1289100000.0,470300000.0,687900000.0,8958800000.0,20093500000.0,4704200000.0,4757900000.0,592400000.0,4165500000.0,17959359584.0,21.19,4.92,0.9,10.7,6.9,44.6,4.2,4.1,5.6,0.53,9.35,-8.6,ttm,revenue=Revenues+SalesRevenueNet;net_income=NetIncomeLoss+NetIncomeLossAvailableToCommonStockholdersBasic;ebit=IncomeLossFromContinuingOperationsBeforeIncomeTaxesExtraordinaryItemsNoncontrollingInterest+OperatingIncomeLoss+IncomeLossFromContinuingOperationsBeforeIncomeTaxesMinorityInterestAndIncomeLossFromEquityMethodInvestments;ocf=NetCashProvidedByUsedInOperatingActivities;capex=PaymentsToAcquirePropertyPlantAndEquipment+PaymentsToAcquireProductiveAssets;interest_expense=InterestExpense;assets=Assets;equity=StockholdersEquity;long_term_debt=LongTermDebtNoncurrent;short_term_debt=LongTermDebtCurrent;cash=CashAndCashEquivalentsAtCarryingValue,0.6,59.32,100.97,8.54,-6.9,-17.6,-4.5,-2.0,0.3,2.9,,-8.3,1.4,-5.1,-19.0,-4.3,96.4,-8.2,0.5,ttm,edgar,,91,yfinance,,Overvalued
SWKS,0000004127,"Skyworks Solutions, Inc.",Technology,Semiconductors,yfinance,False,Nasdaq,3674,Semiconductors & Related Devices,43.16,43.16,0.0,17.13,4.963,1.97,1.97,1.94,1.5,ok,yfinance,,-22.09,85.03,29.55,3.214,48.21,-38.7,2026-07-03,Slow Grower (declining earnings),6.0,P/E = 0% growth credit + dividend 3.3% (floor 6) · 5-year trend (regression on all points),"Earnings are contracting, so the model gives no credit for growth: the multiple comes from the dividend and the floor alone. Applied to normalized earnings where available, since the latest figure of a declining company is its lowest point. Check whether the decline is cyclical or structural.",earnings,current,,medium,earnings declining -28%/year,11.82,ok,619.4,Overvalued,-28.3,5-year trend (regression on all points),-25.5,-28.3,0,0,,15.3,-0.58,,2.23,False,64,2,187.7,3.34,2.84,4.0,2.13,2.5,False,12794700800.0,150472782.0,2026-11-03,1.52,5.24,4014100000.0,4086900000.0,290100000.0,305400000.0,716200000.0,434200000.0,26600000.0,1105800000.0,5738300000.0,7425000000.0,496900000.0,496900000.0,790000000.0,-293100000.0,12501600800.0,40.94,-0.96,3.19,29.47,5.1,77.3,4.1,7.2,7.6,0.09,3.39,-33.7,ttm,revenue=RevenueFromContractWithCustomerExcludingAssessedTax+Revenues+SalesRevenueNet;net_income=NetIncomeLoss;ebit=OperatingIncomeLoss;ocf=NetCashProvidedByUsedInOperatingActivities+NetCashProvidedByUsedInOperatingActivitiesContinuingOperations;capex=PaymentsToAcquirePropertyPlantAndEquipment+PaymentsToAcquireProductiveAssets;interest_expense=InterestExpense;assets=Assets;equity=StockholdersEquity;long_term_debt=LongTermDebt;short_term_debt=DebtCurrent;cash=CashAndCashEquivalentsAtCarryingValue,0.1,38.14,26.68,2.89,-33.1,-25.5,-9.1,-6.8,-3.3,1.9,-32.9,-17.3,-2.3,-34.6,-27.2,-11.4,-25.4,-15.3,-2.0,ttm,edgar,,92,yfinance,,Overvalued
SYF,0001601712,Synchrony Financial,Financial Services,Credit Services,yfinance,False,NYSE,6199,Finance Services,7.34,7.34,0.0,6.87,10.453,9.78,9.78,9.75,0.3,ok,yfinance,,18.18,71.77,146.7,7.984,119.77,22.5,2026-06-30,Slow Grower,10.9,"P/E = growth 9% + dividend 1.9% (floor 6, cap 12) · 5-year trend (regression on all points)",Modest growth: deserves a contained multiple. The dividend partly offsets the lower growth.,earnings,current,,high,"consistent earnings, growth measured over the full 5-year window",106.22,ok,-32.4,Undervalued,9.0,5-year trend (regression on all points),11.7,9.0,0,0,,45.9,1.48,0.82,1.536,False,51,0,-51.1,1.89,1.36,4.0,1.24,1.73,True,23351865344.0,325370840.0,2026-10-20,1.31,5.24,,,3518000000.0,4614000000.0,9694000000.0,,,,16897000000.0,121930000000.0,16432000000.0,16432000000.0,16193000000.0,239000000.0,23590865344.0,5.11,0.05,,,20.8,13.9,3.8,,,0.97,,,ttm,net_income=NetIncomeLoss;ebit=IncomeLossFromContinuingOperationsBeforeIncomeTaxesExtraordinaryItemsNoncontrollingInterest;ocf=NetCashProvidedByUsedInOperatingActivities+NetCashProvidedByUsedInOperatingActivitiesContinuingOperations;interest_expense=InterestExpenseDebt+InterestExpense;assets=Assets;equity=StockholdersEquity;long_term_debt=LongTermDebt;cash=CashAndCashEquivalentsAtCarryingValue,,51.93,,,21.4,11.7,14.0,,,,,,,12.8,1.2,4.8,10.0,7.2,4.6,ttm,edgar,,95,yfinance,revenue;free_cash_flow,Undervalued
SYK,0000310764,Stryker Corporation,Healthcare,Medical Devices,yfinance,False,NYSE,3841,Surgical & Medical Instruments & Apparatus,28.25,28.25,0.0,16.47,16.719,9.75,9.75,9.65,1.0,ok,yfinance,,27.81,275.43,146.25,8.411,126.17,15.9,2026-06-30,Stalwart,13.6,P/E = growth 12% + dividend 1.3% · 5-year trend (regression on all points),"Solid, predictable growth: the fair P/E matches the growth rate plus the dividend yield (PEG = 1).",earnings,current,,high,"consistent earnings, growth measured over the full 5-year window",132.37,ok,108.1,Overvalued,12.3,5-year trend (regression on all points),12.1,12.3,0,0,,19.1,0.48,2.3,4.404,False,67,9,88.3,1.28,3.52,4.0,3.52,1.28,False,105647521792.0,383573046.0,2026-10-29,0.77,5.24,25837000000.0,25116000000.0,3729000000.0,5435000000.0,5525000000.0,4702000000.0,564000000.0,4283000000.0,23988000000.0,47930000000.0,14192000000.0,14942000000.0,3391000000.0,11551000000.0,117198521792.0,21.56,2.13,4.09,22.47,16.5,50.0,11.3,14.4,21.0,0.59,4.45,22.8,ttm,revenue=Revenues+SalesRevenueNet;net_income=NetIncomeLoss;ebit=OperatingIncomeLoss+IncomeLossFromContinuingOperationsBeforeIncomeTaxesExtraordinaryItemsNoncontrollingInterest+IncomeLossFromContinuingOperationsBeforeIncomeTaxesMinorityInterestAndIncomeLossFromEquityMethodInvestments;ocf=NetCashProvidedByUsedInOperatingActivities;capex=PaymentsToAcquirePropertyPlantAndEquipment;interest_expense=InterestExpenseDebt;assets=Assets;equity=StockholdersEquity;long_term_debt=LongTermDebtNoncurrent;short_term_debt=DebtCurrent;cash=CashAndCashEquivalentsAtCarryingValue,8.5,62.54,67.36,12.26,10.9,12.1,8.6,9.9,9.7,9.5,24.8,9.6,22.6,11.2,12.4,8.8,22.2,10.2,18.7,ttm,edgar,,95,yfinance,,Overvalued
SYY,0000096021,Sysco Corporation,Consumer Defensive,Food Distribution,yfinance,False,NYSE,5140,Wholesale-Groceries & Related Products,21.23,21.23,0.0,14.44,5.365,3.65,3.65,3.66,0.3,ok,yfinance,,-1.88,77.49,54.75,3.72,55.8,-1.9,2026-06-27,Fast Grower,25.0,P/E = growth 23% + dividend 2.8% (capped at 25) · 5-year trend (regression on all points),"High growth: the multiple tracks the growth rate but is capped at 25, because very few companies sustain that pace for years.",earnings,current,,medium,erratic earnings (volatility 53),91.25,ok,-15.1,Undervalued,23.1,5-year trend (regression on all points),29.5,23.1,0,0,,52.7,1.22,0.92,13.91,False,69,8,41.5,2.84,2.2,4.0,2.18,2.81,False,37161746432.0,479568281.0,2026-11-03,0.63,5.24,84553000000.0,84553000000.0,1756000000.0,3094000000.0,2638000000.0,1938000000.0,,1938000000.0,2666000000.0,28397000000.0,12315000000.0,12387000000.0,1786000000.0,10601000000.0,47762746432.0,15.44,3.43,0.44,19.18,78.1,9.4,10.9,2.1,3.7,4.62,5.22,20.8,ttm,revenue=RevenueFromContractWithCustomerExcludingAssessedTax+SalesRevenueGoodsNet+SalesRevenueNet;net_income=NetIncomeLoss+NetIncomeLossAvailableToCommonStockholdersBasic;ebit=OperatingIncomeLoss;ocf=NetCashProvidedByUsedInOperatingActivities+NetCashProvidedByUsedInOperatingActivitiesContinuingOperations;capex=PaymentsToAcquireProductiveAssets;interest_expense=InterestExpense;assets=Assets;equity=StockholdersEquity;long_term_debt=LongTermDebtAndCapitalLeaseObligations;short_term_debt=DebtCurrent;cash=CashAndCashEquivalentsAtCarryingValue,3.9,5.56,176.31,4.04,1.8,29.5,8.3,3.5,10.5,5.3,-2.3,6.2,2.9,-0.3,27.5,6.4,-2.8,6.8,2.9,ttm,edgar,,98,yfinance,,Overvalued
T,0000732717,AT&T Inc.,Communication Services,Telecom Services,yfinance,False,NYSE,4813,Telephone Communications (No Radiotelephone),8.02,8.02,0.0,9.46,2.568,3.03,3.03,3.01,0.7,ok,yfinance,,71.02,24.3,45.45,1.822,27.33,66.3,2026-06-30,Turnaround,10.0,"P/E 10 on 3-year normalized earnings — recurring losses (2 separate episodes, the last 2.7 years ago)","A recovery multiple, not a PEG multiple: the growth rate of a company coming out of losses measures the rebound, not a trend, and using it as a multiple is how a fair value becomes nonsense. Applied to normalized earnings, and deliberately below the market average.",earnings,normalized,,low,growth not calculable on any window; erratic earnings (volatility 233),18.22,ok,33.4,Overvalued,,not calculable,,,5,2,2.7,232.6,,,1.513,True,67,4,-46.5,4.58,1.112,4.0,1.112,4.58,False,166512967680.0,6852385650.0,2026-10-21,0.43,5.24,127239000000.0,125648000000.0,21558000000.0,25603000000.0,39868000000.0,17623000000.0,7187000000.0,19442000000.0,126434000000.0,428359000000.0,134631000000.0,143954000000.0,17570000000.0,126384000000.0,292896967680.0,11.44,4.94,1.31,9.45,17.4,29.5,6.0,16.9,20.1,1.06,10.58,5.0,ttm,revenue=Revenues+RevenueFromContractWithCustomerExcludingAssessedTax;net_income=NetIncomeLoss;ebit=OperatingIncomeLoss;ocf=NetCashProvidedByUsedInOperatingActivitiesContinuingOperations+NetCashProvidedByUsedInOperatingActivities;capex=PaymentsToAcquireProductiveAssets+PaymentsToAcquirePropertyPlantAndEquipment;interest_expense=InterestExpenseNonoperating+InterestExpense;assets=Assets;equity=StockholdersEquityIncludingPortionAttributableToNoncontrollingInterest;long_term_debt=LongTermDebtNoncurrent;short_term_debt=DebtCurrent;cash=CashAndCashEquivalentsAtCarryingValue,2.6,18.45,18.57,2.57,,,5.6,1.6,-0.6,-2.4,-1.2,-10.2,0.4,,,4.3,2.5,-1.5,0.6,ttm,edgar,,95,yfinance,growth_5y,Undervalued
TDG,0001260221,TransDigm Group Incorporated,Industrials,Aerospace & Defense,yfinance,False,NYSE,3728,"Aircraft Parts & Auxiliary Equipment, NEC",33.33,33.33,0.0,22.57,48.32,32.71,32.71,32.96,0.8,ok,yfinance,,9.32,1090.38,490.65,28.155,422.32,16.2,2026-06-27,Fast Grower,25.0,P/E = growth 30% + dividend 0.0% (capped at 25) · 5-year trend (regression on all points),"High growth: the multiple tracks the growth rate but is capped at 25, because very few companies sustain that pace for years.",earnings,current,,high,"consistent earnings, growth measured over the full 5-year window",817.75,ok,33.3,Overvalued,30.1,5-year trend (regression on all points),32.1,30.1,0,0,,37.3,0.9,1.11,-6.491,False,64,0,122.2,,,,0.0,,True,60272414720.0,55276525.0,2026-11-05,0.89,5.24,10007000000.0,8831000000.0,2129000000.0,4608000000.0,2198000000.0,1927000000.0,,1816000000.0,-9809000000.0,26754000000.0,32621000000.0,32760000000.0,2773000000.0,29987000000.0,90259414720.0,19.59,6.51,6.02,31.28,,-36.7,17.2,21.3,46.0,,3.2,-3.4,ttm,revenue=Revenues+RevenueFromContractWithCustomerExcludingAssessedTax+SalesRevenueNet;net_income=NetIncomeLoss;ebit=OperatingIncomeLoss;ocf=NetCashProvidedByUsedInOperatingActivities+NetCashProvidedByUsedInOperatingActivitiesContinuingOperations;capex=PaymentsToAcquirePropertyPlantAndEquipment;interest_expense=InterestExpenseNonoperating;assets=Assets;equity=StockholdersEquity;long_term_debt=LongTermDebtNoncurrent;short_term_debt=LongTermDebtCurrent;cash=CashAndCashEquivalentsAtCarryingValue,16.6,-177.45,181.04,34.86,20.8,32.1,12.5,17.1,16.4,12.4,22.5,21.7,12.7,22.9,31.1,14.0,22.9,21.1,13.3,ttm,edgar,,98,yfinance,dividend_yield,Overvalued
TDY,0001094285,Teledyne Technologies Incorporated,Technology,Scientific & Technical Instruments,yfinance,False,NYSE,3812,"Search, Detection, Navigation, Guidance, Aeronautical Sys",29.67,29.67,0.0,23.05,26.78,20.8,20.8,20.68,0.6,ok,yfinance,,14.0,617.17,312.0,18.487,277.3,12.5,2026-06-28,Stalwart (mid cap),13.6,P/E = growth 14% + dividend 0.0% · 5-year trend (regression on all points),"Solid, predictable growth: the fair P/E matches the growth rate plus the dividend yield (PEG = 1).",earnings,current,,high,"consistent earnings, growth measured over the full 5-year window",282.22,ok,118.7,Overvalued,13.6,5-year trend (regression on all points),16.5,13.6,0,0,,15.9,0.46,2.19,2.62,False,63,0,97.8,,,,,,False,28609329152.0,46355673.0,2026-10-21,0.91,5.24,6374400000.0,6115400000.0,974800000.0,1239700000.0,1271300000.0,1142100000.0,50600000.0,1074000000.0,10918500000.0,15280400000.0,2026900000.0,2027000000.0,340100000.0,1686900000.0,30296229152.0,24.44,1.36,4.49,25.05,9.2,71.5,8.1,15.3,19.4,0.19,3.99,-3.1,ttm,revenue=RevenueFromContractWithCustomerExcludingAssessedTax+SalesRevenueNet+Revenues;net_income=NetIncomeLoss+NetIncomeLossAvailableToCommonStockholdersBasic;ebit=OperatingIncomeLoss;ocf=NetCashProvidedByUsedInOperatingActivities+NetCashProvidedByUsedInOperatingActivitiesContinuingOperations;capex=PaymentsToAcquirePropertyPlantAndEquipment;interest_expense=InterestExpenseNonoperating+InterestExpenseDebt+InterestExpense;assets=Assets;equity=StockholdersEquity;long_term_debt=LongTermDebtNoncurrent;short_term_debt=LongTermDebtCurrent;cash=CashAndCashEquivalentsAtCarryingValue,7.9,235.54,137.51,24.64,8.8,16.5,14.5,4.5,12.9,11.1,12.8,12.0,17.4,8.3,21.1,17.8,12.2,12.0,16.1,ttm,edgar,,97,yfinance,dividend_yield,Overvalued
TECH,0000842023,Bio-Techne Corporation,Healthcare,Biotechnology,yfinance,False,Nasdaq,2836,"Biological Products, (No Diagnostic Substances)",62.41,62.41,0.0,31.31,2.313,1.16,1.16,1.16,0.0,ok,yfinance,,152.17,72.4,17.4,0.975,14.62,19.0,2026-06-30,Slow Grower (declining earnings),6.0,P/E = 0% growth credit + dividend 0.4% (floor 6) · 5-year trend (regression on all points),"Earnings are contracting, so the model gives no credit for growth: the multiple comes from the dividend and the floor alone. Applied to normalized earnings where available, since the latest figure of a declining company is its lowest point. Check whether the decline is cyclical or structural.",earnings,current,,medium,earnings declining -15%/year,6.96,ok,940.2,Overvalued,-15.4,5-year trend (regression on all points),5.9,-15.4,0,0,,37.9,-0.24,,5.361,False,65,3,316.1,0.44,0.32,4.0,0.32,0.44,False,11353640960.0,156818238.0,2026-11-09,1.27,5.24,1215039000.0,1215039000.0,181840000.0,251890000.0,292073000.0,263223000.0,9630000.0,263223000.0,2108221000.0,2586726000.0,200000000.0,200000000.0,264712000.0,-64712000.0,11288928960.0,44.82,-0.26,9.34,43.13,9.0,81.5,9.7,15.0,20.7,0.09,2.32,2.6,ttm,revenue=RevenueFromContractWithCustomerExcludingAssessedTax+RevenueFromContractWithCustomerIncludingAssessedTax+SalesRevenueNet;net_income=NetIncomeLossAvailableToCommonStockholdersBasic+NetIncomeLoss;ebit=OperatingIncomeLoss;ocf=NetCashProvidedByUsedInOperatingActivities+NetCashProvidedByUsedInOperatingActivitiesContinuingOperations;capex=PaymentsToAcquirePropertyPlantAndEquipment;interest_expense=InterestExpenseNonoperating+InterestExpense;assets=Assets;equity=StockholdersEquity;long_term_debt=LongTermDebtAndCapitalLeaseObligations;short_term_debt=LongTermDebtCurrent;cash=CashAndCashEquivalentsAtCarryingValue,-0.4,13.44,7.75,1.68,-13.0,5.9,5.2,2.2,5.5,9.3,6.8,-3.1,7.5,-13.9,5.3,5.7,4.7,-3.7,7.3,ttm,edgar,,95,yfinance,,Overvalued
TEL,0001385157,TE Connectivity plc,Technology,Electronic Components,yfinance,False,NYSE,5065,"Wholesale-Electronic Parts & Equipment, NEC",21.33,21.33,0.0,17.06,12.917,10.33,10.33,10.21,1.2,ok,yfinance,,108.79,220.36,154.95,7.022,105.32,47.1,2026-06-26,Slow Grower,6.0,"P/E = growth 1% + dividend 1.4% (floor 6, cap 12) · 5-year trend (regression on all points)",Modest growth: deserves a contained multiple. The dividend partly offsets the lower growth.,earnings,current,,medium,erratic earnings (volatility 91),61.98,ok,255.5,Overvalued,1.2,5-year trend (regression on all points),15.0,1.2,0,0,,90.9,0.12,18.03,4.823,False,68,0,42.2,1.42,3.12,4.0,2.27,1.03,False,63797133312.0,289513228.0,2026-10-28,1.16,5.24,19322000000.0,17262000000.0,3016000000.0,3814000000.0,4418000000.0,3315000000.0,122000000.0,3203000000.0,13246000000.0,26070000000.0,5530000000.0,5632000000.0,1239000000.0,4393000000.0,68190133312.0,17.88,1.15,3.3,19.24,23.5,50.8,14.6,15.6,19.7,0.42,5.2,14.5,ttm,revenue=RevenueFromContractWithCustomerExcludingAssessedTax+SalesRevenueNet;net_income=NetIncomeLoss+NetIncomeLossAvailableToCommonStockholdersBasic;ebit=OperatingIncomeLoss;ocf=NetCashProvidedByUsedInOperatingActivities;capex=PaymentsToAcquirePropertyPlantAndEquipment;interest_expense=InterestExpenseNonoperating+InterestExpense;assets=Assets;equity=StockholdersEquity;long_term_debt=LongTermDebtNoncurrent;short_term_debt=DebtCurrent;cash=CashAndCashEquivalentsAtCarryingValue,16.5,45.75,66.74,11.45,16.4,15.0,4.1,5.7,6.1,5.0,14.9,10.1,9.7,13.5,12.2,1.4,14.6,11.0,8.8,ttm,edgar,,99,yfinance,,Overvalued
TER,0000097210,"Teradyne, Inc.",Technology,Semiconductor Equipment & Materials,yfinance,False,Nasdaq,3825,Instruments For Meas & Testing of  Electricity & Elec Signals,57.13,57.13,0.0,38.54,11.652,7.86,7.86,7.28,7.4,ok,yfinance,1.08,152.78,449.04,117.9,3.401,51.01,131.1,2026-06-28,Slow Grower (declining earnings),6.0,P/E = 0% growth credit + dividend 0.1% (floor 6) · 5-year trend (regression on all points),"Earnings are contracting, so the model gives no credit for growth: the multiple comes from the dividend and the floor alone. Applied to normalized earnings where available, since the latest figure of a declining company is its lowest point. Check whether the decline is cyclical or structural.",earnings,current,,medium,earnings declining -5%/year,47.16,ok,852.2,Overvalued,-5.5,5-year trend (regression on all points),7.4,-5.5,0,0,,44.0,-0.09,,22.359,False,63,4,280.9,0.12,0.52,4.0,0.51,0.11,False,70203252736.0,156340750.0,2026-10-21,1.78,5.24,4464031000.0,3190024000.0,1150219000.0,1349316000.0,1064951000.0,799932000.0,4515000.0,450406000.0,3437162000.0,4925617000.0,,0.0,349538000.0,-349538000.0,69853714736.0,51.77,-0.26,15.73,87.76,36.7,69.8,27.4,25.8,30.2,,1.14,-5.0,ttm,revenue=Revenues+RevenueFromContractWithCustomerExcludingAssessedTax;net_income=NetIncomeLoss;ebit=OperatingIncomeLoss;ocf=NetCashProvidedByUsedInOperatingActivities+NetCashProvidedByUsedInOperatingActivitiesContinuingOperations;capex=PaymentsToAcquirePropertyPlantAndEquipment;interest_expense=InterestExpense+InterestExpenseDebt;assets=Assets;equity=StockholdersEquity;long_term_debt=LongTermDebtNoncurrent;short_term_debt=DebtCurrent;cash=CashAndCashEquivalentsAtCarryingValue,57.9,21.99,28.55,5.12,29.4,7.4,,16.0,5.3,9.8,20.1,3.5,8.5,27.3,3.8,,20.0,4.7,9.1,ttm,edgar,,97,yfinance,,Overvalued
TFC,0000092230,Truist Financial Corporation,Financial Services,Banks - Regional,yfinance,False,NYSE,6021,National Commercial Banks,10.63,10.63,0.0,9.33,4.976,4.37,4.37,4.37,0.0,ok,yfinance,,18.11,46.45,65.55,3.56,53.4,22.8,2026-06-30,Asset Play,,net asset value (fair P/B = 1),"Trading at 0.97x book value: the market prices the company below its accounting net worth. The anchor is the balance sheet, not the P/E. Book value is a starting point, not an appraisal — it understates land carried at cost and overstates obsolete inventory.",book,current,1.0,medium,"one loss episode 2 years ago, profitable since",52.47,ok,-11.5,Undervalued,2.7,"5-year CAGR (two endpoints, window contains losses)",2.7,,4,1,1.7,38.2,0.68,3.9,0.967,True,67,5,-29.1,4.48,2.08,4.0,2.08,4.48,False,56744538112.0,1221626188.0,2026-10-16,0.86,5.24,,,5533000000.0,6806000000.0,5797000000.0,,,10517000000.0,64095000000.0,556023000000.0,42976000000.0,69861000000.0,39288000000.0,30573000000.0,87317538112.0,12.83,4.49,,,8.6,11.5,1.2,,,0.67,,41.2,ttm,net_income=NetIncomeLossAvailableToCommonStockholdersBasic+NetIncomeLoss;ebit=IncomeLossFromContinuingOperationsBeforeIncomeTaxesExtraordinaryItemsNoncontrollingInterest+IncomeLossFromContinuingOperationsBeforeIncomeTaxesMinorityInterestAndIncomeLossFromEquityMethodInvestments;ocf=NetCashProvidedByUsedInOperatingActivities;capex=PaymentsToAcquirePropertyPlantAndEquipment;interest_expense=InterestExpense;assets=Assets;equity=StockholdersEquity;long_term_debt=LongTermDebt;short_term_debt=ShortTermBorrowings;cash=CashAndCashEquivalentsAtCarryingValue,,52.47,,,0.4,2.7,5.3,,,,,,5.0,-1.5,1.3,10.4,-19.6,-1.1,3.9,ttm,edgar,,95,yfinance,revenue;free_cash_flow,Undervalued
TGT,0000027419,Target Corporation,Consumer Defensive,Discount Stores,yfinance,False,NYSE,5331,Retail-Variety Stores,16.27,16.27,0.0,16.34,9.548,9.59,9.59,9.63,0.4,ok,yfinance,,12.24,156.0,143.85,8.853,132.8,8.3,2026-08-01,Slow Grower (declining earnings),6.0,P/E = 0% growth credit + dividend 3.0% (floor 6) · 5-year trend (regression on all points),"Earnings are contracting, so the model gives no credit for growth: the multiple comes from the dividend and the floor alone. Applied to normalized earnings where available, since the latest figure of a declining company is its lowest point. Check whether the decline is cyclical or structural.",earnings,current,,medium,earnings declining -4%/year,57.54,ok,171.1,Overvalued,-4.0,5-year trend (regression on all points),-5.2,-4.0,0,0,,36.3,-0.06,,3.972,False,67,5,8.4,2.97,4.64,4.0,4.58,2.94,False,70870294528.0,454296736.0,2026-11-18,0.99,5.24,107705000000.0,104780000000.0,4393000000.0,6023000000.0,8723000000.0,4456000000.0,429000000.0,2835000000.0,17843000000.0,61235000000.0,14221000000.0,14221000000.0,5411000000.0,8810000000.0,79680294528.0,13.23,1.46,0.66,15.9,26.4,29.1,9.8,4.1,5.6,0.8,6.29,-36.7,ttm,revenue=RevenueFromContractWithCustomerExcludingAssessedTax+SalesRevenueNet+Revenues;net_income=NetIncomeLoss+NetIncomeLossAvailableToCommonStockholdersBasic+ProfitLoss;ebit=OperatingIncomeLoss+IncomeLossFromContinuingOperationsBeforeIncomeTaxesMinorityInterestAndIncomeLossFromEquityMethodInvestments;ocf=NetCashProvidedByUsedInOperatingActivities+NetCashProvidedByUsedInOperatingActivitiesContinuingOperations;capex=PaymentsToAcquirePropertyPlantAndEquipment;interest_expense=InterestExpenseNonoperating+InterestExpense;assets=Assets;equity=StockholdersEquity;long_term_debt=LongTermDebtNoncurrent;short_term_debt=LongTermDebtCurrent;cash=CashAndCashEquivalentsAtCarryingValue,2.0,39.28,237.08,9.81,9.7,-5.2,6.0,-0.1,1.4,4.2,39.6,-6.6,3.5,9.2,-7.0,2.9,5.3,-0.2,6.6,ttm,edgar,,63,yfinance,,Overvalued
TJX,0000109198,"The TJX Companies, Inc.",Consumer Cyclical,Apparel Retail,yfinance,False,NYSE,5651,Retail-Family Clothing Stores,24.75,24.75,0.0,22.98,5.774,5.36,5.36,5.4,0.7,ok,yfinance,,23.01,132.68,80.4,4.223,63.35,26.9,2026-08-01,Stalwart,19.2,P/E = growth 18% + dividend 1.4% · 5-year trend (regression on all points),"Solid, predictable growth: the fair P/E matches the growth rate plus the dividend yield (PEG = 1).",earnings,current,,high,"consistent earnings, growth measured over the full 5-year window",102.78,ok,29.1,Overvalued,17.7,5-year trend (regression on all points),21.2,17.7,0,0,,16.2,0.77,1.4,14.094,False,67,5,65.0,1.45,1.92,4.0,1.81,1.36,True,145944543232.0,1099974061.0,2026-11-18,0.59,5.24,62363000000.0,60372000000.0,6066706000.0,8045000000.0,8034000000.0,5876000000.0,79000000.0,4917000000.0,10651000000.0,37115000000.0,1871000000.0,2871000000.0,6004000000.0,-3133000000.0,142811543232.0,17.75,-0.39,2.34,24.84,62.2,28.7,21.7,9.7,12.9,0.18,4.03,17.1,annual:interest_expense,revenue=RevenueFromContractWithCustomerIncludingAssessedTax+SalesRevenueNet+Revenues;net_income=NetIncomeLoss+ProfitLoss+NetIncomeLossAvailableToCommonStockholdersBasic;ebit=IncomeLossFromContinuingOperationsBeforeIncomeTaxesExtraordinaryItemsNoncontrollingInterest+OperatingIncomeLoss+IncomeLossFromContinuingOperationsBeforeIncomeTaxesMinorityInterestAndIncomeLossFromEquityMethodInvestments;ocf=NetCashProvidedByUsedInOperatingActivities+NetCashProvidedByUsedInOperatingActivitiesContinuingOperations;capex=PaymentsToAcquirePropertyPlantAndEquipment;interest_expense=InterestExpense;assets=Assets;equity=StockholdersEquity;long_term_debt=LongTermDebtNoncurrent;short_term_debt=LongTermDebtCurrent;cash=CashAndCashEquivalentsAtCarryingValue,7.7,9.68,56.69,5.34,16.6,21.2,12.1,6.8,7.6,6.9,8.6,5.0,10.2,15.0,19.3,10.1,9.2,8.6,9.6,ttm,edgar,,63,yfinance,,Overvalued
TKO,0001973266,"TKO Group Holdings, Inc.",Communication Services,Entertainment,yfinance,False,NYSE,7900,Services-Amusement & Recreation Services,61.82,61.82,0.0,37.51,4.681,2.84,2.84,2.85,0.4,ok,yfinance,,17.77,175.58,42.6,2.412,36.17,17.8,2026-06-30,Fast Grower,25.0,P/E = growth 300% + dividend 1.8% (capped at 25) · 5-year trend (regression on all points),"High growth: the multiple tracks the growth rate but is capped at 25, because very few companies sustain that pace for years.",earnings,current,,high,"consistent earnings, growth measured over the full 5-year window",71.0,ok,147.3,Overvalued,300.0,5-year trend (regression on all points),,300.0,0,0,,27.1,4.88,0.21,3.843,False,7,0,312.2,1.8,3.16,4.0,3.14,1.79,True,33231976448.0,189269713.0,2026-11-04,0.64,5.24,5301863000.0,4735151000.0,229556000.0,997631000.0,1795136000.0,,240936000.0,,3395932000.0,16263718000.0,4583724000.0,4629225000.0,592485000.0,4036740000.0,37268716448.0,37.36,4.05,6.27,,6.0,20.9,6.1,4.3,18.8,1.35,,,ttm,revenue=Revenues;net_income=NetIncomeLoss+ProfitLoss;ebit=OperatingIncomeLoss;ocf=NetCashProvidedByUsedInOperatingActivities;interest_expense=InterestExpense;assets=Assets;equity=StockholdersEquity;long_term_debt=LongTermDebtNoncurrent;short_term_debt=LongTermDebtCurrent;cash=CashAndCashEquivalentsAtCarryingValue,5.1,17.94,28.01,,,,,24.3,,,,,,,,,100.4,,,ttm,edgar,,95,yfinance,free_cash_flow,Overvalued
TMO,0000097745,Thermo Fisher Scientific Inc.,Healthcare,Diagnostics & Research,yfinance,False,NYSE,3829,"Measuring & Controlling Devices, NEC",35.09,35.09,0.0,23.77,27.548,18.66,18.66,18.59,0.4,ok,yfinance,,7.52,654.8,279.9,16.592,248.88,12.5,2026-06-27,Slow Grower (declining earnings),6.0,P/E = 0% growth credit + dividend 0.3% (floor 6) · 5-year trend (regression on all points),"Earnings are contracting, so the model gives no credit for growth: the multiple comes from the dividend and the floor alone. Applied to normalized earnings where available, since the latest figure of a declining company is its lowest point. Check whether the decline is cyclical or structural.",earnings,current,,medium,earnings declining -3%/year,111.96,ok,484.9,Overvalued,-2.6,5-year trend (regression on all points),-2.9,-2.6,0,0,,22.1,-0.07,,4.596,False,67,6,133.9,0.29,1.88,4.0,1.84,0.28,True,242110529536.0,369747286.0,2026-10-21,0.85,5.24,46336000000.0,44556000000.0,6984000000.0,8146000000.0,9013000000.0,7318000000.0,1467000000.0,6293000000.0,52679000000.0,113174000000.0,39181000000.0,42549000000.0,4064000000.0,38485000000.0,280595529536.0,34.45,4.72,5.23,33.08,13.5,46.5,7.2,15.1,17.6,0.74,3.02,-13.4,ttm,revenue=RevenueFromContractWithCustomerExcludingAssessedTax+Revenues;net_income=NetIncomeLoss+NetIncomeLossAvailableToCommonStockholdersBasic;ebit=OperatingIncomeLoss;ocf=NetCashProvidedByUsedInOperatingActivities;capex=PaymentsToAcquirePropertyPlantAndEquipment;interest_expense=InterestExpenseNonoperating+InterestExpense;assets=Assets;equity=StockholdersEquity;long_term_debt=LongTermDebtNoncurrent;short_term_debt=DebtCurrent;cash=CashAndCashEquivalentsAtCarryingValue,7.2,142.47,125.32,19.79,8.3,-2.9,14.1,2.1,3.9,10.2,7.8,-2.1,9.8,6.8,-4.1,13.4,5.4,-2.6,10.4,ttm,edgar,,98,yfinance,,Overvalued
TMUS,0001283699,"T-Mobile US, Inc.",Communication Services,Telecom Services,yfinance,False,Nasdaq,4812,Radiotelephone Communications,16.92,16.92,0.0,11.33,14.437,9.67,9.67,9.56,1.1,ok,yfinance,,-9.73,163.64,145.05,9.594,143.91,0.8,2026-06-30,Fast Grower,25.0,P/E = growth 50% + dividend 2.5% (capped at 25) · 5-year trend (regression on all points),"High growth: the multiple tracks the growth rate but is capped at 25, because very few companies sustain that pace for years.",earnings,current,,high,"consistent earnings, growth measured over the full 5-year window",241.75,ok,-32.3,Undervalued,49.7,5-year trend (regression on all points),25.1,49.7,0,0,,49.6,3.09,0.34,3.126,False,63,1,12.8,2.49,4.08,4.0,4.08,2.49,True,175531982848.0,1072671613.0,2026-10-28,0.33,5.24,92189000000.0,88309000000.0,10560000000.0,18253000000.0,28833000000.0,18399000000.0,,17995000000.0,56265000000.0,213553000000.0,1121000000.0,7238000000.0,2825000000.0,4413000000.0,179944982848.0,9.86,0.24,1.9,9.54,18.0,26.3,8.5,11.5,19.8,0.02,10.48,33.8,ttm,revenue=RevenueFromContractWithCustomerExcludingAssessedTax+Revenues+SalesRevenueNet;net_income=NetIncomeLoss;ebit=OperatingIncomeLoss;ocf=NetCashProvidedByUsedInOperatingActivities;capex=PaymentsToAcquirePropertyPlantAndEquipment;interest_expense=InterestExpenseDebt+InterestExpense;assets=Assets;equity=StockholdersEquity;long_term_debt=LongTermDebtNoncurrent;short_term_debt=DebtCurrent;cash=CashAndCashEquivalentsAtCarryingValue,9.7,52.45,85.94,17.15,23.9,25.1,22.1,5.5,3.1,10.4,62.0,144.9,,19.8,22.0,24.9,18.9,16.1,25.3,ttm,edgar,,95,yfinance,,Overvalued
TPL,0001811074,Texas Pacific Land Corporation,Energy,Oil & Gas E&P,yfinance,False,NYSE,6792,Oil Royalty Traders,42.9,42.9,0.0,4.65,73.12,7.93,7.93,7.84,1.1,ok,yfinance,,17.31,340.19,118.95,6.693,100.39,18.5,2026-06-30,Stalwart (mid cap),15.6,P/E = growth 15% + dividend 0.7% · 5-year trend (regression on all points),"Solid, predictable growth: the fair P/E matches the growth rate plus the dividend yield (PEG = 1).",earnings,current,,high,"consistent earnings, growth measured over the full 5-year window",124.01,ok,174.3,Overvalued,14.9,5-year trend (regression on all points),22.5,14.9,0,0,,13.9,0.36,2.87,14.03,False,27,3,186.0,0.71,2.4,4.0,2.3333,0.69,True,23464497152.0,68974683.0,2026-11-04,0.62,5.24,897541000.0,798190000.0,541416000.0,672482000.0,603151000.0,,690000.0,428182000.0,1672398000.0,1859474000.0,,0.0,248612000.0,-248612000.0,23215885152.0,34.52,-0.37,26.14,,36.6,89.9,36.2,60.3,74.9,,,72.1,annual:interest_expense,revenue=RevenueFromContractWithCustomerExcludingAssessedTax;net_income=NetIncomeLoss;ebit=OperatingIncomeLoss+IncomeLossFromContinuingOperationsBeforeIncomeTaxesExtraordinaryItemsNoncontrollingInterest;ocf=NetCashProvidedByUsedInOperatingActivities;capex=PaymentsToAcquirePropertyPlantAndEquipment;interest_expense=InterestExpenseNonoperating;assets=Assets;equity=StockholdersEquity;short_term_debt=LinesOfCreditCurrent;cash=CashAndCashEquivalentsAtCarryingValue,20.8,24.25,13.01,,9.3,22.5,,11.3,22.2,,30.8,,,9.1,22.3,,10.2,24.8,,ttm,edgar,,95,yfinance,free_cash_flow,Overvalued
TPR,0001116132,"Tapestry, Inc.",Consumer Cyclical,Luxury Goods,yfinance,False,NYSE,3100,Leather & Leather Products,16.38,16.38,0.0,13.27,8.9,7.21,7.21,7.27,0.8,ok,yfinance,,786.59,118.12,108.15,3.471,52.07,107.7,2026-06-27,Slow Grower (declining earnings),6.0,P/E = 0% growth credit + dividend 1.6% (floor 6) · 5-year trend (regression on all points),"Earnings are contracting, so the model gives no credit for growth: the multiple comes from the dividend and the floor alone. Applied to normalized earnings where available, since the latest figure of a declining company is its lowest point. Check whether the decline is cyclical or structural.",earnings,current,,medium,earnings declining -2%/year,43.26,ok,173.0,Overvalued,-2.3,5-year trend (regression on all points),19.8,-2.3,0,0,,30.5,-0.04,,34.198,False,69,3,9.2,1.57,1.852,4.0,1.663,1.41,False,23552145408.0,199391678.0,2026-11-05,1.43,5.24,8004200000.0,8004200000.0,1528000000.0,1914400000.0,1978500000.0,1812500000.0,119300000.0,1812500000.0,692100000.0,6691700000.0,2396600000.0,2396600000.0,974700000.0,1421900000.0,24974045408.0,13.05,0.74,2.94,12.99,197.2,10.3,28.6,19.1,23.9,3.46,7.7,65.7,ttm,revenue=RevenueFromContractWithCustomerExcludingAssessedTax+SalesRevenueNet+Revenues;net_income=NetIncomeLoss+ProfitLoss;ebit=OperatingIncomeLoss;ocf=NetCashProvidedByUsedInOperatingActivities;capex=PaymentsToAcquirePropertyPlantAndEquipment;interest_expense=InterestExpenseDebt;assets=Assets;equity=StockholdersEquity;long_term_debt=LongTermDebtNoncurrent;short_term_debt=LongTermDebtCurrent;cash=CashAndCashEquivalentsAtCarryingValue,14.2,3.47,40.14,9.09,23.4,19.8,16.0,6.3,6.9,6.0,32.0,8.5,17.5,17.8,12.9,12.8,26.7,8.4,10.1,ttm,edgar,,98,yfinance,,Overvalued
TRGP,0001389170,Targa Resources Corp.,Energy,Oil & Gas Midstream,yfinance,False,NYSE,4922,Natural Gas Transmission,26.73,26.73,0.0,23.32,12.08,10.54,10.54,10.46,0.8,ok,yfinance,,50.07,281.74,158.1,5.673,85.1,85.8,2026-06-30,Cyclical,12.0,P/E 12 on 3-year normalized (mid-cycle) earnings,"Erratic, cycle-driven earnings: a low P/E can signal the peak of the cycle, not a bargain. The multiple is applied to mid-cycle earnings, so the fair value does not follow the peak.",earnings,normalized,,low,"erratic earnings (volatility 78); one loss episode 4 years ago, profitable since",68.08,ok,313.9,Overvalued,66.8,"5-year CAGR (two endpoints, window contains losses)",66.8,,2,1,4.2,77.6,2.57,0.4,16.521,True,63,0,78.2,1.77,5.0,4.0,4.5,1.6,True,60413796352.0,214431021.0,2026-11-05,0.72,5.24,16741500000.0,17028300000.0,2267600000.0,3835700000.0,4285500000.0,740900000.0,,584100000.0,3656500000.0,28515100000.0,19020000000.0,19127000000.0,132300000.0,18994700000.0,79408496352.0,20.7,4.95,3.61,81.54,72.6,12.8,13.5,13.5,22.9,5.2,1.23,-14.6,ttm,revenue=Revenues+RevenueFromContractWithCustomerExcludingAssessedTax;net_income=NetIncomeLoss+NetIncomeLossAvailableToCommonStockholdersBasic;ebit=OperatingIncomeLoss;ocf=NetCashProvidedByUsedInOperatingActivities+NetCashProvidedByUsedInOperatingActivitiesContinuingOperations;capex=PaymentsToAcquirePropertyPlantAndEquipment;interest_expense=InterestAndDebtExpense+InterestExpense;assets=Assets;equity=StockholdersEquity;long_term_debt=LongTermDebtNoncurrent;short_term_debt=DebtCurrent;cash=CashAndCashEquivalentsAtCarryingValue,12.9,17.05,78.07,3.46,41.6,66.8,41.7,2.3,9.3,7.8,-4.7,-16.0,8.8,19.2,49.3,66.6,14.6,13.2,15.6,ttm,edgar,,95,yfinance,,Overvalued
TRMB,0000864749,Trimble Inc.,Technology,Scientific & Technical Instruments,yfinance,False,Nasdaq,3829,"Measuring & Controlling Devices, NEC",,,,13.9,4.137,-0.48,-0.48,-0.48,0.0,ok,yfinance,,-141.38,57.52,,1.61,24.15,-129.8,2026-07-03,Turnaround,10.0,P/E 10 on 3-year normalized earnings — currently loss-making,"A recovery multiple, not a PEG multiple: the growth rate of a company coming out of losses measures the rebound, not a trend, and using it as a multiple is how a fair value becomes nonsense. Applied to normalized earnings, and deliberately below the market average.",earnings,normalized,,low,growth not calculable on any window,16.1,ok,257.3,Overvalued,,not calculable,,,1,1,0.0,43.6,,,2.364,True,63,3,,,,,,,False,13412504576.0,233179848.0,2026-11-04,1.36,5.24,3782900000.0,3587300000.0,-104700000.0,642700000.0,799100000.0,773100000.0,79800000.0,360900000.0,5110800000.0,8540800000.0,1442900000.0,1459300000.0,214400000.0,1244900000.0,14657404576.0,22.81,1.94,3.55,17.35,-1.9,59.8,7.5,-2.8,17.0,0.28,5.76,-27.5,ttm,revenue=RevenueFromContractWithCustomerExcludingAssessedTax+RevenueFromContractWithCustomerIncludingAssessedTax+Revenues;net_income=NetIncomeLoss;ebit=OperatingIncomeLoss;ocf=NetCashProvidedByUsedInOperatingActivities+NetCashProvidedByUsedInOperatingActivitiesContinuingOperations;capex=PaymentsToAcquirePropertyPlantAndEquipment;interest_expense=InterestExpenseNonoperating+InterestExpense;assets=Assets;equity=StockholdersEquity;long_term_debt=LongTermDebtNoncurrent;short_term_debt=LongTermDebtCurrent;cash=CashAndCashEquivalentsAtCarryingValue,5.8,21.92,16.22,3.32,,,,1.2,1.8,4.7,15.1,0.6,9.3,,,,13.9,0.0,8.6,ttm,edgar,,92,yfinance,dividend_yield;growth_5y,N/A
TROW,0001113169,"T. Rowe Price Group, Inc.",Financial Services,Asset Management,yfinance,False,Nasdaq,6282,Investment Advice,10.63,10.63,0.0,10.14,10.317,9.84,9.84,9.96,1.2,ok,yfinance,,11.41,104.62,147.6,8.931,133.97,10.2,2026-06-30,Slow Grower (declining earnings),6.0,P/E = 0% growth credit + dividend 5.0% (floor 6) · 5-year trend (regression on all points),"Earnings are contracting, so the model gives no credit for growth: the multiple comes from the dividend and the floor alone. Applied to normalized earnings where available, since the latest figure of a declining company is its lowest point. Check whether the decline is cyclical or structural.",earnings,current,,medium,earnings declining -4%/year,59.04,ok,77.2,Overvalued,-4.2,5-year trend (regression on all points),-4.7,-4.2,0,0,,28.8,0.07,,2.028,False,67,5,-29.1,4.97,5.2,4.0,5.17,4.94,False,22317105152.0,213315850.0,2026-10-30,1.48,5.24,7592000000.0,7314800000.0,2221600000.0,2335200000.0,1932200000.0,1673800000.0,,1479200000.0,11002500000.0,15357200000.0,,,3234300000.0,,19082805152.0,8.17,,2.94,13.33,20.6,71.6,15.2,29.3,30.8,,7.5,17.2,ttm,revenue=RevenueFromContractWithCustomerExcludingAssessedTax+RevenuesNetOfInterestExpense+Revenues;net_income=NetIncomeLoss+ProfitLoss;ebit=OperatingIncomeLoss;ocf=NetCashProvidedByUsedInOperatingActivities+NetCashProvidedByUsedInOperatingActivitiesContinuingOperations;capex=PaymentsToAcquirePropertyPlantAndEquipment;assets=Assets;equity=StockholdersEquity;cash=CashAndCashEquivalentsAtCarryingValue,7.0,51.58,35.59,7.85,14.0,-4.7,9.0,6.6,1.4,5.8,9.0,-2.0,13.3,12.8,-5.8,7.4,7.9,-1.5,11.9,ttm,edgar,,95,yfinance,,Undervalued
TRV,0000086312,"The Travelers Companies, Inc.",Financial Services,Insurance - Property & Casualty,yfinance,False,NYSE,6331,"Fire, Marine & Casualty Insurance",9.72,9.72,0.0,11.88,30.326,37.08,37.08,37.24,0.4,ok,yfinance,,64.71,360.38,556.2,20.397,305.95,81.8,2026-06-30,Stalwart,21.2,P/E = growth 20% + dividend 1.4% · 5-year trend (regression on all points),"Solid, predictable growth: the fair P/E matches the growth rate plus the dividend yield (PEG = 1).",earnings,current,,high,"consistent earnings, growth measured over the full 5-year window",787.84,ok,-54.3,Undervalued,19.9,5-year trend (regression on all points),20.2,19.9,0,0,,48.6,2.19,0.49,2.27,False,67,2,-35.2,1.39,5.0,4.0,4.7,1.3,False,75166269440.0,208575022.0,2026-10-16,0.45,5.24,48979000000.0,48828000000.0,8303000000.0,10333000000.0,11026000000.0,,456000000.0,,33121000000.0,143580000000.0,,9068000000.0,621000000.0,8447000000.0,83613269440.0,8.09,0.82,1.53,,26.5,23.1,7.2,17.0,21.1,,,,ttm,revenue=Revenues;net_income=NetIncomeLoss+NetIncomeLossAvailableToCommonStockholdersBasic+ProfitLoss;ebit=IncomeLossFromContinuingOperationsBeforeIncomeTaxesExtraordinaryItemsNoncontrollingInterest+OperatingIncomeLoss+IncomeLossFromContinuingOperationsBeforeIncomeTaxesMinorityInterestAndIncomeLossFromEquityMethodInvestments;ocf=NetCashProvidedByUsedInOperatingActivities+NetCashProvidedByUsedInOperatingActivitiesContinuingOperations;interest_expense=InterestExpense+InterestExpenseDebt;assets=Assets;equity=StockholdersEquity;long_term_debt=LongTermDebtNoncurrent;short_term_debt=DebtCurrent;cash=CashCashEquivalentsRestrictedCashAndRestrictedCashEquivalents,2.4,158.8,234.83,,58.2,20.2,13.7,8.1,7.8,6.2,,,,54.9,16.9,10.2,20.0,8.7,11.1,ttm,edgar,,95,yfinance,free_cash_flow,Undervalued
TSCO,0000916365,Tractor Supply Company,Consumer Cyclical,Specialty Retail,yfinance,False,Nasdaq,5200,"Retail-Building Materials, Hardware, Garden Supply",16.19,16.19,0.0,15.18,2.048,1.92,1.92,1.91,0.5,ok,yfinance,,-5.91,31.09,28.8,2.051,30.76,-6.4,2026-06-27,Slow Grower,7.0,"P/E = growth 4% + dividend 3.1% (floor 6, cap 12) · 5-year trend (regression on all points)",Modest growth: deserves a contained multiple. The dividend partly offsets the lower growth.,earnings,current,,high,"consistent earnings, growth measured over the full 5-year window",13.48,ok,130.7,Overvalued,3.9,5-year trend (regression on all points),4.9,3.9,0,0,,15.1,0.43,4.12,6.187,False,63,5,8.0,3.09,0.96,4.0,0.95,3.06,False,16199137280.0,521040137.0,2026-10-22,0.47,5.24,15750724000.0,15524046000.0,1880594000.0,1340986000.0,1285820000.0,306981000.0,67731000.0,740489000.0,2631565000.0,12161821000.0,2153826000.0,2164141000.0,231588000.0,1932553000.0,18131690280.0,13.52,1.44,1.03,52.77,73.4,21.6,11.0,11.9,8.5,0.82,1.9,16.3,ttm,revenue=Revenues+SalesRevenueGoodsNet;net_income=NetIncomeLoss;ebit=OperatingIncomeLoss;ocf=NetCashProvidedByUsedInOperatingActivities;capex=PaymentsToAcquirePropertyPlantAndEquipment;interest_expense=InterestExpenseNonoperating+InterestExpense;assets=Assets;equity=StockholdersEquity;long_term_debt=LongTermDebtNoncurrent;short_term_debt=FinanceLeaseLiabilityCurrent;cash=CashAndCashEquivalentsAtCarryingValue,4.0,5.05,30.23,0.59,-1.5,4.9,11.8,2.2,-4.3,9.3,-22.4,-17.2,1.7,19.3,16.5,16.1,-5.3,1.2,9.9,ttm,edgar,,98,yfinance,,Overvalued
TSLA,0001318605,"Tesla, Inc.",Consumer Cyclical,Auto Manufacturers,yfinance,False,Nasdaq,3711,Motor Vehicles & Passenger Car Bodies,333.86,333.86,0.0,171.33,2.163,1.11,1.11,1.08,2.7,ok,yfinance,1.028,-35.71,370.59,,1.948,29.21,-43.0,2026-06-30,Cyclical,12.0,P/E 12 on 3-year normalized (mid-cycle) earnings,"Erratic, cycle-driven earnings: a low P/E can signal the peak of the cycle, not a bargain. The multiple is applied to mid-cycle earnings, so the fair value does not follow the peak.",earnings,normalized,,medium,erratic earnings (volatility 116),,suppressed: the earnings used imply a P/E of 190 — earnings this close to zero make every multiple arbitrary,,N/A,-4.6,5-year trend (regression on all points),11.0,-4.6,0,0,,115.7,-0.01,,16.849,False,51,2,,,,,,,False,1463662804992.0,3949547394.0,2026-10-21,1.84,5.24,103619000000.0,94827000000.0,3804000000.0,4372000000.0,18685000000.0,5762000000.0,334000000.0,6220000000.0,86858000000.0,148524000000.0,7721000000.0,9061000000.0,15219000000.0,-6158000000.0,1457504804992.0,333.37,-1.41,14.13,254.02,4.6,58.5,2.9,3.7,4.2,0.09,0.39,73.7,ttm,revenue=RevenueFromContractWithCustomerExcludingAssessedTax+Revenues;net_income=NetIncomeLoss;ebit=OperatingIncomeLoss;ocf=NetCashProvidedByUsedInOperatingActivities+NetCashProvidedByUsedInOperatingActivitiesContinuingOperations;capex=PaymentsToAcquirePropertyPlantAndEquipment;interest_expense=InterestExpenseNonoperating+InterestExpense+InterestExpenseDebt;assets=Assets;equity=StockholdersEquity;long_term_debt=LongTermDebtNoncurrent;short_term_debt=DebtCurrent;cash=CashAndCashEquivalentsAtCarryingValue,11.8,21.99,26.24,1.46,-32.6,11.0,,3.3,19.9,36.6,-2.2,6.7,,-32.2,11.8,,10.2,15.3,,ttm,edgar,,95,yfinance,dividend_yield,N/A
TSN,0000100493,"Tyson Foods, Inc.",Consumer Defensive,Farm Products,yfinance,False,NYSE,2015,Poultry Slaughtering and Processing,31.07,31.07,0.0,12.57,4.128,1.67,1.67,1.62,3.0,ok,yfinance,1.031,-26.36,51.89,25.05,1.309,19.64,27.6,2026-06-27,Slow Grower (declining earnings),6.0,"P/E = 0% growth credit + dividend 3.9% (floor 6) · 5-year CAGR (two endpoints, window contains losses)","Earnings are contracting, so the model gives no credit for growth: the multiple comes from the dividend and the floor alone. Applied to normalized earnings where available, since the latest figure of a declining company is its lowest point. Check whether the decline is cyclical or structural.",earnings,current,,low,"erratic earnings (volatility 103); one loss episode 2 years ago, profitable since; earnings declining -24%/year",10.02,ok,417.9,Overvalued,-24.1,"5-year CAGR (two endpoints, window contains losses)",-24.1,,4,1,2.0,103.2,-0.65,,1.01,True,68,3,107.1,3.93,2.04,4.0,2.04,3.93,False,18254979072.0,351801512.0,2026-11-16,0.37,5.24,55694000000.0,54441000000.0,574000000.0,1257000000.0,2004000000.0,1161000000.0,405000000.0,1177000000.0,18079000000.0,35612000000.0,6579000000.0,8006000000.0,740000000.0,7266000000.0,25520979072.0,20.3,5.78,0.33,15.72,3.2,50.8,3.5,1.0,2.3,0.36,6.36,-19.3,ttm,revenue=RevenueFromContractWithCustomerExcludingAssessedTax+Revenues+SalesRevenueNet;net_income=NetIncomeLoss;ebit=OperatingIncomeLoss;ocf=NetCashProvidedByUsedInOperatingActivities;capex=PaymentsToAcquirePropertyPlantAndEquipment;interest_expense=InterestExpenseNonoperating+InterestExpense+InterestAndDebtExpense;assets=Assets;equity=StockholdersEquity;long_term_debt=LongTermDebtAndCapitalLeaseObligations;short_term_debt=DebtCurrent;cash=CashAndCashEquivalentsAtCarryingValue,2.9,51.39,158.31,3.3,20.8,-24.1,-8.9,1.5,4.0,3.8,128.6,-15.4,-5.5,19.1,-24.6,-10.0,-3.5,-12.2,-3.2,ttm,edgar,,98,yfinance,,Overvalued
TT,0001466258,Trane Technologies plc,Industrials,Building Products & Equipment,yfinance,False,NYSE,3822,Auto Controls For Regulating Residential & Comml Environments,34.24,34.24,0.0,26.34,17.613,13.55,13.55,13.2,2.6,ok,yfinance,1.027,4.76,463.91,203.25,11.933,179.0,13.5,2026-06-30,Fast Grower,22.8,P/E = growth 22% + dividend 0.9% (capped at 25) · 5-year trend (regression on all points),"High growth: the multiple tracks the growth rate but is capped at 25, because very few companies sustain that pace for years.",earnings,current,,high,"consistent earnings, growth measured over the full 5-year window",309.43,ok,49.9,Overvalued,21.9,5-year trend (regression on all points),19.0,21.9,0,0,,8.2,0.67,1.56,11.852,False,67,6,128.2,0.91,4.2,4.0,3.15,0.68,True,102070960128.0,220023177.0,2026-10-29,1.2,5.24,22209900000.0,21321900000.0,2949000000.0,3984700000.0,3876800000.0,3546500000.0,219900000.0,2811500000.0,8622900000.0,23925600000.0,3923700000.0,4616800000.0,1763300000.0,2853500000.0,104924460128.0,26.33,0.72,4.6,28.78,35.8,36.0,16.7,13.3,17.9,0.46,3.47,1.3,ttm,revenue=RevenueFromContractWithCustomerExcludingAssessedTax+SalesRevenueNet+Revenues;net_income=NetIncomeLoss;ebit=OperatingIncomeLoss;ocf=NetCashProvidedByUsedInOperatingActivities+NetCashProvidedByUsedInOperatingActivitiesContinuingOperations;capex=PaymentsToAcquirePropertyPlantAndEquipment+PaymentsToAcquireProductiveAssets;interest_expense=InterestExpense;assets=Assets;equity=StockholdersEquity;long_term_debt=LongTermDebtNoncurrent;short_term_debt=DebtCurrent;cash=CashAndCashEquivalentsAtCarryingValue,7.0,39.19,100.94,16.12,17.7,19.0,12.1,9.7,10.4,5.2,32.6,10.6,14.3,16.2,17.0,7.5,29.1,10.9,13.0,ttm,edgar,,95,yfinance,,Overvalued
TTWO,0000946581,"Take-Two Interactive Software, Inc.",Communication Services,Electronic Gaming & Multimedia,yfinance,False,Nasdaq,7372,Services-Prepackaged Software,,,,19.7,10.292,-1.72,-1.72,-1.73,0.6,ok,yfinance,,92.83,202.73,,,,,2026-06-30,Turnaround,,"no positive earnings, current or normalized","Loss-making now and on a 3-year average: no earnings base exists to capitalise. Any P/E-derived fair value would be invented. Assess the cash burn, the runway and the balance sheet instead.",none,current,,low,growth not calculable on any window; erratic earnings (volatility 109),,no valuation anchor for this category,,N/A,,not calculable,,,16,1,0.0,108.5,,,10.506,True,63,1,,,,,0.0,,False,37906546688.0,186980443.0,2026-11-09,0.97,5.24,6686500000.0,6656400000.0,-320400000.0,-161300000.0,500200000.0,337500000.0,135200000.0,461500000.0,3608400000.0,9064200000.0,1889800000.0,2519700000.0,1364900000.0,1154800000.0,39061346688.0,,,5.67,112.32,-9.0,39.8,-1.8,-4.8,-2.4,0.52,0.89,315.1,ttm,revenue=RevenueFromContractWithCustomerExcludingAssessedTax+SalesRevenueNet+SalesRevenueGoodsNet;net_income=NetIncomeLoss+ProfitLoss;ebit=OperatingIncomeLoss;ocf=NetCashProvidedByUsedInOperatingActivities;capex=PaymentsToAcquirePropertyPlantAndEquipment;interest_expense=InterestExpenseDebt;assets=Assets;equity=StockholdersEquity;long_term_debt=LongTermDebtNoncurrent;short_term_debt=LongTermDebtCurrent;cash=CashAndCashEquivalentsAtCarryingValue,15.3,19.3,35.76,1.81,,,,6.5,14.8,16.5,,-6.4,14.7,,,,,-4.1,16.5,ttm,edgar,,95,yfinance,dividend_yield;growth_5y,N/A
TXN,0000097476,Texas Instruments Incorporated,Technology,Semiconductors,yfinance,False,Nasdaq,3674,Semiconductors & Related Devices,42.77,42.77,0.0,27.6,10.645,6.87,6.87,6.58,4.2,ok,yfinance,1.044,20.29,293.8,103.05,5.873,88.09,17.0,2026-06-30,Slow Grower (declining earnings),6.0,P/E = 0% growth credit + dividend 1.9% (floor 6) · 5-year trend (regression on all points),"Earnings are contracting, so the model gives no credit for growth: the multiple comes from the dividend and the floor alone. Applied to normalized earnings where available, since the latest figure of a declining company is its lowest point. Check whether the decline is cyclical or structural.",earnings,current,,medium,earnings declining -10%/year,41.22,ok,612.8,Overvalued,-10.3,5-year trend (regression on all points),-1.7,-10.3,0,0,,32.4,-0.2,,14.896,False,67,6,185.1,1.93,5.68,4.0,5.68,1.93,False,268312150016.0,913247686.0,2026-10-21,1.31,5.24,19453000000.0,17682000000.0,6052000000.0,7254000000.0,8667000000.0,5355000000.0,564000000.0,2603000000.0,18007000000.0,35882000000.0,12903000000.0,14052000000.0,3660000000.0,10392000000.0,278704150016.0,38.42,1.43,13.79,50.1,35.2,50.2,20.2,31.1,37.3,0.72,2.0,73.8,ttm,revenue=RevenueFromContractWithCustomerExcludingAssessedTax+SalesRevenueNet;net_income=NetIncomeLoss+ProfitLoss;ebit=OperatingIncomeLoss;ocf=NetCashProvidedByUsedInOperatingActivities+NetCashProvidedByUsedInOperatingActivitiesContinuingOperations;capex=PaymentsToAcquirePropertyPlantAndEquipment+PaymentsToAcquireProductiveAssets;interest_expense=InterestAndDebtExpense;assets=Assets;equity=StockholdersEquity;long_term_debt=LongTermDebtNoncurrent;short_term_debt=DebtCurrent;cash=CashAndCashEquivalentsAtCarryingValue,16.7,19.72,21.3,5.86,-7.6,-1.7,8.0,1.1,3.0,4.2,18.9,-3.8,2.6,-7.7,-2.1,6.7,5.6,2.8,6.2,ttm,edgar,,95,yfinance,,Overvalued
TXT,0000217346,Textron Inc.,Industrials,Aerospace & Defense,yfinance,False,NYSE,3720,Aircraft & Parts,14.52,14.52,0.0,10.63,7.267,5.32,5.32,5.3,0.4,ok,yfinance,,19.64,77.26,79.8,4.617,69.26,15.2,2026-07-04,Slow Grower,9.0,"P/E = growth 9% + dividend 0.1% (floor 6, cap 12) · 5-year trend (regression on all points)",Modest growth: deserves a contained multiple. The dividend partly offsets the lower growth.,earnings,current,,high,"consistent earnings, growth measured over the full 5-year window",47.95,ok,61.1,Overvalued,8.9,5-year trend (regression on all points),11.5,8.9,0,0,,18.1,0.62,1.63,1.649,False,63,3,-3.2,0.1,0.08,4.0,0.08,0.1,False,13287709696.0,171986917.0,2026-10-29,0.9,5.24,15299000000.0,14799000000.0,937000000.0,1166000000.0,1236000000.0,759000000.0,,929000000.0,8054000000.0,18134000000.0,,27000000.0,1606000000.0,-1579000000.0,11708709696.0,10.04,-1.35,0.87,17.51,12.1,44.4,6.4,6.1,7.6,,5.71,42.9,ttm,revenue=Revenues+RevenueFromContractWithCustomerExcludingAssessedTax;net_income=NetIncomeLoss;ebit=IncomeLossFromContinuingOperationsBeforeIncomeTaxesExtraordinaryItemsNoncontrollingInterest+IncomeLossFromContinuingOperationsBeforeIncomeTaxesMinorityInterestAndIncomeLossFromEquityMethodInvestments+OperatingIncomeLoss;ocf=NetCashProvidedByUsedInOperatingActivities;capex=PaymentsToAcquireProductiveAssets;interest_expense=InterestExpense;assets=Assets;equity=StockholdersEquity;long_term_debt=FinanceLeaseLiabilityNoncurrent;short_term_debt=FinanceLeaseLiabilityCurrent;cash=CashAndCashEquivalentsAtCarryingValue,8.8,46.83,88.95,4.41,6.8,11.5,7.2,5.1,4.2,1.0,-7.2,-10.8,6.5,1.2,5.9,2.5,-2.5,-6.1,3.7,ttm,edgar,,91,yfinance,,Undervalued
TYL,0000860731,"Tyler Technologies, Inc.",Technology,Software - Application,yfinance,False,NYSE,7372,Services-Prepackaged Software,43.51,43.51,0.0,21.03,15.352,7.42,7.42,7.54,1.6,ok,yfinance,,7.87,322.81,111.3,6.239,93.59,18.9,2026-06-30,Stalwart (mid cap),17.4,P/E = growth 17% + dividend 0.0% · 5-year trend (regression on all points),"Solid, predictable growth: the fair P/E matches the growth rate plus the dividend yield (PEG = 1).",earnings,current,,high,"consistent earnings, growth measured over the full 5-year window",129.04,ok,150.2,Overvalued,17.4,5-year trend (regression on all points),15.2,17.4,0,0,,27.4,0.4,2.5,4.35,False,63,2,190.0,,,4.0,0.0,,True,13219803136.0,40952274.0,2026-10-28,0.83,5.24,2429657000.0,2332340000.0,324616000.0,367814000.0,730747000.0,714266000.0,6527000.0,637528000.0,3037231000.0,5813576000.0,1408691000.0,1408691000.0,895353000.0,513338000.0,13733141136.0,37.34,1.4,5.44,18.51,9.7,52.2,6.3,13.4,15.1,0.46,5.4,5.5,ttm,revenue=RevenueFromContractWithCustomerExcludingAssessedTax+SalesRevenueNet+Revenues;net_income=NetIncomeLoss;ebit=OperatingIncomeLoss+IncomeLossFromContinuingOperationsBeforeIncomeTaxesExtraordinaryItemsNoncontrollingInterest+IncomeLossFromContinuingOperationsBeforeIncomeTaxesMinorityInterestAndIncomeLossFromEquityMethodInvestments;ocf=NetCashProvidedByUsedInOperatingActivities+NetCashProvidedByUsedInOperatingActivitiesContinuingOperations;capex=PaymentsToAcquirePropertyPlantAndEquipment;interest_expense=InterestExpenseNonoperating+InterestAndDebtExpense+InterestExpenseDebt;assets=Assets;equity=StockholdersEquity;long_term_debt=LongTermDebtNoncurrent;short_term_debt=LongTermDebtCurrent;cash=CashAndCashEquivalentsAtCarryingValue,8.2,74.17,59.33,17.44,24.9,15.2,14.8,8.5,13.9,13.6,34.9,19.8,16.7,25.5,15.8,16.3,33.5,18.7,15.0,ttm,edgar,,95,yfinance,dividend_yield,Overvalued
UAL,0000100517,"United Airlines Holdings, Inc.",Industrials,Airlines,yfinance,False,Nasdaq,4512,"Air Transportation, Scheduled",10.48,10.48,0.0,7.77,14.472,10.74,10.74,10.67,0.7,ok,yfinance,,6.7,112.51,161.1,9.789,146.83,9.7,2026-06-30,Cyclical,12.0,P/E 12 on 3-year normalized (mid-cycle) earnings,"Erratic, cycle-driven earnings: a low P/E can signal the peak of the cycle, not a bargain. The multiple is applied to mid-cycle earnings, so the fair value does not follow the peak.",earnings,normalized,,low,"growth measured on a short window (3-year trend — no usable 5-year history); erratic earnings (volatility 69); one loss episode 4 years ago, profitable since",117.47,ok,-4.2,Undervalued,12.4,3-year trend — no usable 5-year history,,,6,1,3.7,69.1,1.18,0.84,2.187,True,63,0,-30.2,,,,0.0,,False,36517339136.0,324569728.0,2026-10-20,1.27,5.24,62902000000.0,59070000000.0,3497000000.0,4873000000.0,8913000000.0,2544000000.0,1326000000.0,2557000000.0,16697000000.0,84569000000.0,24294000000.0,24294000000.0,10166000000.0,14128000000.0,50645339136.0,10.39,2.9,0.58,14.35,23.3,19.7,5.8,5.6,7.7,1.45,6.97,-33.2,ttm,revenue=RevenueFromContractWithCustomerExcludingAssessedTax+Revenues;net_income=NetIncomeLoss;ebit=OperatingIncomeLoss;ocf=NetCashProvidedByUsedInOperatingActivities+NetCashProvidedByUsedInOperatingActivitiesContinuingOperations;capex=PaymentsToAcquireProductiveAssets;interest_expense=InterestExpenseNonoperating+InterestExpense;assets=Assets;equity=StockholdersEquity;long_term_debt=LongTermDebtNoncurrent;short_term_debt=LongTermDebtCurrent;cash=CashAndCashEquivalentsAtCarryingValue,8.5,51.44,193.8,7.84,9.5,,-4.9,7.3,33.9,5.5,14.2,,-1.9,9.5,,-6.1,0.3,,3.8,ttm,edgar,,95,yfinance,dividend_yield,Undervalued
UBER,0001543151,"Uber Technologies, Inc.",Technology,Software - Application,yfinance,False,NYSE,7389,"Services-Business Services, NEC",14.87,14.87,0.0,15.41,4.421,4.58,4.58,4.57,0.2,ok,yfinance,,-22.15,68.11,68.7,4.304,64.57,6.4,2026-06-30,Fast Grower,25.0,P/E = growth 151% + dividend 0.0% (capped at 25) · 3-year trend — no usable 5-year history,"High growth: the multiple tracks the growth rate but is capped at 25, because very few companies sustain that pace for years.",earnings,current,,low,"growth measured on a short window (3-year trend — no usable 5-year history); erratic earnings (volatility 118); one loss episode 3 years ago, profitable since",114.5,ok,-40.5,Undervalued,150.8,3-year trend — no usable 5-year history,,,9,1,3.0,118.2,10.14,0.1,5.087,True,31,0,-0.9,,,,,,False,139118772224.0,2042560121.0,2026-11-03,1.16,5.24,55227000000.0,52017000000.0,9579000000.0,6700000000.0,10424000000.0,10116000000.0,462000000.0,9763000000.0,27316000000.0,65801000000.0,10726000000.0,12723000000.0,4870000000.0,7853000000.0,146971772224.0,21.94,1.17,2.52,13.75,38.4,41.5,10.2,17.3,12.1,0.39,7.27,41.6,ttm,revenue=Revenues+RevenueFromContractWithCustomerExcludingAssessedTax;net_income=NetIncomeLoss;ebit=OperatingIncomeLoss;ocf=NetCashProvidedByUsedInOperatingActivities;capex=PaymentsToAcquirePropertyPlantAndEquipment;interest_expense=InterestExpenseNonoperating+InterestExpenseDebt;assets=Assets;equity=StockholdersEquity;long_term_debt=LongTermDebtNoncurrent;short_term_debt=LongTermDebtCurrent;cash=CashAndCashEquivalentsAtCarryingValue,16.7,13.37,27.04,4.95,,,14904.5,16.4,33.9,24.9,79.7,,,,,35.2,73.8,,,ttm,edgar,,95,yfinance,dividend_yield,Undervalued
UDR,0000074208,"UDR, Inc.",Real Estate,REIT - Residential,yfinance,False,NYSE,6798,Real Estate Investment Trusts,21.33,21.33,0.0,59.41,0.56,1.56,1.56,1.47,5.8,ok,yfinance,1.061,308.33,33.27,23.4,0.838,12.58,86.1,2026-03-31,Fast Grower,25.0,P/E = growth 30% + dividend 1.7% (capped at 25) · 5-year trend (regression on all points),"High growth: the multiple tracks the growth rate but is capped at 25, because very few companies sustain that pace for years.",earnings,current,,medium,erratic earnings (volatility 117),39.0,ok,-14.7,Undervalued,30.4,5-year trend (regression on all points),49.0,30.4,0,0,,117.4,1.51,0.7,3.691,False,62,2,42.2,1.74,0.58,4.0,1.73,5.2,True,12222208000.0,367364222.0,2026-10-28,0.69,5.24,11777000.0,11361000.0,490815000.0,661216000.0,875414000.0,632086000.0,197494000.0,650030000.0,3285680000.0,10333774000.0,5663316000.0,5663316000.0,1300000.0,5662016000.0,17884224000.0,27.05,8.56,1037.8,19.34,14.8,31.8,6.4,4167.6,5614.5,1.72,5.17,3.7,ttm,revenue=RevenueFromContractWithCustomerExcludingAssessedTax+Revenues;net_income=NetIncomeLoss+ProfitLoss+NetIncomeLossAvailableToCommonStockholdersBasic;ebit=OperatingIncomeLoss;ocf=NetCashProvidedByUsedInOperatingActivities+NetCashProvidedByUsedInOperatingActivitiesContinuingOperations;capex=PaymentsForCapitalImprovements+PaymentsToAcquireProductiveAssets;interest_expense=InterestExpenseDebt+InterestExpense;assets=Assets;equity=StockholdersEquity;long_term_debt=LongTermDebt;cash=CashAndCashEquivalentsAtCarryingValue,39.1,8.94,0.03,1.72,68.0,49.0,3.6,31.5,17.3,-34.3,2.2,7.8,3.0,67.6,51.2,6.1,1.9,8.1,6.3,ttm,edgar,,186,yfinance,,Overvalued
UHS,0000352915,"Universal Health Services, Inc.",Healthcare,Medical Care Facilities,yfinance,False,NYSE,8062,"Services-General Medical & Surgical Hospitals, NEC",7.15,7.15,0.0,7.32,23.999,24.58,24.58,24.5,0.3,ok,yfinance,,29.15,175.72,368.7,17.367,260.5,41.5,2026-06-30,Stalwart (mid cap),19.7,P/E = growth 19% + dividend 0.5% · 5-year trend (regression on all points),"Solid, predictable growth: the fair P/E matches the growth rate plus the dividend yield (PEG = 1).",earnings,current,,high,"consistent earnings, growth measured over the full 5-year window",484.44,ok,-63.7,Undervalued,19.3,5-year trend (regression on all points),14.2,19.3,0,0,,27.2,2.76,0.37,1.378,False,63,4,-52.3,0.46,0.8,4.0,0.8,0.46,False,10356324352.0,58936515.0,2026-10-26,1.06,5.24,18114487000.0,17364829000.0,1526027000.0,2058455000.0,1800302000.0,845400000.0,157693000.0,849245000.0,7513812000.0,15935486000.0,4079937000.0,4851847000.0,138800000.0,4713047000.0,15069371352.0,7.32,2.29,0.57,12.25,21.0,47.2,12.9,8.4,11.4,0.54,8.16,-24.4,ttm,revenue=RevenueFromContractWithCustomerExcludingAssessedTax+SalesRevenueNet;net_income=NetIncomeLoss;ebit=OperatingIncomeLoss;ocf=NetCashProvidedByUsedInOperatingActivities;capex=PaymentsToAcquirePropertyPlantAndEquipment+PaymentsToAcquireProductiveAssets;interest_expense=InterestExpense;assets=Assets;equity=StockholdersEquity;long_term_debt=LongTermDebtNoncurrent;short_term_debt=LongTermDebtCurrent;cash=CashAndCashEquivalentsAtCarryingValue,10.0,127.49,307.36,14.34,36.6,14.2,13.3,9.5,8.2,6.8,18.4,37.9,-0.8,30.2,7.1,8.1,15.4,11.9,2.7,ttm,edgar,,95,yfinance,,Undervalued
ULTA,0001403568,"Ulta Beauty, Inc.",Consumer Cyclical,Specialty Retail,yfinance,False,Nasdaq,5990,"Retail-Retail Stores, NEC",19.57,19.57,0.0,16.94,32.087,27.78,27.78,27.45,1.2,ok,yfinance,,5.37,543.69,416.7,25.938,389.07,7.1,2026-08-01,Slow Grower,8.1,"P/E = growth 8% + dividend not available (treated as 0) (floor 6, cap 12) · 5-year trend (regression on all points)",Modest growth: deserves a contained multiple. The dividend partly offsets the lower growth.,earnings,current,,high,"consistent earnings, growth measured over the full 5-year window",224.56,ok,142.1,Overvalued,8.1,5-year trend (regression on all points),16.1,8.1,0,0,,13.4,0.41,2.42,8.565,False,63,0,30.5,,,,0.0,,False,23246809088.0,42757471.0,2026-12-03,0.85,5.24,12955517000.0,12392820000.0,1209548000.0,1614258000.0,1567827000.0,1149452000.0,,1067951000.0,2643741000.0,6963950000.0,,339578000.0,158451000.0,181127000.0,23427936088.0,14.51,0.11,1.79,20.22,46.1,38.0,23.2,9.3,12.5,,4.94,10.8,ttm,revenue=Revenues+SalesRevenueNet;net_income=NetIncomeLoss;ebit=OperatingIncomeLoss;ocf=NetCashProvidedByUsedInOperatingActivities+NetCashProvidedByUsedInOperatingActivitiesContinuingOperations;capex=PaymentsToAcquirePropertyPlantAndEquipment;interest_expense=InterestExpense;assets=Assets;equity=StockholdersEquity;long_term_debt=LongTermDebtNoncurrent;short_term_debt=ShortTermBorrowings;cash=CashAndCashEquivalentsAtCarryingValue,11.2,61.83,303.0,26.88,3.3,16.1,17.1,6.5,11.1,11.6,5.7,1.6,21.9,-1.4,10.7,12.9,4.6,5.6,12.8,ttm,edgar,,63,yfinance,dividend_yield,Overvalued
UNH,0000731766,UnitedHealth Group Incorporated,Healthcare,Healthcare Plans,yfinance,False,NYSE,6324,Hospital & Medical Service Plans,23.48,23.48,0.0,16.45,22.61,15.84,15.84,15.58,1.6,ok,yfinance,,-32.52,371.9,237.6,16.247,243.7,-2.5,2026-06-30,Slow Grower (declining earnings),6.0,P/E = 0% growth credit + dividend 2.5% (floor 6) · 5-year trend (regression on all points),"Earnings are contracting, so the model gives no credit for growth: the multiple comes from the dividend and the floor alone. Applied to normalized earnings where available, since the latest figure of a declining company is its lowest point. Check whether the decline is cyclical or structural.",earnings,current,,medium,earnings declining -3%/year,95.04,ok,291.3,Overvalued,-2.6,5-year trend (regression on all points),0.6,-2.6,0,0,,20.7,-0.01,,3.419,False,67,5,56.5,2.5,9.28,4.0,9.06,2.44,False,333815513088.0,897594847.0,2026-10-13,0.62,5.24,450129000000.0,447567000000.0,14122000000.0,21676000000.0,27017000000.0,23617000000.0,3894000000.0,16075000000.0,104513000000.0,309727000000.0,69501000000.0,73328000000.0,28585000000.0,44743000000.0,378558513088.0,17.46,2.06,0.74,14.13,13.8,33.7,7.0,3.1,4.8,0.66,7.07,-22.4,ttm,revenue=Revenues;net_income=NetIncomeLoss;ebit=OperatingIncomeLoss;ocf=NetCashProvidedByUsedInOperatingActivities;capex=PaymentsToAcquirePropertyPlantAndEquipment;interest_expense=InterestExpense;assets=Assets;equity=StockholdersEquity;long_term_debt=LongTermDebtNoncurrent;short_term_debt=DebtCurrent;cash=CashAndCashEquivalentsAtCarryingValue,6.5,116.44,501.48,26.31,-11.3,0.6,9.3,8.9,10.6,9.8,-14.8,5.0,10.6,-12.5,-0.5,8.6,-13.2,5.4,10.1,ttm,edgar,,95,yfinance,,Overvalued
UNP,0000100885,Union Pacific Corporation,Industrials,Railroads,yfinance,False,NYSE,4011,"Railroads, Line-Haul Operating",22.5,22.5,0.0,19.62,14.186,12.37,12.37,12.36,0.1,ok,yfinance,,7.38,278.28,185.55,11.104,166.56,11.4,2026-06-30,Slow Grower,6.4,"P/E = growth 4% + dividend 2.0% (floor 6, cap 12) · 5-year trend (regression on all points)",Modest growth: deserves a contained multiple. The dividend partly offsets the lower growth.,earnings,current,,high,"consistent earnings, growth measured over the full 5-year window",79.2,ok,251.4,Overvalued,4.4,5-year trend (regression on all points),7.1,4.4,0,0,,11.6,0.28,5.16,8.508,False,67,5,50.0,2.04,5.68,4.0,5.56,2.0,False,165319327744.0,594075498.0,2026-10-22,0.97,5.24,25410000000.0,24510000000.0,7330000000.0,10171000000.0,10263000000.0,6504000000.0,1285000000.0,5499000000.0,20673000000.0,71211000000.0,29039000000.0,29039000000.0,1614000000.0,27425000000.0,192744327744.0,18.95,2.7,6.51,25.42,39.7,29.0,14.3,28.8,40.0,1.4,3.93,-6.7,ttm,revenue=RevenueFromContractWithCustomerExcludingAssessedTax+Revenues;net_income=NetIncomeLoss;ebit=OperatingIncomeLoss;ocf=NetCashProvidedByUsedInOperatingActivities+NetCashProvidedByUsedInOperatingActivitiesContinuingOperations;capex=PaymentsToAcquirePropertyPlantAndEquipment;interest_expense=InterestExpenseNonoperating+InterestExpense;assets=Assets;equity=StockholdersEquity;long_term_debt=LongTermDebtAndCapitalLeaseObligations;short_term_debt=CommercialPaper;cash=CashAndCashEquivalentsAtCarryingValue,4.2,34.8,42.77,10.95,4.1,7.1,9.2,0.9,4.7,2.2,5.9,2.1,7.8,2.9,4.5,5.3,4.3,4.2,3.8,ttm,edgar,,95,yfinance,,Overvalued
UPS,0001090727,"United Parcel Service, Inc.",Industrials,Integrated Freight & Logistics,yfinance,False,NYSE,4210,Trucking & Courier Services (No Air),17.45,17.45,0.0,11.53,8.07,5.33,5.33,5.38,0.9,ok,yfinance,,-19.82,93.02,79.95,6.608,99.12,-19.3,2026-06-30,Slow Grower (declining earnings),7.1,P/E = 0% growth credit + dividend 7.1% (floor 6) · 5-year trend (regression on all points),"Earnings are contracting, so the model gives no credit for growth: the multiple comes from the dividend and the floor alone. Applied to normalized earnings where available, since the latest figure of a declining company is its lowest point. Check whether the decline is cyclical or structural.",earnings,current,,medium,earnings declining -14%/year,37.59,ok,147.5,Overvalued,-13.5,5-year trend (regression on all points),-4.9,-13.5,0,0,,31.1,-0.37,,5.254,False,67,0,16.3,7.05,6.56,4.0,6.56,7.05,False,79139700736.0,850781582.0,2026-10-27,1.04,5.24,89930000000.0,88661000000.0,4570000000.0,6576000000.0,8867000000.0,5457000000.0,1095000000.0,4765000000.0,15067000000.0,71267000000.0,23850000000.0,24484000000.0,4653000000.0,19831000000.0,98970700736.0,15.05,3.02,0.88,14.5,29.7,21.1,9.2,5.1,7.3,1.58,6.9,-23.3,ttm,revenue=RevenueFromContractWithCustomerExcludingAssessedTax+Revenues;net_income=NetIncomeLoss+ProfitLoss;ebit=OperatingIncomeLoss;ocf=NetCashProvidedByUsedInOperatingActivities;capex=PaymentsToAcquirePropertyPlantAndEquipment;interest_expense=InterestExpenseNonoperating+InterestExpense;assets=Assets;equity=StockholdersEquity;long_term_debt=LongTermDebtNoncurrent;short_term_debt=DebtCurrent;cash=CashAndCashEquivalentsAtCarryingValue,-0.4,17.71,105.7,6.41,-22.4,-4.9,-0.3,-2.2,-0.6,4.2,-4.2,-7.2,-0.1,-23.0,-5.5,-0.9,-8.0,-7.3,1.2,ttm,edgar,,95,yfinance,,Overvalued
URI,0001067701,"United Rentals, Inc.",Industrials,Rental & Leasing Services,yfinance,False,NYSE,7359,"Services-Equipment Rental & Leasing, NEC",24.87,24.87,0.0,18.86,57.318,43.46,43.46,39.2,9.8,ok,yfinance,1.109,1.5,1081.04,651.9,42.634,639.51,1.9,2026-03-31,Fast Grower,24.3,P/E = growth 24% + dividend 0.7% (capped at 25) · 5-year trend (regression on all points),"High growth: the multiple tracks the growth rate but is capped at 25, because very few companies sustain that pace for years.",earnings,current,,high,"consistent earnings, growth measured over the full 5-year window",1056.9,ok,2.3,Overvalued,23.6,5-year trend (regression on all points),25.3,23.6,0,0,,23.3,0.98,1.05,7.306,False,62,0,65.8,0.73,7.88,4.0,7.7,0.71,False,67286622208.0,62242489.0,2026-10-21,1.79,5.24,6947000000.0,3695000000.0,2507000000.0,4038000000.0,5279000000.0,,,416000000.0,8968000000.0,29888000000.0,12263000000.0,13886000000.0,156000000.0,13730000000.0,81016622208.0,20.06,3.4,9.69,,28.2,30.0,13.5,36.1,58.1,1.37,,-50.5,ttm,revenue=RevenueFromContractWithCustomerExcludingAssessedTax+Revenues+SalesRevenueNet;net_income=NetIncomeLoss;ebit=OperatingIncomeLoss;ocf=NetCashProvidedByUsedInOperatingActivities;capex=PaymentsToAcquireProductiveAssets+PaymentsToAcquirePropertyPlantAndEquipment;assets=Assets;equity=StockholdersEquity;long_term_debt=LongTermDebtAndCapitalLeaseObligations;short_term_debt=DebtCurrent;cash=CashAndCashEquivalentsAtCarryingValue,3.2,144.08,111.61,,7.9,25.3,20.8,9.9,5.8,1.8,-5.4,-31.7,-13.0,4.6,22.2,16.1,5.6,13.8,10.6,ttm,edgar,,186,yfinance,free_cash_flow,Overvalued
USB,0000036104,U.S. Bancorp,Financial Services,Banks - Regional,yfinance,False,NYSE,6021,National Commercial Banks,11.46,11.46,0.0,9.92,5.8,5.02,5.02,5.01,0.2,ok,yfinance,,19.86,57.51,75.3,3.923,58.84,28.0,2026-06-30,Slow Grower (declining earnings),6.0,P/E = 0% growth credit + dividend 3.8% (floor 6) · 5-year trend (regression on all points),"Earnings are contracting, so the model gives no credit for growth: the multiple comes from the dividend and the floor alone. Applied to normalized earnings where available, since the latest figure of a declining company is its lowest point. Check whether the decline is cyclical or structural.",earnings,current,,medium,earnings declining -1%/year,30.12,ok,90.9,Overvalued,-1.0,5-year trend (regression on all points),1.5,-1.0,0,0,,31.6,0.24,,1.478,False,67,5,-23.6,3.76,2.16,4.0,2.1,3.65,False,89603538944.0,1558051446.0,2026-10-15,0.97,5.24,29694000000.0,28656000000.0,8168000000.0,10204000000.0,12525000000.0,,,,67432000000.0,725918000000.0,58671000000.0,96008000000.0,66491000000.0,29517000000.0,119120538944.0,11.67,2.89,3.02,,12.7,9.3,1.4,27.5,34.4,0.87,,,ttm,revenue=Revenues;net_income=NetIncomeLoss;ebit=IncomeLossFromContinuingOperationsBeforeIncomeTaxesExtraordinaryItemsNoncontrollingInterest;ocf=NetCashProvidedByUsedInOperatingActivities+NetCashProvidedByUsedInOperatingActivitiesContinuingOperations;interest_expense=InterestExpense;assets=Assets;equity=StockholdersEquity;long_term_debt=LongTermDebt;short_term_debt=ShortTermBorrowings;cash=CashAndCashEquivalentsAtCarryingValue,6.7,43.28,19.06,,11.7,1.5,4.6,3.2,3.8,3.6,,,,12.1,2.1,3.4,-4.9,7.5,4.5,ttm,edgar,,95,yfinance,free_cash_flow,Undervalued
V,0001403161,Visa Inc.,Financial Services,Credit Services,yfinance,False,NYSE,7389,"Services-Business Services, NEC",30.64,30.64,0.0,24.04,15.004,11.77,11.77,11.844,0.6,ok,yfinance,,11.82,360.66,176.55,10.488,157.32,12.2,2026-03-31,Stalwart,15.3,P/E = growth 15% + dividend 0.7% · 5-year trend (regression on all points),"Solid, predictable growth: the fair P/E matches the growth rate plus the dividend yield (PEG = 1).",earnings,current,,high,"consistent earnings, growth measured over the full 5-year window",179.61,ok,100.8,Overvalued,14.5,5-year trend (regression on all points),15.8,14.5,0,0,,9.1,0.5,2.11,19.113,False,67,1,104.3,0.74,2.68,4.0,2.68,0.74,False,677086953472.0,1877355259.0,2026-10-27,0.76,5.24,43027000000.0,40000000000.0,22236000000.0,26296000000.0,22756000000.0,21185000000.0,621000000.0,21577000000.0,35661000000.0,95049000000.0,22417000000.0,23976000000.0,12404000000.0,11572000000.0,688658953472.0,26.19,0.44,15.74,31.96,60.3,37.5,27.7,51.7,61.1,0.63,3.13,15.4,ttm,revenue=RevenueFromContractWithCustomerExcludingAssessedTax+Revenues;net_income=NetIncomeLoss;ebit=OperatingIncomeLoss;ocf=NetCashProvidedByUsedInOperatingActivities;capex=PaymentsToAcquireProductiveAssets;interest_expense=InterestExpenseNonoperating+InterestExpense;assets=Assets;equity=StockholdersEquity;long_term_debt=LongTermDebtNoncurrent;short_term_debt=DebtCurrent;cash=CashAndCashEquivalentsAtCarryingValue,14.4,19.0,22.92,11.28,12.1,15.8,12.5,11.6,15.0,11.7,5.2,13.4,13.1,12.1,15.8,12.5,5.9,13.8,13.1,ttm,edgar-derived,"EPS non depositato in forma non dimensionale (societa' multiclasse): derivato da utile netto SEC / 1,877,355,259 azioni (yfinance). La serie storica usa un numero di azioni costante, quindi non riflette buyback e diluizioni passate.",186,yfinance,,Overvalued
VEEV,0001393052,Veeva Systems Inc.,Healthcare,Health Information Services,yfinance,False,NYSE,7372,Services-Prepackaged Software,46.33,46.33,0.0,26.66,10.251,5.9,5.9,6.11,3.6,ok,yfinance,0.966,25.72,273.33,88.5,4.36,65.4,35.3,2026-07-31,Fast Grower,20.4,P/E = growth 20% + dividend 0.0% (capped at 25) · 5-year trend (regression on all points),"High growth: the multiple tracks the growth rate but is capped at 25, because very few companies sustain that pace for years.",earnings,current,,high,"consistent earnings, growth measured over the full 5-year window",120.45,ok,126.9,Overvalued,20.4,5-year trend (regression on all points),18.5,20.4,0,0,,14.9,0.44,2.27,6.097,False,51,0,208.8,,,,,,False,44254543872.0,161908850.0,2026-11-25,0.97,5.24,3458098000.0,3195311000.0,1014772000.0,1034859000.0,1665459000.0,,,434262000.0,7431449000.0,9060223000.0,,,1812012000.0,,42442531872.0,41.01,,12.8,,14.4,82.0,11.4,29.3,29.9,,,43.6,ttm,revenue=RevenueFromContractWithCustomerExcludingAssessedTax+Revenues;net_income=NetIncomeLoss;ebit=OperatingIncomeLoss;ocf=NetCashProvidedByUsedInOperatingActivities+NetCashProvidedByUsedInOperatingActivitiesContinuingOperations;capex=PaymentsToAcquirePropertyPlantAndEquipment;assets=Assets;equity=StockholdersEquity;long_term_debt=FinanceLeaseLiabilityNoncurrent;short_term_debt=FinanceLeaseLiabilityCurrent;cash=CashAndCashEquivalentsAtCarryingValue,16.5,45.9,21.36,,22.7,18.5,32.4,15.7,15.8,22.0,42.0,51.5,,23.4,19.1,34.2,19.5,17.0,27.7,ttm,edgar,,64,yfinance,dividend_yield;free_cash_flow,Overvalued
VICI,0001705696,VICI Properties Inc.,Real Estate,REIT - Diversified,yfinance,False,NYSE,6798,Real Estate Investment Trusts,8.81,8.81,0.0,7.58,2.99,2.57,2.57,2.58,0.4,ok,yfinance,,-1.15,22.65,38.55,2.56,38.4,0.4,2026-06-30,Asset Play,,net asset value (fair P/B = 1),"Trading at 0.85x book value: the market prices the company below its accounting net worth. The anchor is the balance sheet, not the P/E. Book value is a starting point, not an appraisal — it understates land carried at cost and overstates obsolete inventory.",book,current,1.0,medium,"consistent earnings, growth measured over the full 5-year window",26.49,ok,-14.5,Undervalued,14.6,5-year trend (regression on all points),1.7,14.6,0,0,,33.2,2.58,0.6,0.855,False,32,0,-41.2,8.12,1.84,4.0,1.81,7.99,False,24939405312.0,1101077562.0,2026-10-28,0.68,5.24,4097604000.0,4006116000.0,2765718000.0,2812016000.0,2638275000.0,,839855000.0,679435000.0,29170749000.0,48271220000.0,16931155000.0,16931155000.0,288063000.0,16643092000.0,41582497312.0,14.79,5.92,6.09,,9.8,60.4,5.8,67.5,68.6,0.58,,35.0,ttm,revenue=Revenues+RevenueFromContractWithCustomerExcludingAssessedTax+SalesRevenueNet;net_income=NetIncomeLoss+ProfitLoss;ebit=IncomeLossFromContinuingOperationsBeforeIncomeTaxesExtraordinaryItemsNoncontrollingInterest+OperatingIncomeLoss;ocf=NetCashProvidedByUsedInOperatingActivities;capex=PaymentsToAcquirePropertyPlantAndEquipment;interest_expense=InterestExpenseNonoperating+InterestExpense;assets=Assets;equity=StockholdersEquity;long_term_debt=LongTermDebt;cash=CashAndCashEquivalentsAtCarryingValue,4.4,26.49,3.72,,5.6,1.7,9.8,7.5,22.9,22.3,,,,8.8,17.1,27.3,8.9,22.0,25.4,ttm,edgar,,95,yfinance,free_cash_flow,Undervalued
VLO,0001035002,Valero Energy Corporation,Energy,Oil & Gas Refining & Marketing,yfinance,False,NYSE,2911,Petroleum Refining,17.04,17.04,0.0,10.36,39.203,23.85,23.85,24.03,0.8,ok,yfinance,,861.2,406.3,357.75,12.421,186.32,92.0,2026-06-30,Cyclical,12.0,P/E 12 on 3-year normalized (mid-cycle) earnings,"Erratic, cycle-driven earnings: a low P/E can signal the peak of the cycle, not a bargain. The multiple is applied to mid-cycle earnings, so the fair value does not follow the peak.",earnings,normalized,,low,"growth measured on a short window (3-year trend — no usable 5-year history); erratic earnings (volatility 125); one loss episode 5 years ago, profitable since",149.06,ok,172.6,Overvalued,-31.0,3-year trend — no usable 5-year history,,,2,1,4.7,125.3,-1.75,,4.679,True,67,3,13.6,1.18,4.8,4.0,4.73,1.16,False,116984922112.0,287927461.0,2026-10-22,0.57,5.24,139397000000.0,122687000000.0,7212000000.0,10011000000.0,10908000000.0,2817000000.0,563000000.0,4626000000.0,25001000000.0,64663000000.0,10422000000.0,11349000000.0,7874000000.0,3475000000.0,120459922112.0,12.03,0.35,0.84,41.53,29.4,38.7,15.5,5.2,7.2,0.42,2.41,-36.7,ttm,revenue=RevenueFromContractWithCustomerIncludingAssessedTax;net_income=NetIncomeLoss+ProfitLoss;ebit=OperatingIncomeLoss;ocf=NetCashProvidedByUsedInOperatingActivities;capex=PaymentsToAcquireProductiveAssets+PaymentsForCapitalImprovements+PaymentsToAcquirePropertyPlantAndEquipment;interest_expense=InterestExpense+InterestExpenseDebt;assets=Assets;equity=StockholdersEquity;long_term_debt=LongTermDebtAndCapitalLeaseObligations;short_term_debt=DebtCurrent;cash=CashAndCashEquivalentsAtCarryingValue,12.6,86.83,484.14,9.78,-6.0,,14.5,-3.9,11.5,4.7,,11.1,-4.0,-13.0,,9.2,0.3,37.5,8.5,ttm,edgar,,95,yfinance,,Overvalued
VLTO,0001967680,Veralto Corporation,Industrials,Pollution & Treatment Controls,yfinance,False,NYSE,3825,Instruments For Meas & Testing of  Electricity & Elec Signals,23.85,23.85,0.0,19.8,4.781,3.97,3.97,3.88,2.3,ok,yfinance,1.023,10.86,94.68,59.55,3.53,52.95,12.5,2026-04-03,Slow Grower,8.8,"P/E = growth 8% + dividend 0.5% (floor 6, cap 12) · 5-year trend (regression on all points)",Modest growth: deserves a contained multiple. The dividend partly offsets the lower growth.,earnings,current,,high,"consistent earnings, growth measured over the full 5-year window",34.81,ok,172.0,Overvalued,8.2,5-year trend (regression on all points),,8.2,0,0,,1.6,0.37,2.9,7.466,False,10,0,59.0,0.55,0.52,4.0,0.52,0.55,True,23082354688.0,243793344.0,2026-10-21,0.76,5.24,5593000000.0,5503000000.0,969000000.0,1293000000.0,1102000000.0,1042000000.0,93000000.0,1014000000.0,3005000000.0,7653000000.0,1962000000.0,2662000000.0,1431000000.0,1231000000.0,24313354688.0,18.8,0.95,4.13,22.15,36.5,39.3,16.9,17.3,23.1,0.65,4.51,23.7,ttm,revenue=RevenueFromContractWithCustomerExcludingAssessedTax;net_income=NetIncomeLoss;ebit=OperatingIncomeLoss;ocf=NetCashProvidedByUsedInOperatingActivities;capex=PaymentsToAcquirePropertyPlantAndEquipment;interest_expense=InterestExpenseNonoperating+InterestExpense;assets=Assets;equity=StockholdersEquity;long_term_debt=LongTermDebtNoncurrent;short_term_debt=LongTermDebtCurrent;cash=CashAndCashEquivalentsAtCarryingValue,5.9,12.33,22.94,4.27,6.0,,,4.6,,,1.8,,,4.1,,,2.5,,,ttm,edgar,,183,yfinance,,Overvalued
VMC,0001396009,Vulcan Materials Company,Basic Materials,Building Materials,yfinance,False,NYSE,1400,Mining & Quarrying of  Nonmetallic Minerals (No Fuels),28.73,28.73,0.0,22.97,10.58,8.46,8.46,8.4,0.7,ok,yfinance,,19.15,243.06,126.9,6.964,104.47,21.5,2026-03-31,Stalwart (mid cap),14.6,P/E = growth 14% + dividend 0.9% · 5-year trend (regression on all points),"Solid, predictable growth: the fair P/E matches the growth rate plus the dividend yield (PEG = 1).",earnings,current,,high,"consistent earnings, growth measured over the full 5-year window",123.85,ok,96.3,Overvalued,13.8,5-year trend (regression on all points),10.3,13.8,0,0,,17.6,0.51,2.08,3.716,False,66,3,91.5,0.86,2.08,4.0,2.05,0.84,False,31495407616.0,129578739.0,2026-10-29,1.05,5.24,8062400000.0,7941100000.0,1113300000.0,1658500000.0,1802600000.0,1116400000.0,233900000.0,1135300000.0,8451300000.0,16672900000.0,4363000000.0,4363000000.0,140200000.0,4222800000.0,35718207616.0,21.54,2.55,3.91,28.21,13.4,50.7,9.9,13.8,20.6,0.52,3.54,40.8,ttm,revenue=RevenueFromContractWithCustomerExcludingAssessedTax+Revenues+SalesRevenueNet;net_income=NetIncomeLoss;ebit=OperatingIncomeLoss;ocf=NetCashProvidedByUsedInOperatingActivities;capex=PaymentsToAcquirePropertyPlantAndEquipment;interest_expense=InterestExpenseNonoperating+InterestExpense+InterestExpenseDebt;assets=Assets;equity=StockholdersEquity;long_term_debt=LongTermDebtNoncurrent;short_term_debt=LongTermDebtCurrent;cash=CashAndCashEquivalentsAtCarryingValue,7.4,65.22,62.22,8.62,22.9,10.3,14.2,2.8,10.6,8.6,26.8,5.9,16.6,22.6,10.2,14.0,14.7,9.3,11.8,ttm,edgar,,186,yfinance,,Overvalued
VMRK,0000906107,"AvalonBay Communities, Inc.",Real Estate,REIT - Residential,yfinance,False,NYSE,6798,Real Estate Investment Trusts,23.08,23.08,0.0,40.67,1.47,2.59,2.59,2.31,10.8,ok,yfinance,1.121,-12.83,59.79,38.85,2.814,42.21,-8.0,2026-06-30,Slow Grower (declining earnings),6.0,P/E = 0% growth credit + dividend 4.7% (floor 6) · 5-year trend (regression on all points),"Earnings are contracting, so the model gives no credit for growth: the multiple comes from the dividend and the floor alone. Applied to normalized earnings where available, since the latest figure of a declining company is its lowest point. Check whether the decline is cyclical or structural.",earnings,current,,medium,earnings declining -1%/year,15.54,ok,284.7,Overvalued,-1.1,5-year trend (regression on all points),3.9,-1.1,0,0,,24.2,0.15,,,False,67,1,53.9,4.7,2.812,4.0,2.099,3.51,False,46264254464.0,773779120.0,2026-10-21,0.54,5.24,,384000.0,875355000.0,912666000.0,1566091000.0,,319199000.0,1351790000.0,10514980000.0,20275577000.0,8241242000.0,1500000000.0,36405000.0,1463595000.0,47727849464.0,52.29,1.6,,,8.1,51.9,4.5,,,0.78,,6.9,ttm,revenue=RevenueFromContractWithCustomerIncludingAssessedTax+Revenues+SalesRevenueNet;net_income=NetIncomeLoss+NetIncomeLossAvailableToCommonStockholdersBasic;ebit=IncomeLossFromContinuingOperationsBeforeIncomeTaxesMinorityInterestAndIncomeLossFromEquityMethodInvestments+OperatingIncomeLoss;ocf=NetCashProvidedByUsedInOperatingActivities;capex=PaymentsToAcquireProductiveAssets+PaymentsForCapitalImprovements;interest_expense=InterestExpenseDebt;assets=Assets;equity=StockholdersEquity;long_term_debt=LongTermDebt;short_term_debt=CommercialPaper;cash=CashAndCashEquivalentsAtCarryingValue,-71.6,13.59,,,1.6,3.9,-14.8,,-84.8,-59.6,3.3,8.2,8.7,1.7,4.0,-14.5,1.2,5.4,3.1,ttm,edgar,,95,yfinance,price_to_book;revenue;free_cash_flow,Overvalued
VRSK,0001442145,"Verisk Analytics, Inc.",Industrials,Consulting Services,yfinance,False,Nasdaq,7374,Services-Computer Processing & Data Preparation,25.85,25.85,0.0,18.84,8.698,6.34,6.34,6.56,3.5,ok,yfinance,0.966,-4.09,163.88,95.1,6.21,93.14,2.1,2026-03-31,Slow Grower,10.4,"P/E = growth 9% + dividend 1.2% (floor 6, cap 12) · 5-year trend (regression on all points)",Modest growth: deserves a contained multiple. The dividend partly offsets the lower growth.,earnings,current,,high,"consistent earnings, growth measured over the full 5-year window",65.96,ok,148.4,Overvalued,9.2,5-year trend (regression on all points),8.8,9.2,0,0,,43.1,0.4,2.81,-18.387,False,62,0,72.3,1.22,2.0,4.0,1.95,1.19,True,21329969152.0,130156012.0,2026-11-05,0.66,5.24,3102300000.0,3072700000.0,910200000.0,1366000000.0,1381700000.0,1127300000.0,177800000.0,1191900000.0,-1167700000.0,4598400000.0,4217200000.0,4475600000.0,524500000.0,3951100000.0,25281069152.0,18.51,2.89,6.88,18.92,,-25.4,29.7,29.3,44.0,,5.29,29.5,ttm,revenue=RevenueFromContractWithCustomerExcludingAssessedTax;net_income=NetIncomeLoss;ebit=OperatingIncomeLoss;ocf=NetCashProvidedByUsedInOperatingActivities;capex=PaymentsToAcquirePropertyPlantAndEquipment;interest_expense=InterestExpenseNonoperating+InterestExpense;assets=Assets;equity=StockholdersEquity;long_term_debt=LongTermDebtAndCapitalLeaseObligations;short_term_debt=DebtCurrent;cash=CashAndCashEquivalentsAtCarryingValue,5.9,-8.97,23.84,8.66,26.5,8.8,8.4,7.4,6.1,4.6,14.6,4.6,8.0,21.7,5.1,6.1,10.5,3.7,7.1,ttm,edgar,,186,yfinance,,Overvalued
VRSN,0001014473,"VeriSign, Inc.",Technology,Software - Infrastructure,yfinance,False,Nasdaq,7371,Services-Computer Programming Services,31.07,31.07,0.0,26.06,11.062,9.28,9.28,9.22,0.6,ok,yfinance,,10.02,288.32,139.2,8.414,126.22,10.3,2026-06-30,Slow Grower,10.1,"P/E = growth 9% + dividend 1.1% (floor 6, cap 12) · 5-year trend (regression on all points)",Modest growth: deserves a contained multiple. The dividend partly offsets the lower growth.,earnings,current,,high,"consistent earnings, growth measured over the full 5-year window",93.36,ok,208.8,Overvalued,8.9,5-year trend (regression on all points),10.8,8.9,0,0,,24.7,0.32,3.48,-11.563,False,67,2,107.1,1.12,3.24,4.0,3.2,1.11,True,26064128000.0,90400000.0,2026-10-22,0.7,5.24,1707900000.0,1656600000.0,850000000.0,1159000000.0,1101300000.0,1066100000.0,75900000.0,1068300000.0,-2254100000.0,1802800000.0,,549300000.0,840900000.0,-291600000.0,25772528000.0,22.24,-0.25,15.26,24.45,,-125.0,64.3,49.8,67.9,,4.09,22.2,ttm,revenue=Revenues;net_income=NetIncomeLoss+ProfitLoss;ebit=OperatingIncomeLoss;ocf=NetCashProvidedByUsedInOperatingActivities;capex=PaymentsToAcquirePropertyPlantAndEquipment;interest_expense=InterestExpense+InterestExpenseDebt;assets=Assets;equity=StockholdersEquity;long_term_debt=LongTermDebt;short_term_debt=ConvertibleDebtCurrent;cash=CashAndCashEquivalentsAtCarryingValue,6.9,-24.93,18.89,11.79,10.9,10.8,11.3,5.3,5.8,4.4,7.6,11.1,5.1,6.0,6.3,7.4,7.6,10.3,5.0,ttm,edgar,,95,yfinance,,Overvalued
VRT,0001674101,Vertiv Holdings Co,Industrials,Electrical Equipment & Parts,yfinance,False,NYSE,3679,"Electronic Components, NEC",55.55,55.55,0.0,27.53,9.161,4.54,4.54,4.42,2.6,ok,yfinance,1.027,111.48,252.18,68.1,1.659,24.88,173.7,2026-06-30,Cyclical,12.0,P/E 12 on 3-year normalized (mid-cycle) earnings,"Erratic, cycle-driven earnings: a low P/E can signal the peak of the cycle, not a bargain. The multiple is applied to mid-cycle earnings, so the fair value does not follow the peak.",earnings,normalized,,low,"growth measured on a short window (3-year trend — no usable 5-year history); erratic earnings (volatility 75); one loss episode 3 years ago, profitable since",,suppressed: the earnings used imply a P/E of 152 — earnings this close to zero make every multiple arbitrary,,N/A,87.4,3-year trend — no usable 5-year history,,,3,2,3.5,74.7,1.58,0.64,20.405,True,27,0,270.3,0.1,0.252,4.0,0.252,0.1,True,97086308352.0,384988173.0,2026-10-21,2.08,5.24,11479600000.0,10229900000.0,1732000000.0,2174600000.0,3354200000.0,2929800000.0,52500000.0,1893800000.0,4757600000.0,15900900000.0,2939800000.0,2939800000.0,2810600000.0,129200000.0,97215508352.0,44.71,0.06,8.46,33.14,43.9,29.9,13.7,15.1,18.9,0.62,3.02,64.3,ttm,revenue=RevenueFromContractWithCustomerExcludingAssessedTax+Revenues;net_income=NetIncomeLoss+ProfitLoss;ebit=OperatingIncomeLoss+IncomeLossFromContinuingOperationsBeforeIncomeTaxesExtraordinaryItemsNoncontrollingInterest;ocf=NetCashProvidedByUsedInOperatingActivities;capex=PaymentsToAcquirePropertyPlantAndEquipment;interest_expense=InterestExpense;assets=Assets;equity=StockholdersEquity;long_term_debt=LongTermDebtNoncurrent;short_term_debt=DebtCurrent;cash=CashAndCashEquivalentsAtCarryingValue,26.2,12.36,29.82,7.61,109.6,,,21.6,18.9,,100.1,49.8,,112.1,,130.5,91.1,49.4,,ttm,edgar,,95,yfinance,,Overvalued
VRTX,0000875320,Vertex Pharmaceuticals Incorporated,Healthcare,Biotechnology,yfinance,False,Nasdaq,2834,Pharmaceutical Preparations,29.5,29.5,0.0,25.12,20.093,17.11,17.11,17.17,0.4,ok,yfinance,,21.69,504.73,256.65,13.951,209.27,22.6,2026-06-30,Stalwart,17.8,"P/E = growth 18% + dividend 0.0% · 5-year CAGR (two endpoints, window contains losses)","Solid, predictable growth: the fair P/E matches the growth rate plus the dividend yield (PEG = 1).",earnings,current,,low,"erratic earnings (volatility 56); one loss episode 1 years ago, profitable since",304.02,ok,66.0,Overvalued,17.8,"5-year CAGR (two endpoints, window contains losses)",17.8,,4,1,1.2,55.9,0.6,1.66,6.315,True,67,1,96.7,,,,,,False,127929335808.0,253460924.0,2026-11-02,0.32,5.24,12587200000.0,12001300000.0,4405200000.0,4777100000.0,4292900000.0,3796100000.0,13300000.0,3193800000.0,20247900000.0,27423300000.0,106700000.0,112200000.0,6143500000.0,-6031300000.0,121898035808.0,25.52,-1.26,10.16,33.7,23.5,73.8,17.4,35.0,38.0,0.01,2.97,504.1,ttm,revenue=RevenueFromContractWithCustomerExcludingAssessedTax+Revenues;net_income=NetIncomeLoss+ProfitLoss;ebit=OperatingIncomeLoss;ocf=NetCashProvidedByUsedInOperatingActivities+NetCashProvidedByUsedInOperatingActivitiesContinuingOperations;capex=PaymentsToAcquirePropertyPlantAndEquipment;interest_expense=InterestExpenseNonoperating+InterestExpense+InterestExpenseDebt;assets=Assets;equity=StockholdersEquity;long_term_debt=LongTermDebt;short_term_debt=SeniorNotesCurrent;cash=CashAndCashEquivalentsAtCarryingValue,10.2,79.89,49.66,14.98,9.9,17.8,,9.8,13.5,23.2,-0.7,16.4,,9.4,17.2,,1.8,15.2,,ttm,edgar,,95,yfinance,dividend_yield,Overvalued
VST,0001692819,Vistra Corp.,Utilities,Utilities - Independent Power Producers,yfinance,False,NYSE,4911,Electric Services,23.57,23.57,0.0,13.51,10.366,5.94,5.94,5.93,0.2,ok,yfinance,,-4.66,140.02,89.1,4.478,67.16,32.7,2026-06-30,Fast Grower,25.0,P/E = growth 26% + dividend 0.7% (capped at 25) · 3-year trend — no usable 5-year history,"High growth: the multiple tracks the growth rate but is capped at 25, because very few companies sustain that pace for years.",earnings,current,,low,"growth measured on a short window (3-year trend — no usable 5-year history); erratic earnings (volatility 151); one loss episode 3 years ago, profitable since",148.5,ok,-5.7,Undervalued,26.4,3-year trend — no usable 5-year history,,,7,1,3.2,151.1,1.15,0.89,15.65,True,35,0,57.1,0.66,0.92,4.0,0.914,0.65,False,46995640320.0,335635195.0,2026-11-06,1.41,5.24,18985000000.0,17586000000.0,2219000000.0,3563000000.0,5121000000.0,2255000000.0,1132000000.0,1318000000.0,5482000000.0,42603000000.0,17719000000.0,17719000000.0,435000000.0,17284000000.0,64279640320.0,18.04,4.85,2.48,20.84,43.1,12.9,8.4,11.7,18.8,3.23,4.8,-47.0,ttm,revenue=RevenueFromContractWithCustomerExcludingAssessedTax+Revenues;net_income=NetIncomeLoss+NetIncomeLossAvailableToCommonStockholdersBasic+ProfitLoss;ebit=OperatingIncomeLoss;ocf=NetCashProvidedByUsedInOperatingActivities;capex=PaymentsToAcquirePropertyPlantAndEquipment+PaymentsToAcquireProductiveAssets;interest_expense=InterestExpenseNonoperating+InterestExpense;assets=Assets;equity=StockholdersEquity;long_term_debt=LongTermDebtAndCapitalLeaseObligations;short_term_debt=ShortTermBorrowings;cash=CashAndCashEquivalentsAtCarryingValue,18.6,16.33,56.56,6.72,18.0,,,8.2,2.5,14.8,-4.7,,12.7,11.6,,34.9,6.7,39.5,21.6,ttm,edgar,,95,yfinance,,Overvalued
VTR,0000740260,"Ventas, Inc.",Real Estate,REIT - Healthcare Facilities,yfinance,False,NYSE,6798,Real Estate Investment Trusts,152.75,152.75,0.0,106.34,0.79,0.55,0.55,0.54,1.8,ok,yfinance,,25.58,84.01,8.25,0.265,3.97,107.7,2026-06-30,Slow Grower,8.7,"P/E = growth 6% + dividend 2.5% (floor 6, cap 12) · 5-year CAGR (two endpoints, window contains losses)",Modest growth: deserves a contained multiple. The dividend partly offsets the lower growth.,earnings,current,,low,"erratic earnings (volatility 172); one loss episode 2 years ago, profitable since",,suppressed: the earnings used imply a P/E of 153 — earnings this close to zero make every multiple arbitrary,,N/A,6.2,"5-year CAGR (two endpoints, window contains losses)",6.2,,7,1,1.7,172.0,0.06,24.69,2.942,True,67,1,918.3,2.48,2.08,4.0,2.04,2.43,False,43092627456.0,512946359.0,2026-10-27,0.72,5.24,6441571000.0,5833980000.0,262731000.0,210375000.0,1801400000.0,-1281343000.0,628768000.0,-1281343000.0,14649399000.0,29655896000.0,13011016000.0,265000000.0,198956000.0,66044000.0,43158671456.0,205.15,0.31,6.69,,2.0,49.4,0.7,4.1,3.3,0.89,-2.97,-6.8,annual:fcf,revenue=Revenues;net_income=NetIncomeLossAvailableToCommonStockholdersBasic+NetIncomeLoss;ebit=IncomeLossFromContinuingOperationsBeforeIncomeTaxesExtraordinaryItemsNoncontrollingInterest+IncomeLossFromContinuingOperationsBeforeIncomeTaxesMinorityInterestAndIncomeLossFromEquityMethodInvestments+OperatingIncomeLoss;ocf=NetCashProvidedByUsedInOperatingActivities;capex=PaymentsToAcquireProductiveAssets+PaymentsForCapitalImprovements+PaymentsToAcquirePropertyPlantAndEquipment;interest_expense=InterestExpense;assets=Assets;equity=StockholdersEquity;long_term_debt=LongTermDebt;short_term_debt=CommercialPaper;cash=CashAndCashEquivalentsAtCarryingValue,21.5,28.56,12.56,-2.5,41.6,6.2,-8.4,14.7,11.9,6.7,-20.8,-16.8,,50.4,11.5,-5.0,17.1,7.4,3.0,ttm,edgar,,95,yfinance,,Overvalued
VTRS,0001792044,Viatris Inc.,Healthcare,Drug Manufacturers - Specialty & Generic,yfinance,False,Nasdaq,2834,Pharmaceutical Preparations,,,,6.58,2.673,-0.37,-0.37,-0.4,8.1,ok,yfinance,,86.21,17.6,,,,,2026-06-30,Turnaround,,"no positive earnings, current or normalized","Loss-making now and on a 3-year average: no earnings base exists to capitalise. Any P/E-derived fair value would be invented. Assess the cash burn, the runway and the balance sheet instead.",none,current,,low,growth not calculable on any window; erratic earnings (volatility 204),,no valuation anchor for this category,,N/A,,not calculable,,,13,2,0.0,203.8,,,1.398,True,23,4,,2.73,0.48,4.0,0.48,2.73,False,20215199744.0,1148590864.0,2026-11-05,0.88,5.24,14693800000.0,14250400000.0,-410700000.0,-87300000.0,2330800000.0,1954800000.0,480000000.0,1937100000.0,14260400000.0,35044600000.0,11612400000.0,13348600000.0,886500000.0,12462100000.0,32677299744.0,,,1.38,10.34,-2.8,40.7,-0.2,-2.8,-0.6,0.81,9.67,-2.0,ttm,revenue=RevenueFromContractWithCustomerExcludingAssessedTax;net_income=NetIncomeLossAvailableToCommonStockholdersBasic+ProfitLoss+NetIncomeLoss;ebit=OperatingIncomeLoss+IncomeLossFromContinuingOperationsBeforeIncomeTaxesExtraordinaryItemsNoncontrollingInterest;ocf=NetCashProvidedByUsedInOperatingActivities;capex=PaymentsToAcquirePropertyPlantAndEquipment;interest_expense=InterestExpense;assets=Assets;equity=StockholdersEquity;long_term_debt=LongTermDebtNoncurrent;short_term_debt=DebtCurrent;cash=CashAndCashEquivalentsAtCarryingValue,4.5,12.42,12.79,1.7,,,,-1.9,-1.1,,-3.6,-2.0,,,,,-3.0,24.6,,ttm,edgar,,95,yfinance,growth_5y,N/A
VZ,0000732712,Verizon Communications Inc.,Communication Services,Telecom Services,yfinance,False,NYSE,4813,Telephone Communications (No Radiotelephone),11.99,11.99,0.0,8.7,5.28,3.83,3.83,3.85,0.5,ok,yfinance,,-10.26,45.92,57.45,4.064,60.96,-5.8,2026-06-30,Slow Grower (declining earnings),6.2,P/E = 0% growth credit + dividend 6.2% (floor 6) · 5-year trend (regression on all points),"Earnings are contracting, so the model gives no credit for growth: the multiple comes from the dividend and the floor alone. Applied to normalized earnings where available, since the latest figure of a declining company is its lowest point. Check whether the decline is cyclical or structural.",earnings,current,,medium,earnings declining -7%/year,23.62,ok,94.4,Overvalued,-7.0,5-year trend (regression on all points),-4.5,-7.0,0,0,,17.5,-0.07,,1.836,False,67,6,-20.1,6.17,2.832,4.0,2.796,6.09,False,190787272704.0,4154775202.0,2026-10-26,0.24,5.24,138895000000.0,138191000000.0,16606000000.0,28530000000.0,38799000000.0,,7348000000.0,17681000000.0,105196000000.0,410186000000.0,143448000000.0,165231000000.0,1752000000.0,163479000000.0,354266272704.0,12.42,5.73,1.37,,15.8,25.6,7.0,12.0,20.5,1.36,,150.0,ttm,revenue=Revenues;net_income=NetIncomeLoss;ebit=OperatingIncomeLoss;ocf=NetCashProvidedByUsedInOperatingActivities;capex=PaymentsToAcquireProductiveAssets;interest_expense=InterestExpenseNonoperating+InterestExpense;assets=Assets;equity=StockholdersEquityIncludingPortionAttributableToNoncontrollingInterest;long_term_debt=LongTermDebtNoncurrent;short_term_debt=DebtCurrent;cash=CashAndCashEquivalentsAtCarryingValue,1.4,25.32,33.43,,-8.3,-4.5,0.8,1.0,0.9,0.7,15.3,2.0,2.8,-8.3,-3.6,1.4,1.1,0.1,1.6,ttm,edgar,,95,yfinance,free_cash_flow,Undervalued
WAB,0000943452,Westinghouse Air Brake Technologies Corporation,Industrials,Railroads,yfinance,False,NYSE,3743,Railroad Equipment,38.75,38.75,0.0,23.09,12.456,7.42,7.42,7.44,0.3,ok,yfinance,,10.88,287.54,111.3,6.198,92.97,19.7,2026-06-30,Fast Grower,25.0,P/E = growth 26% + dividend 0.4% (capped at 25) · 5-year trend (regression on all points),"High growth: the multiple tracks the growth rate but is capped at 25, because very few companies sustain that pace for years.",earnings,current,,high,"consistent earnings, growth measured over the full 5-year window",185.5,ok,55.0,Overvalued,26.3,5-year trend (regression on all points),25.6,26.3,0,0,,17.8,0.69,1.47,4.336,False,63,1,158.3,0.43,1.24,4.0,1.18,0.41,True,48568627200.0,168910851.0,2026-10-21,0.92,5.24,11980000000.0,11167000000.0,1269000000.0,1964000000.0,1999000000.0,1714000000.0,284000000.0,1499000000.0,11214000000.0,23128000000.0,4915000000.0,6571000000.0,670000000.0,5901000000.0,54469627200.0,27.73,3.0,4.05,28.34,11.5,48.5,8.5,10.6,16.4,0.44,3.53,-7.9,ttm,revenue=RevenueFromContractWithCustomerExcludingAssessedTax+SalesRevenueNet+Revenues;net_income=NetIncomeLoss;ebit=OperatingIncomeLoss;ocf=NetCashProvidedByUsedInOperatingActivities+NetCashProvidedByUsedInOperatingActivitiesContinuingOperations;capex=PaymentsToAcquirePropertyPlantAndEquipment;interest_expense=InterestExpenseNonoperating+InterestExpense;assets=Assets;equity=StockholdersEquity;long_term_debt=LongTermDebtNoncurrent;short_term_debt=LongTermDebtCurrent;cash=CashAndCashEquivalentsAtCarryingValue,13.4,66.39,70.92,10.15,25.8,25.6,6.2,10.0,9.2,14.3,47.4,12.6,13.0,23.2,22.9,12.7,41.6,13.3,13.7,ttm,edgar,,95,yfinance,,Overvalued
WAT,0001000697,Waters Corporation,Healthcare,Diagnostics & Research,yfinance,False,NYSE,3826,Laboratory Analytical Instruments,107.65,107.65,0.0,25.71,16.539,3.95,3.95,4.01,1.5,ok,yfinance,,-63.84,425.21,59.25,10.579,158.69,-62.7,2026-07-04,Slow Grower (declining earnings),6.0,P/E = 0% growth credit + dividend not available (treated as 0) (floor 6) · 5-year trend (regression on all points),"Earnings are contracting, so the model gives no credit for growth: the multiple comes from the dividend and the floor alone. Applied to normalized earnings where available, since the latest figure of a declining company is its lowest point. Check whether the decline is cyclical or structural.",earnings,current,,medium,earnings declining -8%/year,,suppressed: the earnings used imply a P/E of 108 — earnings this close to zero make every multiple arbitrary,,N/A,-8.4,5-year trend (regression on all points),-17.6,-8.4,0,0,,11.3,-0.08,,2.749,False,67,2,617.7,,,,,,False,41749606400.0,98185855.0,2026-11-03,1.19,5.24,4644249000.0,3165286000.0,166137000.0,329630000.0,549555000.0,539810000.0,148924000.0,539810000.0,15195000000.0,24751000000.0,4886000000.0,5086000000.0,539000000.0,4547000000.0,46296606400.0,140.45,13.79,8.99,77.34,1.9,61.4,1.3,3.6,7.1,0.32,1.29,-12.9,annual:fcf,revenue=RevenueFromContractWithCustomerExcludingAssessedTax+SalesRevenueNet;net_income=NetIncomeLoss+NetIncomeLossAvailableToCommonStockholdersBasic+ProfitLoss;ebit=OperatingIncomeLoss;ocf=NetCashProvidedByUsedInOperatingActivities+NetCashProvidedByUsedInOperatingActivitiesContinuingOperations;capex=PaymentsToAcquireProductiveAssets;interest_expense=InterestExpense;assets=Assets;equity=StockholdersEquity;long_term_debt=LongTermDebtNoncurrent;short_term_debt=DebtCurrent;cash=CashAndCashEquivalentsAtCarryingValue,52.5,154.76,47.3,5.5,-29.2,-17.6,-3.9,15.7,11.7,8.3,,,,-37.2,-24.1,-10.2,-1.3,-7.3,-1.3,ttm,edgar,,91,yfinance,dividend_yield,Overvalued
WBD,0001437107,"Warner Bros. Discovery, Inc.",Communication Services,Entertainment,yfinance,False,Nasdaq,4841,Cable & Other Pay Television Services,,,,497.27,0.062,-1.28,-1.28,-1.27,0.8,ok,yfinance,,-523.33,30.94,,,,,2026-06-30,Turnaround,,"no positive earnings, current or normalized","Loss-making now and on a 3-year average: no earnings base exists to capitalise. Any P/E-derived fair value would be invented. Assess the cash burn, the runway and the balance sheet instead.",none,current,,low,growth not calculable on any window; erratic earnings (volatility 223),,no valuation anchor for this category,,N/A,,not calculable,,,14,1,0.0,222.8,,,2.363,True,40,1,,,,,,,False,77570809856.0,2507136702.0,2026-11-05,1.57,5.24,36115000000.0,37296000000.0,-3167000000.0,-1272000000.0,3423000000.0,2180000000.0,2246000000.0,3088000000.0,32838000000.0,97248000000.0,30530000000.0,32023000000.0,3369000000.0,28654000000.0,106224809856.0,,,2.15,35.58,-9.2,33.8,-1.3,-8.8,-3.5,0.93,2.81,-30.2,ttm,revenue=RevenueFromContractWithCustomerExcludingAssessedTax+SalesRevenueNet+Revenues;net_income=NetIncomeLoss+NetIncomeLossAvailableToCommonStockholdersBasic;ebit=OperatingIncomeLoss;ocf=NetCashProvidedByUsedInOperatingActivities+NetCashProvidedByUsedInOperatingActivitiesContinuingOperations;capex=PaymentsToAcquirePropertyPlantAndEquipment;interest_expense=InterestExpenseNonoperating+InterestExpense+InterestExpenseDebt;assets=Assets;equity=StockholdersEquity;long_term_debt=LongTermDebtNoncurrent;short_term_debt=DebtCurrent;cash=CashAndCashEquivalentsAtCarryingValue,-6.1,13.1,14.4,0.87,,,,-4.8,26.2,18.8,-10.9,0.1,6.2,,,,-7.7,6.4,10.3,ttm,edgar,,95,yfinance,dividend_yield;growth_5y,N/A
WDAY,0001327811,"Workday, Inc.",Technology,Software - Application,yfinance,False,Nasdaq,7374,Services-Computer Processing & Data Preparation,38.62,38.62,0.0,14.07,13.233,4.82,4.82,4.94,2.5,ok,yfinance,0.976,129.77,186.14,72.3,2.83,42.44,70.3,2026-07-31,Fast Grower,24.8,P/E = growth 25% + dividend 0.0% (capped at 25) · 3-year trend — no usable 5-year history,"High growth: the multiple tracks the growth rate but is capped at 25, because very few companies sustain that pace for years.",earnings,current,,low,"growth measured on a short window (3-year trend — no usable 5-year history); erratic earnings (volatility 141); one loss episode 3 years ago, profitable since",119.49,ok,55.8,Overvalued,24.8,3-year trend — no usable 5-year history,,,7,1,3.0,141.5,0.64,1.56,6.944,True,59,0,157.5,,,,,,False,44859740160.0,241000000.0,2026-08-27,1.08,5.24,10155000000.0,9552000000.0,1251000000.0,1084000000.0,3081000000.0,2844000000.0,114000000.0,2777000000.0,6460000000.0,15857000000.0,1990000000.0,2989000000.0,661000000.0,2328000000.0,47187740160.0,43.53,2.15,4.42,15.77,16.0,40.7,6.8,12.3,10.7,0.31,6.34,26.7,ttm,revenue=RevenueFromContractWithCustomerExcludingAssessedTax+Revenues;net_income=NetIncomeLoss+ProfitLoss;ebit=OperatingIncomeLoss;ocf=NetCashProvidedByUsedInOperatingActivities+NetCashProvidedByUsedInOperatingActivitiesContinuingOperations;capex=PaymentsToAcquirePropertyPlantAndEquipment+PaymentsToAcquireProductiveAssets;interest_expense=InterestExpenseDebt+InterestExpense;assets=Assets;equity=StockholdersEquity;long_term_debt=LongTermDebtNoncurrent;short_term_debt=LongTermDebtCurrent;cash=CashAndCashEquivalentsAtCarryingValue,13.3,26.8,42.14,11.8,,,,14.8,16.8,22.4,17.1,26.7,31.8,,,,19.5,15.5,25.4,ttm,edgar,,64,yfinance,dividend_yield,Overvalued
WDC,0000106040,Western Digital Corporation,Technology,Computer Hardware,yfinance,False,Nasdaq,3572,Computer Storage Devices,17.18,17.18,0.0,13.08,31.75,24.17,24.17,24.28,0.5,ok,yfinance,,371.46,415.29,362.55,3.927,58.91,515.5,2026-07-03,Stalwart (recovering),15.0,"P/E 15 — growth of 65% measured from a loss-making base (5-year CAGR (two endpoints, window contains losses))","The measured growth rate is a rebound off depressed earnings, not a trend, so it does not earn a fast grower's multiple. The multiple is capped at the stalwart level until the company has a full window of profitable history.",earnings,current,,low,"unstable earnings base: latest TTM $24.17 vs 3-year median $3.93 — the fair value depends on which one is used; erratic earnings (volatility 104); one loss episode 2 years ago, profitable since",362.55,ok,14.5,Overvalued,64.5,"5-year CAGR (two endpoints, window contains losses)",64.5,,7,1,2.0,104.3,3.77,0.27,,True,69,2,14.5,0.14,0.6,4.0,0.55,0.13,True,149729050624.0,360540944.0,2026-11-05,2.18,5.24,12919000000.0,12919000000.0,9424000000.0,4453000000.0,3929000000.0,3511000000.0,165000000.0,3511000000.0,8864000000.0,13861000000.0,0.0,1052000000.0,1579000000.0,-527000000.0,149202050624.0,33.51,-0.12,11.59,42.65,133.0,63.9,32.1,72.9,34.5,0.0,2.34,174.5,ttm,revenue=RevenueFromContractWithCustomerExcludingAssessedTax+SalesRevenueGoodsNet;net_income=NetIncomeLoss;ebit=OperatingIncomeLoss;ocf=NetCashProvidedByUsedInOperatingActivities;capex=PaymentsToAcquirePropertyPlantAndEquipment+PaymentsToAcquireProductiveAssets;interest_expense=InterestExpenseNonoperating+InterestExpense;assets=Assets;equity=StockholdersEquity;long_term_debt=LongTermDebtNoncurrent;short_term_debt=LongTermDebtCurrent;cash=CashAndCashEquivalentsAtCarryingValue,35.7,24.59,35.83,9.74,,64.5,38.9,27.3,-5.3,-0.1,,36.1,9.6,,62.9,44.2,,15.7,7.1,ttm,edgar,,92,yfinance,price_to_book,Overvalued
WEC,0000783325,"WEC Energy Group, Inc.",Utilities,Utilities - Regulated Electric,yfinance,False,NYSE,4931,Electric & Other Services Combined,19.76,19.76,0.0,16.93,5.999,5.14,5.14,5.14,0.0,ok,yfinance,,-1.53,101.59,77.1,4.82,72.3,6.6,2026-06-30,Slow Grower,8.5,"P/E = growth 5% + dividend 3.8% (floor 6, cap 12) · 5-year trend (regression on all points)",Modest growth: deserves a contained multiple. The dividend partly offsets the lower growth.,earnings,current,,high,"consistent earnings, growth measured over the full 5-year window",43.54,ok,133.3,Overvalued,4.7,5-year trend (regression on all points),4.7,4.7,0,0,,8.0,0.43,4.19,,False,67,4,31.8,3.75,3.812,4.0,3.752,3.69,False,33103036416.0,325849383.0,2026-10-29,0.46,5.24,10137400000.0,9800100000.0,1691500000.0,2315300000.0,3574200000.0,,908700000.0,-636200000.0,14573000000.0,52750400000.0,19216300000.0,20629800000.0,50000000.0,20579800000.0,53682836416.0,23.19,8.89,3.27,,12.0,27.6,4.4,16.7,22.8,1.32,,-87.1,ttm,revenue=Revenues;net_income=NetIncomeLossAvailableToCommonStockholdersBasic+NetIncomeLoss+ProfitLoss;ebit=OperatingIncomeLoss;ocf=NetCashProvidedByUsedInOperatingActivities;capex=PaymentsToAcquirePropertyPlantAndEquipment+PaymentsToAcquireProductiveAssets;interest_expense=InterestExpense+InterestExpenseNonoperating;assets=Assets;equity=StockholdersEquity;long_term_debt=LongTermDebtNoncurrent;short_term_debt=LongTermDebtCurrent;cash=CashAndCashEquivalentsAtCarryingValue,8.9,44.72,31.11,,6.3,4.7,6.2,3.0,5.0,3.3,,,,7.8,5.5,6.6,20.3,11.8,7.1,ttm,edgar,,95,yfinance,price_to_book;free_cash_flow,Overvalued
WELL,0000766704,Welltower Inc.,Real Estate,REIT - Healthcare Facilities,yfinance,False,NYSE,6798,Real Estate Investment Trusts,102.57,102.57,0.0,71.61,3.18,2.22,2.22,2.01,9.5,ok,yfinance,1.104,14.86,227.71,33.3,1.574,23.61,41.1,2026-03-31,Stalwart,18.5,P/E = growth 17% + dividend 1.5% · 5-year trend (regression on all points),"Solid, predictable growth: the fair P/E matches the growth rate plus the dividend yield (PEG = 1).",earnings,current,,medium,erratic earnings (volatility 73),,suppressed: the earnings used imply a P/E of 103 — earnings this close to zero make every multiple arbitrary,,N/A,17.0,5-year trend (regression on all points),2.8,17.0,0,0,,72.8,0.18,6.02,3.527,False,66,1,583.8,1.49,3.4,4.0,3.07,1.35,True,164081467392.0,720572011.0,2026-10-26,0.76,5.24,9369397000.0,8452996000.0,1407560000.0,899269000.0,2952730000.0,1872985000.0,,1831414000.0,43793675000.0,67220556000.0,17933568000.0,17933568000.0,4703775000.0,13229793000.0,177311260392.0,197.17,14.71,17.51,87.6,3.6,65.1,1.3,15.0,9.6,0.41,1.14,30.9,ttm,revenue=RevenueFromContractWithCustomerExcludingAssessedTax+Revenues;net_income=NetIncomeLossAvailableToCommonStockholdersBasic+NetIncomeLoss;ebit=IncomeLossFromContinuingOperationsBeforeIncomeTaxesMinorityInterestAndIncomeLossFromEquityMethodInvestments;ocf=NetCashProvidedByUsedInOperatingActivities;capex=PaymentsForCapitalImprovements;interest_expense=InterestExpenseDebt;assets=Assets;equity=StockholdersEquity;long_term_debt=LongTermDebt;short_term_debt=LinesOfCreditCurrent;cash=CashAndCashEquivalentsAtCarryingValue,43.5,60.78,13.0,2.6,112.3,2.8,-0.9,33.8,16.3,8.9,27.5,12.2,3.4,137.5,13.7,6.1,28.8,18.6,6.7,ttm,edgar,,186,yfinance,,Overvalued
WFC,0000072971,Wells Fargo & Company,Financial Services,Banks - Diversified,yfinance,False,NYSE,6021,National Commercial Banks,11.69,11.69,0.0,10.1,7.965,6.88,6.88,6.87,0.1,ok,yfinance,,17.84,80.45,103.2,5.473,82.09,25.7,2026-06-30,Stalwart,13.0,P/E = growth 10% + dividend 2.5% · 5-year trend (regression on all points),"Solid, predictable growth: the fair P/E matches the growth rate plus the dividend yield (PEG = 1).",earnings,current,,high,"consistent earnings, growth measured over the full 5-year window",89.31,ok,-9.9,Undervalued,10.5,5-year trend (regression on all points),12.4,10.5,0,0,,29.3,1.11,1.11,1.478,False,67,6,-22.0,2.49,2.0,4.0,1.85,2.3,True,243280723968.0,3023999336.0,2026-10-13,0.92,5.24,86796000000.0,83699000000.0,22610000000.0,27463000000.0,19170000000.0,,,,180190000000.0,2282201000000.0,182139000000.0,207307000000.0,201461000000.0,5846000000.0,249126723968.0,9.07,0.21,2.8,,12.5,7.9,1.2,26.0,31.6,1.01,,,ttm,revenue=RevenuesNetOfInterestExpense+Revenues;net_income=NetIncomeLoss;ebit=IncomeLossFromContinuingOperationsBeforeIncomeTaxesExtraordinaryItemsNoncontrollingInterest+IncomeLossFromContinuingOperationsBeforeIncomeTaxesMinorityInterestAndIncomeLossFromEquityMethodInvestments;ocf=NetCashProvidedByUsedInOperatingActivities+NetCashProvidedByUsedInOperatingActivitiesContinuingOperations;interest_expense=InterestExpense;assets=Assets;equity=StockholdersEquity;long_term_debt=LongTermDebt;short_term_debt=ShortTermBorrowings;cash=CashCashEquivalentsRestrictedCashAndRestrictedCashEquivalents,6.2,59.59,28.7,,18.9,12.4,5.4,2.4,2.3,-0.2,,,,10.7,5.9,0.1,-9.6,,3.5,ttm,edgar,,95,yfinance,free_cash_flow,Undervalued
WM,0000823768,"Waste Management, Inc.",Industrials,Waste Management,yfinance,False,NYSE,4953,Refuse Systems,28.55,28.55,0.0,22.45,9.109,7.16,7.16,7.06,1.4,ok,yfinance,,4.59,204.45,107.4,6.683,100.25,7.1,2026-06-30,Stalwart,13.6,P/E = growth 12% + dividend 1.8% · 5-year trend (regression on all points),"Solid, predictable growth: the fair P/E matches the growth rate plus the dividend yield (PEG = 1).",earnings,current,,high,"consistent earnings, growth measured over the full 5-year window",97.34,ok,110.0,Overvalued,11.7,5-year trend (regression on all points),13.4,11.7,0,0,,14.4,0.48,2.43,8.239,False,67,0,90.4,1.85,3.78,4.0,3.66,1.79,True,81721769984.0,399715184.0,2026-10-27,0.43,5.24,25667000000.0,25204000000.0,2853000000.0,4510000000.0,6517000000.0,3573000000.0,,2816000000.0,9925000000.0,46441000000.0,22281000000.0,23356000000.0,557000000.0,22799000000.0,104520769984.0,23.18,5.06,3.18,22.87,29.8,21.4,9.7,11.1,17.6,2.24,4.37,30.4,ttm,revenue=RevenueFromContractWithCustomerExcludingAssessedTax+Revenues;net_income=NetIncomeLoss+NetIncomeLossAvailableToCommonStockholdersBasic;ebit=OperatingIncomeLoss;ocf=NetCashProvidedByUsedInOperatingActivities+NetCashProvidedByUsedInOperatingActivitiesContinuingOperations;capex=PaymentsToAcquireProductiveAssets+PaymentsToAcquirePropertyPlantAndEquipment;interest_expense=InterestAndDebtExpense+InterestExpense;assets=Assets;equity=StockholdersEquity;long_term_debt=LongTermDebtAndCapitalLeaseObligations;short_term_debt=DebtCurrent;cash=CashAndCashEquivalentsAtCarryingValue,7.2,24.83,64.21,8.94,8.3,13.4,10.6,8.6,9.2,6.9,40.6,6.7,10.0,7.7,12.3,9.5,14.8,10.6,9.2,ttm,edgar,,95,yfinance,,Overvalued
WMB,0000107263,"The Williams Companies, Inc.",Energy,Oil & Gas Midstream,yfinance,False,NYSE,4922,Natural Gas Transmission,27.55,27.55,0.0,26.66,2.646,2.56,2.56,2.51,2.0,ok,yfinance,,26.77,70.54,38.4,2.295,34.42,11.6,2026-06-30,Cyclical,12.0,P/E 12 on 3-year normalized (mid-cycle) earnings,"Erratic, cycle-driven earnings: a low P/E can signal the peak of the cycle, not a bargain. The multiple is applied to mid-cycle earnings, so the fair value does not follow the peak.",earnings,normalized,,medium,erratic earnings (volatility 62),27.54,ok,156.2,Overvalued,17.2,5-year trend (regression on all points),21.5,17.2,0,0,,62.1,0.73,1.6,6.558,False,67,5,83.7,2.98,2.1,4.0,2.075,2.94,False,86282231808.0,1223167472.0,2026-11-02,0.62,5.24,15431000000.0,14899000000.0,3073000000.0,4660000000.0,5994000000.0,-108000000.0,1490000000.0,1005000000.0,13190000000.0,60610000000.0,28121000000.0,28596000000.0,203000000.0,28393000000.0,114675231808.0,24.61,6.09,5.59,,24.0,21.8,7.7,19.9,30.2,2.13,-0.13,-58.1,ttm,revenue=RevenueFromContractWithCustomerExcludingAssessedTax+Revenues;net_income=NetIncomeLoss;ebit=OperatingIncomeLoss;ocf=NetCashProvidedByUsedInOperatingActivities;capex=PaymentsToAcquirePropertyPlantAndEquipment+PaymentsToAcquireProductiveAssets;interest_expense=InterestExpenseNonoperating+InterestExpense+InterestExpenseDebt;assets=Assets;equity=StockholdersEquity;long_term_debt=LongTermDebtAndCapitalLeaseObligations;short_term_debt=DebtCurrent;cash=CashAndCashEquivalentsAtCarryingValue,10.1,10.78,12.62,-0.09,5.0,21.5,,0.9,11.7,7.9,,,,5.0,21.6,,2.3,11.1,6.8,ttm,edgar,,95,yfinance,,Overvalued
WMT,0000104169,Walmart Inc.,Consumer Defensive,Discount Stores,yfinance,False,Nasdaq,5331,Retail-Variety Stores,37.78,37.78,0.0,32.32,3.225,2.76,2.76,2.76,0.0,ok,yfinance,,3.76,104.26,41.4,2.42,36.3,14.0,2026-07-31,Fast Grower,22.5,P/E = growth 22% + dividend 1.0% (capped at 25) · 5-year trend (regression on all points),"High growth: the multiple tracks the growth rate but is capped at 25, because very few companies sustain that pace for years.",earnings,current,,high,"consistent earnings, growth measured over the full 5-year window",62.08,ok,68.0,Overvalued,21.5,5-year trend (regression on all points),18.3,21.5,0,0,,25.7,0.6,1.75,8.429,False,67,10,151.8,0.95,0.992,4.0,0.979,0.94,False,829709352960.0,7958079155.0,2026-11-19,0.59,5.24,728466000000.0,706413000000.0,22076000000.0,32280000000.0,42923000000.0,13509000000.0,1859000000.0,14923000000.0,98238000000.0,293914000000.0,36462000000.0,39932000000.0,11529000000.0,28403000000.0,858112352960.0,26.58,0.88,1.14,61.42,23.4,33.4,11.0,3.0,4.4,0.37,1.63,17.9,ttm,revenue=RevenueFromContractWithCustomerExcludingAssessedTax+Revenues+SalesRevenueNet;net_income=NetIncomeLoss;ebit=OperatingIncomeLoss;ocf=NetCashProvidedByUsedInOperatingActivities;capex=PaymentsToAcquirePropertyPlantAndEquipment;interest_expense=InterestExpenseDebt;assets=Assets;equity=StockholdersEquity;long_term_debt=LongTermDebtNoncurrent;short_term_debt=LongTermDebtCurrent;cash=CashAndCashEquivalentsAtCarryingValue,6.1,12.34,91.54,1.7,16.9,18.3,5.9,5.2,5.3,4.2,-11.1,-5.4,-4.5,16.3,17.0,4.1,4.3,7.8,2.9,ttm,edgar,,64,yfinance,,Overvalued
WRB,0000011544,W. R. Berkley Corporation,Financial Services,Insurance - Property & Casualty,yfinance,False,NYSE,6331,"Fire, Marine & Casualty Insurance",14.19,14.19,0.0,14.19,4.862,4.86,4.86,4.87,0.2,ok,yfinance,,10.93,68.98,72.9,4.326,64.89,12.3,2026-06-30,Stalwart (mid cap),16.1,P/E = growth 15% + dividend 0.6% · 5-year trend (regression on all points),"Solid, predictable growth: the fair P/E matches the growth rate plus the dividend yield (PEG = 1).",earnings,current,,high,"consistent earnings, growth measured over the full 5-year window",78.12,ok,-11.7,Undervalued,15.5,5-year trend (regression on all points),17.2,15.5,0,0,,26.5,1.13,0.92,2.725,False,63,10,-5.4,0.58,0.4,4.0,1.88,2.73,True,25607276544.0,371227529.0,2026-10-19,0.28,5.24,4149307000.0,555763000.0,1927617000.0,2411370000.0,3602896000.0,,126824000.0,1083336000.0,9833239000.0,45677113000.0,,,2606530000.0,,23000746544.0,9.54,,6.17,,20.2,21.5,5.3,46.5,58.1,,,89.9,ttm,revenue=Revenues+RevenueFromContractWithCustomerIncludingAssessedTax;net_income=NetIncomeLoss;ebit=IncomeLossFromContinuingOperationsBeforeIncomeTaxesExtraordinaryItemsNoncontrollingInterest;ocf=NetCashProvidedByUsedInOperatingActivities;capex=PaymentsToAcquirePropertyPlantAndEquipment;interest_expense=InterestExpense;assets=Assets;equity=StockholdersEquity;cash=CashAndCashEquivalentsAtCarryingValue,673.3,26.49,11.18,,17.2,17.2,15.7,105.3,59.7,-5.5,10.8,9.4,9.1,15.2,15.7,14.7,9.9,15.8,15.1,ttm,edgar,,95,yfinance,free_cash_flow,Undervalued
WSM,0000719955,"Williams-Sonoma, Inc.",Consumer Cyclical,Specialty Retail,yfinance,False,NYSE,5700,"Retail-Home Furniture, Furnishings & Equipment Stores",23.92,23.92,0.0,22.09,10.514,9.71,9.71,9.76,0.5,ok,yfinance,,8.69,232.3,145.65,8.675,130.13,11.9,2026-08-02,Slow Grower,6.8,"P/E = growth 6% + dividend 1.3% (floor 6, cap 12) · 5-year trend (regression on all points)",Modest growth: deserves a contained multiple. The dividend partly offsets the lower growth.,earnings,current,,high,"consistent earnings, growth measured over the full 5-year window",66.5,ok,249.3,Overvalued,5.5,5-year trend (regression on all points),9.2,5.5,0,0,,19.6,0.29,4.32,14.628,False,63,8,59.5,1.31,3.04,4.0,2.84,1.22,True,27360102400.0,117779173.0,2026-11-18,1.46,5.24,8005156000.0,7806816000.0,1178646000.0,1537433000.0,1609073000.0,1343494000.0,,1055451000.0,2140914000.0,5506306000.0,,,1028936000.0,,26331166400.0,17.13,,3.42,20.36,54.9,38.9,27.9,14.7,19.2,,4.91,-7.3,ttm,revenue=RevenueFromContractWithCustomerExcludingAssessedTax+SalesRevenueNet;net_income=NetIncomeLoss;ebit=OperatingIncomeLoss+IncomeLossFromContinuingOperationsBeforeIncomeTaxesMinorityInterestAndIncomeLossFromEquityMethodInvestments;ocf=NetCashProvidedByUsedInOperatingActivities+NetCashProvidedByUsedInOperatingActivitiesContinuingOperations;capex=PaymentsToAcquirePropertyPlantAndEquipment;assets=Assets;equity=StockholdersEquity;long_term_debt=LongTermDebtNoncurrent;short_term_debt=DebtCurrent;cash=CashAndCashEquivalentsAtCarryingValue,2.2,18.18,67.97,11.41,10.6,9.2,19.3,-1.1,0.6,4.7,7.3,-0.3,14.5,6.9,3.7,14.5,5.1,1.0,11.5,ttm,edgar,,62,yfinance,,Overvalued
WST,0000105770,"West Pharmaceutical Services, Inc.",Healthcare,Medical Instruments & Supplies,yfinance,False,NYSE,3841,Surgical & Medical Instruments & Apparatus,46.73,46.73,0.0,36.56,9.983,7.81,7.81,7.81,0.0,ok,yfinance,,16.92,364.98,117.15,6.91,103.65,13.0,2026-06-30,Slow Grower (declining earnings),6.0,P/E = 0% growth credit + dividend 0.2% (floor 6) · 5-year trend (regression on all points),"Earnings are contracting, so the model gives no credit for growth: the multiple comes from the dividend and the floor alone. Applied to normalized earnings where available, since the latest figure of a declining company is its lowest point. Check whether the decline is cyclical or structural.",earnings,current,,medium,earnings declining -4%/year,46.86,ok,678.9,Overvalued,-3.6,5-year trend (regression on all points),2.7,-3.6,0,0,,24.1,-0.07,,8.593,False,63,4,211.5,0.24,0.88,4.0,0.88,0.24,False,25685745664.0,70375762.0,2026-10-22,1.14,5.24,3326800000.0,3074100000.0,564900000.0,680400000.0,662200000.0,436900000.0,19100000.0,468900000.0,2990200000.0,4076400000.0,202900000.0,202900000.0,435800000.0,-232900000.0,25452845664.0,37.41,-0.34,7.72,58.79,19.1,73.4,16.7,17.0,20.5,0.07,1.7,69.6,ttm,revenue=RevenueFromContractWithCustomerExcludingAssessedTax+Revenues+SalesRevenueNet;net_income=NetIncomeLoss+ProfitLoss;ebit=OperatingIncomeLoss;ocf=NetCashProvidedByUsedInOperatingActivities;capex=PaymentsToAcquirePropertyPlantAndEquipment;interest_expense=InterestExpenseNonoperating+InterestExpenseDebt+InterestExpense;assets=Assets;equity=StockholdersEquity;long_term_debt=LongTermDebtNoncurrent;short_term_debt=DebtCurrent;cash=CashAndCashEquivalentsAtCarryingValue,12.4,42.49,47.27,6.21,4.4,2.7,19.0,5.1,5.7,8.6,3.3,9.0,20.5,2.9,1.7,18.7,-2.2,5.8,11.9,ttm,edgar,,95,yfinance,,Overvalued
WTW,0001140536,Willis Towers Watson Public Limited Company,Financial Services,Insurance Brokers,yfinance,False,Nasdaq,6411,"Insurance Agents, Brokers & Service",18.04,18.04,0.0,12.63,22.854,16.0,16.0,16.14,0.9,ok,yfinance,,976.0,288.61,240.0,9.839,147.58,62.6,2026-06-30,Slow Grower,8.2,"P/E = growth 7% + dividend 1.3% (floor 6, cap 12) · 5-year CAGR (two endpoints, window contains losses)",Modest growth: deserves a contained multiple. The dividend partly offsets the lower growth.,earnings,current,,low,"erratic earnings (volatility 78); one loss episode 1 years ago, profitable since",130.86,ok,120.5,Overvalued,6.8,"5-year CAGR (two endpoints, window contains losses)",6.8,,3,1,1.2,77.7,0.45,2.63,3.491,True,63,1,20.3,1.33,3.84,4.0,3.8,1.32,False,26803767296.0,92871937.0,2026-10-29,0.42,5.24,9912000000.0,9516000000.0,1565000000.0,2246000000.0,1923000000.0,1689000000.0,286000000.0,1546000000.0,7688000000.0,30559000000.0,5781000000.0,6530000000.0,1627000000.0,4903000000.0,31706767296.0,14.12,2.18,2.7,15.87,19.8,25.2,7.3,15.8,22.7,0.75,6.3,22.0,ttm,revenue=RevenueFromContractWithCustomerExcludingAssessedTax+Revenues+SalesRevenueNet;net_income=NetIncomeLoss;ebit=OperatingIncomeLoss;ocf=NetCashProvidedByUsedInOperatingActivities;capex=PaymentsToAcquireProductiveAssets+PaymentsToAcquirePropertyPlantAndEquipment;interest_expense=InterestExpense;assets=Assets;equity=StockholdersEquity;long_term_debt=LongTermDebtNoncurrent;short_term_debt=DebtCurrent;cash=CashAndCashEquivalentsAtCarryingValue,3.0,82.78,106.73,18.19,18.3,6.8,16.2,3.6,2.4,5.1,,8.6,13.4,13.3,0.7,14.5,25.0,5.7,11.1,ttm,edgar,,95,yfinance,,Overvalued
WY,0000106535,Weyerhaeuser Company,Real Estate,REIT - Specialty,yfinance,False,NYSE,6798,Real Estate Investment Trusts,27.98,27.98,0.0,27.47,0.672,0.66,0.66,0.67,1.5,ok,yfinance,,17.54,18.47,9.9,0.596,8.94,10.7,2026-06-30,Slow Grower (declining earnings),6.0,P/E = 0% growth credit + dividend 4.5% (floor 6) · 5-year trend (regression on all points),"Earnings are contracting, so the model gives no credit for growth: the multiple comes from the dividend and the floor alone. Applied to normalized earnings where available, since the latest figure of a declining company is its lowest point. Check whether the decline is cyclical or structural.",earnings,current,,low,erratic earnings (volatility 63); earnings declining -37%/year,3.96,ok,366.4,Overvalued,-37.0,5-year trend (regression on all points),-26.2,-37.0,0,0,,62.5,-1.16,,1.411,False,64,2,86.6,4.55,0.84,4.0,0.84,4.55,True,13311993856.0,720736000.0,2026-10-29,0.89,5.24,6852000000.0,6905000000.0,472000000.0,844000000.0,547000000.0,495000000.0,273000000.0,511000000.0,9456000000.0,16513000000.0,5303000000.0,5303000000.0,527000000.0,4776000000.0,18087993856.0,21.43,5.66,1.94,26.89,5.0,57.3,5.1,6.9,12.3,0.56,3.72,-46.5,ttm,revenue=Revenues+SalesRevenueNet;net_income=NetIncomeLoss+NetIncomeLossAvailableToCommonStockholdersBasic;ebit=OperatingIncomeLoss;ocf=NetCashProvidedByUsedInOperatingActivities;capex=PaymentsForCapitalImprovements+PaymentsToAcquirePropertyPlantAndEquipment;interest_expense=InterestExpense;assets=Assets;equity=StockholdersEquity;long_term_debt=LongTermDebtNoncurrent;short_term_debt=LongTermDebtCurrent;cash=CashAndCashEquivalentsAtCarryingValue,-2.6,13.12,9.51,0.69,-11.3,-26.2,-1.5,-4.9,-7.0,1.9,-27.4,-30.3,-4.0,-12.4,-27.0,-0.8,-26.0,-29.1,-7.2,ttm,edgar,,95,yfinance,,Overvalued
WYNN,0001174922,"Wynn Resorts, Limited",Consumer Cyclical,Resorts & Casinos,yfinance,False,Nasdaq,7011,Hotels & Motels,18.55,18.55,0.0,14.73,5.152,4.09,4.09,4.17,2.0,ok,yfinance,,20.17,75.88,61.35,4.178,62.67,-2.1,2026-06-30,Cyclical,12.0,P/E 12 on 3-year normalized (mid-cycle) earnings,"Erratic, cycle-driven earnings: a low P/E can signal the peak of the cycle, not a bargain. The multiple is applied to mid-cycle earnings, so the fair value does not follow the peak.",earnings,normalized,,low,"growth measured on a short window (3-year trend — no usable 5-year history); erratic earnings (volatility 96); one loss episode 3 years ago, profitable since",50.14,ok,51.3,Overvalued,51.6,3-year trend — no usable 5-year history,,,9,1,3.0,95.6,2.85,0.36,-45.628,True,67,0,23.7,1.32,1.0,4.0,1.0,1.32,False,7813658112.0,102973891.0,2026-11-05,0.99,5.24,7413425000.0,7137924000.0,448885000.0,1165387000.0,1459197000.0,791874000.0,617936000.0,692220000.0,-169451000.0,13159235000.0,9295695000.0,10724660000.0,1573353000.0,9151307000.0,16964965112.0,14.56,7.85,1.05,9.87,,-1.3,8.9,6.1,15.7,,10.13,-31.2,ttm,revenue=RevenueFromContractWithCustomerIncludingAssessedTax+Revenues+SalesRevenueNet;net_income=NetIncomeLoss;ebit=OperatingIncomeLoss;ocf=NetCashProvidedByUsedInOperatingActivities;capex=PaymentsToAcquirePropertyPlantAndEquipment;interest_expense=InterestExpenseNonoperating+InterestExpenseDebt+InterestExpense;assets=Assets;equity=StockholdersEquity;long_term_debt=LongTermDebtNoncurrent;short_term_debt=LongTermDebtCurrent;cash=CashAndCashEquivalentsAtCarryingValue,6.4,-1.65,71.99,7.69,,,2.6,14.7,21.6,6.4,40.2,,,299.5,,3.2,33.2,,6.8,ttm,edgar,,95,yfinance,,Overvalued
XEL,0000072903,Xcel Energy Inc.,Utilities,Utilities - Regulated Electric,yfinance,False,Nasdaq,4931,Electric & Other Services Combined,19.56,19.56,0.0,15.73,4.538,3.65,3.65,3.65,0.0,ok,yfinance,,1.11,71.4,54.75,3.385,50.77,7.8,2026-06-30,Slow Grower,7.6,"P/E = growth 4% + dividend 3.3% (floor 6, cap 12) · 5-year trend (regression on all points)",Modest growth: deserves a contained multiple. The dividend partly offsets the lower growth.,earnings,current,,high,"consistent earnings, growth measured over the full 5-year window",27.91,ok,155.8,Overvalued,4.3,5-year trend (regression on all points),4.5,4.3,0,0,,4.1,0.39,4.52,1.853,False,67,2,30.4,3.32,2.372,4.0,2.349,3.29,False,44598890496.0,624634306.0,2026-10-29,0.4,5.24,,11537000000.0,2233000000.0,2789000000.0,4771000000.0,-7692000000.0,1642000000.0,-6825000000.0,24057000000.0,87165000000.0,35948000000.0,38458000000.0,2010000000.0,36448000000.0,81046890496.0,29.06,13.07,,,9.9,27.6,3.2,,,1.49,-17.25,-150.6,ttm,revenue=Revenues+RevenueFromContractWithCustomerExcludingAssessedTax;net_income=NetIncomeLoss+NetIncomeLossAvailableToCommonStockholdersBasic;ebit=OperatingIncomeLoss;ocf=NetCashProvidedByUsedInOperatingActivities;capex=PaymentsToAcquireProductiveAssets+PaymentsToAcquirePropertyPlantAndEquipment;interest_expense=InterestExpense;assets=Assets;equity=StockholdersEquity;long_term_debt=LongTermDebtNoncurrent;short_term_debt=LongTermDebtCurrent;cash=CashAndCashEquivalentsAtCarryingValue,2.4,38.51,,-12.31,5.0,4.5,5.6,2.0,0.2,1.8,,,,8.8,7.4,7.6,2.7,16.9,4.9,ttm,edgar,,95,yfinance,revenue,Overvalued
XOM,0000034088,ExxonMobil Holdings Corporation,Energy,Oil & Gas Integrated,yfinance,False,,2911,Petroleum Refining,27.61,21.11,30.8,14.51,11.307,5.94,7.77,5.94,23.6,check,edgar,,-21.22,164.01,89.1,7.935,119.03,-25.1,2026-03-31,Cyclical,12.0,P/E 12 on 3-year normalized (mid-cycle) earnings,"Erratic, cycle-driven earnings: a low P/E can signal the peak of the cycle, not a bargain. The multiple is applied to mid-cycle earnings, so the fair value does not follow the peak.",earnings,normalized,,low,"growth measured on a short window (3-year trend — no usable 5-year history); erratic earnings (volatility 71); one loss episode 4 years ago, profitable since",95.22,ok,72.2,Overvalued,-18.6,3-year trend — no usable 5-year history,,,3,1,4.5,71.4,-0.58,,2.6,True,66,5,84.1,2.51,4.12,4.0,4.12,2.51,False,674394669056.0,4111911960.0,2026-10-30,0.17,5.24,334246000000.0,332238000000.0,25314000000.0,36635000000.0,47722000000.0,18792000000.0,693000000.0,23612000000.0,254381000000.0,464410000000.0,33130000000.0,47661000000.0,8435000000.0,39226000000.0,713620669056.0,19.48,1.07,2.02,35.89,9.8,54.8,7.9,7.6,11.0,0.13,2.79,-23.1,ttm,revenue=Revenues+RevenueFromContractWithCustomerExcludingAssessedTax;net_income=NetIncomeLoss;ebit=IncomeLossFromContinuingOperationsBeforeIncomeTaxesExtraordinaryItemsNoncontrollingInterest;ocf=NetCashProvidedByUsedInOperatingActivities+NetCashProvidedByUsedInOperatingActivitiesContinuingOperations;capex=PaymentsToAcquirePropertyPlantAndEquipment;interest_expense=InterestExpense;assets=Assets;equity=StockholdersEquity;long_term_debt=LongTermDebtNoncurrent;short_term_debt=DebtCurrent;cash=CashAndCashEquivalentsAtCarryingValue,-4.4,61.86,81.29,4.57,-26.2,,6.7,-6.6,13.1,4.2,-31.5,36.8,20.5,-25.7,,6.9,-15.2,22.0,5.8,ttm,edgar,,186,yfinance,,Overvalued
XYL,0001524472,Xylem Inc.,Industrials,Specialty Industrial Machinery,yfinance,False,NYSE,3561,Pumps & Pumping Equipment,24.06,24.06,0.0,16.3,6.246,4.23,4.23,4.2,0.7,ok,yfinance,,9.38,101.79,63.45,3.706,55.59,14.1,2026-06-30,Stalwart (mid cap),19.0,P/E = growth 17% + dividend 1.7% · 5-year trend (regression on all points),"Solid, predictable growth: the fair P/E matches the growth rate plus the dividend yield (PEG = 1).",earnings,current,,high,"consistent earnings, growth measured over the full 5-year window",80.32,ok,26.7,Overvalued,17.3,5-year trend (regression on all points),14.7,17.3,0,0,,40.0,0.79,1.39,2.16,False,59,0,60.4,1.69,1.72,4.0,1.69,1.66,False,23766622208.0,233486812.0,2026-10-27,1.0,5.24,9126000000.0,9035000000.0,1018000000.0,1321000000.0,1301000000.0,960000000.0,23000000.0,910000000.0,10421000000.0,17342000000.0,2395000000.0,2926000000.0,1276000000.0,1650000000.0,25416622208.0,19.24,1.25,2.6,24.76,9.5,60.1,7.6,11.2,14.5,0.23,4.04,-3.4,ttm,revenue=RevenueFromContractWithCustomerExcludingAssessedTax+RevenueFromContractWithCustomerIncludingAssessedTax+Revenues;net_income=NetIncomeLoss;ebit=OperatingIncomeLoss;ocf=NetCashProvidedByUsedInOperatingActivities;capex=PaymentsToAcquireProductiveAssets;interest_expense=InterestExpenseNonoperating+InterestExpense;assets=Assets;equity=StockholdersEquity;long_term_debt=LongTermDebtNoncurrent;short_term_debt=DebtCurrent;cash=CashAndCashEquivalentsAtCarryingValue,4.5,44.63,39.09,4.11,30.7,14.7,8.4,14.6,12.5,9.5,38.9,7.0,10.8,42.5,21.5,11.6,31.4,8.9,10.8,ttm,edgar,,95,yfinance,,Overvalued
XYZ,0001512673,"Block, Inc.",Technology,Software - Infrastructure,yfinance,False,NYSE,7372,Services-Prepackaged Software,132.73,132.73,0.0,14.3,5.197,0.56,0.56,0.56,0.0,ok,yfinance,,-88.03,74.33,8.4,1.48,22.2,-62.2,2026-06-30,Slow Grower (declining earnings),6.0,"P/E = 0% growth credit + dividend not available (treated as 0) (floor 6) · 5-year CAGR (two endpoints, window contains losses)","Earnings are contracting, so the model gives no credit for growth: the multiple comes from the dividend and the floor alone. Applied to normalized earnings where available, since the latest figure of a declining company is its lowest point. Check whether the decline is cyclical or structural.",earnings,current,,low,"erratic earnings (volatility 198); one loss episode 3 years ago, profitable since; earnings declining -14%/year",,suppressed: the earnings used imply a P/E of 133 — earnings this close to zero make every multiple arbitrary,,N/A,-14.0,"5-year CAGR (two endpoints, window contains losses)",-14.0,,7,1,2.7,197.6,-0.11,,2.025,True,43,0,784.9,,,,,,False,44657094656.0,600795000.0,2026-11-03,2.52,5.24,25041964000.0,24193683000.0,357142000.0,1169691000.0,4057472000.0,3881840000.0,256400000.0,2424676000.0,22047075000.0,39156667000.0,5720569000.0,6292957000.0,6427331000.0,-134374000.0,44522720656.0,38.06,-0.11,1.78,11.5,1.6,56.3,3.0,1.4,4.7,0.26,8.69,56.1,annual:interest_expense,revenue=Revenues+RevenueFromContractWithCustomerExcludingAssessedTax+SalesRevenueNet;net_income=NetIncomeLoss;ebit=OperatingIncomeLoss;ocf=NetCashProvidedByUsedInOperatingActivities;capex=PaymentsToAcquirePropertyPlantAndEquipment;interest_expense=InterestExpenseDebt+InterestExpense;assets=Assets;equity=StockholdersEquity;long_term_debt=LongTermDebtNoncurrent;short_term_debt=LongTermDebtCurrent;cash=CashAndCashEquivalentsAtCarryingValue,5.1,36.7,41.68,6.46,,-14.0,,8.3,9.5,32.3,129.3,55.8,,,-9.0,,105.3,48.0,,ttm,edgar,,95,yfinance,dividend_yield,Overvalued
YUM,0001041061,"Yum! Brands, Inc.",Consumer Cyclical,Restaurants,yfinance,False,NYSE,5812,Retail-Eating  Places,17.14,17.14,0.0,19.5,6.98,7.94,7.94,7.95,0.1,ok,yfinance,,56.8,136.12,119.1,5.398,80.97,47.1,2026-06-30,Slow Grower,7.5,"P/E = growth 5% + dividend 2.2% (floor 6, cap 12) · 5-year trend (regression on all points)",Modest growth: deserves a contained multiple. The dividend partly offsets the lower growth.,earnings,current,,high,"consistent earnings, growth measured over the full 5-year window",59.42,ok,129.1,Overvalued,5.3,5-year trend (regression on all points),12.8,5.3,0,0,,24.7,0.44,3.25,-5.147,False,64,3,14.3,2.2,3.0,4.0,2.96,2.17,False,37147295744.0,272901085.0,2026-11-03,0.55,5.24,8722000000.0,8214000000.0,2217000000.0,2703000000.0,2083000000.0,1679000000.0,544000000.0,1639000000.0,-7107000000.0,8682000000.0,9462000000.0,12285000000.0,674000000.0,11611000000.0,48758295744.0,18.04,4.3,4.26,22.12,,-81.9,31.1,25.4,31.0,,4.52,14.5,annual:interest_expense,revenue=Revenues;net_income=NetIncomeLoss;ebit=OperatingIncomeLoss;ocf=NetCashProvidedByUsedInOperatingActivities;capex=PaymentsToAcquirePropertyPlantAndEquipment;interest_expense=InterestExpenseDebt+InterestExpense;assets=Assets;equity=StockholdersEquity;long_term_debt=LongTermDebtNoncurrent;short_term_debt=DebtCurrent;cash=CashAndCashEquivalentsAtCarryingValue,10.3,-26.04,31.96,6.15,17.1,12.8,9.3,7.7,6.8,-0.7,9.5,1.8,10.6,16.0,10.7,4.3,9.6,4.0,8.6,ttm,edgar,,95,yfinance,,Overvalued
ZBH,0001136869,"Zimmer Biomet Holdings, Inc.",Healthcare,Medical Devices,yfinance,False,NYSE,3842,"Orthopedic, Prosthetic & Surgical Appliances & Supplies",21.43,21.43,0.0,9.74,9.067,4.12,4.12,4.12,0.0,ok,yfinance,,0.73,88.29,61.8,4.275,64.12,-3.6,2026-06-30,Fast Grower,23.2,P/E = growth 22% + dividend 1.1% (capped at 25) · 5-year trend (regression on all points),"High growth: the multiple tracks the growth rate but is capped at 25, because very few companies sustain that pace for years.",earnings,current,,medium,erratic earnings (volatility 100),95.47,ok,-7.5,Undervalued,22.1,5-year trend (regression on all points),-0.8,22.1,0,0,,100.3,1.08,0.97,1.333,False,67,1,42.9,1.09,0.96,4.0,0.96,1.09,False,16840230912.0,190737689.0,2026-11-05,0.47,5.24,8508900000.0,8231500000.0,806600000.0,1205100000.0,1743300000.0,1523000000.0,,1472600000.0,12623900000.0,22797800000.0,6277500000.0,7479000000.0,410000000.0,7069000000.0,23909230912.0,19.84,5.87,1.98,11.06,6.4,55.4,5.3,9.5,14.2,0.5,9.04,13.7,ttm,revenue=RevenueFromContractWithCustomerExcludingAssessedTax+SalesRevenueGoodsNet+SalesRevenueNet;net_income=NetIncomeLoss;ebit=OperatingIncomeLoss;ocf=NetCashProvidedByUsedInOperatingActivities+NetCashProvidedByUsedInOperatingActivitiesContinuingOperations;capex=PaymentsToAcquirePropertyPlantAndEquipment;interest_expense=InterestExpenseDebt;assets=Assets;equity=StockholdersEquity;long_term_debt=LongTermDebtNoncurrent;short_term_debt=LongTermDebtCurrent;cash=CashAndCashEquivalentsAtCarryingValue,8.6,66.18,44.61,7.98,19.6,-0.8,14.4,5.7,2.9,1.2,11.6,1.6,3.9,16.8,-2.5,13.5,8.9,3.0,3.7,ttm,edgar,,95,yfinance,,Overvalued
ZBRA,0000877212,Zebra Technologies Corporation,Technology,Communication Equipment,yfinance,False,Nasdaq,3560,General Industrial Machinery & Equipment,34.36,34.36,0.0,16.93,22.2,10.94,10.94,10.94,0.0,ok,yfinance,,3.31,375.86,164.1,8.63,129.45,26.8,2026-07-04,Slow Grower (declining earnings),6.0,P/E = 0% growth credit + dividend not available (treated as 0) (floor 6) · 5-year trend (regression on all points),"Earnings are contracting, so the model gives no credit for growth: the multiple comes from the dividend and the floor alone. Applied to normalized earnings where available, since the latest figure of a declining company is its lowest point. Check whether the decline is cyclical or structural.",earnings,current,,low,erratic earnings (volatility 53); earnings declining -7%/year,65.64,ok,472.6,Overvalued,-7.3,5-year trend (regression on all points),-5.0,-7.3,0,0,,52.5,-0.21,,5.185,False,63,3,129.0,,,,,,False,17782183936.0,47310660.0,2026-11-03,1.61,5.24,5847000000.0,5396000000.0,539000000.0,858000000.0,979000000.0,904000000.0,,831000000.0,3435000000.0,8637000000.0,493000000.0,2768000000.0,157000000.0,2611000000.0,20393183936.0,23.77,3.04,3.04,19.67,15.3,39.8,9.9,9.2,14.7,0.14,5.08,-12.9,ttm,revenue=RevenueFromContractWithCustomerExcludingAssessedTax+SalesRevenueNet;net_income=NetIncomeLoss;ebit=OperatingIncomeLoss;ocf=NetCashProvidedByUsedInOperatingActivities+NetCashProvidedByUsedInOperatingActivitiesContinuingOperations;capex=PaymentsToAcquirePropertyPlantAndEquipment;interest_expense=InterestExpense;assets=Assets;equity=StockholdersEquity;long_term_debt=LongTermDebtNoncurrent;short_term_debt=DebtCurrent;cash=CashAndCashEquivalentsAtCarryingValue,12.7,72.61,123.59,19.11,-4.4,-5.0,,2.1,2.5,5.0,83.3,-3.6,22.6,-6.0,-6.7,,63.3,-3.1,15.8,ttm,edgar,,91,yfinance,dividend_yield,Overvalued
ZTS,0001555280,Zoetis Inc.,Healthcare,Drug Manufacturers - Specialty & Generic,yfinance,False,NYSE,2834,Pharmaceutical Preparations,11.28,11.28,0.0,10.66,6.539,6.18,6.18,6.12,1.0,ok,yfinance,,6.25,69.69,92.7,5.539,83.08,11.6,2026-06-30,Slow Grower,12.0,"P/E = growth 9% + dividend 3.0% (floor 6, cap 12) · 5-year trend (regression on all points)",Modest growth: deserves a contained multiple. The dividend partly offsets the lower growth.,earnings,current,,high,"consistent earnings, growth measured over the full 5-year window",74.16,ok,-6.0,Undervalued,9.2,5-year trend (regression on all points),8.9,9.2,0,0,,4.4,1.08,1.23,,False,55,0,-24.8,3.04,2.12,4.0,2.09,3.0,True,28797554688.0,413223602.0,2026-11-05,0.73,5.24,9517000000.0,9467000000.0,2616000000.0,3272000000.0,2840000000.0,2316000000.0,238000000.0,2283000000.0,3148000000.0,15077000000.0,9048000000.0,9048000000.0,1476000000.0,7572000000.0,36369554688.0,11.12,2.31,3.03,12.43,64.4,20.9,21.7,27.5,34.4,2.87,8.04,-0.7,ttm,revenue=Revenues+SalesRevenueNet;net_income=NetIncomeLoss;ebit=IncomeLossFromContinuingOperationsBeforeIncomeTaxesExtraordinaryItemsNoncontrollingInterest;ocf=NetCashProvidedByUsedInOperatingActivities;capex=PaymentsToAcquirePropertyPlantAndEquipment;interest_expense=InterestExpense;assets=Assets;equity=StockholdersEquity;long_term_debt=LongTermDebtNoncurrent;short_term_debt=DebtCurrent;cash=CashAndCashEquivalentsAtCarryingValue,1.5,7.62,23.03,5.6,8.8,8.9,17.0,5.0,5.1,7.0,21.7,6.4,18.1,5.7,6.5,15.2,12.4,5.6,15.6,ttm,edgar,,95,yfinance,price_to_book,Undervalued
